<?xml version="1.0" encoding="UTF-8"?><ImplementationGuide xmlns="http://hl7.org/fhir"><id value="medcom.fhir.dk.terminology"/><text><status value="generated"/><div xmlns="http://www.w3.org/1999/xhtml"><p class="res-header-id"><b>Generated Narrative: ImplementationGuide medcom.fhir.dk.terminology</b></p><a name="medcom.fhir.dk.terminology"> </a><a name="hcmedcom.fhir.dk.terminology"> </a><a name="medcom.fhir.dk.terminology-da-DK"> </a><h2>DKMedComTerminology</h2><p>The official URL for this implementation guide is: </p><pre>http://medcomfhir.dk/ig/terminology/ImplementationGuide/medcom.fhir.dk.terminology</pre><div><p>This IG includes CodeSystems, ValueSets and ConceptMaps defined by MedCom and used in MedCom's FHIR standards.</p>
</div></div></text><url value="http://medcomfhir.dk/ig/terminology/ImplementationGuide/medcom.fhir.dk.terminology"/><version value="1.8.1"/><name value="DKMedComTerminology"/><title value="DK MedCom Terminology"/><status value="active"/><date value="2025-05-12T07:46:22+00:00"/><publisher value="MedCom"/><contact><name value="MedCom"/><telecom><system value="url"/><value value="http://www.medcom.dk"/></telecom></contact><description value="This IG includes CodeSystems, ValueSets and ConceptMaps defined by MedCom and used in MedCom's FHIR standards."/><jurisdiction><coding><system value="urn:iso:std:iso:3166"/><code value="DK"/><display value="Denmark"/></coding></jurisdiction><packageId value="medcom.fhir.dk.terminology"/><license value="CC0-1.0"/><fhirVersion value="4.0.1"/><dependsOn id="hl7tx"><extension url="http://hl7.org/fhir/tools/StructureDefinition/implementationguide-dependency-comment"><valueMarkdown value="Automatically added as a dependency - all IGs depend on HL7 Terminology"/></extension><uri value="http://terminology.hl7.org/ImplementationGuide/hl7.terminology"/><packageId value="hl7.terminology.r4"/><version value="6.3.0"/></dependsOn><dependsOn id="hl7ext"><extension url="http://hl7.org/fhir/tools/StructureDefinition/implementationguide-dependency-comment"><valueMarkdown value="Automatically added as a dependency - all IGs depend on the HL7 Extension Pack"/></extension><uri value="http://hl7.org/fhir/extensions/ImplementationGuide/hl7.fhir.uv.extensions"/><packageId value="hl7.fhir.uv.extensions.r4"/><version value="5.2.0"/></dependsOn><definition><extension url="http://hl7.org/fhir/tools/StructureDefinition/ig-parameter"><extension url="code"><valueString value="copyrightyear"/></extension><extension url="value"><valueString value="2022+"/></extension></extension><extension url="http://hl7.org/fhir/tools/StructureDefinition/ig-parameter"><extension url="code"><valueString value="releaselabel"/></extension><extension url="value"><valueString value="release"/></extension></extension><extension url="http://hl7.org/fhir/tools/StructureDefinition/ig-parameter"><extension url="code"><valueString value="apply-contact"/></extension><extension url="value"><valueString value="true"/></extension></extension><extension url="http://hl7.org/fhir/tools/StructureDefinition/ig-parameter"><extension url="code"><valueString value="apply-jurisdiction"/></extension><extension url="value"><valueString value="true"/></extension></extension><extension url="http://hl7.org/fhir/tools/StructureDefinition/ig-parameter"><extension url="code"><valueString value="apply-publisher"/></extension><extension url="value"><valueString value="true"/></extension></extension><extension url="http://hl7.org/fhir/tools/StructureDefinition/ig-parameter"><extension url="code"><valueString value="special-url"/></extension><extension url="value"><valueString value="urn:oid:1.2.208.176.2.1"/></extension></extension><extension url="http://hl7.org/fhir/tools/StructureDefinition/ig-parameter"><extension url="code"><valueString value="autoload-resources"/></extension><extension url="value"><valueString value="true"/></extension></extension><extension url="http://hl7.org/fhir/tools/StructureDefinition/ig-parameter"><extension url="code"><valueString value="path-liquid"/></extension><extension url="value"><valueString value="template/liquid"/></extension></extension><extension url="http://hl7.org/fhir/tools/StructureDefinition/ig-parameter"><extension url="code"><valueString value="path-liquid"/></extension><extension url="value"><valueString value="input/liquid"/></extension></extension><extension url="http://hl7.org/fhir/tools/StructureDefinition/ig-parameter"><extension url="code"><valueString value="path-qa"/></extension><extension url="value"><valueString value="temp/qa"/></extension></extension><extension url="http://hl7.org/fhir/tools/StructureDefinition/ig-parameter"><extension url="code"><valueString value="path-temp"/></extension><extension url="value"><valueString value="temp/pages"/></extension></extension><extension url="http://hl7.org/fhir/tools/StructureDefinition/ig-parameter"><extension url="code"><valueString value="path-output"/></extension><extension url="value"><valueString value="output"/></extension></extension><extension url="http://hl7.org/fhir/tools/StructureDefinition/ig-parameter"><extension url="code"><valueString value="path-suppressed-warnings"/></extension><extension url="value"><valueString value="input/ignoreWarnings.txt"/></extension></extension><extension url="http://hl7.org/fhir/tools/StructureDefinition/ig-parameter"><extension url="code"><valueString value="path-history"/></extension><extension url="value"><valueString value="http://medcomfhir.dk/ig/terminology/history.html"/></extension></extension><extension url="http://hl7.org/fhir/tools/StructureDefinition/ig-parameter"><extension url="code"><valueString value="template-html"/></extension><extension url="value"><valueString value="template-page.html"/></extension></extension><extension url="http://hl7.org/fhir/tools/StructureDefinition/ig-parameter"><extension url="code"><valueString value="template-md"/></extension><extension url="value"><valueString value="template-page-md.html"/></extension></extension><extension url="http://hl7.org/fhir/tools/StructureDefinition/ig-parameter"><extension url="code"><valueString value="apply-context"/></extension><extension url="value"><valueString value="true"/></extension></extension><extension url="http://hl7.org/fhir/tools/StructureDefinition/ig-parameter"><extension url="code"><valueString value="apply-copyright"/></extension><extension url="value"><valueString value="true"/></extension></extension><extension url="http://hl7.org/fhir/tools/StructureDefinition/ig-parameter"><extension url="code"><valueString value="apply-license"/></extension><extension url="value"><valueString value="true"/></extension></extension><extension url="http://hl7.org/fhir/tools/StructureDefinition/ig-parameter"><extension url="code"><valueString value="apply-version"/></extension><extension url="value"><valueString value="true"/></extension></extension><extension url="http://hl7.org/fhir/tools/StructureDefinition/ig-parameter"><extension url="code"><valueString value="apply-wg"/></extension><extension url="value"><valueString value="true"/></extension></extension><extension url="http://hl7.org/fhir/tools/StructureDefinition/ig-parameter"><extension url="code"><valueString value="active-tables"/></extension><extension url="value"><valueString value="true"/></extension></extension><extension url="http://hl7.org/fhir/tools/StructureDefinition/ig-parameter"><extension url="code"><valueString value="fmm-definition"/></extension><extension url="value"><valueString value="http://hl7.org/fhir/versions.html#maturity"/></extension></extension><extension url="http://hl7.org/fhir/tools/StructureDefinition/ig-parameter"><extension url="code"><valueString value="propagate-status"/></extension><extension url="value"><valueString value="true"/></extension></extension><extension url="http://hl7.org/fhir/tools/StructureDefinition/ig-parameter"><extension url="code"><valueString value="excludelogbinaryformat"/></extension><extension url="value"><valueString value="true"/></extension></extension><extension url="http://hl7.org/fhir/tools/StructureDefinition/ig-parameter"><extension url="code"><valueString value="tabbed-snapshots"/></extension><extension url="value"><valueString value="true"/></extension></extension><extension url="http://hl7.org/fhir/tools/StructureDefinition/ig-internal-dependency"><valueCode value="hl7.fhir.uv.tools.r4#0.5.0"/></extension><extension url="http://hl7.org/fhir/tools/StructureDefinition/ig-parameter"><extension url="code"><valueCode value="copyrightyear"/></extension><extension url="value"><valueString value="2022+"/></extension></extension><extension url="http://hl7.org/fhir/tools/StructureDefinition/ig-parameter"><extension url="code"><valueCode value="releaselabel"/></extension><extension url="value"><valueString value="release"/></extension></extension><extension url="http://hl7.org/fhir/tools/StructureDefinition/ig-parameter"><extension url="code"><valueCode value="apply-contact"/></extension><extension url="value"><valueString value="true"/></extension></extension><extension url="http://hl7.org/fhir/tools/StructureDefinition/ig-parameter"><extension url="code"><valueCode value="apply-jurisdiction"/></extension><extension url="value"><valueString value="true"/></extension></extension><extension url="http://hl7.org/fhir/tools/StructureDefinition/ig-parameter"><extension url="code"><valueCode value="apply-publisher"/></extension><extension url="value"><valueString value="true"/></extension></extension><extension url="http://hl7.org/fhir/tools/StructureDefinition/ig-parameter"><extension url="code"><valueCode value="special-url"/></extension><extension url="value"><valueString value="urn:oid:1.2.208.176.2.1"/></extension></extension><extension url="http://hl7.org/fhir/tools/StructureDefinition/ig-parameter"><extension url="code"><valueCode value="autoload-resources"/></extension><extension url="value"><valueString value="true"/></extension></extension><extension url="http://hl7.org/fhir/tools/StructureDefinition/ig-parameter"><extension url="code"><valueCode value="path-liquid"/></extension><extension url="value"><valueString value="template/liquid"/></extension></extension><extension url="http://hl7.org/fhir/tools/StructureDefinition/ig-parameter"><extension url="code"><valueCode value="path-liquid"/></extension><extension url="value"><valueString value="input/liquid"/></extension></extension><extension url="http://hl7.org/fhir/tools/StructureDefinition/ig-parameter"><extension url="code"><valueCode value="path-qa"/></extension><extension url="value"><valueString value="temp/qa"/></extension></extension><extension url="http://hl7.org/fhir/tools/StructureDefinition/ig-parameter"><extension url="code"><valueCode value="path-temp"/></extension><extension url="value"><valueString value="temp/pages"/></extension></extension><extension url="http://hl7.org/fhir/tools/StructureDefinition/ig-parameter"><extension url="code"><valueCode value="path-output"/></extension><extension url="value"><valueString value="output"/></extension></extension><extension url="http://hl7.org/fhir/tools/StructureDefinition/ig-parameter"><extension url="code"><valueCode value="path-suppressed-warnings"/></extension><extension url="value"><valueString value="input/ignoreWarnings.txt"/></extension></extension><extension url="http://hl7.org/fhir/tools/StructureDefinition/ig-parameter"><extension url="code"><valueCode value="path-history"/></extension><extension url="value"><valueString value="http://medcomfhir.dk/ig/terminology/history.html"/></extension></extension><extension url="http://hl7.org/fhir/tools/StructureDefinition/ig-parameter"><extension url="code"><valueCode value="template-html"/></extension><extension url="value"><valueString value="template-page.html"/></extension></extension><extension url="http://hl7.org/fhir/tools/StructureDefinition/ig-parameter"><extension url="code"><valueCode value="template-md"/></extension><extension url="value"><valueString value="template-page-md.html"/></extension></extension><extension url="http://hl7.org/fhir/tools/StructureDefinition/ig-parameter"><extension url="code"><valueCode value="apply-context"/></extension><extension url="value"><valueString value="true"/></extension></extension><extension url="http://hl7.org/fhir/tools/StructureDefinition/ig-parameter"><extension url="code"><valueCode value="apply-copyright"/></extension><extension url="value"><valueString value="true"/></extension></extension><extension url="http://hl7.org/fhir/tools/StructureDefinition/ig-parameter"><extension url="code"><valueCode value="apply-license"/></extension><extension url="value"><valueString value="true"/></extension></extension><extension url="http://hl7.org/fhir/tools/StructureDefinition/ig-parameter"><extension url="code"><valueCode value="apply-version"/></extension><extension url="value"><valueString value="true"/></extension></extension><extension url="http://hl7.org/fhir/tools/StructureDefinition/ig-parameter"><extension url="code"><valueCode value="apply-wg"/></extension><extension url="value"><valueString value="true"/></extension></extension><extension url="http://hl7.org/fhir/tools/StructureDefinition/ig-parameter"><extension url="code"><valueCode value="active-tables"/></extension><extension url="value"><valueString value="true"/></extension></extension><extension url="http://hl7.org/fhir/tools/StructureDefinition/ig-parameter"><extension url="code"><valueCode value="fmm-definition"/></extension><extension url="value"><valueString value="http://hl7.org/fhir/versions.html#maturity"/></extension></extension><extension url="http://hl7.org/fhir/tools/StructureDefinition/ig-parameter"><extension url="code"><valueCode value="propagate-status"/></extension><extension url="value"><valueString value="true"/></extension></extension><extension url="http://hl7.org/fhir/tools/StructureDefinition/ig-parameter"><extension url="code"><valueCode value="excludelogbinaryformat"/></extension><extension url="value"><valueString value="true"/></extension></extension><extension url="http://hl7.org/fhir/tools/StructureDefinition/ig-parameter"><extension url="code"><valueCode value="tabbed-snapshots"/></extension><extension url="value"><valueString value="true"/></extension></extension><extension url="http://hl7.org/fhir/tools/StructureDefinition/ig-parameter"><extension url="code"><valueCode value="copyrightyear"/></extension><extension url="value"><valueString value="2022+"/></extension></extension><extension url="http://hl7.org/fhir/tools/StructureDefinition/ig-parameter"><extension url="code"><valueCode value="releaselabel"/></extension><extension url="value"><valueString value="release"/></extension></extension><extension url="http://hl7.org/fhir/tools/StructureDefinition/ig-parameter"><extension url="code"><valueCode value="apply-contact"/></extension><extension url="value"><valueString value="true"/></extension></extension><extension url="http://hl7.org/fhir/tools/StructureDefinition/ig-parameter"><extension url="code"><valueCode value="apply-jurisdiction"/></extension><extension url="value"><valueString value="true"/></extension></extension><extension url="http://hl7.org/fhir/tools/StructureDefinition/ig-parameter"><extension url="code"><valueCode value="apply-publisher"/></extension><extension url="value"><valueString value="true"/></extension></extension><extension url="http://hl7.org/fhir/tools/StructureDefinition/ig-parameter"><extension url="code"><valueCode value="special-url"/></extension><extension url="value"><valueString value="urn:oid:1.2.208.176.2.1"/></extension></extension><extension url="http://hl7.org/fhir/tools/StructureDefinition/ig-parameter"><extension url="code"><valueCode value="autoload-resources"/></extension><extension url="value"><valueString value="true"/></extension></extension><extension url="http://hl7.org/fhir/tools/StructureDefinition/ig-parameter"><extension url="code"><valueCode value="path-liquid"/></extension><extension url="value"><valueString value="template/liquid"/></extension></extension><extension url="http://hl7.org/fhir/tools/StructureDefinition/ig-parameter"><extension url="code"><valueCode value="path-liquid"/></extension><extension url="value"><valueString value="input/liquid"/></extension></extension><extension url="http://hl7.org/fhir/tools/StructureDefinition/ig-parameter"><extension url="code"><valueCode value="path-qa"/></extension><extension url="value"><valueString value="temp/qa"/></extension></extension><extension url="http://hl7.org/fhir/tools/StructureDefinition/ig-parameter"><extension url="code"><valueCode value="path-temp"/></extension><extension url="value"><valueString value="temp/pages"/></extension></extension><extension url="http://hl7.org/fhir/tools/StructureDefinition/ig-parameter"><extension url="code"><valueCode value="path-output"/></extension><extension url="value"><valueString value="output"/></extension></extension><extension url="http://hl7.org/fhir/tools/StructureDefinition/ig-parameter"><extension url="code"><valueCode value="path-suppressed-warnings"/></extension><extension url="value"><valueString value="input/ignoreWarnings.txt"/></extension></extension><extension url="http://hl7.org/fhir/tools/StructureDefinition/ig-parameter"><extension url="code"><valueCode value="path-history"/></extension><extension url="value"><valueString value="http://medcomfhir.dk/ig/terminology/history.html"/></extension></extension><extension url="http://hl7.org/fhir/tools/StructureDefinition/ig-parameter"><extension url="code"><valueCode value="template-html"/></extension><extension url="value"><valueString value="template-page.html"/></extension></extension><extension url="http://hl7.org/fhir/tools/StructureDefinition/ig-parameter"><extension url="code"><valueCode value="template-md"/></extension><extension url="value"><valueString value="template-page-md.html"/></extension></extension><extension url="http://hl7.org/fhir/tools/StructureDefinition/ig-parameter"><extension url="code"><valueCode value="apply-context"/></extension><extension url="value"><valueString value="true"/></extension></extension><extension url="http://hl7.org/fhir/tools/StructureDefinition/ig-parameter"><extension url="code"><valueCode value="apply-copyright"/></extension><extension url="value"><valueString value="true"/></extension></extension><extension url="http://hl7.org/fhir/tools/StructureDefinition/ig-parameter"><extension url="code"><valueCode value="apply-license"/></extension><extension url="value"><valueString value="true"/></extension></extension><extension url="http://hl7.org/fhir/tools/StructureDefinition/ig-parameter"><extension url="code"><valueCode value="apply-version"/></extension><extension url="value"><valueString value="true"/></extension></extension><extension url="http://hl7.org/fhir/tools/StructureDefinition/ig-parameter"><extension url="code"><valueCode value="apply-wg"/></extension><extension url="value"><valueString value="true"/></extension></extension><extension url="http://hl7.org/fhir/tools/StructureDefinition/ig-parameter"><extension url="code"><valueCode value="active-tables"/></extension><extension url="value"><valueString value="true"/></extension></extension><extension url="http://hl7.org/fhir/tools/StructureDefinition/ig-parameter"><extension url="code"><valueCode value="fmm-definition"/></extension><extension url="value"><valueString value="http://hl7.org/fhir/versions.html#maturity"/></extension></extension><extension url="http://hl7.org/fhir/tools/StructureDefinition/ig-parameter"><extension url="code"><valueCode value="propagate-status"/></extension><extension url="value"><valueString value="true"/></extension></extension><extension url="http://hl7.org/fhir/tools/StructureDefinition/ig-parameter"><extension url="code"><valueCode value="excludelogbinaryformat"/></extension><extension url="value"><valueString value="true"/></extension></extension><extension url="http://hl7.org/fhir/tools/StructureDefinition/ig-parameter"><extension url="code"><valueCode value="tabbed-snapshots"/></extension><extension url="value"><valueString value="true"/></extension></extension><grouping id="-term-valueset"><name value="Terminology: Value Sets"/><description value="These define sets of codes used by systems conforming to this implementation guide."/></grouping><grouping id="-term-codesystem"><name value="Terminology: Code Systems"/><description value="These define new code systems used by systems conforming to this implementation guide."/></grouping><grouping id="-ex-example"><name value="Example: Example Instances"/><description value="These are example instances that show what data produced and consumed by systems conforming with this implementation guide might look like."/></grouping><resource><extension url="http://hl7.org/fhir/tools/StructureDefinition/resource-sort"><valueInteger value="999999999"/></extension><extension url="http://hl7.org/fhir/StructureDefinition/implementationguide-page"><valueUri value="ValueSet-MedComObservationValueSet.html"/></extension><reference><reference value="ValueSet/MedComObservationValueSet"/></reference><name value="MedCom Observation ValueSet"/><description value="Valuesets for Observation defined by MedCom"/><exampleBoolean value="false"/><groupingId value="-term-valueset"/></resource><resource><extension url="http://hl7.org/fhir/tools/StructureDefinition/resource-sort"><valueInteger value="999999999"/></extension><extension url="http://hl7.org/fhir/StructureDefinition/implementationguide-page"><valueUri value="ValueSet-medcom-acknowledgement-issue-details.html"/></extension><reference><reference value="ValueSet/medcom-acknowledgement-issue-details"/></reference><name value="MedComAcknowledgementIssueDetailValues"/><description value="ValueSet including detailed issues describtions."/><exampleBoolean value="false"/><groupingId value="-term-valueset"/></resource><resource><extension url="http://hl7.org/fhir/tools/StructureDefinition/resource-sort"><valueInteger value="999999999"/></extension><extension url="http://hl7.org/fhir/StructureDefinition/implementationguide-page"><valueUri value="ValueSet-medcom-careCommunication-categories.html"/></extension><reference><reference value="ValueSet/medcom-careCommunication-categories"/></reference><name value="MedComCareCommunicationCategoryCodes"/><description value="ValueSet containing category codes for care communication messages"/><exampleBoolean value="false"/><groupingId value="-term-valueset"/></resource><resource><extension url="http://hl7.org/fhir/tools/StructureDefinition/resource-sort"><valueInteger value="999999999"/></extension><extension url="http://hl7.org/fhir/StructureDefinition/implementationguide-page"><valueUri value="ValueSet-medcom-careCommunication-messagingActivities.html"/></extension><reference><reference value="ValueSet/medcom-careCommunication-messagingActivities"/></reference><name value="MedComCareCommunicationMessageActivityCodes"/><description value="ValueSet containg activity codes for care communication messages"/><exampleBoolean value="false"/><groupingId value="-term-valueset"/></resource><resource><extension url="http://hl7.org/fhir/tools/StructureDefinition/resource-sort"><valueInteger value="999999999"/></extension><extension url="http://hl7.org/fhir/StructureDefinition/implementationguide-page"><valueUri value="ValueSet-medcom-careCommunication-requestPriority.html"/></extension><reference><reference value="ValueSet/medcom-careCommunication-requestPriority"/></reference><name value="MedComCareCommunicationRequestPriorityCodes"/><description value="ValueSet containg priority codes for care communication messages"/><exampleBoolean value="false"/><groupingId value="-term-valueset"/></resource><resource><extension url="http://hl7.org/fhir/tools/StructureDefinition/resource-sort"><valueInteger value="999999999"/></extension><extension url="http://hl7.org/fhir/StructureDefinition/implementationguide-page"><valueUri value="ValueSet-medcom-conditionlist-status-valueset.html"/></extension><reference><reference value="ValueSet/medcom-conditionlist-status-valueset"/></reference><name value="MedComConditionListStatus"/><description value="MedComConditionListStatus used to define the status of a condition"/><exampleBoolean value="false"/><groupingId value="-term-valueset"/></resource><resource><extension url="http://hl7.org/fhir/tools/StructureDefinition/resource-sort"><valueInteger value="999999999"/></extension><extension url="http://hl7.org/fhir/StructureDefinition/implementationguide-page"><valueUri value="ValueSet-medcom-core-attachmentMimeTypes.html"/></extension><reference><reference value="ValueSet/medcom-core-attachmentMimeTypes"/></reference><name value="MedComCoreAttachmentMimeTypes"/><description value="ValueSet containing allowed mime types for MedCom messages"/><exampleBoolean value="false"/><groupingId value="-term-valueset"/></resource><resource><extension url="http://hl7.org/fhir/tools/StructureDefinition/resource-sort"><valueInteger value="999999999"/></extension><extension url="http://hl7.org/fhir/StructureDefinition/implementationguide-page"><valueUri value="ValueSet-medcom-corediagnosticreport-status.html"/></extension><reference><reference value="ValueSet/medcom-corediagnosticreport-status"/></reference><name value="MedComCoreDiagnosticReportStatus"/><description value="ValueSet containing status codes for MedCom DiagnosticReport"/><exampleBoolean value="false"/><groupingId value="-term-valueset"/></resource><resource><extension url="http://hl7.org/fhir/tools/StructureDefinition/resource-sort"><valueInteger value="999999999"/></extension><extension url="http://hl7.org/fhir/StructureDefinition/implementationguide-page"><valueUri value="ValueSet-medcom-core-encounter-class.html"/></extension><reference><reference value="ValueSet/medcom-core-encounter-class"/></reference><name value="MedComCoreEncounterClassCodes"/><description value="ValueSet containing classification codes for MedComCoreEncounter."/><exampleBoolean value="false"/><groupingId value="-term-valueset"/></resource><resource><extension url="http://hl7.org/fhir/tools/StructureDefinition/resource-sort"><valueInteger value="999999999"/></extension><extension url="http://hl7.org/fhir/StructureDefinition/implementationguide-page"><valueUri value="ValueSet-medcom-core-interpreation-valueset.html"/></extension><reference><reference value="ValueSet/medcom-core-interpreation-valueset"/></reference><name value="MedComCoreInterpretationValueset"/><description value="Valueset with code for interpretation of an observation"/><exampleBoolean value="false"/><groupingId value="-term-valueset"/></resource><resource><extension url="http://hl7.org/fhir/tools/StructureDefinition/resource-sort"><valueInteger value="999999999"/></extension><extension url="http://hl7.org/fhir/StructureDefinition/implementationguide-page"><valueUri value="ValueSet-medcom-core-observation-status.html"/></extension><reference><reference value="ValueSet/medcom-core-observation-status"/></reference><name value="MedComCoreObservationStatus"/><description value="ValueSet containing status codes for MedCom Core Observation"/><exampleBoolean value="false"/><groupingId value="-term-valueset"/></resource><resource><extension url="http://hl7.org/fhir/tools/StructureDefinition/resource-sort"><valueInteger value="999999999"/></extension><extension url="http://hl7.org/fhir/StructureDefinition/implementationguide-page"><valueUri value="ValueSet-medcom-core-PractitionerRoles.html"/></extension><reference><reference value="ValueSet/medcom-core-PractitionerRoles"/></reference><name value="MedComCorePractitionerRoles"/><description value="ValueSet containing codes for practionerroles (Danish: Stillingsbetegnelser) from MedCom"/><exampleBoolean value="false"/><groupingId value="-term-valueset"/></resource><resource><extension url="http://hl7.org/fhir/tools/StructureDefinition/resource-sort"><valueInteger value="999999999"/></extension><extension url="http://hl7.org/fhir/StructureDefinition/implementationguide-page"><valueUri value="ValueSet-MedComDiagnosticReportCodesValueset.html"/></extension><reference><reference value="ValueSet/MedComDiagnosticReportCodesValueset"/></reference><name value="MedComDiagnosticReportCodesValueset"/><description value="ValueSet with codes that represents the name of the diagnostic report."/><exampleBoolean value="false"/><groupingId value="-term-valueset"/></resource><resource><extension url="http://hl7.org/fhir/tools/StructureDefinition/resource-sort"><valueInteger value="999999999"/></extension><extension url="http://hl7.org/fhir/StructureDefinition/implementationguide-page"><valueUri value="ValueSet-medcom-HomeCareObservation-messagingActivities.html"/></extension><reference><reference value="ValueSet/medcom-HomeCareObservation-messagingActivities"/></reference><name value="MedComHomeCareObservationMessageActivityCodes"/><description value="ValueSet containg activity codes for HomeCareObservation messages"/><exampleBoolean value="false"/><groupingId value="-term-valueset"/></resource><resource><extension url="http://hl7.org/fhir/tools/StructureDefinition/resource-sort"><valueInteger value="999999999"/></extension><extension url="http://hl7.org/fhir/StructureDefinition/implementationguide-page"><valueUri value="ValueSet-medcom-hospitalNotification-encounterClass.html"/></extension><reference><reference value="ValueSet/medcom-hospitalNotification-encounterClass"/></reference><name value="MedComHospitalNotificationEncounterClassCodes"/><description value="ValueSet containg class codes for hospital notification encounter"/><exampleBoolean value="false"/><groupingId value="-term-valueset"/></resource><resource><extension url="http://hl7.org/fhir/tools/StructureDefinition/resource-sort"><valueInteger value="999999999"/></extension><extension url="http://hl7.org/fhir/StructureDefinition/implementationguide-page"><valueUri value="ValueSet-medcom-hospitalNotification-encounterStatus.html"/></extension><reference><reference value="ValueSet/medcom-hospitalNotification-encounterStatus"/></reference><name value="MedComHospitalNotificationEncounterStatusCodes"/><description value="ValueSet containing status codes for hospital notification encounter"/><exampleBoolean value="false"/><groupingId value="-term-valueset"/></resource><resource><extension url="http://hl7.org/fhir/tools/StructureDefinition/resource-sort"><valueInteger value="999999999"/></extension><extension url="http://hl7.org/fhir/StructureDefinition/implementationguide-page"><valueUri value="ValueSet-medcom-hospitalNotification-messageActivities.html"/></extension><reference><reference value="ValueSet/medcom-hospitalNotification-messageActivities"/></reference><name value="MedComHospitalNotificationMessageActivityCodes"/><description value="ValueSet containg activity codes for hospital notification messages"/><exampleBoolean value="false"/><groupingId value="-term-valueset"/></resource><resource><extension url="http://hl7.org/fhir/tools/StructureDefinition/resource-sort"><valueInteger value="999999999"/></extension><extension url="http://hl7.org/fhir/StructureDefinition/implementationguide-page"><valueUri value="ValueSet-medcom-message-definition-type-valueset.html"/></extension><reference><reference value="ValueSet/medcom-message-definition-type-valueset"/></reference><name value="MedComMessageDefinitionTypeValueset"/><description value="MedComMessageDefinitionTypeVS for the messaging infrastructure"/><exampleBoolean value="false"/><groupingId value="-term-valueset"/></resource><resource><extension url="http://hl7.org/fhir/tools/StructureDefinition/resource-sort"><valueInteger value="999999999"/></extension><extension url="http://hl7.org/fhir/StructureDefinition/implementationguide-page"><valueUri value="ValueSet-medcom-messaging-activityCodes.html"/></extension><reference><reference value="ValueSet/medcom-messaging-activityCodes"/></reference><name value="MedComMessagingActivityCodes"/><description value="ValueSet containing codes for activities occuring in MedCom messages"/><exampleBoolean value="false"/><groupingId value="-term-valueset"/></resource><resource><extension url="http://hl7.org/fhir/tools/StructureDefinition/resource-sort"><valueInteger value="999999999"/></extension><extension url="http://hl7.org/fhir/StructureDefinition/implementationguide-page"><valueUri value="ValueSet-medcom-messaging-messageTypes.html"/></extension><reference><reference value="ValueSet/medcom-messaging-messageTypes"/></reference><name value="MedComMessagingMessageTypes"/><description value="All message types of MedCom messages"/><exampleBoolean value="false"/><groupingId value="-term-valueset"/></resource><resource><extension url="http://hl7.org/fhir/tools/StructureDefinition/resource-sort"><valueInteger value="999999999"/></extension><extension url="http://hl7.org/fhir/StructureDefinition/implementationguide-page"><valueUri value="ValueSet-medcom-messaging-sorEdiValues.html"/></extension><reference><reference value="ValueSet/medcom-messaging-sorEdiValues"/></reference><name value="MedComMessagingSorEdiValues"/><description value="Values for SOREDI message types"/><exampleBoolean value="false"/><groupingId value="-term-valueset"/></resource><resource><extension url="http://hl7.org/fhir/tools/StructureDefinition/resource-sort"><valueInteger value="999999999"/></extension><extension url="http://hl7.org/fhir/StructureDefinition/implementationguide-page"><valueUri value="ValueSet-medcom-obs-responseGroup.html"/></extension><reference><reference value="ValueSet/medcom-obs-responseGroup"/></reference><name value="MedComObservationResultGroupValueSet"/><description value="National response groups for observation results."/><exampleBoolean value="false"/><groupingId value="-term-valueset"/></resource><resource><extension url="http://hl7.org/fhir/tools/StructureDefinition/resource-sort"><valueInteger value="999999999"/></extension><extension url="http://hl7.org/fhir/StructureDefinition/implementationguide-page"><valueUri value="ValueSet-medcm-producentID-valueset.html"/></extension><reference><reference value="ValueSet/medcm-producentID-valueset"/></reference><name value="MedComProducentIDValueSet"/><description value="ProducentID"/><exampleBoolean value="false"/><groupingId value="-term-valueset"/></resource><resource><extension url="http://hl7.org/fhir/tools/StructureDefinition/resource-sort"><valueInteger value="999999999"/></extension><extension url="http://hl7.org/fhir/StructureDefinition/implementationguide-page"><valueUri value="ValueSet-medcom-messagedefinition-identifer-system-valueset.html"/></extension><reference><reference value="ValueSet/medcom-messagedefinition-identifer-system-valueset"/></reference><name value="MessageDefinitionIdentifierSystemValueset"/><description value="MessageDefinitionIdentifierSystemVS for the messaging infrastructure"/><exampleBoolean value="false"/><groupingId value="-term-valueset"/></resource><resource><extension url="http://hl7.org/fhir/tools/StructureDefinition/resource-sort"><valueInteger value="999999999"/></extension><extension url="http://hl7.org/fhir/StructureDefinition/implementationguide-page"><valueUri value="ValueSet-NPUObservationCodesValueSet.html"/></extension><reference><reference value="ValueSet/NPUObservationCodesValueSet"/></reference><name value="NPUObservationCodesValueSet"/><description value="ValuseSet with NPU observations Codes"/><exampleBoolean value="false"/><groupingId value="-term-valueset"/></resource><resource><extension url="http://hl7.org/fhir/tools/StructureDefinition/resource-sort"><valueInteger value="999999999"/></extension><extension url="http://hl7.org/fhir/StructureDefinition/implementationguide-page"><valueUri value="ValueSet-medcom-messagedefinition-use-context-code-valueset.html"/></extension><reference><reference value="ValueSet/medcom-messagedefinition-use-context-code-valueset"/></reference><name value="UseContextCodeSystemValueset"/><description value="UseContextCodeSystemVS for the messaging infrastructure"/><exampleBoolean value="false"/><groupingId value="-term-valueset"/></resource><resource><extension url="http://hl7.org/fhir/tools/StructureDefinition/resource-sort"><valueInteger value="999999999"/></extension><extension url="http://hl7.org/fhir/StructureDefinition/implementationguide-page"><valueUri value="CodeSystem-medcom-observation-resultGroup.html"/></extension><reference><reference value="CodeSystem/medcom-observation-resultGroup"/></reference><name value="MedCom Observation Result Group"/><description value="The observation result group are intende to be used to sort the individual analyzes."/><exampleBoolean value="false"/><groupingId value="-term-codesystem"/></resource><resource><extension url="http://hl7.org/fhir/tools/StructureDefinition/resource-sort"><valueInteger value="999999999"/></extension><extension url="http://hl7.org/fhir/StructureDefinition/implementationguide-page"><valueUri value="CodeSystem-medcom-acknowledgement-error-codes.html"/></extension><reference><reference value="CodeSystem/medcom-acknowledgement-error-codes"/></reference><name value="MedComAcknowledgementErrorCodes"/><description value="CodeSystem including detailed error codes describtions."/><exampleBoolean value="false"/><groupingId value="-term-codesystem"/></resource><resource><extension url="http://hl7.org/fhir/tools/StructureDefinition/resource-sort"><valueInteger value="999999999"/></extension><extension url="http://hl7.org/fhir/StructureDefinition/implementationguide-page"><valueUri value="CodeSystem-medcom-careCommunication-categoryCodes.html"/></extension><reference><reference value="CodeSystem/medcom-careCommunication-categoryCodes"/></reference><name value="MedComCareCommunicationCategories"/><description value="Category codes for care communication messages"/><exampleBoolean value="false"/><groupingId value="-term-codesystem"/></resource><resource><extension url="http://hl7.org/fhir/tools/StructureDefinition/resource-sort"><valueInteger value="999999999"/></extension><extension url="http://hl7.org/fhir/StructureDefinition/implementationguide-page"><valueUri value="CodeSystem-medcom-core-encounter-act-codes.html"/></extension><reference><reference value="CodeSystem/medcom-core-encounter-act-codes"/></reference><name value="MedComCoreEncounterActCodes"/><description value="CodeSystem with code for classification of an encounter."/><exampleBoolean value="false"/><groupingId value="-term-codesystem"/></resource><resource><extension url="http://hl7.org/fhir/tools/StructureDefinition/resource-sort"><valueInteger value="999999999"/></extension><extension url="http://hl7.org/fhir/StructureDefinition/implementationguide-page"><valueUri value="CodeSystem-medcom-core-interpretation-codes.html"/></extension><reference><reference value="CodeSystem/medcom-core-interpretation-codes"/></reference><name value="MedComCoreInterpretationCodes"/><description value="CodeSystem with code for interpretation of an observation"/><exampleBoolean value="false"/><groupingId value="-term-codesystem"/></resource><resource><extension url="http://hl7.org/fhir/tools/StructureDefinition/resource-sort"><valueInteger value="999999999"/></extension><extension url="http://hl7.org/fhir/StructureDefinition/implementationguide-page"><valueUri value="CodeSystem-medcom-core-PractitionerRolesAutorisationsregistret.html"/></extension><reference><reference value="CodeSystem/medcom-core-PractitionerRolesAutorisationsregistret"/></reference><name value="MedComCorePractitionerRolesAutorisationsregistret"/><description value="CodeSystem containing codes for practionerroles (Danish:Stillingsbetegnelser) from [autorisationsregistret](https://stps.dk/da/autorisation/opslagautreg/)"/><exampleBoolean value="false"/><groupingId value="-term-codesystem"/></resource><resource><extension url="http://hl7.org/fhir/tools/StructureDefinition/resource-sort"><valueInteger value="999999999"/></extension><extension url="http://hl7.org/fhir/StructureDefinition/implementationguide-page"><valueUri value="CodeSystem-medcom-core-PractitionerRolesSKSadministrativ.html"/></extension><reference><reference value="CodeSystem/medcom-core-PractitionerRolesSKSadministrativ"/></reference><name value="MedComCorePractitionerRolesSKSadministrativ"/><description value="CodeSystem containing codes for practionerroles (Danish:Stillingsbetegnelser) from [SKS Administrativt-Personaleklassifikation](https://medinfo.dk/sks/brows.php?s_nod=924)"/><exampleBoolean value="false"/><groupingId value="-term-codesystem"/></resource><resource><extension url="http://hl7.org/fhir/tools/StructureDefinition/resource-sort"><valueInteger value="999999999"/></extension><extension url="http://hl7.org/fhir/StructureDefinition/implementationguide-page"><valueUri value="CodeSystem-MedComDiagnosticReportCodes.html"/></extension><reference><reference value="CodeSystem/MedComDiagnosticReportCodes"/></reference><name value="MedComDiagnosticReportCodes"/><description value="Codes that represents the name of the diagnostic report"/><exampleBoolean value="false"/><groupingId value="-term-codesystem"/></resource><resource><extension url="http://hl7.org/fhir/tools/StructureDefinition/resource-sort"><valueInteger value="999999999"/></extension><extension url="http://hl7.org/fhir/StructureDefinition/implementationguide-page"><valueUri value="CodeSystem-medcom-message-definition-type.html"/></extension><reference><reference value="CodeSystem/medcom-message-definition-type"/></reference><name value="MedComMessageDefinitionTypeCodeSystem"/><description value="MedComMessageDefinitionTypeCS for the messaging infrastructure"/><exampleBoolean value="false"/><groupingId value="-term-codesystem"/></resource><resource><extension url="http://hl7.org/fhir/tools/StructureDefinition/resource-sort"><valueInteger value="999999999"/></extension><extension url="http://hl7.org/fhir/StructureDefinition/implementationguide-page"><valueUri value="CodeSystem-medcom-messaging-activityCodes.html"/></extension><reference><reference value="CodeSystem/medcom-messaging-activityCodes"/></reference><name value="MedComMessagingActivityCodes"/><description value="CodeSystem containing codes for activities occuring in MedCom messages"/><exampleBoolean value="false"/><groupingId value="-term-codesystem"/></resource><resource><extension url="http://hl7.org/fhir/tools/StructureDefinition/resource-sort"><valueInteger value="999999999"/></extension><extension url="http://hl7.org/fhir/StructureDefinition/implementationguide-page"><valueUri value="CodeSystem-medcom-messaging-cancellation-reason.html"/></extension><reference><reference value="CodeSystem/medcom-messaging-cancellation-reason"/></reference><name value="MedComMessagingCancellationReason"/><description value="CodeSystem including text that describes the reason for cancelling a message."/><exampleBoolean value="false"/><groupingId value="-term-codesystem"/></resource><resource><extension url="http://hl7.org/fhir/tools/StructureDefinition/resource-sort"><valueInteger value="999999999"/></extension><extension url="http://hl7.org/fhir/StructureDefinition/implementationguide-page"><valueUri value="CodeSystem-medcom-messaging-destinationUse.html"/></extension><reference><reference value="CodeSystem/medcom-messaging-destinationUse"/></reference><name value="MedComMessagingDestinationUse"/><description value="Codes indicatin whether the use of a destination in a MedCom message header is as a primary or a carbon copy recipient of the message"/><exampleBoolean value="false"/><groupingId value="-term-codesystem"/></resource><resource><extension url="http://hl7.org/fhir/tools/StructureDefinition/resource-sort"><valueInteger value="999999999"/></extension><extension url="http://hl7.org/fhir/StructureDefinition/implementationguide-page"><valueUri value="CodeSystem-medcom-messaging-eventCodes.html"/></extension><reference><reference value="CodeSystem/medcom-messaging-eventCodes"/></reference><name value="MedComMessagingEventCodes"/><description value="CodeSystem including all types of MedCom messages"/><exampleBoolean value="false"/><groupingId value="-term-codesystem"/></resource><resource><extension url="http://hl7.org/fhir/tools/StructureDefinition/resource-sort"><valueInteger value="999999999"/></extension><extension url="http://hl7.org/fhir/StructureDefinition/implementationguide-page"><valueUri value="CodeSystem-medcom-messaging-sorEdiSystem.html"/></extension><reference><reference value="CodeSystem/medcom-messaging-sorEdiSystem"/></reference><name value="MedComMessagingSorEdiCodeSystem"/><description value="Codes for SOREDI message types"/><exampleBoolean value="false"/><groupingId value="-term-codesystem"/></resource><resource><extension url="http://hl7.org/fhir/tools/StructureDefinition/resource-sort"><valueInteger value="999999999"/></extension><extension url="http://hl7.org/fhir/StructureDefinition/implementationguide-page"><valueUri value="CodeSystem-medcom-messaging-statisticalCodes.html"/></extension><reference><reference value="CodeSystem/medcom-messaging-statisticalCodes"/></reference><name value="MedComMessagingStatisticalCodes"/><description value="Statistical Codes for MedCom VANS messages"/><exampleBoolean value="false"/><groupingId value="-term-codesystem"/></resource><resource><extension url="http://hl7.org/fhir/tools/StructureDefinition/resource-sort"><valueInteger value="999999999"/></extension><extension url="http://hl7.org/fhir/StructureDefinition/implementationguide-page"><valueUri value="CodeSystem-MedComProducentID.html"/></extension><reference><reference value="CodeSystem/MedComProducentID"/></reference><name value="MedComProducentID"/><description value="ProducentD that describes who performed the observation"/><exampleBoolean value="false"/><groupingId value="-term-codesystem"/></resource><resource><extension url="http://hl7.org/fhir/tools/StructureDefinition/resource-sort"><valueInteger value="999999999"/></extension><extension url="http://hl7.org/fhir/StructureDefinition/implementationguide-page"><valueUri value="CodeSystem-medcom-messagedefinition-identifer-system.html"/></extension><reference><reference value="CodeSystem/medcom-messagedefinition-identifer-system"/></reference><name value="MessageDefinitionIdentifierSystemCodeSystem"/><description value="MessageDefinitionIdentifierSystemCS for the messaging infrastructure"/><exampleBoolean value="false"/><groupingId value="-term-codesystem"/></resource><resource><extension url="http://hl7.org/fhir/tools/StructureDefinition/resource-sort"><valueInteger value="999999999"/></extension><extension url="http://hl7.org/fhir/StructureDefinition/implementationguide-page"><valueUri value="ConceptMap-medcom-messaging-mapFhirToSorEdi.html"/></extension><reference><reference value="ConceptMap/medcom-messaging-mapFhirToSorEdi"/></reference><name value="MedComMessagingMapFhirToSorEdi"/><description value="ConceptMap between MedComs FHIR message names and SOREDI message names"/><exampleBoolean value="true"/><groupingId value="-ex-example"/></resource><page><extension url="http://hl7.org/fhir/tools/StructureDefinition/ig-page-name"><valueUrl value="toc.html"/></extension><nameUrl value="toc.html"/><title value="Table of Contents"/><generation value="html"/><page><extension url="http://hl7.org/fhir/tools/StructureDefinition/ig-page-name"><valueUrl value="index.html"/></extension><nameUrl value="index.html"/><title value="Home"/><generation value="markdown"/></page><page><extension url="http://hl7.org/fhir/tools/StructureDefinition/ig-page-name"><valueUrl value="downloads.html"/></extension><nameUrl value="downloads.html"/><title value="Downloads"/><generation value="markdown"/></page><page><extension url="http://hl7.org/fhir/tools/StructureDefinition/ig-page-name"><valueUrl value="terminology.html"/></extension><nameUrl value="terminology.html"/><title value="Terminology"/><generation value="html"/></page><page><extension url="http://hl7.org/fhir/tools/StructureDefinition/ig-page-name"><valueUrl value="artifacts.html"/></extension><nameUrl value="artifacts.html"/><title value="Artifacts Summary"/><generation value="html"/><page><extension url="http://hl7.org/fhir/tools/StructureDefinition/ig-page-name"><valueUrl value="ValueSet-MedComObservationValueSet.html"/></extension><nameUrl value="ValueSet-MedComObservationValueSet.html"/><title value="MedCom Observation ValueSet"/><generation value="generated"/></page><page><extension url="http://hl7.org/fhir/tools/StructureDefinition/ig-page-name"><valueUrl value="ValueSet-medcom-acknowledgement-issue-details.html"/></extension><nameUrl value="ValueSet-medcom-acknowledgement-issue-details.html"/><title value="MedComAcknowledgementIssueDetailValues"/><generation value="generated"/></page><page><extension url="http://hl7.org/fhir/tools/StructureDefinition/ig-page-name"><valueUrl value="ValueSet-medcom-careCommunication-categories.html"/></extension><nameUrl value="ValueSet-medcom-careCommunication-categories.html"/><title value="MedComCareCommunicationCategoryCodes"/><generation value="generated"/></page><page><extension url="http://hl7.org/fhir/tools/StructureDefinition/ig-page-name"><valueUrl value="ValueSet-medcom-careCommunication-messagingActivities.html"/></extension><nameUrl value="ValueSet-medcom-careCommunication-messagingActivities.html"/><title value="MedComCareCommunicationMessageActivityCodes"/><generation value="generated"/></page><page><extension url="http://hl7.org/fhir/tools/StructureDefinition/ig-page-name"><valueUrl value="ValueSet-medcom-careCommunication-requestPriority.html"/></extension><nameUrl value="ValueSet-medcom-careCommunication-requestPriority.html"/><title value="MedComCareCommunicationRequestPriorityCodes"/><generation value="generated"/></page><page><extension url="http://hl7.org/fhir/tools/StructureDefinition/ig-page-name"><valueUrl value="ValueSet-medcom-conditionlist-status-valueset.html"/></extension><nameUrl value="ValueSet-medcom-conditionlist-status-valueset.html"/><title value="MedComConditionListStatus"/><generation value="generated"/></page><page><extension url="http://hl7.org/fhir/tools/StructureDefinition/ig-page-name"><valueUrl value="ValueSet-medcom-core-attachmentMimeTypes.html"/></extension><nameUrl value="ValueSet-medcom-core-attachmentMimeTypes.html"/><title value="MedComCoreAttachmentMimeTypes"/><generation value="generated"/></page><page><extension url="http://hl7.org/fhir/tools/StructureDefinition/ig-page-name"><valueUrl value="ValueSet-medcom-corediagnosticreport-status.html"/></extension><nameUrl value="ValueSet-medcom-corediagnosticreport-status.html"/><title value="MedComCoreDiagnosticReportStatus"/><generation value="generated"/></page><page><extension url="http://hl7.org/fhir/tools/StructureDefinition/ig-page-name"><valueUrl value="ValueSet-medcom-core-encounter-class.html"/></extension><nameUrl value="ValueSet-medcom-core-encounter-class.html"/><title value="MedComCoreEncounterClassCodes"/><generation value="generated"/></page><page><extension url="http://hl7.org/fhir/tools/StructureDefinition/ig-page-name"><valueUrl value="ValueSet-medcom-core-interpreation-valueset.html"/></extension><nameUrl value="ValueSet-medcom-core-interpreation-valueset.html"/><title value="MedComCoreInterpretationValueset"/><generation value="generated"/></page><page><extension url="http://hl7.org/fhir/tools/StructureDefinition/ig-page-name"><valueUrl value="ValueSet-medcom-core-observation-status.html"/></extension><nameUrl value="ValueSet-medcom-core-observation-status.html"/><title value="MedComCoreObservationStatus"/><generation value="generated"/></page><page><extension url="http://hl7.org/fhir/tools/StructureDefinition/ig-page-name"><valueUrl value="ValueSet-medcom-core-PractitionerRoles.html"/></extension><nameUrl value="ValueSet-medcom-core-PractitionerRoles.html"/><title value="MedComCorePractitionerRoles"/><generation value="generated"/></page><page><extension url="http://hl7.org/fhir/tools/StructureDefinition/ig-page-name"><valueUrl value="ValueSet-MedComDiagnosticReportCodesValueset.html"/></extension><nameUrl value="ValueSet-MedComDiagnosticReportCodesValueset.html"/><title value="MedComDiagnosticReportCodesValueset"/><generation value="generated"/></page><page><extension url="http://hl7.org/fhir/tools/StructureDefinition/ig-page-name"><valueUrl value="ValueSet-medcom-HomeCareObservation-messagingActivities.html"/></extension><nameUrl value="ValueSet-medcom-HomeCareObservation-messagingActivities.html"/><title value="MedComHomeCareObservationMessageActivityCodes"/><generation value="generated"/></page><page><extension url="http://hl7.org/fhir/tools/StructureDefinition/ig-page-name"><valueUrl value="ValueSet-medcom-hospitalNotification-encounterClass.html"/></extension><nameUrl value="ValueSet-medcom-hospitalNotification-encounterClass.html"/><title value="MedComHospitalNotificationEncounterClassCodes"/><generation value="generated"/></page><page><extension url="http://hl7.org/fhir/tools/StructureDefinition/ig-page-name"><valueUrl value="ValueSet-medcom-hospitalNotification-encounterStatus.html"/></extension><nameUrl value="ValueSet-medcom-hospitalNotification-encounterStatus.html"/><title value="MedComHospitalNotificationEncounterStatusCodes"/><generation value="generated"/></page><page><extension url="http://hl7.org/fhir/tools/StructureDefinition/ig-page-name"><valueUrl value="ValueSet-medcom-hospitalNotification-messageActivities.html"/></extension><nameUrl value="ValueSet-medcom-hospitalNotification-messageActivities.html"/><title value="MedComHospitalNotificationMessageActivityCodes"/><generation value="generated"/></page><page><extension url="http://hl7.org/fhir/tools/StructureDefinition/ig-page-name"><valueUrl value="ValueSet-medcom-message-definition-type-valueset.html"/></extension><nameUrl value="ValueSet-medcom-message-definition-type-valueset.html"/><title value="MedComMessageDefinitionTypeValueset"/><generation value="generated"/></page><page><extension url="http://hl7.org/fhir/tools/StructureDefinition/ig-page-name"><valueUrl value="ValueSet-medcom-messaging-activityCodes.html"/></extension><nameUrl value="ValueSet-medcom-messaging-activityCodes.html"/><title value="MedComMessagingActivityCodes"/><generation value="generated"/></page><page><extension url="http://hl7.org/fhir/tools/StructureDefinition/ig-page-name"><valueUrl value="ValueSet-medcom-messaging-messageTypes.html"/></extension><nameUrl value="ValueSet-medcom-messaging-messageTypes.html"/><title value="MedComMessagingMessageTypes"/><generation value="generated"/></page><page><extension url="http://hl7.org/fhir/tools/StructureDefinition/ig-page-name"><valueUrl value="ValueSet-medcom-messaging-sorEdiValues.html"/></extension><nameUrl value="ValueSet-medcom-messaging-sorEdiValues.html"/><title value="MedComMessagingSorEdiValues"/><generation value="generated"/></page><page><extension url="http://hl7.org/fhir/tools/StructureDefinition/ig-page-name"><valueUrl value="ValueSet-medcom-obs-responseGroup.html"/></extension><nameUrl value="ValueSet-medcom-obs-responseGroup.html"/><title value="MedComObservationResultGroupValueSet"/><generation value="generated"/></page><page><extension url="http://hl7.org/fhir/tools/StructureDefinition/ig-page-name"><valueUrl value="ValueSet-medcm-producentID-valueset.html"/></extension><nameUrl value="ValueSet-medcm-producentID-valueset.html"/><title value="MedComProducentIDValueSet"/><generation value="generated"/></page><page><extension url="http://hl7.org/fhir/tools/StructureDefinition/ig-page-name"><valueUrl value="ValueSet-medcom-messagedefinition-identifer-system-valueset.html"/></extension><nameUrl value="ValueSet-medcom-messagedefinition-identifer-system-valueset.html"/><title value="MessageDefinitionIdentifierSystemValueset"/><generation value="generated"/></page><page><extension url="http://hl7.org/fhir/tools/StructureDefinition/ig-page-name"><valueUrl value="ValueSet-NPUObservationCodesValueSet.html"/></extension><nameUrl value="ValueSet-NPUObservationCodesValueSet.html"/><title value="NPUObservationCodesValueSet"/><generation value="generated"/></page><page><extension url="http://hl7.org/fhir/tools/StructureDefinition/ig-page-name"><valueUrl value="ValueSet-medcom-messagedefinition-use-context-code-valueset.html"/></extension><nameUrl value="ValueSet-medcom-messagedefinition-use-context-code-valueset.html"/><title value="UseContextCodeSystemValueset"/><generation value="generated"/></page><page><extension url="http://hl7.org/fhir/tools/StructureDefinition/ig-page-name"><valueUrl value="CodeSystem-medcom-observation-resultGroup.html"/></extension><nameUrl value="CodeSystem-medcom-observation-resultGroup.html"/><title value="MedCom Observation Result Group"/><generation value="generated"/></page><page><extension url="http://hl7.org/fhir/tools/StructureDefinition/ig-page-name"><valueUrl value="CodeSystem-medcom-acknowledgement-error-codes.html"/></extension><nameUrl value="CodeSystem-medcom-acknowledgement-error-codes.html"/><title value="MedComAcknowledgementErrorCodes"/><generation value="generated"/></page><page><extension url="http://hl7.org/fhir/tools/StructureDefinition/ig-page-name"><valueUrl value="CodeSystem-medcom-careCommunication-categoryCodes.html"/></extension><nameUrl value="CodeSystem-medcom-careCommunication-categoryCodes.html"/><title value="MedComCareCommunicationCategories"/><generation value="generated"/></page><page><extension url="http://hl7.org/fhir/tools/StructureDefinition/ig-page-name"><valueUrl value="CodeSystem-medcom-core-encounter-act-codes.html"/></extension><nameUrl value="CodeSystem-medcom-core-encounter-act-codes.html"/><title value="MedComCoreEncounterActCodes"/><generation value="generated"/></page><page><extension url="http://hl7.org/fhir/tools/StructureDefinition/ig-page-name"><valueUrl value="CodeSystem-medcom-core-interpretation-codes.html"/></extension><nameUrl value="CodeSystem-medcom-core-interpretation-codes.html"/><title value="MedComCoreInterpretationCodes"/><generation value="generated"/></page><page><extension url="http://hl7.org/fhir/tools/StructureDefinition/ig-page-name"><valueUrl value="CodeSystem-medcom-core-PractitionerRolesAutorisationsregistret.html"/></extension><nameUrl value="CodeSystem-medcom-core-PractitionerRolesAutorisationsregistret.html"/><title value="MedComCorePractitionerRolesAutorisationsregistret"/><generation value="generated"/></page><page><extension url="http://hl7.org/fhir/tools/StructureDefinition/ig-page-name"><valueUrl value="CodeSystem-medcom-core-PractitionerRolesSKSadministrativ.html"/></extension><nameUrl value="CodeSystem-medcom-core-PractitionerRolesSKSadministrativ.html"/><title value="MedComCorePractitionerRolesSKSadministrativ"/><generation value="generated"/></page><page><extension url="http://hl7.org/fhir/tools/StructureDefinition/ig-page-name"><valueUrl value="CodeSystem-MedComDiagnosticReportCodes.html"/></extension><nameUrl value="CodeSystem-MedComDiagnosticReportCodes.html"/><title value="MedComDiagnosticReportCodes"/><generation value="generated"/></page><page><extension url="http://hl7.org/fhir/tools/StructureDefinition/ig-page-name"><valueUrl value="CodeSystem-medcom-message-definition-type.html"/></extension><nameUrl value="CodeSystem-medcom-message-definition-type.html"/><title value="MedComMessageDefinitionTypeCodeSystem"/><generation value="generated"/></page><page><extension url="http://hl7.org/fhir/tools/StructureDefinition/ig-page-name"><valueUrl value="CodeSystem-medcom-messaging-activityCodes.html"/></extension><nameUrl value="CodeSystem-medcom-messaging-activityCodes.html"/><title value="MedComMessagingActivityCodes"/><generation value="generated"/></page><page><extension url="http://hl7.org/fhir/tools/StructureDefinition/ig-page-name"><valueUrl value="CodeSystem-medcom-messaging-cancellation-reason.html"/></extension><nameUrl value="CodeSystem-medcom-messaging-cancellation-reason.html"/><title value="MedComMessagingCancellationReason"/><generation value="generated"/></page><page><extension url="http://hl7.org/fhir/tools/StructureDefinition/ig-page-name"><valueUrl value="CodeSystem-medcom-messaging-destinationUse.html"/></extension><nameUrl value="CodeSystem-medcom-messaging-destinationUse.html"/><title value="MedComMessagingDestinationUse"/><generation value="generated"/></page><page><extension url="http://hl7.org/fhir/tools/StructureDefinition/ig-page-name"><valueUrl value="CodeSystem-medcom-messaging-eventCodes.html"/></extension><nameUrl value="CodeSystem-medcom-messaging-eventCodes.html"/><title value="MedComMessagingEventCodes"/><generation value="generated"/></page><page><extension url="http://hl7.org/fhir/tools/StructureDefinition/ig-page-name"><valueUrl value="CodeSystem-medcom-messaging-sorEdiSystem.html"/></extension><nameUrl value="CodeSystem-medcom-messaging-sorEdiSystem.html"/><title value="MedComMessagingSorEdiCodeSystem"/><generation value="generated"/></page><page><extension url="http://hl7.org/fhir/tools/StructureDefinition/ig-page-name"><valueUrl value="CodeSystem-medcom-messaging-statisticalCodes.html"/></extension><nameUrl value="CodeSystem-medcom-messaging-statisticalCodes.html"/><title value="MedComMessagingStatisticalCodes"/><generation value="generated"/></page><page><extension url="http://hl7.org/fhir/tools/StructureDefinition/ig-page-name"><valueUrl value="CodeSystem-MedComProducentID.html"/></extension><nameUrl value="CodeSystem-MedComProducentID.html"/><title value="MedComProducentID"/><generation value="generated"/></page><page><extension url="http://hl7.org/fhir/tools/StructureDefinition/ig-page-name"><valueUrl value="CodeSystem-medcom-messagedefinition-identifer-system.html"/></extension><nameUrl value="CodeSystem-medcom-messagedefinition-identifer-system.html"/><title value="MessageDefinitionIdentifierSystemCodeSystem"/><generation value="generated"/></page><page><extension url="http://hl7.org/fhir/tools/StructureDefinition/ig-page-name"><valueUrl value="ConceptMap-medcom-messaging-mapFhirToSorEdi.html"/></extension><nameUrl value="ConceptMap-medcom-messaging-mapFhirToSorEdi.html"/><title value="MedComMessagingMapFhirToSorEdi"/><generation value="generated"/></page></page></page><parameter><code value="path-resource"/><value value="input/capabilities"/></parameter><parameter><code value="path-resource"/><value value="input/examples"/></parameter><parameter><code value="path-resource"/><value value="input/extensions"/></parameter><parameter><code value="path-resource"/><value value="input/models"/></parameter><parameter><code value="path-resource"/><value value="input/operations"/></parameter><parameter><code value="path-resource"/><value value="input/profiles"/></parameter><parameter><code value="path-resource"/><value value="input/resources"/></parameter><parameter><code value="path-resource"/><value value="input/vocabulary"/></parameter><parameter><code value="path-resource"/><value value="input/maps"/></parameter><parameter><code value="path-resource"/><value value="input/testing"/></parameter><parameter><code value="path-resource"/><value value="input/history"/></parameter><parameter><code value="path-resource"/><value value="fsh-generated/resources"/></parameter><parameter><code value="path-pages"/><value value="template/config"/></parameter><parameter><code value="path-pages"/><value value="input/images"/></parameter><parameter><code value="path-tx-cache"/><value value="input-cache/txcache"/></parameter></definition></ImplementationGuide>