{
  "resourceType" : "Communication",
  "id" : "f54efd18-5520-11ed-bdc3-0242ac120002",
  "meta" : {
    "profile" : ["http://medcomfhir.dk/ig/carecommunication/StructureDefinition/medcom-careCommunication-communication"]
  },
  "text" : {
    "status" : "extensions",
    "div" : "<div xmlns=\"http://www.w3.org/1999/xhtml\"><p class=\"res-header-id\"><b>Generated Narrative: Communication f54efd18-5520-11ed-bdc3-0242ac120002</b></p><a name=\"f54efd18-5520-11ed-bdc3-0242ac120002\"> </a><a name=\"hcf54efd18-5520-11ed-bdc3-0242ac120002\"> </a><div style=\"display: inline-block; background-color: #d9e0e7; padding: 6px; margin: 4px; border: 1px solid #8da1b4; border-radius: 5px; line-height: 60%\"><p style=\"margin-bottom: 0px\"/><p style=\"margin-bottom: 0px\">Profile: <a href=\"StructureDefinition-medcom-careCommunication-communication.html\">MedComCareCommunication</a></p></div><p><b>identifier</b>: urn:uuid:59aac95e-ca57-4b04-b075-9880b7e6441c</p><p><b>status</b>: Unknown</p><p><b>category</b>: <span title=\"Codes:{http://medcomfhir.dk/ig/terminology/CodeSystem/medcom-careCommunication-categoryCodes carecoordination}\">Forløbskoordinering</span></p><p><b>subject</b>: <a href=\"Patient-23ebfcd8-e4f2-4ce8-908b-aa7cfb9ffef5.html\">Elmer (official) (no stated gender), DoB Unknown ( urn:oid:1.2.208.176.1.2#2509479989)</a></p><p><b>encounter</b>: <a href=\"Encounter-303b2782-e2bf-4780-a8a5-c4b02b0e1c66.html\">Encounter: status = in-progress; class = inpatient encounter (ActCode#IMP)</a></p><blockquote><p><b>payload</b></p><p><b>DateTimeExtension</b>: 2024-05-07 18:00:00+0200</p><p><b>IdentifierExtension</b>: urn:uuid:1813b23d-195e-4b28-8221-24247035bf08</p><p><b>PractitionerExtension</b>: <a href=\"PractitionerRole-8dc790ba-8d93-4585-b91c-af8225b0796d.html\">PractitionerRole Sygeplejerske</a></p><p><b>ContactExtension</b>: ph: 38683868</p><p><b>content</b>: We have a question regarding the referal...</p></blockquote></div>"
  },
  "identifier" : [{
    "value" : "urn:uuid:59aac95e-ca57-4b04-b075-9880b7e6441c"
  }],
  "status" : "unknown",
  "category" : [{
    "coding" : [{
      "system" : "http://medcomfhir.dk/ig/terminology/CodeSystem/medcom-careCommunication-categoryCodes",
      "code" : "carecoordination"
    }]
  }],
  "subject" : {
    "reference" : "Patient/23ebfcd8-e4f2-4ce8-908b-aa7cfb9ffef5"
  },
  "encounter" : {
    "reference" : "Encounter/303b2782-e2bf-4780-a8a5-c4b02b0e1c66"
  },
  "payload" : [{
    "extension" : [{
      "url" : "http://medcomfhir.dk/ig/core/StructureDefinition/medcom-core-datetime-extension",
      "valueDateTime" : "2024-05-07T18:00:00+02:00"
    },
    {
      "url" : "http://medcomfhir.dk/ig/core/StructureDefinition/medcom-core-identifier-extension",
      "valueIdentifier" : {
        "value" : "urn:uuid:1813b23d-195e-4b28-8221-24247035bf08",
        "assigner" : {
          "reference" : "Organization/e17d03b8-e7fd-4654-bc9c-cb2eb5dda71f"
        }
      }
    },
    {
      "url" : "http://medcomfhir.dk/ig/core/StructureDefinition/medcom-core-practitioner-extension",
      "valueReference" : {
        "reference" : "PractitionerRole/8dc790ba-8d93-4585-b91c-af8225b0796d"
      }
    },
    {
      "url" : "http://medcomfhir.dk/ig/core/StructureDefinition/medcom-core-contact-extension",
      "valueContactPoint" : {
        "system" : "phone",
        "value" : "38683868"
      }
    }],
    "contentString" : "We have a question regarding the referal..."
  }]
}