<?xml version="1.0" encoding="UTF-8"?>

<Encounter xmlns="http://hl7.org/fhir">
  <id value="2a5b01e4-8c2c-481b-ab12-e383d8e00629"/>
  <meta>
    <profile value="http://medcomfhir.dk/ig/core/StructureDefinition/medcom-core-encounter"/>
  </meta>
  <text>
    <status value="generated"/><div xmlns="http://www.w3.org/1999/xhtml"><p class="res-header-id"><b>Generated Narrative: Encounter 2a5b01e4-8c2c-481b-ab12-e383d8e00629</b></p><a name="2a5b01e4-8c2c-481b-ab12-e383d8e00629"> </a><a name="hc2a5b01e4-8c2c-481b-ab12-e383d8e00629"> </a><div style="display: inline-block; background-color: #d9e0e7; padding: 6px; margin: 4px; border: 1px solid #8da1b4; border-radius: 5px; line-height: 60%"><p style="margin-bottom: 0px"/><p style="margin-bottom: 0px">Profile: <a href="http://medcomfhir.dk/ig/core/3.0.1/StructureDefinition-medcom-core-encounter.html">MedComCoreEncounter</a></p></div><p><b>status</b>: Finished</p><p><b>class</b>: <a href="http://terminology.hl7.org/6.5.0/CodeSystem-v3-ActCode.html#v3-ActCode-IMP">ActCode IMP</a>: inpatient encounter</p><p><b>subject</b>: <a href="Patient-b8e3000b-3b95-43e2-8e5b-fc347d0a2411.html">Elmer (official) (no stated gender), DoB Unknown ( urn:oid:1.2.208.176.1.2#2509479989)</a></p><p><b>episodeOfCare</b>: Identifier: <code>https://sor2.sum.dsdn.dk/#id=265161000016000</code>/gfd00bc2-9c26-4174-934e-f6e4360845de</p></div>
  </text>
  <status value="finished"/>
  <class>
    <system value="http://terminology.hl7.org/CodeSystem/v3-ActCode"/>
    <code value="IMP"/>
  </class>
  <subject>
    <reference value="Patient/b8e3000b-3b95-43e2-8e5b-fc347d0a2411"/>
  </subject>
  <episodeOfCare>
    <identifier>
      <system value="https://sor2.sum.dsdn.dk/#id=265161000016000"/>
      <value value="gfd00bc2-9c26-4174-934e-f6e4360845de"/>
    </identifier>
  </episodeOfCare>
</Encounter>