{
  "resourceType" : "ImplementationGuide",
  "id" : "medcom.fhir.dk.carecommunication",
  "text" : {
    "status" : "generated",
    "div" : "<div xmlns=\"http://www.w3.org/1999/xhtml\"><p class=\"res-header-id\"><b>Generated Narrative: ImplementationGuide medcom.fhir.dk.carecommunication</b></p><a name=\"medcom.fhir.dk.carecommunication\"> </a><a name=\"hcmedcom.fhir.dk.carecommunication\"> </a><h2>MedComCarecommunication</h2><p>The official URL for this implementation guide is: </p><pre>http://medcomfhir.dk/ig/carecommunication/ImplementationGuide/medcom.fhir.dk.carecommunication</pre><div><p>The DK MedCom Carecommunication IG</p>\n</div></div>"
  },
  "url" : "http://medcomfhir.dk/ig/carecommunication/ImplementationGuide/medcom.fhir.dk.carecommunication",
  "version" : "5.0.1",
  "name" : "MedComCarecommunication",
  "title" : "DK MedCom Carecommunication",
  "status" : "active",
  "date" : "2025-10-29T10:10:10+00:00",
  "publisher" : "MedCom",
  "contact" : [{
    "name" : "MedCom",
    "telecom" : [{
      "system" : "url",
      "value" : "http://www.medcom.dk"
    }]
  }],
  "description" : "The DK MedCom Carecommunication IG",
  "jurisdiction" : [{
    "coding" : [{
      "system" : "urn:iso:std:iso:3166",
      "code" : "DK",
      "display" : "Denmark"
    }]
  }],
  "packageId" : "medcom.fhir.dk.carecommunication",
  "license" : "CC0-1.0",
  "fhirVersion" : ["4.0.1"],
  "dependsOn" : [{
    "id" : "hl7tx",
    "extension" : [{
      "url" : "http://hl7.org/fhir/tools/StructureDefinition/implementationguide-dependency-comment",
      "valueMarkdown" : "Automatically added as a dependency - all IGs depend on HL7 Terminology"
    }],
    "uri" : "http://terminology.hl7.org/ImplementationGuide/hl7.terminology",
    "packageId" : "hl7.terminology.r4",
    "version" : "6.5.0"
  },
  {
    "id" : "hl7ext",
    "extension" : [{
      "url" : "http://hl7.org/fhir/tools/StructureDefinition/implementationguide-dependency-comment",
      "valueMarkdown" : "Automatically added as a dependency - all IGs depend on the HL7 Extension Pack"
    }],
    "uri" : "http://hl7.org/fhir/extensions/ImplementationGuide/hl7.fhir.uv.extensions",
    "packageId" : "hl7.fhir.uv.extensions.r4",
    "version" : "5.2.0"
  },
  {
    "id" : "hl7_fhir_dk_core",
    "uri" : "http://hl7.dk/fhir/core/ImplementationGuide/hl7.fhir.dk.core",
    "packageId" : "hl7.fhir.dk.core",
    "version" : "3.4.0"
  },
  {
    "id" : "medcom_fhir_dk_core",
    "uri" : "http://medcomfhir.dk/ig/core/ImplementationGuide/medcom.fhir.dk.core",
    "packageId" : "medcom.fhir.dk.core",
    "version" : "3.0.1"
  },
  {
    "id" : "medcom_fhir_dk_messaging",
    "uri" : "http://medcomfhir.dk/ig/messaging/ImplementationGuide/medcom.fhir.dk.messaging",
    "packageId" : "medcom.fhir.dk.messaging",
    "version" : "4.0.1"
  },
  {
    "id" : "medcom_fhir_dk_terminology",
    "uri" : "http://medcomfhir.dk/ig/terminology/ImplementationGuide/medcom.fhir.dk.terminology",
    "packageId" : "medcom.fhir.dk.terminology",
    "version" : "2.0.1"
  },
  {
    "id" : "medcom_fhir_dk_messagedefinitions",
    "uri" : "http://medcomfhir.dk/ig/messagedefinitions/ImplementationGuide/medcom.fhir.dk.messagedefinitions",
    "packageId" : "medcom.fhir.dk.messagedefinitions",
    "version" : "1.0.0"
  }],
  "definition" : {
    "extension" : [{
      "extension" : [{
        "url" : "code",
        "valueString" : "copyrightyear"
      },
      {
        "url" : "value",
        "valueString" : "2025+"
      }],
      "url" : "http://hl7.org/fhir/tools/StructureDefinition/ig-parameter"
    },
    {
      "extension" : [{
        "url" : "code",
        "valueString" : "releaselabel"
      },
      {
        "url" : "value",
        "valueString" : "release"
      }],
      "url" : "http://hl7.org/fhir/tools/StructureDefinition/ig-parameter"
    },
    {
      "extension" : [{
        "url" : "code",
        "valueString" : "apply-version"
      },
      {
        "url" : "value",
        "valueString" : "false"
      }],
      "url" : "http://hl7.org/fhir/tools/StructureDefinition/ig-parameter"
    },
    {
      "extension" : [{
        "url" : "code",
        "valueString" : "default-version"
      },
      {
        "url" : "value",
        "valueString" : "true"
      }],
      "url" : "http://hl7.org/fhir/tools/StructureDefinition/ig-parameter"
    },
    {
      "extension" : [{
        "url" : "code",
        "valueString" : "apply-contact"
      },
      {
        "url" : "value",
        "valueString" : "true"
      }],
      "url" : "http://hl7.org/fhir/tools/StructureDefinition/ig-parameter"
    },
    {
      "extension" : [{
        "url" : "code",
        "valueString" : "apply-jurisdiction"
      },
      {
        "url" : "value",
        "valueString" : "true"
      }],
      "url" : "http://hl7.org/fhir/tools/StructureDefinition/ig-parameter"
    },
    {
      "extension" : [{
        "url" : "code",
        "valueString" : "apply-publisher"
      },
      {
        "url" : "value",
        "valueString" : "true"
      }],
      "url" : "http://hl7.org/fhir/tools/StructureDefinition/ig-parameter"
    },
    {
      "extension" : [{
        "url" : "code",
        "valueString" : "pin-canonicals"
      },
      {
        "url" : "value",
        "valueString" : "pin-multiples"
      }],
      "url" : "http://hl7.org/fhir/tools/StructureDefinition/ig-parameter"
    },
    {
      "extension" : [{
        "url" : "code",
        "valueString" : "excludettl"
      },
      {
        "url" : "value",
        "valueString" : "true"
      }],
      "url" : "http://hl7.org/fhir/tools/StructureDefinition/ig-parameter"
    },
    {
      "extension" : [{
        "url" : "code",
        "valueString" : "autoload-resources"
      },
      {
        "url" : "value",
        "valueString" : "true"
      }],
      "url" : "http://hl7.org/fhir/tools/StructureDefinition/ig-parameter"
    },
    {
      "extension" : [{
        "url" : "code",
        "valueString" : "path-liquid"
      },
      {
        "url" : "value",
        "valueString" : "template/liquid"
      }],
      "url" : "http://hl7.org/fhir/tools/StructureDefinition/ig-parameter"
    },
    {
      "extension" : [{
        "url" : "code",
        "valueString" : "path-liquid"
      },
      {
        "url" : "value",
        "valueString" : "input/liquid"
      }],
      "url" : "http://hl7.org/fhir/tools/StructureDefinition/ig-parameter"
    },
    {
      "extension" : [{
        "url" : "code",
        "valueString" : "path-qa"
      },
      {
        "url" : "value",
        "valueString" : "temp/qa"
      }],
      "url" : "http://hl7.org/fhir/tools/StructureDefinition/ig-parameter"
    },
    {
      "extension" : [{
        "url" : "code",
        "valueString" : "path-temp"
      },
      {
        "url" : "value",
        "valueString" : "temp/pages"
      }],
      "url" : "http://hl7.org/fhir/tools/StructureDefinition/ig-parameter"
    },
    {
      "extension" : [{
        "url" : "code",
        "valueString" : "path-output"
      },
      {
        "url" : "value",
        "valueString" : "output"
      }],
      "url" : "http://hl7.org/fhir/tools/StructureDefinition/ig-parameter"
    },
    {
      "extension" : [{
        "url" : "code",
        "valueString" : "path-suppressed-warnings"
      },
      {
        "url" : "value",
        "valueString" : "input/ignoreWarnings.txt"
      }],
      "url" : "http://hl7.org/fhir/tools/StructureDefinition/ig-parameter"
    },
    {
      "extension" : [{
        "url" : "code",
        "valueString" : "path-history"
      },
      {
        "url" : "value",
        "valueString" : "http://medcomfhir.dk/ig/carecommunication/history.html"
      }],
      "url" : "http://hl7.org/fhir/tools/StructureDefinition/ig-parameter"
    },
    {
      "extension" : [{
        "url" : "code",
        "valueString" : "template-html"
      },
      {
        "url" : "value",
        "valueString" : "template-page.html"
      }],
      "url" : "http://hl7.org/fhir/tools/StructureDefinition/ig-parameter"
    },
    {
      "extension" : [{
        "url" : "code",
        "valueString" : "template-md"
      },
      {
        "url" : "value",
        "valueString" : "template-page-md.html"
      }],
      "url" : "http://hl7.org/fhir/tools/StructureDefinition/ig-parameter"
    },
    {
      "extension" : [{
        "url" : "code",
        "valueString" : "apply-context"
      },
      {
        "url" : "value",
        "valueString" : "true"
      }],
      "url" : "http://hl7.org/fhir/tools/StructureDefinition/ig-parameter"
    },
    {
      "extension" : [{
        "url" : "code",
        "valueString" : "apply-copyright"
      },
      {
        "url" : "value",
        "valueString" : "true"
      }],
      "url" : "http://hl7.org/fhir/tools/StructureDefinition/ig-parameter"
    },
    {
      "extension" : [{
        "url" : "code",
        "valueString" : "apply-license"
      },
      {
        "url" : "value",
        "valueString" : "true"
      }],
      "url" : "http://hl7.org/fhir/tools/StructureDefinition/ig-parameter"
    },
    {
      "extension" : [{
        "url" : "code",
        "valueString" : "apply-wg"
      },
      {
        "url" : "value",
        "valueString" : "true"
      }],
      "url" : "http://hl7.org/fhir/tools/StructureDefinition/ig-parameter"
    },
    {
      "extension" : [{
        "url" : "code",
        "valueString" : "active-tables"
      },
      {
        "url" : "value",
        "valueString" : "true"
      }],
      "url" : "http://hl7.org/fhir/tools/StructureDefinition/ig-parameter"
    },
    {
      "extension" : [{
        "url" : "code",
        "valueString" : "fmm-definition"
      },
      {
        "url" : "value",
        "valueString" : "http://hl7.org/fhir/versions.html#maturity"
      }],
      "url" : "http://hl7.org/fhir/tools/StructureDefinition/ig-parameter"
    },
    {
      "extension" : [{
        "url" : "code",
        "valueString" : "propagate-status"
      },
      {
        "url" : "value",
        "valueString" : "true"
      }],
      "url" : "http://hl7.org/fhir/tools/StructureDefinition/ig-parameter"
    },
    {
      "extension" : [{
        "url" : "code",
        "valueString" : "excludelogbinaryformat"
      },
      {
        "url" : "value",
        "valueString" : "true"
      }],
      "url" : "http://hl7.org/fhir/tools/StructureDefinition/ig-parameter"
    },
    {
      "extension" : [{
        "url" : "code",
        "valueString" : "tabbed-snapshots"
      },
      {
        "url" : "value",
        "valueString" : "true"
      }],
      "url" : "http://hl7.org/fhir/tools/StructureDefinition/ig-parameter"
    },
    {
      "url" : "http://hl7.org/fhir/tools/StructureDefinition/ig-internal-dependency",
      "valueCode" : "hl7.fhir.uv.tools.r4#0.8.0"
    },
    {
      "extension" : [{
        "url" : "code",
        "valueCode" : "copyrightyear"
      },
      {
        "url" : "value",
        "valueString" : "2025+"
      }],
      "url" : "http://hl7.org/fhir/tools/StructureDefinition/ig-parameter"
    },
    {
      "extension" : [{
        "url" : "code",
        "valueCode" : "releaselabel"
      },
      {
        "url" : "value",
        "valueString" : "release"
      }],
      "url" : "http://hl7.org/fhir/tools/StructureDefinition/ig-parameter"
    },
    {
      "extension" : [{
        "url" : "code",
        "valueCode" : "apply-version"
      },
      {
        "url" : "value",
        "valueString" : "false"
      }],
      "url" : "http://hl7.org/fhir/tools/StructureDefinition/ig-parameter"
    },
    {
      "extension" : [{
        "url" : "code",
        "valueCode" : "default-version"
      },
      {
        "url" : "value",
        "valueString" : "true"
      }],
      "url" : "http://hl7.org/fhir/tools/StructureDefinition/ig-parameter"
    },
    {
      "extension" : [{
        "url" : "code",
        "valueCode" : "apply-contact"
      },
      {
        "url" : "value",
        "valueString" : "true"
      }],
      "url" : "http://hl7.org/fhir/tools/StructureDefinition/ig-parameter"
    },
    {
      "extension" : [{
        "url" : "code",
        "valueCode" : "apply-jurisdiction"
      },
      {
        "url" : "value",
        "valueString" : "true"
      }],
      "url" : "http://hl7.org/fhir/tools/StructureDefinition/ig-parameter"
    },
    {
      "extension" : [{
        "url" : "code",
        "valueCode" : "apply-publisher"
      },
      {
        "url" : "value",
        "valueString" : "true"
      }],
      "url" : "http://hl7.org/fhir/tools/StructureDefinition/ig-parameter"
    },
    {
      "extension" : [{
        "url" : "code",
        "valueCode" : "pin-canonicals"
      },
      {
        "url" : "value",
        "valueString" : "pin-multiples"
      }],
      "url" : "http://hl7.org/fhir/tools/StructureDefinition/ig-parameter"
    },
    {
      "extension" : [{
        "url" : "code",
        "valueCode" : "excludettl"
      },
      {
        "url" : "value",
        "valueString" : "true"
      }],
      "url" : "http://hl7.org/fhir/tools/StructureDefinition/ig-parameter"
    },
    {
      "extension" : [{
        "url" : "code",
        "valueCode" : "autoload-resources"
      },
      {
        "url" : "value",
        "valueString" : "true"
      }],
      "url" : "http://hl7.org/fhir/tools/StructureDefinition/ig-parameter"
    },
    {
      "extension" : [{
        "url" : "code",
        "valueCode" : "path-liquid"
      },
      {
        "url" : "value",
        "valueString" : "template/liquid"
      }],
      "url" : "http://hl7.org/fhir/tools/StructureDefinition/ig-parameter"
    },
    {
      "extension" : [{
        "url" : "code",
        "valueCode" : "path-liquid"
      },
      {
        "url" : "value",
        "valueString" : "input/liquid"
      }],
      "url" : "http://hl7.org/fhir/tools/StructureDefinition/ig-parameter"
    },
    {
      "extension" : [{
        "url" : "code",
        "valueCode" : "path-qa"
      },
      {
        "url" : "value",
        "valueString" : "temp/qa"
      }],
      "url" : "http://hl7.org/fhir/tools/StructureDefinition/ig-parameter"
    },
    {
      "extension" : [{
        "url" : "code",
        "valueCode" : "path-temp"
      },
      {
        "url" : "value",
        "valueString" : "temp/pages"
      }],
      "url" : "http://hl7.org/fhir/tools/StructureDefinition/ig-parameter"
    },
    {
      "extension" : [{
        "url" : "code",
        "valueCode" : "path-output"
      },
      {
        "url" : "value",
        "valueString" : "output"
      }],
      "url" : "http://hl7.org/fhir/tools/StructureDefinition/ig-parameter"
    },
    {
      "extension" : [{
        "url" : "code",
        "valueCode" : "path-suppressed-warnings"
      },
      {
        "url" : "value",
        "valueString" : "input/ignoreWarnings.txt"
      }],
      "url" : "http://hl7.org/fhir/tools/StructureDefinition/ig-parameter"
    },
    {
      "extension" : [{
        "url" : "code",
        "valueCode" : "path-history"
      },
      {
        "url" : "value",
        "valueString" : "http://medcomfhir.dk/ig/carecommunication/history.html"
      }],
      "url" : "http://hl7.org/fhir/tools/StructureDefinition/ig-parameter"
    },
    {
      "extension" : [{
        "url" : "code",
        "valueCode" : "template-html"
      },
      {
        "url" : "value",
        "valueString" : "template-page.html"
      }],
      "url" : "http://hl7.org/fhir/tools/StructureDefinition/ig-parameter"
    },
    {
      "extension" : [{
        "url" : "code",
        "valueCode" : "template-md"
      },
      {
        "url" : "value",
        "valueString" : "template-page-md.html"
      }],
      "url" : "http://hl7.org/fhir/tools/StructureDefinition/ig-parameter"
    },
    {
      "extension" : [{
        "url" : "code",
        "valueCode" : "apply-context"
      },
      {
        "url" : "value",
        "valueString" : "true"
      }],
      "url" : "http://hl7.org/fhir/tools/StructureDefinition/ig-parameter"
    },
    {
      "extension" : [{
        "url" : "code",
        "valueCode" : "apply-copyright"
      },
      {
        "url" : "value",
        "valueString" : "true"
      }],
      "url" : "http://hl7.org/fhir/tools/StructureDefinition/ig-parameter"
    },
    {
      "extension" : [{
        "url" : "code",
        "valueCode" : "apply-license"
      },
      {
        "url" : "value",
        "valueString" : "true"
      }],
      "url" : "http://hl7.org/fhir/tools/StructureDefinition/ig-parameter"
    },
    {
      "extension" : [{
        "url" : "code",
        "valueCode" : "apply-wg"
      },
      {
        "url" : "value",
        "valueString" : "true"
      }],
      "url" : "http://hl7.org/fhir/tools/StructureDefinition/ig-parameter"
    },
    {
      "extension" : [{
        "url" : "code",
        "valueCode" : "active-tables"
      },
      {
        "url" : "value",
        "valueString" : "true"
      }],
      "url" : "http://hl7.org/fhir/tools/StructureDefinition/ig-parameter"
    },
    {
      "extension" : [{
        "url" : "code",
        "valueCode" : "fmm-definition"
      },
      {
        "url" : "value",
        "valueString" : "http://hl7.org/fhir/versions.html#maturity"
      }],
      "url" : "http://hl7.org/fhir/tools/StructureDefinition/ig-parameter"
    },
    {
      "extension" : [{
        "url" : "code",
        "valueCode" : "propagate-status"
      },
      {
        "url" : "value",
        "valueString" : "true"
      }],
      "url" : "http://hl7.org/fhir/tools/StructureDefinition/ig-parameter"
    },
    {
      "extension" : [{
        "url" : "code",
        "valueCode" : "excludelogbinaryformat"
      },
      {
        "url" : "value",
        "valueString" : "true"
      }],
      "url" : "http://hl7.org/fhir/tools/StructureDefinition/ig-parameter"
    },
    {
      "extension" : [{
        "url" : "code",
        "valueCode" : "tabbed-snapshots"
      },
      {
        "url" : "value",
        "valueString" : "true"
      }],
      "url" : "http://hl7.org/fhir/tools/StructureDefinition/ig-parameter"
    }],
    "resource" : [{
      "extension" : [{
        "url" : "http://hl7.org/fhir/tools/StructureDefinition/resource-information",
        "valueString" : "Patient"
      }],
      "reference" : {
        "reference" : "Patient/733cef33-3626-422b-955d-d506aaa65fe1"
      },
      "name" : "1st message - Bruno Test Elmer",
      "description" : "1st message - Patient described with minimal information. Valid only if used in a Bundle.",
      "exampleBoolean" : true
    },
    {
      "extension" : [{
        "url" : "http://hl7.org/fhir/tools/StructureDefinition/resource-information",
        "valueString" : "Organization"
      }],
      "reference" : {
        "reference" : "Organization/487ac745-fd11-4879-9b59-c08c7d47260e"
      },
      "name" : "1st message - Example of a reciever organization with a SOR and an EAN identifier.",
      "description" : "1st message - Example of an organization with a SOR and an EAN identifier.",
      "exampleBoolean" : true
    },
    {
      "extension" : [{
        "url" : "http://hl7.org/fhir/tools/StructureDefinition/resource-information",
        "valueString" : "Organization"
      }],
      "reference" : {
        "reference" : "Organization/b581c63c-181f-46f6-990d-b9942c576724"
      },
      "name" : "1st message - Example of a sender organization with a SOR and an EAN identifier.",
      "description" : "1st message - Example of an organization with a SOR and an EAN identifier.",
      "exampleBoolean" : true
    },
    {
      "extension" : [{
        "url" : "http://hl7.org/fhir/tools/StructureDefinition/resource-information",
        "valueString" : "MessageHeader"
      }],
      "reference" : {
        "reference" : "MessageHeader/42cb9200-f421-4d08-8391-7d51a2503cb4"
      },
      "name" : "1st message - Instance of a MessageHeader resource used in a new message.",
      "description" : "1st message - Example of a MessageHeader in a new CareCommunication message. Valid only if used in a bundle (message).",
      "exampleCanonical" : "http://medcomfhir.dk/ig/carecommunication/StructureDefinition/medcom-careCommunication-messageHeader"
    },
    {
      "extension" : [{
        "url" : "http://hl7.org/fhir/tools/StructureDefinition/resource-information",
        "valueString" : "Communication"
      }],
      "reference" : {
        "reference" : "Communication/94e65db8-2f0c-4a2c-a7c9-06a160d59a12"
      },
      "name" : "1st message - Instance of Communication resource used in a new message.",
      "description" : "1st message - Content of care communication message. Valid only if used in a bundle (message) - new message",
      "exampleCanonical" : "http://medcomfhir.dk/ig/carecommunication/StructureDefinition/medcom-careCommunication-communication"
    },
    {
      "extension" : [{
        "url" : "http://hl7.org/fhir/tools/StructureDefinition/resource-information",
        "valueString" : "Bundle"
      }],
      "reference" : {
        "reference" : "Bundle/add5e7e2-0c0f-4a4a-bfff-f6f984fa7e3c"
      },
      "name" : "1st message - New CareCommunication message.",
      "description" : "1st message - Example of a CareCommunication new message.",
      "exampleCanonical" : "http://medcomfhir.dk/ig/carecommunication/StructureDefinition/medcom-careCommunication-message"
    },
    {
      "extension" : [{
        "url" : "http://hl7.org/fhir/tools/StructureDefinition/resource-information",
        "valueString" : "Provenance"
      }],
      "reference" : {
        "reference" : "Provenance/af9b0255-1bdd-49c7-9d39-d652a587e4b2"
      },
      "name" : "1st message - The Provenance instance is only valid if used in a bundle (message) - new message",
      "description" : "1st message - The Provenance instance is only valid if used in a bundle (message) - new message",
      "exampleCanonical" : "http://medcomfhir.dk/ig/carecommunication/StructureDefinition/medcom-careCommunication-provenance"
    },
    {
      "extension" : [{
        "url" : "http://hl7.org/fhir/tools/StructureDefinition/resource-information",
        "valueString" : "MessageHeader"
      }],
      "reference" : {
        "reference" : "MessageHeader/d5bd2111-2576-48d3-84d4-8be0297a038d"
      },
      "name" : "2nd message - Instance of a MessageHeader resource used in a reply message.",
      "description" : "2nd message - Example of a MessageHeader in a reply CareCommunication message. Valid only if used in a bundle (message).",
      "exampleCanonical" : "http://medcomfhir.dk/ig/carecommunication/StructureDefinition/medcom-careCommunication-messageHeader"
    },
    {
      "extension" : [{
        "url" : "http://hl7.org/fhir/tools/StructureDefinition/resource-information",
        "valueString" : "Communication"
      }],
      "reference" : {
        "reference" : "Communication/4c712bdc-1558-4125-a854-fa8b3a11f6ed"
      },
      "name" : "2nd message - Instance of Communication resource used in a reply message.",
      "description" : "2nd message - Content of care communication message. Valid only if used in a bundle (message) - reply message",
      "exampleCanonical" : "http://medcomfhir.dk/ig/carecommunication/StructureDefinition/medcom-careCommunication-communication"
    },
    {
      "extension" : [{
        "url" : "http://hl7.org/fhir/tools/StructureDefinition/resource-information",
        "valueString" : "Bundle"
      }],
      "reference" : {
        "reference" : "Bundle/b56549f7-ed10-422d-8088-f7222b686e46"
      },
      "name" : "2nd message - Reply CareCommunication message",
      "description" : "2nd message - Example of a reply to a CareCommunication message.",
      "exampleCanonical" : "http://medcomfhir.dk/ig/carecommunication/StructureDefinition/medcom-careCommunication-message"
    },
    {
      "extension" : [{
        "url" : "http://hl7.org/fhir/tools/StructureDefinition/resource-information",
        "valueString" : "Provenance"
      }],
      "reference" : {
        "reference" : "Provenance/5c748aa5-64ab-47a9-a74b-033b04a19dae"
      },
      "name" : "2nd message - The Provenance instance is only valid if used in a bundle (message) - reply to new message",
      "description" : "2nd message - The Provenance instance is only valid if used in a bundle (message) - reply to new message",
      "exampleCanonical" : "http://medcomfhir.dk/ig/carecommunication/StructureDefinition/medcom-careCommunication-provenance"
    },
    {
      "extension" : [{
        "url" : "http://hl7.org/fhir/tools/StructureDefinition/resource-information",
        "valueString" : "Patient"
      }],
      "reference" : {
        "reference" : "Patient/22d65545-f98a-4b4d-ba36-51b48b3eb3de"
      },
      "name" : "3rd message - Bruno Test Elmer",
      "description" : "3rd message - Patient described with minimal information. Valid only if used in a Bundle.",
      "exampleBoolean" : true
    },
    {
      "extension" : [{
        "url" : "http://hl7.org/fhir/tools/StructureDefinition/resource-information",
        "valueString" : "Organization"
      }],
      "reference" : {
        "reference" : "Organization/f20f31cd-5dd2-4a80-ab00-97f7109864a7"
      },
      "name" : "3rd message - Example of a reciever organization with a SOR and an EAN identifier.",
      "description" : "3rd message - Example of an organization with a SOR and an EAN identifier.",
      "exampleBoolean" : true
    },
    {
      "extension" : [{
        "url" : "http://hl7.org/fhir/tools/StructureDefinition/resource-information",
        "valueString" : "Organization"
      }],
      "reference" : {
        "reference" : "Organization/82210440-6826-44fc-9fc8-2a29bab6a5c2"
      },
      "name" : "3rd message - Example of a sender organization with a SOR and an EAN identifier.",
      "description" : "3rd message - Example of an organization with a SOR and an EAN identifier.",
      "exampleBoolean" : true
    },
    {
      "extension" : [{
        "url" : "http://hl7.org/fhir/tools/StructureDefinition/resource-information",
        "valueString" : "MessageHeader"
      }],
      "reference" : {
        "reference" : "MessageHeader/4dff3695-218d-4878-838a-5f23cbba6f82"
      },
      "name" : "3rd message - Instance of a MessageHeader resource used in a reply message.",
      "description" : "3rd message - Example of a MessageHeader in a reply CareCommunication message. Valid only if used in a bundle (message).",
      "exampleCanonical" : "http://medcomfhir.dk/ig/carecommunication/StructureDefinition/medcom-careCommunication-messageHeader"
    },
    {
      "extension" : [{
        "url" : "http://hl7.org/fhir/tools/StructureDefinition/resource-information",
        "valueString" : "Communication"
      }],
      "reference" : {
        "reference" : "Communication/d2b79da8-acda-4985-a8ad-5ed7ec9a2800"
      },
      "name" : "3rd message - Instance of Communication resource used in a reply message.",
      "description" : "3rd message - Content of care communication message. Valid only if used in a bundle (message) - reply message",
      "exampleCanonical" : "http://medcomfhir.dk/ig/carecommunication/StructureDefinition/medcom-careCommunication-communication"
    },
    {
      "extension" : [{
        "url" : "http://hl7.org/fhir/tools/StructureDefinition/resource-information",
        "valueString" : "Bundle"
      }],
      "reference" : {
        "reference" : "Bundle/3dcb5618-3055-406a-9034-1b8fc8de0fea"
      },
      "name" : "3rd message - Reply CareCommunication message",
      "description" : "3rd message - Example of a reply to a CareCommunication message.",
      "exampleCanonical" : "http://medcomfhir.dk/ig/carecommunication/StructureDefinition/medcom-careCommunication-message"
    },
    {
      "extension" : [{
        "url" : "http://hl7.org/fhir/tools/StructureDefinition/resource-information",
        "valueString" : "Provenance"
      }],
      "reference" : {
        "reference" : "Provenance/73232102-649c-4c63-88f5-94ce189b94a7"
      },
      "name" : "3rd message - The Provenance instance is only valid if used in a bundle (message) - new message being forwarded",
      "description" : "3rd message - The Provenance instance is only valid if used in a bundle (message) - new message being forwarded",
      "exampleCanonical" : "http://medcomfhir.dk/ig/carecommunication/StructureDefinition/medcom-careCommunication-provenance"
    },
    {
      "extension" : [{
        "url" : "http://hl7.org/fhir/tools/StructureDefinition/resource-information",
        "valueString" : "Bundle"
      }],
      "reference" : {
        "reference" : "Bundle/c0426e3e-978f-46e8-a366-a30f27854b0a"
      },
      "name" : "4th message - Forward CareCommunication message",
      "description" : "4th message - Example of a forward CareCommunication message.",
      "exampleCanonical" : "http://medcomfhir.dk/ig/carecommunication/StructureDefinition/medcom-careCommunication-message"
    },
    {
      "extension" : [{
        "url" : "http://hl7.org/fhir/tools/StructureDefinition/resource-information",
        "valueString" : "MessageHeader"
      }],
      "reference" : {
        "reference" : "MessageHeader/aac67161-d0de-4933-a78c-060beafb4814"
      },
      "name" : "4th message - Instance of a MessageHeader resource used in a forward message.",
      "description" : "4th message - Example of a MessageHeader in a forward CareCommunication message. Valid only if used in a bundle (message).",
      "exampleCanonical" : "http://medcomfhir.dk/ig/carecommunication/StructureDefinition/medcom-careCommunication-messageHeader"
    },
    {
      "extension" : [{
        "url" : "http://hl7.org/fhir/tools/StructureDefinition/resource-information",
        "valueString" : "Communication"
      }],
      "reference" : {
        "reference" : "Communication/5485bde0-8246-4f46-b1a1-1f14e0a7a856"
      },
      "name" : "4th message - Instance of Communication resource used in a forward message.",
      "description" : "4th message - Content of care communication message. Valid only if used in a bundle (message) - forward message",
      "exampleCanonical" : "http://medcomfhir.dk/ig/carecommunication/StructureDefinition/medcom-careCommunication-communication"
    },
    {
      "extension" : [{
        "url" : "http://hl7.org/fhir/tools/StructureDefinition/resource-information",
        "valueString" : "Provenance"
      }],
      "reference" : {
        "reference" : "Provenance/5c689ef2-c6d7-4c74-adb8-303b772532e2"
      },
      "name" : "4th message - The Provenance instance is only valid if used in a bundle (message) - new message being forwarded",
      "description" : "4th message - The Provenance instance is only valid if used in a bundle (message) - new message being forwarded",
      "exampleCanonical" : "http://medcomfhir.dk/ig/carecommunication/StructureDefinition/medcom-careCommunication-provenance"
    },
    {
      "extension" : [{
        "url" : "http://hl7.org/fhir/tools/StructureDefinition/resource-information",
        "valueString" : "MessageHeader"
      }],
      "reference" : {
        "reference" : "MessageHeader/2654e182-cfee-4537-b744-e36231ebe2f3"
      },
      "name" : "5th message - Instance of a MessageHeader resource used in a reply message.",
      "description" : "5th message - Example of a MessageHeader in a reply CareCommunication message. Valid only if used in a bundle (message).",
      "exampleCanonical" : "http://medcomfhir.dk/ig/carecommunication/StructureDefinition/medcom-careCommunication-messageHeader"
    },
    {
      "extension" : [{
        "url" : "http://hl7.org/fhir/tools/StructureDefinition/resource-information",
        "valueString" : "Communication"
      }],
      "reference" : {
        "reference" : "Communication/d148fa55-3201-4a18-a7b0-bce67bf597a6"
      },
      "name" : "5th message - Instance of Communication resource used in a reply message.",
      "description" : "5th message - Content of CareCommunication message. Valid only if used in a bundle (message) - reply message",
      "exampleCanonical" : "http://medcomfhir.dk/ig/carecommunication/StructureDefinition/medcom-careCommunication-communication"
    },
    {
      "extension" : [{
        "url" : "http://hl7.org/fhir/tools/StructureDefinition/resource-information",
        "valueString" : "Bundle"
      }],
      "reference" : {
        "reference" : "Bundle/d11968f5-4bdf-4b50-b146-a8e1cc890fc3"
      },
      "name" : "5th message - Reply CareCommunication message",
      "description" : "5th message - Example of a reply CareCommunication message.",
      "exampleCanonical" : "http://medcomfhir.dk/ig/carecommunication/StructureDefinition/medcom-careCommunication-message"
    },
    {
      "extension" : [{
        "url" : "http://hl7.org/fhir/tools/StructureDefinition/resource-information",
        "valueString" : "Patient"
      }],
      "reference" : {
        "reference" : "Patient/50c51ef0-00b0-429a-b212-35ee0773fd5a"
      },
      "name" : "Bruno Test Elmer",
      "description" : "Patient described with minimal information. Valid only if used in a Bundle.",
      "exampleBoolean" : true
    },
    {
      "extension" : [{
        "url" : "http://hl7.org/fhir/tools/StructureDefinition/resource-information",
        "valueString" : "Patient"
      }],
      "reference" : {
        "reference" : "Patient/23ebfcd8-e4f2-4ce8-908b-aa7cfb9ffef5"
      },
      "name" : "Bruno Test Elmer",
      "description" : "Patient described with minimal information. Valid only if used in a Bundle.",
      "exampleBoolean" : true
    },
    {
      "extension" : [{
        "url" : "http://hl7.org/fhir/tools/StructureDefinition/resource-information",
        "valueString" : "Patient"
      }],
      "reference" : {
        "reference" : "Patient/b8e3000b-3b95-43e2-8e5b-fc347d0a2411"
      },
      "name" : "Bruno Test Elmer",
      "description" : "Patient described with minimal information. Valid only if used in a Bundle.",
      "exampleBoolean" : true
    },
    {
      "extension" : [{
        "url" : "http://hl7.org/fhir/tools/StructureDefinition/resource-information",
        "valueString" : "Patient"
      }],
      "reference" : {
        "reference" : "Patient/e0c57a9f-9b04-43b4-9355-76f3564a1f10"
      },
      "name" : "Bruno Test Elmer",
      "description" : "Patient described with minimal information. Valid only if used in a Bundle.",
      "exampleBoolean" : true
    },
    {
      "extension" : [{
        "url" : "http://hl7.org/fhir/tools/StructureDefinition/resource-information",
        "valueString" : "Patient"
      }],
      "reference" : {
        "reference" : "Patient/79fc4a5c-5fca-4389-8740-89607ce07f2d"
      },
      "name" : "Bruno Test Elmer",
      "description" : "Patient described with minimal information. Valid only if used in a Bundle.",
      "exampleBoolean" : true
    },
    {
      "extension" : [{
        "url" : "http://hl7.org/fhir/tools/StructureDefinition/resource-information",
        "valueString" : "Patient"
      }],
      "reference" : {
        "reference" : "Patient/833cef33-3726-433b-855d-e566aaa65fe1"
      },
      "name" : "Bruno Test Elmer",
      "description" : "Patient described with minimal information. Valid only if used in a Bundle.",
      "exampleBoolean" : true
    },
    {
      "extension" : [{
        "url" : "http://hl7.org/fhir/tools/StructureDefinition/resource-information",
        "valueString" : "Patient"
      }],
      "reference" : {
        "reference" : "Patient/e8dd504e-551f-11ed-bdc3-0242ac120002"
      },
      "name" : "Bruno Test Elmer",
      "description" : "Patient described with minimal information. Valid only if used in a Bundle.",
      "exampleBoolean" : true
    },
    {
      "extension" : [{
        "url" : "http://hl7.org/fhir/tools/StructureDefinition/resource-information",
        "valueString" : "Provenance"
      }],
      "reference" : {
        "reference" : "Provenance/790daa1e-bf50-4ee0-af8c-31c493e272bb"
      },
      "name" : "CareCommunication example. The Provenance instance is only valid if used in a bundle (message) - new message",
      "description" : "CareCommunication example. The Provenance instance is only valid if used in a bundle (message) - new message",
      "exampleCanonical" : "http://medcomfhir.dk/ig/carecommunication/StructureDefinition/medcom-careCommunication-provenance"
    },
    {
      "extension" : [{
        "url" : "http://hl7.org/fhir/tools/StructureDefinition/resource-information",
        "valueString" : "Provenance"
      }],
      "reference" : {
        "reference" : "Provenance/6de0806d-7050-4db8-8003-0c72aee52948"
      },
      "name" : "CareCommunication example. The Provenance instance is only valid if used in a bundle (message) - reply to OIOXML-message",
      "description" : "CareCommunication example. The Provenance instance is only valid if used in a bundle (message) - reply to OIOXML-message",
      "exampleCanonical" : "http://medcomfhir.dk/ig/carecommunication/StructureDefinition/medcom-careCommunication-provenance"
    },
    {
      "extension" : [{
        "url" : "http://hl7.org/fhir/tools/StructureDefinition/resource-information",
        "valueString" : "Organization"
      }],
      "reference" : {
        "reference" : "Organization/f98ed410-54fe-11ed-bdc3-0242ac120002"
      },
      "name" : "Example of a reciever organization with a SOR and an EAN identifier.",
      "description" : "Example of an organization with a SOR and an EAN identifier.",
      "exampleBoolean" : true
    },
    {
      "extension" : [{
        "url" : "http://hl7.org/fhir/tools/StructureDefinition/resource-information",
        "valueString" : "Organization"
      }],
      "reference" : {
        "reference" : "Organization/b2f762be-6994-44da-a214-72c765655b3e"
      },
      "name" : "Example of a reciever organization with a SOR and an EAN identifier.",
      "description" : "Example of an organization with a SOR and an EAN identifier.",
      "exampleBoolean" : true
    },
    {
      "extension" : [{
        "url" : "http://hl7.org/fhir/tools/StructureDefinition/resource-information",
        "valueString" : "Organization"
      }],
      "reference" : {
        "reference" : "Organization/ae899cbd-933b-4581-9a16-bd2da73f06a0"
      },
      "name" : "Example of a reciever organization with a SOR and an EAN identifier.",
      "description" : "Example of an organization with a SOR and an EAN identifier.",
      "exampleBoolean" : true
    },
    {
      "extension" : [{
        "url" : "http://hl7.org/fhir/tools/StructureDefinition/resource-information",
        "valueString" : "Organization"
      }],
      "reference" : {
        "reference" : "Organization/33153a8a-97c8-4f55-b7ad-bbedee8bd0e1"
      },
      "name" : "Example of a reciever organization with a SOR and an EAN identifier.",
      "description" : "Example of an organization with a SOR and an EAN identifier.",
      "exampleBoolean" : true
    },
    {
      "extension" : [{
        "url" : "http://hl7.org/fhir/tools/StructureDefinition/resource-information",
        "valueString" : "Organization"
      }],
      "reference" : {
        "reference" : "Organization/4e03a9cd-4d75-4e01-9420-7f0b4ecff305"
      },
      "name" : "Example of a reciever organization with a SOR and an EAN identifier.",
      "description" : "Example of an organization with a SOR and an EAN identifier.",
      "exampleBoolean" : true
    },
    {
      "extension" : [{
        "url" : "http://hl7.org/fhir/tools/StructureDefinition/resource-information",
        "valueString" : "Organization"
      }],
      "reference" : {
        "reference" : "Organization/bf24f51c-a99b-47db-a785-8c5ef22ebc27"
      },
      "name" : "Example of a reciever organization with a SOR and an EAN identifier.",
      "description" : "Example of an organization with a SOR and an EAN identifier.",
      "exampleBoolean" : true
    },
    {
      "extension" : [{
        "url" : "http://hl7.org/fhir/tools/StructureDefinition/resource-information",
        "valueString" : "Organization"
      }],
      "reference" : {
        "reference" : "Organization/b75abdfa-5519-11ed-bdc3-0242ac120002"
      },
      "name" : "Example of a reciever organization with a SOR and an EAN identifier.",
      "description" : "Example of an organization with a SOR and an EAN identifier.",
      "exampleBoolean" : true
    },
    {
      "extension" : [{
        "url" : "http://hl7.org/fhir/tools/StructureDefinition/resource-information",
        "valueString" : "Organization"
      }],
      "reference" : {
        "reference" : "Organization/0e0e7f78-5520-11ed-bdc3-0242ac120002"
      },
      "name" : "Example of a reciever organization with a SOR and an EAN identifier.",
      "description" : "Example of an organization with a SOR and an EAN identifier.",
      "exampleBoolean" : true
    },
    {
      "extension" : [{
        "url" : "http://hl7.org/fhir/tools/StructureDefinition/resource-information",
        "valueString" : "CareTeam"
      }],
      "reference" : {
        "reference" : "CareTeam/fb1d34fe-6672-11ed-9022-0242ac120002"
      },
      "name" : "Example of a recipient in terms of a careteam.",
      "description" : "Example of a recipient in terms of a careteam.",
      "exampleBoolean" : true
    },
    {
      "extension" : [{
        "url" : "http://hl7.org/fhir/tools/StructureDefinition/resource-information",
        "valueString" : "Organization"
      }],
      "reference" : {
        "reference" : "Organization/0ece868c-6a72-4aa3-8a96-2d985ab630c7"
      },
      "name" : "Example of a sender organization with a SOR and an EAN identifier.",
      "description" : "Example of an organization with a SOR and an EAN identifier.",
      "exampleBoolean" : true
    },
    {
      "extension" : [{
        "url" : "http://hl7.org/fhir/tools/StructureDefinition/resource-information",
        "valueString" : "Organization"
      }],
      "reference" : {
        "reference" : "Organization/e17d03b8-e7fd-4654-bc9c-cb2eb5dda71f"
      },
      "name" : "Example of a sender organization with a SOR and an EAN identifier.",
      "description" : "Example of an organization with a SOR and an EAN identifier.",
      "exampleBoolean" : true
    },
    {
      "extension" : [{
        "url" : "http://hl7.org/fhir/tools/StructureDefinition/resource-information",
        "valueString" : "Organization"
      }],
      "reference" : {
        "reference" : "Organization/c39b114b-a9c1-46bb-ac30-e3ce71f28c3a"
      },
      "name" : "Example of a sender organization with a SOR and an EAN identifier.",
      "description" : "Example of an organization with a SOR and an EAN identifier.",
      "exampleBoolean" : true
    },
    {
      "extension" : [{
        "url" : "http://hl7.org/fhir/tools/StructureDefinition/resource-information",
        "valueString" : "Organization"
      }],
      "reference" : {
        "reference" : "Organization/fae4c8cf-e5d6-404d-867d-97ffa49a1c58"
      },
      "name" : "Example of a sender organization with a SOR and an EAN identifier.",
      "description" : "Example of an organization with a SOR and an EAN identifier.",
      "exampleBoolean" : true
    },
    {
      "extension" : [{
        "url" : "http://hl7.org/fhir/tools/StructureDefinition/resource-information",
        "valueString" : "Organization"
      }],
      "reference" : {
        "reference" : "Organization/85669d18-2bb3-4c6e-80d2-e039a63a521c"
      },
      "name" : "Example of a sender organization with a SOR and an EAN identifier.",
      "description" : "Example of an organization with a SOR and an EAN identifier.",
      "exampleBoolean" : true
    },
    {
      "extension" : [{
        "url" : "http://hl7.org/fhir/tools/StructureDefinition/resource-information",
        "valueString" : "Organization"
      }],
      "reference" : {
        "reference" : "Organization/c5c393ee-5519-11ed-bdc3-0242ac120002"
      },
      "name" : "Example of a sender organization with a SOR and an EAN identifier.",
      "description" : "Example of an organization with a SOR and an EAN identifier.",
      "exampleBoolean" : true
    },
    {
      "extension" : [{
        "url" : "http://hl7.org/fhir/tools/StructureDefinition/resource-information",
        "valueString" : "Organization"
      }],
      "reference" : {
        "reference" : "Organization/fd0666dc-551f-11ed-bdc3-0242ac120002"
      },
      "name" : "Example of a sender organization with a SOR and an EAN identifier.",
      "description" : "Example of an organization with a SOR and an EAN identifier.",
      "exampleBoolean" : true
    },
    {
      "extension" : [{
        "url" : "http://hl7.org/fhir/tools/StructureDefinition/resource-information",
        "valueString" : "MessageHeader"
      }],
      "reference" : {
        "reference" : "MessageHeader/375293b8-2f91-4d08-b13a-83ea76b6d001"
      },
      "name" : "Instance of a MessageHeader resource used in a new message with journal note in message text.",
      "description" : "Example of a MessageHeader in a new CareCommunication message. Valid only if used in a bundle (message).",
      "exampleCanonical" : "http://medcomfhir.dk/ig/carecommunication/StructureDefinition/medcom-careCommunication-messageHeader"
    },
    {
      "extension" : [{
        "url" : "http://hl7.org/fhir/tools/StructureDefinition/resource-information",
        "valueString" : "MessageHeader"
      }],
      "reference" : {
        "reference" : "MessageHeader/025bdfdd-397b-43e2-9e8c-272664a6e471"
      },
      "name" : "Instance of a MessageHeader resource used in a new message.",
      "description" : "Example of a MessageHeader in a new CareCommunication message. Valid only if used in a bundle (message).",
      "exampleCanonical" : "http://medcomfhir.dk/ig/carecommunication/StructureDefinition/medcom-careCommunication-messageHeader"
    },
    {
      "extension" : [{
        "url" : "http://hl7.org/fhir/tools/StructureDefinition/resource-information",
        "valueString" : "MessageHeader"
      }],
      "reference" : {
        "reference" : "MessageHeader/3076d9b0-5521-11ed-bdc3-0242ac120002"
      },
      "name" : "Instance of a MessageHeader resource used in a reply to an OIOXML message.",
      "description" : "MessageHeader for CareCommunication reply to an OIOXML message. Valid only if used in a bundle (message).",
      "exampleCanonical" : "http://medcomfhir.dk/ig/carecommunication/StructureDefinition/medcom-careCommunication-messageHeader"
    },
    {
      "extension" : [{
        "url" : "http://hl7.org/fhir/tools/StructureDefinition/resource-information",
        "valueString" : "Communication"
      }],
      "reference" : {
        "reference" : "Communication/d8434eb5-8286-48f8-a590-4a27175ed82f"
      },
      "name" : "Instance of Communication resource used in a new message.",
      "description" : "Content of care communication message. Valid only if used in a bundle (message) - new message",
      "exampleCanonical" : "http://medcomfhir.dk/ig/carecommunication/StructureDefinition/medcom-careCommunication-communication"
    },
    {
      "extension" : [{
        "url" : "http://hl7.org/fhir/tools/StructureDefinition/resource-information",
        "valueString" : "Communication"
      }],
      "reference" : {
        "reference" : "Communication/c34e8284-b353-468f-a2ea-f6ef6330292c"
      },
      "name" : "Instance of Communication resource used in a new message. The message includes a journal note and author information in the messagetext.",
      "description" : "Content of care communication message. Valid only if used in a bundle (message) - new message with attachment",
      "exampleCanonical" : "http://medcomfhir.dk/ig/carecommunication/StructureDefinition/medcom-careCommunication-communication"
    },
    {
      "extension" : [{
        "url" : "http://hl7.org/fhir/tools/StructureDefinition/resource-information",
        "valueString" : "Communication"
      }],
      "reference" : {
        "reference" : "Communication/f54efd18-5520-11ed-bdc3-0242ac120002"
      },
      "name" : "Instance of Communication resource used in a reply message. A reply to an OIOXML message",
      "description" : "Content of care communication message. Valid only if used in a bundle (message).",
      "exampleCanonical" : "http://medcomfhir.dk/ig/carecommunication/StructureDefinition/medcom-careCommunication-communication"
    },
    {
      "extension" : [{
        "url" : "http://hl7.org/fhir/tools/StructureDefinition/resource-information",
        "valueString" : "Encounter"
      }],
      "reference" : {
        "reference" : "Encounter/303b2782-e2bf-4780-a8a5-c4b02b0e1c66"
      },
      "name" : "MedCom Core Encounter",
      "description" : "Example of a simple MedCom Core Encounter",
      "exampleBoolean" : true
    },
    {
      "extension" : [{
        "url" : "http://hl7.org/fhir/tools/StructureDefinition/resource-information",
        "valueString" : "Encounter"
      }],
      "reference" : {
        "reference" : "Encounter/2a5b01e4-8c2c-481b-ab12-e383d8e00629"
      },
      "name" : "MedCom Core Encounter",
      "description" : "Example of a simple MedCom Core Encounter",
      "exampleBoolean" : true
    },
    {
      "extension" : [{
        "url" : "http://hl7.org/fhir/tools/StructureDefinition/resource-information",
        "valueString" : "StructureDefinition:resource"
      }],
      "reference" : {
        "reference" : "StructureDefinition/medcom-careCommunication-communication"
      },
      "name" : "MedComCareCommunication",
      "description" : "Care related communication between two or more parties in Danish healthcare",
      "exampleBoolean" : false
    },
    {
      "extension" : [{
        "url" : "http://hl7.org/fhir/tools/StructureDefinition/resource-information",
        "valueString" : "StructureDefinition:resource"
      }],
      "reference" : {
        "reference" : "StructureDefinition/medcom-careCommunication-message"
      },
      "name" : "MedComCareCommunicationMessage",
      "description" : "The CareCommunication is used to ensure secure electronic communication of personally identifiable information and is most often used for ad hoc communication between parties in Danish Healthcare. However, the CareCommunication shall only be used in areas where no other MedCom standard is available, and it must not be used for cases with an acute nature.",
      "exampleBoolean" : false
    },
    {
      "extension" : [{
        "url" : "http://hl7.org/fhir/tools/StructureDefinition/resource-information",
        "valueString" : "StructureDefinition:resource"
      }],
      "reference" : {
        "reference" : "StructureDefinition/medcom-careCommunication-messageHeader"
      },
      "name" : "MedComCareCommunicationMessageHeader",
      "description" : "Message header for CareCommunication message",
      "exampleBoolean" : false
    },
    {
      "extension" : [{
        "url" : "http://hl7.org/fhir/tools/StructureDefinition/resource-information",
        "valueString" : "StructureDefinition:resource"
      }],
      "reference" : {
        "reference" : "StructureDefinition/medcom-careCommunication-provenance"
      },
      "name" : "MedComCareCommunicationProvenance",
      "description" : "Provenance information about the current and preceeding message.",
      "exampleBoolean" : false
    },
    {
      "extension" : [{
        "url" : "http://hl7.org/fhir/tools/StructureDefinition/resource-information",
        "valueString" : "Bundle"
      }],
      "reference" : {
        "reference" : "Bundle/0d5b3c18-fab6-4d93-9d88-c9c8abf1f18c"
      },
      "name" : "New CareCommunication message.",
      "description" : "Example of a CareCommunication new message.",
      "exampleCanonical" : "http://medcomfhir.dk/ig/carecommunication/StructureDefinition/medcom-careCommunication-message"
    },
    {
      "extension" : [{
        "url" : "http://hl7.org/fhir/tools/StructureDefinition/resource-information",
        "valueString" : "Bundle"
      }],
      "reference" : {
        "reference" : "Bundle/gfd00bc2-9c26-4174-934e-f6e4360845de"
      },
      "name" : "New CareCommunication message. Including journal note in the message text.",
      "description" : "Example of a CareCommunication new message with journal note in the message text.",
      "exampleCanonical" : "http://medcomfhir.dk/ig/carecommunication/StructureDefinition/medcom-careCommunication-message"
    },
    {
      "extension" : [{
        "url" : "http://hl7.org/fhir/tools/StructureDefinition/resource-information",
        "valueString" : "PractitionerRole"
      }],
      "reference" : {
        "reference" : "PractitionerRole/eda90bde-54f9-11ed-bdc3-0242ac120002"
      },
      "name" : "PractitionerRole with a role and reference to a practitioner",
      "description" : "PractitionerRole with a role and reference to a practitioner",
      "exampleBoolean" : true
    },
    {
      "extension" : [{
        "url" : "http://hl7.org/fhir/tools/StructureDefinition/resource-information",
        "valueString" : "PractitionerRole"
      }],
      "reference" : {
        "reference" : "PractitionerRole/8bf63050-5504-11ed-bdc3-0242ac120002"
      },
      "name" : "PractitionerRole with a role and reference to a practitioner",
      "description" : "PractitionerRole with a role and reference to a practitioner",
      "exampleBoolean" : true
    },
    {
      "extension" : [{
        "url" : "http://hl7.org/fhir/tools/StructureDefinition/resource-information",
        "valueString" : "PractitionerRole"
      }],
      "reference" : {
        "reference" : "PractitionerRole/8adda490-63ef-4d97-86f0-14553628e53a"
      },
      "name" : "PractitionerRole with a role and reference to a practitioner",
      "description" : "PractitionerRole with a role and reference to a practitioner",
      "exampleBoolean" : true
    },
    {
      "extension" : [{
        "url" : "http://hl7.org/fhir/tools/StructureDefinition/resource-information",
        "valueString" : "PractitionerRole"
      }],
      "reference" : {
        "reference" : "PractitionerRole/2e8c8e54-388c-4547-954c-1917652986da"
      },
      "name" : "PractitionerRole with a role and reference to a practitioner",
      "description" : "PractitionerRole with a role and reference to a practitioner",
      "exampleBoolean" : true
    },
    {
      "extension" : [{
        "url" : "http://hl7.org/fhir/tools/StructureDefinition/resource-information",
        "valueString" : "PractitionerRole"
      }],
      "reference" : {
        "reference" : "PractitionerRole/8dc790ba-8d93-4585-b91c-af8225b0796d"
      },
      "name" : "PractitionerRole with a role and reference to a practitioner",
      "description" : "PractitionerRole with a role and reference to a practitioner",
      "exampleBoolean" : true
    },
    {
      "extension" : [{
        "url" : "http://hl7.org/fhir/tools/StructureDefinition/resource-information",
        "valueString" : "PractitionerRole"
      }],
      "reference" : {
        "reference" : "PractitionerRole/3b1f7d8c-540e-474c-b079-89284c2de621"
      },
      "name" : "PractitionerRole with a role and reference to a practitioner",
      "description" : "PractitionerRole with a role and reference to a practitioner",
      "exampleBoolean" : true
    },
    {
      "extension" : [{
        "url" : "http://hl7.org/fhir/tools/StructureDefinition/resource-information",
        "valueString" : "PractitionerRole"
      }],
      "reference" : {
        "reference" : "PractitionerRole/ac1dfd45-a135-47b8-acd7-db0405e21dd0"
      },
      "name" : "PractitionerRole with a role and reference to a practitioner",
      "description" : "PractitionerRole with a role and reference to a practitioner",
      "exampleBoolean" : true
    },
    {
      "extension" : [{
        "url" : "http://hl7.org/fhir/tools/StructureDefinition/resource-information",
        "valueString" : "PractitionerRole"
      }],
      "reference" : {
        "reference" : "PractitionerRole/e0aca758-487a-4536-b750-35753cbef090"
      },
      "name" : "PractitionerRole with a role and reference to a practitioner",
      "description" : "PractitionerRole with a role and reference to a practitioner",
      "exampleBoolean" : true
    },
    {
      "extension" : [{
        "url" : "http://hl7.org/fhir/tools/StructureDefinition/resource-information",
        "valueString" : "PractitionerRole"
      }],
      "reference" : {
        "reference" : "PractitionerRole/7f3c3dbb-1b40-41f7-8acc-fb82eb3d4dd3"
      },
      "name" : "PractitionerRole with a role and reference to a practitioner",
      "description" : "PractitionerRole with a role and reference to a practitioner",
      "exampleBoolean" : true
    },
    {
      "extension" : [{
        "url" : "http://hl7.org/fhir/tools/StructureDefinition/resource-information",
        "valueString" : "PractitionerRole"
      }],
      "reference" : {
        "reference" : "PractitionerRole/35bb99e4-551a-11ed-bdc3-0242ac120002"
      },
      "name" : "PractitionerRole with a role and reference to a practitioner",
      "description" : "PractitionerRole with a role and reference to a practitioner",
      "exampleBoolean" : true
    },
    {
      "extension" : [{
        "url" : "http://hl7.org/fhir/tools/StructureDefinition/resource-information",
        "valueString" : "PractitionerRole"
      }],
      "reference" : {
        "reference" : "PractitionerRole/7cae09e0-5501-11ed-bdc3-0242ac120002"
      },
      "name" : "PractitionerRole with a role and reference to a practitioner",
      "description" : "PractitionerRole with a role and reference to a practitioner",
      "exampleBoolean" : true
    },
    {
      "extension" : [{
        "url" : "http://hl7.org/fhir/tools/StructureDefinition/resource-information",
        "valueString" : "PractitionerRole"
      }],
      "reference" : {
        "reference" : "PractitionerRole/2b80d2b8-5520-11ed-bdc3-0242ac120002"
      },
      "name" : "PractitionerRole with a role and reference to a practitioner",
      "description" : "PractitionerRole with a role and reference to a practitioner",
      "exampleBoolean" : true
    },
    {
      "extension" : [{
        "url" : "http://hl7.org/fhir/tools/StructureDefinition/resource-information",
        "valueString" : "ActorDefinition"
      }],
      "reference" : {
        "reference" : "ActorDefinition/ProducerActor"
      },
      "name" : "Producer of FHIR resources",
      "description" : "The system that creates the FHIR resources",
      "exampleBoolean" : true
    },
    {
      "extension" : [{
        "url" : "http://hl7.org/fhir/tools/StructureDefinition/resource-information",
        "valueString" : "Bundle"
      }],
      "reference" : {
        "reference" : "Bundle/k7bfbc0c-553d-11ed-bdc3-0242ac120002"
      },
      "name" : "Reply CareCommunication message. Reply to OIOXML Message",
      "description" : "Example of a reply to an OIOXML message.",
      "exampleCanonical" : "http://medcomfhir.dk/ig/carecommunication/StructureDefinition/medcom-careCommunication-message"
    },
    {
      "extension" : [{
        "url" : "http://hl7.org/fhir/tools/StructureDefinition/resource-information",
        "valueString" : "Practitioner"
      }],
      "reference" : {
        "reference" : "Practitioner/58c811a5-4082-44eb-9d66-ccbb112d4973"
      },
      "name" : "Simple practitioner with a name",
      "description" : "Simple practitioner with a name",
      "exampleBoolean" : true
    },
    {
      "extension" : [{
        "url" : "http://hl7.org/fhir/tools/StructureDefinition/resource-information",
        "valueString" : "Practitioner"
      }],
      "reference" : {
        "reference" : "Practitioner/7ffff970-5504-11ed-bdc3-0242ac120002"
      },
      "name" : "Simple practitioner with a name",
      "description" : "Simple practitioner with a name",
      "exampleBoolean" : true
    },
    {
      "extension" : [{
        "url" : "http://hl7.org/fhir/tools/StructureDefinition/resource-information",
        "valueString" : "Practitioner"
      }],
      "reference" : {
        "reference" : "Practitioner/ed8d4f6a-a2e4-4343-b823-37ca90c1872a"
      },
      "name" : "Simple practitioner with a name",
      "description" : "Simple practitioner with a name",
      "exampleBoolean" : true
    },
    {
      "extension" : [{
        "url" : "http://hl7.org/fhir/tools/StructureDefinition/resource-information",
        "valueString" : "Practitioner"
      }],
      "reference" : {
        "reference" : "Practitioner/97511212-12e6-4182-a42b-cf232c0c117c"
      },
      "name" : "Simple practitioner with a name",
      "description" : "Simple practitioner with a name",
      "exampleBoolean" : true
    },
    {
      "extension" : [{
        "url" : "http://hl7.org/fhir/tools/StructureDefinition/resource-information",
        "valueString" : "Practitioner"
      }],
      "reference" : {
        "reference" : "Practitioner/8659596f-6ef4-421c-9ecd-94b65e4d5ff8"
      },
      "name" : "Simple practitioner with a name",
      "description" : "Simple practitioner with a name",
      "exampleBoolean" : true
    },
    {
      "extension" : [{
        "url" : "http://hl7.org/fhir/tools/StructureDefinition/resource-information",
        "valueString" : "Practitioner"
      }],
      "reference" : {
        "reference" : "Practitioner/6397c13d-7cb2-4834-871c-47f528bb79cf"
      },
      "name" : "Simple practitioner with a name",
      "description" : "Simple practitioner with a name",
      "exampleBoolean" : true
    },
    {
      "extension" : [{
        "url" : "http://hl7.org/fhir/tools/StructureDefinition/resource-information",
        "valueString" : "Practitioner"
      }],
      "reference" : {
        "reference" : "Practitioner/e081a7fc-2df6-47e9-b6cd-77d8aaf7e8df"
      },
      "name" : "Simple practitioner with a name",
      "description" : "Simple practitioner with a name",
      "exampleBoolean" : true
    },
    {
      "extension" : [{
        "url" : "http://hl7.org/fhir/tools/StructureDefinition/resource-information",
        "valueString" : "Practitioner"
      }],
      "reference" : {
        "reference" : "Practitioner/5d37f9e1-2beb-4528-81bf-d521d108c738"
      },
      "name" : "Simple practitioner with a name",
      "description" : "Simple practitioner with a name",
      "exampleBoolean" : true
    },
    {
      "extension" : [{
        "url" : "http://hl7.org/fhir/tools/StructureDefinition/resource-information",
        "valueString" : "Practitioner"
      }],
      "reference" : {
        "reference" : "Practitioner/b12c1357-62f1-455e-b07a-3ebf454c50bc"
      },
      "name" : "Simple practitioner with a name",
      "description" : "Simple practitioner with a name",
      "exampleBoolean" : true
    },
    {
      "extension" : [{
        "url" : "http://hl7.org/fhir/tools/StructureDefinition/resource-information",
        "valueString" : "Practitioner"
      }],
      "reference" : {
        "reference" : "Practitioner/20eac382-551a-11ed-bdc3-0242ac120002"
      },
      "name" : "Simple practitioner with a name",
      "description" : "Simple practitioner with a name",
      "exampleBoolean" : true
    },
    {
      "extension" : [{
        "url" : "http://hl7.org/fhir/tools/StructureDefinition/resource-information",
        "valueString" : "Practitioner"
      }],
      "reference" : {
        "reference" : "Practitioner/ad055a3d-16b6-41f9-891a-7dd73eecaf03"
      },
      "name" : "Simple practitioner with a name",
      "description" : "Simple practitioner with a name",
      "exampleBoolean" : true
    },
    {
      "extension" : [{
        "url" : "http://hl7.org/fhir/tools/StructureDefinition/resource-information",
        "valueString" : "Practitioner"
      }],
      "reference" : {
        "reference" : "Practitioner/1e2d6388-5520-11ed-bdc3-0242ac120002"
      },
      "name" : "Simple practitioner with a name",
      "description" : "Simple practitioner with a name",
      "exampleBoolean" : true
    }],
    "page" : {
      "extension" : [{
        "url" : "http://hl7.org/fhir/tools/StructureDefinition/ig-page-name",
        "valueUrl" : "toc.html"
      }],
      "nameUrl" : "toc.html",
      "title" : "Table of Contents",
      "generation" : "html",
      "page" : [{
        "extension" : [{
          "url" : "http://hl7.org/fhir/tools/StructureDefinition/ig-page-name",
          "valueUrl" : "index.html"
        }],
        "nameUrl" : "index.html",
        "title" : "Home",
        "generation" : "markdown"
      },
      {
        "extension" : [{
          "url" : "http://hl7.org/fhir/tools/StructureDefinition/ig-page-name",
          "valueUrl" : "dependencies.html"
        }],
        "nameUrl" : "dependencies.html",
        "title" : "Dependencies",
        "generation" : "html"
      },
      {
        "extension" : [{
          "url" : "http://hl7.org/fhir/tools/StructureDefinition/ig-page-name",
          "valueUrl" : "downloads.html"
        }],
        "nameUrl" : "downloads.html",
        "title" : "Downloads",
        "generation" : "markdown"
      },
      {
        "extension" : [{
          "url" : "http://hl7.org/fhir/tools/StructureDefinition/ig-page-name",
          "valueUrl" : "examples.html"
        }],
        "nameUrl" : "examples.html",
        "title" : "Examples",
        "generation" : "markdown"
      },
      {
        "extension" : [{
          "url" : "http://hl7.org/fhir/tools/StructureDefinition/ig-page-name",
          "valueUrl" : "extensions.html"
        }],
        "nameUrl" : "extensions.html",
        "title" : "Extensions",
        "generation" : "html"
      },
      {
        "extension" : [{
          "url" : "http://hl7.org/fhir/tools/StructureDefinition/ig-page-name",
          "valueUrl" : "profiles.html"
        }],
        "nameUrl" : "profiles.html",
        "title" : "Profiles",
        "generation" : "html"
      }]
    },
    "parameter" : [{
      "code" : "path-resource",
      "value" : "input/capabilities"
    },
    {
      "code" : "path-resource",
      "value" : "input/examples"
    },
    {
      "code" : "path-resource",
      "value" : "input/extensions"
    },
    {
      "code" : "path-resource",
      "value" : "input/models"
    },
    {
      "code" : "path-resource",
      "value" : "input/operations"
    },
    {
      "code" : "path-resource",
      "value" : "input/profiles"
    },
    {
      "code" : "path-resource",
      "value" : "input/resources"
    },
    {
      "code" : "path-resource",
      "value" : "input/vocabulary"
    },
    {
      "code" : "path-resource",
      "value" : "input/maps"
    },
    {
      "code" : "path-resource",
      "value" : "input/testing"
    },
    {
      "code" : "path-resource",
      "value" : "input/history"
    },
    {
      "code" : "path-resource",
      "value" : "fsh-generated/resources"
    },
    {
      "code" : "path-pages",
      "value" : "template/config"
    },
    {
      "code" : "path-pages",
      "value" : "input/images"
    },
    {
      "code" : "path-tx-cache",
      "value" : "input-cache/txcache"
    }]
  }
}