<?xml version="1.0" encoding="UTF-8"?>

<Practitioner xmlns="http://hl7.org/fhir">
  <id value="58c811a5-4082-44eb-9d66-ccbb112d4973"/>
  <meta>
    <profile value="http://medcomfhir.dk/ig/core/StructureDefinition/medcom-core-practitioner"/>
  </meta>
  <text>
    <status value="generated"/><div xmlns="http://www.w3.org/1999/xhtml"><p class="res-header-id"><b>Generated Narrative: Practitioner 58c811a5-4082-44eb-9d66-ccbb112d4973</b></p><a name="58c811a5-4082-44eb-9d66-ccbb112d4973"> </a><a name="hc58c811a5-4082-44eb-9d66-ccbb112d4973"> </a><a name="58c811a5-4082-44eb-9d66-ccbb112d4973-da-DK"> </a><p><b>name</b>: Michael Burns </p></div>
  </text>
  <name>
    <family value="Burns"/>
    <given value="Michael"/>
  </name>
</Practitioner>