<?xml version="1.0" encoding="UTF-8"?>

<Provenance xmlns="http://hl7.org/fhir">
  <id value="73232102-649c-4c63-88f5-94ce189b94a7"/>
  <meta>
    <profile value="http://medcomfhir.dk/ig/carecommunication/StructureDefinition/medcom-careCommunication-provenance"/>
  </meta>
  <text>
    <status value="generated"/><div xmlns="http://www.w3.org/1999/xhtml"><p class="res-header-id"><b>Generated Narrative: Provenance 73232102-649c-4c63-88f5-94ce189b94a7</b></p><a name="73232102-649c-4c63-88f5-94ce189b94a7"> </a><a name="hc73232102-649c-4c63-88f5-94ce189b94a7"> </a><div style="display: inline-block; background-color: #d9e0e7; padding: 6px; margin: 4px; border: 1px solid #8da1b4; border-radius: 5px; line-height: 60%"><p style="margin-bottom: 0px"/><p style="margin-bottom: 0px">Profile: <a href="StructureDefinition-medcom-careCommunication-provenance.html">MedComCareCommunicationProvenance</a></p></div><p>Provenance for <a href="MessageHeader-4dff3695-218d-4878-838a-5f23cbba6f82.html">MessageHeader: event[x] = Care Communication Message (MedComMessagingEventCodes#care-communication-message); definition = http://medcomfhir.dk/ig/messagedefinitions/MessageDefinition/MedComCareCommunicationMessageDefinition|5.0</a></p><p>Summary</p><table class="grid"><tr><td>Occurrence</td><td>2024-05-03 09:25:00+0200</td></tr><tr><td>Recorded</td><td>2024-05-03 09:25:00+0200</td></tr><tr><td>Activity</td><td><span title="Codes:{http://medcomfhir.dk/ig/terminology/CodeSystem/medcom-messaging-activityCodes reply-message}">A message has been replied to</span></td></tr></table><p><b>Agents</b></p><table class="grid"><tr><td><b>who</b></td></tr><tr><td><a href="Organization-82210440-6826-44fc-9fc8-2a29bab6a5c2.html">Organization Hjerteafdelingen på Herlev og Gentofte hospital</a></td></tr></table></div>
  </text>
  <target>
    <reference value="MessageHeader/4dff3695-218d-4878-838a-5f23cbba6f82"/>
  </target>
  <occurredDateTime value="2024-05-03T09:25:00+02:00"/>
  <recorded value="2024-05-03T09:25:00+02:00"/>
  <activity>
    <coding>
      <system value="http://medcomfhir.dk/ig/terminology/CodeSystem/medcom-messaging-activityCodes"/>
      <code value="reply-message"/>
    </coding>
  </activity>
  <agent>
    <who>
      <reference value="Organization/82210440-6826-44fc-9fc8-2a29bab6a5c2"/>
    </who>
  </agent>
  <entity>
    <role value="source"/>
    <what>
      <identifier>
        <value value="urn:uuid:07685582-3a8f-4bf3-bfa0-2f040133e922"/>
      </identifier>
    </what>
  </entity>
  <entity>
    <role value="revision"/>
    <what>
      <reference value="MessageHeader/d5bd2111-2576-48d3-84d4-8be0297a038d"/>
    </what>
  </entity>
</Provenance>