<?xml version="1.0" encoding="UTF-8"?>

<Practitioner xmlns="http://hl7.org/fhir">
  <id value="20eac382-551a-11ed-bdc3-0242ac120002"/>
  <meta>
    <profile value="http://medcomfhir.dk/ig/core/StructureDefinition/medcom-core-practitioner"/>
  </meta>
  <text>
    <status value="generated"/><div xmlns="http://www.w3.org/1999/xhtml"><p class="res-header-id"><b>Generated Narrative: Practitioner 20eac382-551a-11ed-bdc3-0242ac120002</b></p><a name="20eac382-551a-11ed-bdc3-0242ac120002"> </a><a name="hc20eac382-551a-11ed-bdc3-0242ac120002"> </a><a name="20eac382-551a-11ed-bdc3-0242ac120002-da-DK"> </a><p><b>name</b>: Michael Burns </p></div>
  </text>
  <name>
    <family value="Burns"/>
    <given value="Michael"/>
  </name>
</Practitioner>