{
  "resourceType" : "Patient",
  "id" : "79fc4a5c-5fca-4389-8740-89607ce07f2d",
  "meta" : {
    "profile" : ["http://medcomfhir.dk/ig/core/StructureDefinition/medcom-core-patient"]
  },
  "text" : {
    "status" : "generated",
    "div" : "<div xmlns=\"http://www.w3.org/1999/xhtml\"><p class=\"res-header-id\"><b>Generated Narrative: Patient 79fc4a5c-5fca-4389-8740-89607ce07f2d</b></p><a name=\"79fc4a5c-5fca-4389-8740-89607ce07f2d\"> </a><a name=\"hc79fc4a5c-5fca-4389-8740-89607ce07f2d\"> </a><a name=\"hc79fc4a5c-5fca-4389-8740-89607ce07f2d-da-DK\"> </a><p style=\"border: 1px #661aff solid; background-color: #e6e6ff; padding: 10px;\">Elmer (official) (no stated gender), DoB Unknown ( urn:oid:1.2.208.176.1.2#2509479989)</p><hr/></div>"
  },
  "identifier" : [{
    "system" : "urn:oid:1.2.208.176.1.2",
    "value" : "2509479989"
  }],
  "name" : [{
    "use" : "official",
    "family" : "Elmer"
  }]
}