{
  "resourceType" : "Practitioner",
  "id" : "ed8d4f6a-a2e4-4343-b823-37ca90c1872a",
  "meta" : {
    "profile" : ["http://medcomfhir.dk/ig/core/StructureDefinition/medcom-core-practitioner"]
  },
  "text" : {
    "status" : "generated",
    "div" : "<div xmlns=\"http://www.w3.org/1999/xhtml\"><p class=\"res-header-id\"><b>Generated Narrative: Practitioner ed8d4f6a-a2e4-4343-b823-37ca90c1872a</b></p><a name=\"ed8d4f6a-a2e4-4343-b823-37ca90c1872a\"> </a><a name=\"hced8d4f6a-a2e4-4343-b823-37ca90c1872a\"> </a><a name=\"hced8d4f6a-a2e4-4343-b823-37ca90c1872a-da-DK\"> </a><p><b>name</b>: Ann Marie Wounds </p></div>"
  },
  "name" : [{
    "family" : "Wounds",
    "given" : ["Ann",
    "Marie"]
  }]
}