<?xml version="1.0" encoding="UTF-8"?><TestScript xmlns="http://hl7.org/fhir"><id value="hospitalnotification-receive-slor"/><meta><profile value="http://touchstone.aegis.net/touchstone/fhir/testing/StructureDefinition/testscript"/></meta><url value="http://medcomfhir.dk/ig/hospitalnotificationtestscript/hospitalnotification-receive-slor"/><version value="3.0.0"/><name value="HospitalNotificationTestScript"/><title value="Receive: End leave - SLOR"/><status value="active"/><date value="2023-05-01"/><publisher value="MedCom"/><contact><name value="MedCom"/><telecom><system value="email"/><value value="mailto:fhir@medcom.dk"/></telecom></contact><description value="Receive: End leave"/><copyright value="MedCom 2021"/><origin><index value="1"/><profile><system value="http://terminology.hl7.org/CodeSystem/testscript-profile-origin-types"/><code value="FHIR-Client"/></profile></origin><destination><index value="1"/><profile><system value="http://terminology.hl7.org/CodeSystem/testscript-profile-destination-types"/><code value="FHIR-Server"/></profile></destination><fixture id="create-STIN-01"><autocreate value="false"/><autodelete value="false"/><resource><reference value="/FHIRSandbox/MedCom/HospitalNotification/v300/Receive/Fixtures/HospitalNotification-fixture-STIN.xml"/></resource></fixture><fixture id="create-STOR-02"><autocreate value="false"/><autodelete value="false"/><resource><reference value="/FHIRSandbox/MedCom/HospitalNotification/v300/Receive/Fixtures/HospitalNotification-fixture-STOR.xml"/></resource></fixture><fixture id="create-SLOR-03"><autocreate value="false"/><autodelete value="false"/><resource><reference value="/FHIRSandbox/MedCom/HospitalNotification/v300/Receive/Fixtures/HospitalNotification-fixture-SLOR.xml"/></resource></fixture><profile id="hospitalnotification"><reference value="http://medcomfhir.dk/ig/hospitalnotification/StructureDefinition/medcom-hospitalNotification-message"/></profile><variable><name value="destinationUri-STIN"/><expression value="Bundle.entry.resource.ofType(MessageHeader).destination.endpoint"/><sourceId value="create-STIN-01"/></variable><variable><name value="bundleid-STIN"/><expression value="Bundle.entry.resource.ofType(MessageHeader).id"/><sourceId value="create-STIN-01"/></variable><variable><name value="destinationUri-STOR"/><expression value="Bundle.entry.resource.ofType(MessageHeader).destination.endpoint"/><sourceId value="create-STOR-02"/></variable><variable><name value="bundleid-STOR"/><expression value="Bundle.entry.resource.ofType(MessageHeader).id"/><sourceId value="create-STOR-02"/></variable><variable><name value="destinationUri-SLOR"/><expression value="Bundle.entry.resource.ofType(MessageHeader).destination.endpoint"/><sourceId value="create-SLOR-03"/></variable><variable><name value="bundleid-SLOR"/><expression value="Bundle.entry.resource.ofType(MessageHeader).id"/><sourceId value="create-SLOR-03"/></variable><setup><action><operation><type><system value="http://terminology.hl7.org/CodeSystem/testscript-operation-codes"/><code value="delete"/></type><resource value="Bundle"/><description value="System-generated search and delete operations from conditional delete on Bundle MessageHeader.destination.endpoint"/><accept value="xml"/><encodeRequestUrl value="true"/><params value="?message.destination-uri=${destinationUri-STIN}"/></operation></action><action><operation><type><system value="http://terminology.hl7.org/CodeSystem/testscript-operation-codes"/><code value="create"/></type><resource value="Bundle"/><description value="Create the Bundle resource in XML format on the destination server."/><accept value="xml"/><contentType value="xml"/><encodeRequestUrl value="true"/><sourceId value="create-STIN-01"/></operation></action><action><assert><description value="Confirm that the returned HTTP status is okay or created."/><direction value="response"/><operator value="in"/><responseCode value="200,201"/><warningOnly value="false"/></assert></action><action><operation><type><system value="http://terminology.hl7.org/CodeSystem/testscript-operation-codes"/><code value="create"/></type><resource value="Bundle"/><description value="Create the Bundle resource in XML format on the destination server."/><accept value="xml"/><contentType value="xml"/><encodeRequestUrl value="true"/><sourceId value="create-STOR-02"/></operation></action><action><assert><description value="Confirm that the returned HTTP status is okay or created."/><direction value="response"/><operator value="in"/><responseCode value="200,201"/><warningOnly value="false"/></assert></action><action><operation><type><system value="http://terminology.hl7.org/CodeSystem/testscript-operation-codes"/><code value="create"/></type><resource value="Bundle"/><description value="Create the Bundle resource in XML format on the destination server."/><accept value="xml"/><contentType value="xml"/><encodeRequestUrl value="true"/><sourceId value="create-SLOR-03"/></operation></action><action><assert><description value="Confirm that the returned HTTP status is okay or created."/><direction value="response"/><operator value="in"/><responseCode value="200,201"/><warningOnly value="false"/></assert></action></setup><test id="hospitalnotification-read-STIN-01"><name value="Get a HospitalNotification STIN Message 01"/><description value="GET a Hospital notification. The expected response is a 200(OK) with a payload of the Hospital notification resource in XML format."/><action><operation><type><system value="http://terminology.hl7.org/CodeSystem/testscript-operation-codes"/><code value="read"/></type><resource value="Bundle"/><description value="Receive Hospital Notification"/><accept value="xml"/><destination value="1"/><encodeRequestUrl value="true"/><origin value="1"/><params value="?message.destination-uri=${destinationUri-STIN}&amp;amp;member._id=${bundleid-STIN}"/></operation></action><action><assert><description value="Confirm that the returned HTTP status is okay or created."/><direction value="response"/><operator value="in"/><responseCode value="200,201"/><warningOnly value="false"/></assert></action></test><test id="hospitalnotification-read-STOR-02"><name value="Get a HospitalNotification STOR Message 02"/><description value="GET a Hospital notification. The expected response is a 200(OK) with a payload of the Hospital notification resource in XML format."/><action><operation><type><system value="http://terminology.hl7.org/CodeSystem/testscript-operation-codes"/><code value="read"/></type><resource value="Bundle"/><description value="Receive Hospital Notification"/><accept value="xml"/><destination value="1"/><encodeRequestUrl value="true"/><origin value="1"/><params value="?message.destination-uri=${destinationUri-STOR}&amp;amp;member._id=${bundleid-STOR}"/></operation></action><action><assert><description value="Confirm that the returned HTTP status is okay or created."/><direction value="response"/><operator value="in"/><responseCode value="200,201"/><warningOnly value="false"/></assert></action></test><test id="hospitalnotification-read-SLOR-03"><name value="Get a HospitalNotification SLOR Message 03"/><description value="GET a Hospital notification. The expected response is a 200(OK) with a payload of the Hospital notification resource in XML format."/><action><operation><type><system value="http://terminology.hl7.org/CodeSystem/testscript-operation-codes"/><code value="read"/></type><resource value="Bundle"/><description value="Receive Hospital Notification"/><accept value="xml"/><destination value="1"/><encodeRequestUrl value="true"/><origin value="1"/><params value="?message.destination-uri=${destinationUri-SLOR}&amp;amp;member._id=${bundleid-SLOR}"/></operation></action><action><assert><description value="Confirm that the returned HTTP status is okay or created."/><direction value="response"/><operator value="in"/><responseCode value="200,201"/><warningOnly value="false"/></assert></action></test></TestScript>