<?xml version="1.0" encoding="UTF-8"?>

<Bundle xmlns="http://hl7.org/fhir">
  <id value="5f341feb-9a20-463a-96cc-a9ca8ace5567"/>
  <meta>
    <profile value="http://medcomfhir.dk/ig/homecareobservation/StructureDefinition/medcom-homecare-message"/>
  </meta>
  <type value="message"/>
  <timestamp value="2023-09-12T13:00:00+02:00"/>
  <entry>
    <fullUrl value="MessageHeader/36cb86f1-a01a-4115-a84d-9390aa0ddcbd"/>
    <resource>
      <MessageHeader>
        <id value="36cb86f1-a01a-4115-a84d-9390aa0ddcbd"/>
        <meta>
          <profile value="http://medcomfhir.dk/ig/homecareobservation/StructureDefinition/medcom-homecareobservation-MessageHeader"/>
        </meta>
        <text>
          <status value="generated"/><div xmlns="http://www.w3.org/1999/xhtml"><p><b>Generated Narrative: MessageHeader</b><a name="36cb86f1-a01a-4115-a84d-9390aa0ddcbd"> </a></p><div style="display: inline-block; background-color: #d9e0e7; padding: 6px; margin: 4px; border: 1px solid #8da1b4; border-radius: 5px; line-height: 60%"><p style="margin-bottom: 0px">Resource MessageHeader &quot;36cb86f1-a01a-4115-a84d-9390aa0ddcbd&quot; </p><p style="margin-bottom: 0px">Profile: <a href="StructureDefinition-medcom-homecareobservation-MessageHeader.html">MedComHomeCareObservationMessageHeader</a></p></div><p><b>event</b>: HomeCare Observation Message (Details: http://medcomfhir.dk/ig/terminology/CodeSystem/medcom-messaging-eventCodes code homecareobservation-message = 'HomeCare Observation Message', stated as 'null')</p><h3>Destinations</h3><table class="grid"><tr><td style="display: none">-</td><td><b>Extension</b></td><td><b>Endpoint</b></td><td><b>Receiver</b></td></tr><tr><td style="display: none">*</td><td/><td><a href="https://sor2.sum.dsdn.dk/#id=52581000016005">https://sor2.sum.dsdn.dk/#id=52581000016005</a></td><td><a href="#Organization_1ab9c2d9-c348-4d75-9122-60ea8a6fdcf1">See above (Organization/1ab9c2d9-c348-4d75-9122-60ea8a6fdcf1)</a></td></tr></table><p><b>sender</b>: <a href="#Organization_a0330c62-fe29-4719-83fa-a94959084f29">See above (Organization/a0330c62-fe29-4719-83fa-a94959084f29)</a></p><h3>Sources</h3><table class="grid"><tr><td style="display: none">-</td><td><b>Endpoint</b></td></tr><tr><td style="display: none">*</td><td><a href="https://sor2.sum.dsdn.dk/#id=1144561000016002">https://sor2.sum.dsdn.dk/#id=1144561000016002</a></td></tr></table><p><b>focus</b>: </p><ul><li><a href="DiagnosticReport-cfa9e95b-b5ac-4cfe-abe7-ea29e6b67919.html">DiagnosticReport/cfa9e95b-b5ac-4cfe-abe7-ea29e6b67919</a></li><li><a href="#DiagnosticReport_4f013d3a-575c-447d-83e1-7a5fb7f7b0de">See above (DiagnosticReport/4f013d3a-575c-447d-83e1-7a5fb7f7b0de)</a></li></ul></div>
        </text>
        <eventCoding>
          <system value="http://medcomfhir.dk/ig/terminology/CodeSystem/medcom-messaging-eventCodes"/>
          <code value="homecareobservation-message"/>
        </eventCoding>
        <destination>
          <extension url="http://medcomfhir.dk/ig/messaging/StructureDefinition/medcom-messaging-destinationUseExtension">
            <valueCoding>
              <system value="http://medcomfhir.dk/ig/terminology/CodeSystem/medcom-messaging-destinationUse"/>
              <code value="primary"/>
            </valueCoding>
          </extension>
          <endpoint value="https://sor2.sum.dsdn.dk/#id=52581000016005"/>
          <receiver>
            <reference value="Organization/1ab9c2d9-c348-4d75-9122-60ea8a6fdcf1"/>
          </receiver>
        </destination>
        <sender>
          <reference value="Organization/a0330c62-fe29-4719-83fa-a94959084f29"/>
        </sender>
        <source>
          <endpoint value="https://sor2.sum.dsdn.dk/#id=1144561000016002"/>
        </source>
        <focus>
          <reference value="DiagnosticReport/cfa9e95b-b5ac-4cfe-abe7-ea29e6b67919"/>
        </focus>
        <focus>
          <reference value="DiagnosticReport/4f013d3a-575c-447d-83e1-7a5fb7f7b0de"/>
        </focus>
      </MessageHeader>
    </resource>
  </entry>
  <entry>
    <fullUrl value="Subject/bbcd4817-1c4b-4089-a712-346f65ec16f9"/>
    <resource>
      <Patient>
        <id value="bbcd4817-1c4b-4089-a712-346f65ec16f9"/>
        <meta>
          <profile value="http://medcomfhir.dk/ig/core/StructureDefinition/medcom-core-patient"/>
        </meta>
        <text>
          <status value="generated"/><div xmlns="http://www.w3.org/1999/xhtml"><p><b>Generated Narrative: Patient</b><a name="bbcd4817-1c4b-4089-a712-346f65ec16f9"> </a></p><div style="display: inline-block; background-color: #d9e0e7; padding: 6px; margin: 4px; border: 1px solid #8da1b4; border-radius: 5px; line-height: 60%"><p style="margin-bottom: 0px">Resource Patient &quot;bbcd4817-1c4b-4089-a712-346f65ec16f9&quot; </p><p style="margin-bottom: 0px">Profile: <a href="http://medcomfhir.dk/ig/core/2.3.0/StructureDefinition-medcom-core-patient.html">MedComCorePatient</a></p></div><p><b>identifier</b>: id: 2509479989</p><p><b>name</b>: Elmer (OFFICIAL)</p></div>
        </text>
        <identifier>
          <system value="urn:oid:1.2.208.176.1.2"/>
          <value value="2509479989"/>
        </identifier>
        <name>
          <use value="official"/>
          <family value="Elmer"/>
        </name>
      </Patient>
    </resource>
  </entry>
  <entry>
    <fullUrl value="DiagnosticReport/4f013d3a-575c-447d-83e1-7a5fb7f7b0de"/>
    <resource>
      <DiagnosticReport>
        <id value="4f013d3a-575c-447d-83e1-7a5fb7f7b0de"/>
        <meta>
          <profile value="http://medcomfhir.dk/ig/homecareobservation/StructureDefinition/medcom-homecare-diagnosticreport"/>
        </meta>
        <text>
          <status value="generated"/><div xmlns="http://www.w3.org/1999/xhtml"><p><b>Generated Narrative: DiagnosticReport</b><a name="4f013d3a-575c-447d-83e1-7a5fb7f7b0de"> </a></p><div style="display: inline-block; background-color: #d9e0e7; padding: 6px; margin: 4px; border: 1px solid #8da1b4; border-radius: 5px; line-height: 60%"><p style="margin-bottom: 0px">Resource DiagnosticReport &quot;4f013d3a-575c-447d-83e1-7a5fb7f7b0de&quot; </p><p style="margin-bottom: 0px">Profile: <a href="StructureDefinition-medcom-homecare-diagnosticreport.html">MedComHomeCareDiagnosticReport</a></p></div><p><b>status</b>: cancelled</p><p><b>code</b>: HomeCareDiagnosticReport <span style="background: LightGoldenRodYellow; margin: 4px; border: 1px solid khaki"> (<a href="http://medcomfhir.dk/ig/terminology/1.5.0/CodeSystem-MedComDiagnosticReportCodes.html">MedComDiagnosticReportCodes</a>#HomeCareReport)</span></p><p><b>subject</b>: <a href="#Patient_bbcd4817-1c4b-4089-a712-346f65ec16f9">See above (Patient/bbcd4817-1c4b-4089-a712-346f65ec16f9)</a></p><p><b>issued</b>: 12. sep. 2023 13.00.00</p><p><b>performer</b>: </p><ul><li><a href="#Organization_a0330c62-fe29-4719-83fa-a94959084f29">See above (Organization/a0330c62-fe29-4719-83fa-a94959084f29)</a></li><li><a href="PractitionerRole-4b3b6f0f-a475-4b04-8a92-105e8ce6a7bf.html">PractitionerRole/4b3b6f0f-a475-4b04-8a92-105e8ce6a7bf</a></li></ul><p><b>result</b>: </p><ul><li><a href="#Observation_3fd3835d-1758-4d22-8547-000182752817">See above (Observation/3fd3835d-1758-4d22-8547-000182752817)</a></li><li><a href="#Observation_ba691ee4-6d38-4f5b-82f1-40b54e3b8ad1">See above (Observation/ba691ee4-6d38-4f5b-82f1-40b54e3b8ad1)</a></li><li><a href="#Observation_8917f29d-269c-4bb3-8ce9-d255c351d52b">See above (Observation/8917f29d-269c-4bb3-8ce9-d255c351d52b)</a></li><li><a href="#Observation_6bf03841-8397-4a2a-9f9a-8966b0cfa571">See above (Observation/6bf03841-8397-4a2a-9f9a-8966b0cfa571)</a></li><li><a href="#Observation_85fd1372-cf02-49c6-bd45-7205f5541a66">See above (Observation/85fd1372-cf02-49c6-bd45-7205f5541a66)</a></li><li><a href="#Observation_f64a0a78-53cf-4a7f-9b89-4a2338a4935c">See above (Observation/f64a0a78-53cf-4a7f-9b89-4a2338a4935c)</a></li></ul><p><b>conclusion</b>: 
Cancellation due to incorrect CPR-number!
</p></div>
        </text>
        <status value="cancelled"/>
        <code>
          <coding>
            <system value="http://medcomfhir.dk/ig/terminology/CodeSystem/MedComDiagnosticReportCodes"/>
            <code value="HomeCareReport"/>
          </coding>
        </code>
        <subject>
          <reference value="Patient/bbcd4817-1c4b-4089-a712-346f65ec16f9"/>
        </subject>
        <issued value="2023-09-12T13:00:00+02:00"/>
        <performer>
          <reference value="Organization/a0330c62-fe29-4719-83fa-a94959084f29"/>
        </performer>
        <performer>
          <reference value="PractitionerRole/4b3b6f0f-a475-4b04-8a92-105e8ce6a7bf"/>
        </performer>
        <result>
          <reference value="Observation/3fd3835d-1758-4d22-8547-000182752817"/>
        </result>
        <result>
          <reference value="Observation/ba691ee4-6d38-4f5b-82f1-40b54e3b8ad1"/>
        </result>
        <result>
          <reference value="Observation/8917f29d-269c-4bb3-8ce9-d255c351d52b"/>
        </result>
        <result>
          <reference value="Observation/6bf03841-8397-4a2a-9f9a-8966b0cfa571"/>
        </result>
        <result>
          <reference value="Observation/85fd1372-cf02-49c6-bd45-7205f5541a66"/>
        </result>
        <result>
          <reference value="Observation/f64a0a78-53cf-4a7f-9b89-4a2338a4935c"/>
        </result>
        <conclusion value="&#xD;&#xA;Cancellation due to incorrect CPR-number!&#xD;&#xA;"/>
      </DiagnosticReport>
    </resource>
  </entry>
  <entry>
    <fullUrl value="PractitionerRole/80284c01-1674-45ca-98b7-d1e669bdeff6"/>
    <resource>
      <PractitionerRole>
        <id value="80284c01-1674-45ca-98b7-d1e669bdeff6"/>
        <meta>
          <profile value="http://medcomfhir.dk/ig/core/StructureDefinition/medcom-core-practitionerrole"/>
        </meta>
        <text>
          <status value="generated"/><div xmlns="http://www.w3.org/1999/xhtml"><p><b>Generated Narrative: PractitionerRole</b><a name="80284c01-1674-45ca-98b7-d1e669bdeff6"> </a></p><div style="display: inline-block; background-color: #d9e0e7; padding: 6px; margin: 4px; border: 1px solid #8da1b4; border-radius: 5px; line-height: 60%"><p style="margin-bottom: 0px">Resource PractitionerRole &quot;80284c01-1674-45ca-98b7-d1e669bdeff6&quot; </p><p style="margin-bottom: 0px">Profile: <a href="http://medcomfhir.dk/ig/core/2.3.0/StructureDefinition-medcom-core-practitionerrole.html">MedComCorePractitionerRole</a></p></div><p><b>practitioner</b>: <a href="#Practitioner_70f14d25-0979-4192-8da2-0c0a3950f4b1">See above (Practitioner/70f14d25-0979-4192-8da2-0c0a3950f4b1)</a></p><p><b>code</b>: Sygeplejerske <span style="background: LightGoldenRodYellow; margin: 4px; border: 1px solid khaki"> (<a href="http://medcomfhir.dk/ig/terminology/1.5.0/CodeSystem-medcom-core-PractitionerRolesSKSadministrativ.html">MedComCorePractitionerRolesSKSadministrativ</a>#sygeplejerske)</span></p></div>
        </text>
        <practitioner>
          <reference value="Practitioner/70f14d25-0979-4192-8da2-0c0a3950f4b1"/>
        </practitioner>
        <code>
          <coding>
            <system value="http://medcomfhir.dk/ig/terminology/CodeSystem/medcom-core-PractitionerRolesSKSadministrativ"/>
            <code value="sygeplejerske"/>
          </coding>
        </code>
      </PractitionerRole>
    </resource>
  </entry>
  <entry>
    <fullUrl value="Practitioner/70f14d25-0979-4192-8da2-0c0a3950f4b1"/>
    <resource>
      <Practitioner>
        <id value="70f14d25-0979-4192-8da2-0c0a3950f4b1"/>
        <meta>
          <profile value="http://medcomfhir.dk/ig/core/StructureDefinition/medcom-core-practitioner"/>
        </meta>
        <text>
          <status value="generated"/><div xmlns="http://www.w3.org/1999/xhtml"><p><b>Generated Narrative: Practitioner</b><a name="70f14d25-0979-4192-8da2-0c0a3950f4b1"> </a></p><div style="display: inline-block; background-color: #d9e0e7; padding: 6px; margin: 4px; border: 1px solid #8da1b4; border-radius: 5px; line-height: 60%"><p style="margin-bottom: 0px">Resource Practitioner &quot;70f14d25-0979-4192-8da2-0c0a3950f4b1&quot; </p><p style="margin-bottom: 0px">Profile: <a href="http://medcomfhir.dk/ig/core/2.3.0/StructureDefinition-medcom-core-practitioner.html">MedComCorePractitioner</a></p></div><p><b>name</b>: Mia </p><p><b>telecom</b>: <a href="tel:+4505577668">+45 05577668</a></p></div>
        </text>
        <name>
          <given value="Mia"/>
        </name>
        <telecom>
          <system value="phone"/>
          <value value="+45 05577668"/>
        </telecom>
      </Practitioner>
    </resource>
  </entry>
  <entry>
    <fullUrl value="Organization/1ab9c2d9-c348-4d75-9122-60ea8a6fdcf1"/>
    <resource>
      <Organization>
        <id value="1ab9c2d9-c348-4d75-9122-60ea8a6fdcf1"/>
        <meta>
          <profile value="http://medcomfhir.dk/ig/messaging/StructureDefinition/medcom-requesterorganization"/>
        </meta>
        <text>
          <status value="generated"/><div xmlns="http://www.w3.org/1999/xhtml"><p><b>Generated Narrative: Organization</b><a name="1ab9c2d9-c348-4d75-9122-60ea8a6fdcf1"> </a></p><div style="display: inline-block; background-color: #d9e0e7; padding: 6px; margin: 4px; border: 1px solid #8da1b4; border-radius: 5px; line-height: 60%"><p style="margin-bottom: 0px">Resource Organization &quot;1ab9c2d9-c348-4d75-9122-60ea8a6fdcf1&quot; </p><p style="margin-bottom: 0px">Profile: <a href="http://medcomfhir.dk/ig/messaging/2.1.0/StructureDefinition-medcom-requesterorganization.html">MedComMessagingRequesterOrganization</a></p></div><p><b>identifier</b>: id: 5790000127092, id: 52581000016005, id: 061654</p><p><b>name</b>: Skødstrup Lægepraksis</p><h3>Contacts</h3><table class="grid"><tr><td style="display: none">-</td><td><b>Name</b></td></tr><tr><td style="display: none">*</td><td>O.K.M. </td></tr></table></div>
        </text>
        <identifier>
          <system value="https://www.gs1.org/gln"/>
          <value value="5790000127092"/>
        </identifier>
        <identifier>
          <system value="urn:oid:1.2.208.176.1.1"/>
          <value value="52581000016005"/>
        </identifier>
        <identifier>
          <system value="urn:oid:1.2.208.176.1.4"/>
          <value value="061654"/>
        </identifier>
        <name value="Skødstrup Lægepraksis"/>
        <contact>
          <name>
            <given value="O.K.M."/>
          </name>
        </contact>
      </Organization>
    </resource>
  </entry>
  <entry>
    <fullUrl value="Organization/a0330c62-fe29-4719-83fa-a94959084f29"/>
    <resource>
      <Organization>
        <id value="a0330c62-fe29-4719-83fa-a94959084f29"/>
        <meta>
          <profile value="http://medcomfhir.dk/ig/messaging/StructureDefinition/medcom-producer-organization"/>
        </meta>
        <text>
          <status value="generated"/><div xmlns="http://www.w3.org/1999/xhtml"><p><b>Generated Narrative: Organization</b><a name="a0330c62-fe29-4719-83fa-a94959084f29"> </a></p><div style="display: inline-block; background-color: #d9e0e7; padding: 6px; margin: 4px; border: 1px solid #8da1b4; border-radius: 5px; line-height: 60%"><p style="margin-bottom: 0px">Resource Organization &quot;a0330c62-fe29-4719-83fa-a94959084f29&quot; </p><p style="margin-bottom: 0px">Profile: <a href="http://medcomfhir.dk/ig/messaging/2.1.0/StructureDefinition-medcom-producer-organization.html">MedComCoreProducerOrganization</a></p></div><p><b>identifier</b>: id: 5790000123117, id: 1144561000016002, id: KAF</p><p><b>name</b>: Pleje og Rehabilitering</p></div>
        </text>
        <identifier>
          <system value="https://www.gs1.org/gln"/>
          <value value="5790000123117"/>
        </identifier>
        <identifier>
          <system value="urn:oid:1.2.208.176.1.1"/>
          <value value="1144561000016002"/>
        </identifier>
        <identifier>
          <system value="http://medcomfhir.dk/ig/terminology/CodeSystem/MedComProducentID"/>
          <value value="KAF"/>
        </identifier>
        <name value="Pleje og Rehabilitering"/>
      </Organization>
    </resource>
  </entry>
  <entry>
    <fullUrl value="Provenance/008e1c02-605d-458e-8cb8-3eeb16a69aac"/>
    <resource>
      <Provenance>
        <id value="008e1c02-605d-458e-8cb8-3eeb16a69aac"/>
        <meta>
          <profile value="http://medcomfhir.dk/ig/messaging/StructureDefinition/medcom-messaging-provenance"/>
        </meta>
        <text>
          <status value="generated"/><div xmlns="http://www.w3.org/1999/xhtml"><p><b>Generated Narrative: Provenance</b><a name="008e1c02-605d-458e-8cb8-3eeb16a69aac"> </a></p><div style="display: inline-block; background-color: #d9e0e7; padding: 6px; margin: 4px; border: 1px solid #8da1b4; border-radius: 5px; line-height: 60%"><p style="margin-bottom: 0px">Resource Provenance &quot;008e1c02-605d-458e-8cb8-3eeb16a69aac&quot; </p><p style="margin-bottom: 0px">Profile: <a href="http://medcomfhir.dk/ig/messaging/2.1.0/StructureDefinition-medcom-messaging-provenance.html">MedComMessagingProvenance</a></p></div><p><b>target</b>: <a href="MessageHeader-489de4f2-0d8d-4de2-a7ce-ccb93568799f.html">MessageHeader/489de4f2-0d8d-4de2-a7ce-ccb93568799f</a></p><p><b>occurred</b>: 2023-09-13 12:24:00+0200</p><p><b>recorded</b>: 13. sep. 2023 12.24.00</p><p><b>activity</b>: A new message has been sent <span style="background: LightGoldenRodYellow; margin: 4px; border: 1px solid khaki"> (<a href="http://medcomfhir.dk/ig/terminology/1.5.0/CodeSystem-medcom-messaging-activityCodes.html">MedComMessagingActivityCodes</a>#new-message)</span></p><h3>Agents</h3><table class="grid"><tr><td style="display: none">-</td><td><b>Who</b></td></tr><tr><td style="display: none">*</td><td><a href="#Organization_a0330c62-fe29-4719-83fa-a94959084f29">See above (Organization/a0330c62-fe29-4719-83fa-a94959084f29)</a></td></tr></table></div>
        </text>
        <target>
          <reference value="MessageHeader/489de4f2-0d8d-4de2-a7ce-ccb93568799f"/>
        </target>
        <occurredDateTime value="2023-09-13T12:24:00+02:00"/>
        <recorded value="2023-09-13T12:24:00+02:00"/>
        <activity>
          <coding>
            <system value="http://medcomfhir.dk/ig/terminology/CodeSystem/medcom-messaging-activityCodes"/>
            <code value="new-message"/>
          </coding>
        </activity>
        <agent>
          <who>
            <reference value="Organization/a0330c62-fe29-4719-83fa-a94959084f29"/>
          </who>
        </agent>
      </Provenance>
    </resource>
  </entry>
  <entry>
    <fullUrl value="Provenance/babb316c-796c-4d10-b97b-45274b5a0c44"/>
    <resource>
      <Provenance>
        <id value="babb316c-796c-4d10-b97b-45274b5a0c44"/>
        <meta>
          <profile value="http://medcomfhir.dk/ig/messaging/StructureDefinition/medcom-messaging-provenance"/>
        </meta>
        <text>
          <status value="generated"/><div xmlns="http://www.w3.org/1999/xhtml"><p><b>Generated Narrative: Provenance</b><a name="babb316c-796c-4d10-b97b-45274b5a0c44"> </a></p><div style="display: inline-block; background-color: #d9e0e7; padding: 6px; margin: 4px; border: 1px solid #8da1b4; border-radius: 5px; line-height: 60%"><p style="margin-bottom: 0px">Resource Provenance &quot;babb316c-796c-4d10-b97b-45274b5a0c44&quot; </p><p style="margin-bottom: 0px">Profile: <a href="http://medcomfhir.dk/ig/messaging/2.1.0/StructureDefinition-medcom-messaging-provenance.html">MedComMessagingProvenance</a></p></div><p><b>target</b>: <a href="MessageHeader-07eb074b-be00-47e5-8bcb-484990a1a97e.html">MessageHeader/07eb074b-be00-47e5-8bcb-484990a1a97e</a></p><p><b>occurred</b>: 2023-09-12 13:00:00+0200</p><p><b>recorded</b>: 12. sep. 2023 13.00.00</p><p><b>activity</b>: A message has been retracted/cancelled <span style="background: LightGoldenRodYellow; margin: 4px; border: 1px solid khaki"> (<a href="http://medcomfhir.dk/ig/terminology/1.5.0/CodeSystem-medcom-messaging-activityCodes.html">MedComMessagingActivityCodes</a>#retract-message)</span></p><h3>Agents</h3><table class="grid"><tr><td style="display: none">-</td><td><b>Who</b></td></tr><tr><td style="display: none">*</td><td><a href="#Organization_a0330c62-fe29-4719-83fa-a94959084f29">See above (Organization/a0330c62-fe29-4719-83fa-a94959084f29)</a></td></tr></table><h3>Entities</h3><table class="grid"><tr><td style="display: none">-</td><td><b>Role</b></td><td><b>What</b></td></tr><tr><td style="display: none">*</td><td>removal</td><td><a href="MessageHeader-489de4f2-0d8d-4de2-a7ce-ccb93568799f.html">MessageHeader/489de4f2-0d8d-4de2-a7ce-ccb93568799f</a></td></tr></table></div>
        </text>
        <target>
          <reference value="MessageHeader/07eb074b-be00-47e5-8bcb-484990a1a97e"/>
        </target>
        <occurredDateTime value="2023-09-12T13:00:00+02:00"/>
        <recorded value="2023-09-12T13:00:00+02:00"/>
        <activity>
          <coding>
            <system value="http://medcomfhir.dk/ig/terminology/CodeSystem/medcom-messaging-activityCodes"/>
            <code value="retract-message"/>
          </coding>
        </activity>
        <agent>
          <who>
            <reference value="Organization/a0330c62-fe29-4719-83fa-a94959084f29"/>
          </who>
        </agent>
        <entity>
          <role value="removal"/>
          <what>
            <reference value="MessageHeader/489de4f2-0d8d-4de2-a7ce-ccb93568799f"/>
          </what>
        </entity>
      </Provenance>
    </resource>
  </entry>
  <entry>
    <fullUrl value="Observation/3fd3835d-1758-4d22-8547-000182752817"/>
    <resource>
      <Observation>
        <id value="3fd3835d-1758-4d22-8547-000182752817"/>
        <meta>
          <profile value="http://medcomfhir.dk/ig/homecareobservation/StructureDefinition/medcom-homeCare-observation"/>
        </meta>
        <text>
          <status value="generated"/><div xmlns="http://www.w3.org/1999/xhtml"><p><b>Generated Narrative: Observation</b><a name="3fd3835d-1758-4d22-8547-000182752817"> </a></p><div style="display: inline-block; background-color: #d9e0e7; padding: 6px; margin: 4px; border: 1px solid #8da1b4; border-radius: 5px; line-height: 60%"><p style="margin-bottom: 0px">Resource Observation &quot;3fd3835d-1758-4d22-8547-000182752817&quot; </p><p style="margin-bottom: 0px">Profile: <a href="StructureDefinition-medcom-homeCare-observation.html">MedComHomeCareObservation</a></p></div><p><b>status</b>: final</p><p><b>code</b>: Pt—Respiration; frekvens = ? X 1/min <span style="background: LightGoldenRodYellow; margin: 4px; border: 1px solid khaki"> (observation-code#MCS88122)</span></p><p><b>subject</b>: <a href="#Patient_bbcd4817-1c4b-4089-a712-346f65ec16f9">See above (Patient/bbcd4817-1c4b-4089-a712-346f65ec16f9)</a></p><p><b>effective</b>: 2023-09-13 09:24:08+0200</p><p><b>value</b>: 19 1/min</p><p><b>interpretation</b>: NI <span style="background: LightGoldenRodYellow; margin: 4px; border: 1px solid khaki"> ([not stated]#NI)</span></p></div>
        </text>
        <status value="final"/>
        <code>
          <coding>
            <system value="https://terminology.medcom.dk/fhir/observation-code"/>
            <code value="MCS88122"/>
            <display value="Pt—Respiration; frekvens = ? X 1/min"/>
          </coding>
        </code>
        <subject>
          <reference value="Patient/bbcd4817-1c4b-4089-a712-346f65ec16f9"/>
        </subject>
        <effectiveDateTime value="2023-09-13T09:24:08+02:00"/>
        <valueQuantity>
          <value value="19"/>
          <unit value="1/min"/>
        </valueQuantity>
        <interpretation>
          <coding>
            <code value="NI"/>
          </coding>
        </interpretation>
      </Observation>
    </resource>
  </entry>
  <entry>
    <fullUrl value="Observation/ba691ee4-6d38-4f5b-82f1-40b54e3b8ad1"/>
    <resource>
      <Observation>
        <id value="ba691ee4-6d38-4f5b-82f1-40b54e3b8ad1"/>
        <meta>
          <profile value="http://medcomfhir.dk/ig/homecareobservation/StructureDefinition/medcom-homeCare-observation"/>
        </meta>
        <text>
          <status value="generated"/><div xmlns="http://www.w3.org/1999/xhtml"><p><b>Generated Narrative: Observation</b><a name="ba691ee4-6d38-4f5b-82f1-40b54e3b8ad1"> </a></p><div style="display: inline-block; background-color: #d9e0e7; padding: 6px; margin: 4px; border: 1px solid #8da1b4; border-radius: 5px; line-height: 60%"><p style="margin-bottom: 0px">Resource Observation &quot;ba691ee4-6d38-4f5b-82f1-40b54e3b8ad1&quot; </p><p style="margin-bottom: 0px">Profile: <a href="StructureDefinition-medcom-homeCare-observation.html">MedComHomeCareObservation</a></p></div><p><b>status</b>: final</p><p><b>code</b>: Hjerte—Systole; frekv. = ? × 1/min <span style="background: LightGoldenRodYellow; margin: 4px; border: 1px solid khaki"> (unknown#NPU21692)</span></p><p><b>subject</b>: <a href="#Patient_bbcd4817-1c4b-4089-a712-346f65ec16f9">See above (Patient/bbcd4817-1c4b-4089-a712-346f65ec16f9)</a></p><p><b>effective</b>: 2023-09-13 09:24:09+0200</p><p><b>value</b>: 92  1/min</p><p><b>interpretation</b>: NI <span style="background: LightGoldenRodYellow; margin: 4px; border: 1px solid khaki"> ([not stated]#NI)</span></p><p><b>note</b>: Patienten har været ud og går lige inden målingen.</p></div>
        </text>
        <status value="final"/>
        <code>
          <coding>
            <system value="urn:oid:1.2.208.176.2.1"/>
            <code value="NPU21692"/>
            <display value="Hjerte—Systole; frekv. = ? × 1/min"/>
          </coding>
        </code>
        <subject>
          <reference value="Patient/bbcd4817-1c4b-4089-a712-346f65ec16f9"/>
        </subject>
        <effectiveDateTime value="2023-09-13T09:24:09+02:00"/>
        <valueQuantity>
          <value value="92"/>
          <unit value=" 1/min"/>
        </valueQuantity>
        <interpretation>
          <coding>
            <code value="NI"/>
          </coding>
        </interpretation>
        <note>
          <text value="Patienten har været ud og går lige inden målingen."/>
        </note>
      </Observation>
    </resource>
  </entry>
  <entry>
    <fullUrl value="Observation/8917f29d-269c-4bb3-8ce9-d255c351d52b"/>
    <resource>
      <Observation>
        <id value="8917f29d-269c-4bb3-8ce9-d255c351d52b"/>
        <meta>
          <profile value="http://medcomfhir.dk/ig/homecareobservation/StructureDefinition/medcom-homeCare-observation"/>
        </meta>
        <text>
          <status value="generated"/><div xmlns="http://www.w3.org/1999/xhtml"><p><b>Generated Narrative: Observation</b><a name="8917f29d-269c-4bb3-8ce9-d255c351d52b"> </a></p><div style="display: inline-block; background-color: #d9e0e7; padding: 6px; margin: 4px; border: 1px solid #8da1b4; border-radius: 5px; line-height: 60%"><p style="margin-bottom: 0px">Resource Observation &quot;8917f29d-269c-4bb3-8ce9-d255c351d52b&quot; </p><p style="margin-bottom: 0px">Profile: <a href="StructureDefinition-medcom-homeCare-observation.html">MedComHomeCareObservation</a></p></div><p><b>status</b>: final</p><p><b>code</b>: Arm—Blodtryk(systolisk); tryk = ? mmHg <span style="background: LightGoldenRodYellow; margin: 4px; border: 1px solid khaki"> (unknown#DNK05472)</span></p><p><b>subject</b>: <a href="#Patient_bbcd4817-1c4b-4089-a712-346f65ec16f9">See above (Patient/bbcd4817-1c4b-4089-a712-346f65ec16f9)</a></p><p><b>effective</b>: 2023-09-13 09:24:10+0200</p><p><b>value</b>: 147 mmHg</p><p><b>interpretation</b>: NI <span style="background: LightGoldenRodYellow; margin: 4px; border: 1px solid khaki"> ([not stated]#NI)</span></p></div>
        </text>
        <status value="final"/>
        <code>
          <coding>
            <system value="urn:oid:1.2.208.176.2.1"/>
            <code value="DNK05472"/>
            <display value="Arm—Blodtryk(systolisk); tryk = ? mmHg"/>
          </coding>
        </code>
        <subject>
          <reference value="Patient/bbcd4817-1c4b-4089-a712-346f65ec16f9"/>
        </subject>
        <effectiveDateTime value="2023-09-13T09:24:10+02:00"/>
        <valueQuantity>
          <value value="147"/>
          <unit value="mmHg"/>
        </valueQuantity>
        <interpretation>
          <coding>
            <code value="NI"/>
          </coding>
        </interpretation>
      </Observation>
    </resource>
  </entry>
  <entry>
    <fullUrl value="Observation/6bf03841-8397-4a2a-9f9a-8966b0cfa571"/>
    <resource>
      <Observation>
        <id value="6bf03841-8397-4a2a-9f9a-8966b0cfa571"/>
        <meta>
          <profile value="http://medcomfhir.dk/ig/homecareobservation/StructureDefinition/medcom-homeCare-observation"/>
        </meta>
        <text>
          <status value="generated"/><div xmlns="http://www.w3.org/1999/xhtml"><p><b>Generated Narrative: Observation</b><a name="6bf03841-8397-4a2a-9f9a-8966b0cfa571"> </a></p><div style="display: inline-block; background-color: #d9e0e7; padding: 6px; margin: 4px; border: 1px solid #8da1b4; border-radius: 5px; line-height: 60%"><p style="margin-bottom: 0px">Resource Observation &quot;6bf03841-8397-4a2a-9f9a-8966b0cfa571&quot; </p><p style="margin-bottom: 0px">Profile: <a href="StructureDefinition-medcom-homeCare-observation.html">MedComHomeCareObservation</a></p></div><p><b>status</b>: final</p><p><b>code</b>: Pt—Bevidsthedsniveau; arb.antal(værdi 0-3) = ? <span style="background: LightGoldenRodYellow; margin: 4px; border: 1px solid khaki"> (observation-code#MCS88126)</span></p><p><b>subject</b>: <a href="#Patient_bbcd4817-1c4b-4089-a712-346f65ec16f9">See above (Patient/bbcd4817-1c4b-4089-a712-346f65ec16f9)</a></p><p><b>effective</b>: 2023-09-13 09:24:11+0200</p><p><b>value</b>: 0</p><p><b>interpretation</b>: NI <span style="background: LightGoldenRodYellow; margin: 4px; border: 1px solid khaki"> ([not stated]#NI)</span></p></div>
        </text>
        <status value="final"/>
        <code>
          <coding>
            <system value="https://terminology.medcom.dk/fhir/observation-code"/>
            <code value="MCS88126"/>
            <display value="Pt—Bevidsthedsniveau; arb.antal(værdi 0-3) = ?"/>
          </coding>
        </code>
        <subject>
          <reference value="Patient/bbcd4817-1c4b-4089-a712-346f65ec16f9"/>
        </subject>
        <effectiveDateTime value="2023-09-13T09:24:11+02:00"/>
        <valueQuantity>
          <value value="0"/>
        </valueQuantity>
        <interpretation>
          <coding>
            <code value="NI"/>
          </coding>
        </interpretation>
      </Observation>
    </resource>
  </entry>
  <entry>
    <fullUrl value="Observation/85fd1372-cf02-49c6-bd45-7205f5541a66"/>
    <resource>
      <Observation>
        <id value="85fd1372-cf02-49c6-bd45-7205f5541a66"/>
        <meta>
          <profile value="http://medcomfhir.dk/ig/homecareobservation/StructureDefinition/medcom-homeCare-observation"/>
        </meta>
        <text>
          <status value="generated"/><div xmlns="http://www.w3.org/1999/xhtml"><p><b>Generated Narrative: Observation</b><a name="85fd1372-cf02-49c6-bd45-7205f5541a66"> </a></p><div style="display: inline-block; background-color: #d9e0e7; padding: 6px; margin: 4px; border: 1px solid #8da1b4; border-radius: 5px; line-height: 60%"><p style="margin-bottom: 0px">Resource Observation &quot;85fd1372-cf02-49c6-bd45-7205f5541a66&quot; </p><p style="margin-bottom: 0px">Profile: <a href="StructureDefinition-medcom-homeCare-observation.html">MedComHomeCareObservation</a></p></div><p><b>status</b>: final</p><p><b>code</b>: Pt—Legeme; temp. = ? °C <span style="background: LightGoldenRodYellow; margin: 4px; border: 1px solid khaki"> (unknown#NPU08676)</span></p><p><b>subject</b>: <a href="#Patient_bbcd4817-1c4b-4089-a712-346f65ec16f9">See above (Patient/bbcd4817-1c4b-4089-a712-346f65ec16f9)</a></p><p><b>effective</b>: 2023-09-13 09:24:12+0200</p><p><b>value</b>: 38.7 °C</p><p><b>interpretation</b>: NI <span style="background: LightGoldenRodYellow; margin: 4px; border: 1px solid khaki"> ([not stated]#NI)</span></p></div>
        </text>
        <status value="final"/>
        <code>
          <coding>
            <system value="urn:oid:1.2.208.176.2.1"/>
            <code value="NPU08676"/>
            <display value="Pt—Legeme; temp. = ? °C"/>
          </coding>
        </code>
        <subject>
          <reference value="Patient/bbcd4817-1c4b-4089-a712-346f65ec16f9"/>
        </subject>
        <effectiveDateTime value="2023-09-13T09:24:12+02:00"/>
        <valueQuantity>
          <value value="38.7"/>
          <unit value="°C"/>
        </valueQuantity>
        <interpretation>
          <coding>
            <code value="NI"/>
          </coding>
        </interpretation>
      </Observation>
    </resource>
  </entry>
  <entry>
    <fullUrl value="Observation/f64a0a78-53cf-4a7f-9b89-4a2338a4935c"/>
    <resource>
      <Observation>
        <id value="f64a0a78-53cf-4a7f-9b89-4a2338a4935c"/>
        <meta>
          <profile value="http://medcomfhir.dk/ig/homecareobservation/StructureDefinition/medcom-homeCare-observation"/>
        </meta>
        <text>
          <status value="generated"/><div xmlns="http://www.w3.org/1999/xhtml"><p><b>Generated Narrative: Observation</b><a name="f64a0a78-53cf-4a7f-9b89-4a2338a4935c"> </a></p><div style="display: inline-block; background-color: #d9e0e7; padding: 6px; margin: 4px; border: 1px solid #8da1b4; border-radius: 5px; line-height: 60%"><p style="margin-bottom: 0px">Resource Observation &quot;f64a0a78-53cf-4a7f-9b89-4a2338a4935c&quot; </p><p style="margin-bottom: 0px">Profile: <a href="StructureDefinition-medcom-homeCare-observation.html">MedComHomeCareObservation</a></p></div><p><b>status</b>: final</p><p><b>code</b>: Pt—Tidlig Opsporing af Begyndende Sygdom (TOBS) score; antal (værdi 0-15) = ? <span style="background: LightGoldenRodYellow; margin: 4px; border: 1px solid khaki"> (observation-code#MCS88125)</span></p><p><b>subject</b>: <a href="#Patient_bbcd4817-1c4b-4089-a712-346f65ec16f9">See above (Patient/bbcd4817-1c4b-4089-a712-346f65ec16f9)</a></p><p><b>effective</b>: 2023-09-13 09:24:13+0200</p><p><b>value</b>: 3</p><p><b>interpretation</b>: NI <span style="background: LightGoldenRodYellow; margin: 4px; border: 1px solid khaki"> ([not stated]#NI)</span></p></div>
        </text>
        <status value="final"/>
        <code>
          <coding>
            <system value="https://terminology.medcom.dk/fhir/observation-code"/>
            <code value="MCS88125"/>
            <display value="Pt—Tidlig Opsporing af Begyndende Sygdom (TOBS) score; antal (værdi 0-15) = ?"/>
          </coding>
        </code>
        <subject>
          <reference value="Patient/bbcd4817-1c4b-4089-a712-346f65ec16f9"/>
        </subject>
        <effectiveDateTime value="2023-09-13T09:24:13+02:00"/>
        <valueQuantity>
          <value value="3"/>
        </valueQuantity>
        <interpretation>
          <coding>
            <code value="NI"/>
          </coding>
        </interpretation>
      </Observation>
    </resource>
  </entry>
</Bundle>