[
  {
    "id" : "medcom.fhir.dk.hospitalnotification",
    "type" : "ImplementationGuide",
    "url" : "http://medcomfhir.dk/ig/hospitalnotification/ImplementationGuide/medcom.fhir.dk.hospitalnotification",
    "version" : "3.0.1",
    "name" : "MedComHospitalNotification"
  },
  {
    "id" : "medcom-hospitalNotification-encounter",
    "type" : "StructureDefinition",
    "url" : "http://medcomfhir.dk/ig/hospitalnotification/StructureDefinition/medcom-hospitalNotification-encounter",
    "version" : "3.0.1",
    "name" : "MedComHospitalNotificationEncounter"
  },
  {
    "id" : "medcom-hospitalNotification-message",
    "type" : "StructureDefinition",
    "url" : "http://medcomfhir.dk/ig/hospitalnotification/StructureDefinition/medcom-hospitalNotification-message",
    "version" : "3.0.1",
    "name" : "MedComHospitalNotificationMessage"
  },
  {
    "id" : "medcom-hospitalNotification-messageHeader",
    "type" : "StructureDefinition",
    "url" : "http://medcomfhir.dk/ig/hospitalnotification/StructureDefinition/medcom-hospitalNotification-messageHeader",
    "version" : "3.0.1",
    "name" : "MedComHospitalNotificationMessageHeader"
  },
  {
    "id" : "medcom-hospitalnotifiation-leave-period-extension",
    "type" : "StructureDefinition",
    "url" : "http://medcomfhir.dk/ig/hospitalnotification/StructureDefinition/medcom-hospitalnotifiation-leave-period-extension",
    "version" : "3.0.1",
    "name" : "MedComHospitalNotificationLeavePeriodExtension"
  },
  {
    "id" : "medcom-messaging-reportOfAdmissionExtension",
    "type" : "StructureDefinition",
    "url" : "http://medcomfhir.dk/ig/hospitalnotification/StructureDefinition/medcom-messaging-reportOfAdmissionExtension",
    "version" : "3.0.1",
    "name" : "MedComHospitalNotificationReportOfAdmissionExtension"
  },
  {
    "id" : "medcom-messaging-reportOfAdmissionRecipientExtension",
    "type" : "StructureDefinition",
    "url" : "http://medcomfhir.dk/ig/hospitalnotification/StructureDefinition/medcom-messaging-reportOfAdmissionRecipientExtension",
    "version" : "3.0.1",
    "name" : "MedComHospitalNotificationReportOfAdmissionRecipientExtension"
  }
]
