<?xml version="1.0" encoding="UTF-8"?><ImplementationGuide xmlns="http://hl7.org/fhir"><id value="medcom.fhir.dk.homecareobservation"/><text><status value="generated"/><div xmlns="http://www.w3.org/1999/xhtml"><p class="res-header-id"><b>Generated Narrative: ImplementationGuide medcom.fhir.dk.homecareobservation</b></p><a name="medcom.fhir.dk.homecareobservation"> </a><a name="hcmedcom.fhir.dk.homecareobservation"> </a><a name="medcom.fhir.dk.homecareobservation-da-DK"> </a><h2>MedComHomeCareObservation</h2><p>The official URL for this implementation guide is: </p><pre>http://medcomfhir.dk/ig/homecareobservation/ImplementationGuide/medcom.fhir.dk.homecareobservation</pre><div><p>Communication between general practitioners and municipal acute care team.</p>
</div></div></text><url value="http://medcomfhir.dk/ig/homecareobservation/ImplementationGuide/medcom.fhir.dk.homecareobservation"/><version value="1.1.0-trial-use"/><name value="MedComHomeCareObservation"/><title value="MedCom HomeCareObservation"/><status value="draft"/><date value="2025-07-08T10:47:31+00:00"/><publisher value="MedCom"/><contact><name value="MedCom"/><telecom><system value="url"/><value value="http://www.medcom.dk"/></telecom><telecom><system value="email"/><value value="fhir@medcom.dk"/></telecom></contact><description value="Communication between general practitioners and municipal acute care team."/><jurisdiction><coding><system value="urn:iso:std:iso:3166"/><code value="DK"/><display value="Denmark"/></coding></jurisdiction><packageId value="medcom.fhir.dk.homecareobservation"/><license value="CC0-1.0"/><fhirVersion value="4.0.1"/><dependsOn id="hl7tx"><extension url="http://hl7.org/fhir/tools/StructureDefinition/implementationguide-dependency-comment"><valueMarkdown value="Automatically added as a dependency - all IGs depend on HL7 Terminology"/></extension><uri value="http://terminology.hl7.org/ImplementationGuide/hl7.terminology"/><packageId value="hl7.terminology.r4"/><version value="6.5.0"/></dependsOn><dependsOn id="hl7ext"><extension url="http://hl7.org/fhir/tools/StructureDefinition/implementationguide-dependency-comment"><valueMarkdown value="Automatically added as a dependency - all IGs depend on the HL7 Extension Pack"/></extension><uri value="http://hl7.org/fhir/extensions/ImplementationGuide/hl7.fhir.uv.extensions"/><packageId value="hl7.fhir.uv.extensions.r4"/><version value="5.2.0"/></dependsOn><dependsOn id="hl7_fhir_dk_core"><uri value="http://hl7.dk/fhir/core/ImplementationGuide/hl7.fhir.dk.core"/><packageId value="hl7.fhir.dk.core"/><version value="3.4.0"/></dependsOn><dependsOn id="medcom_fhir_dk_terminology"><uri value="http://medcomfhir.dk/ig/terminology/ImplementationGuide/medcom.fhir.dk.terminology"/><packageId value="medcom.fhir.dk.terminology"/><version value="2.0.0-draft"/></dependsOn><dependsOn id="medcom_fhir_dk_core"><uri value="http://medcomfhir.dk/ig/core/ImplementationGuide/medcom.fhir.dk.core"/><packageId value="medcom.fhir.dk.core"/><version value="2.4.0"/></dependsOn><dependsOn id="medcom_fhir_dk_messaging"><uri value="http://medcomfhir.dk/ig/messaging/ImplementationGuide/medcom.fhir.dk.messaging"/><packageId value="medcom.fhir.dk.messaging"/><version value="3.0.0"/></dependsOn><dependsOn id="medcom_fhir_dk_messagedefinitions"><uri value="http://medcomfhir.dk/ig/messagedefinitions/ImplementationGuide/medcom.fhir.dk.messagedefinitions"/><packageId value="medcom.fhir.dk.messagedefinitions"/><version value="1.0.0-trial-use"/></dependsOn><definition><extension url="http://hl7.org/fhir/tools/StructureDefinition/ig-parameter"><extension url="code"><valueString value="copyrightyear"/></extension><extension url="value"><valueString value="2023+"/></extension></extension><extension url="http://hl7.org/fhir/tools/StructureDefinition/ig-parameter"><extension url="code"><valueString value="releaselabel"/></extension><extension url="value"><valueString value="release"/></extension></extension><extension url="http://hl7.org/fhir/tools/StructureDefinition/ig-parameter"><extension url="code"><valueString value="apply-version"/></extension><extension url="value"><valueString value="false"/></extension></extension><extension url="http://hl7.org/fhir/tools/StructureDefinition/ig-parameter"><extension url="code"><valueString value="default-version"/></extension><extension url="value"><valueString value="true"/></extension></extension><extension url="http://hl7.org/fhir/tools/StructureDefinition/ig-parameter"><extension url="code"><valueString value="apply-publisher"/></extension><extension url="value"><valueString value="false"/></extension></extension><extension url="http://hl7.org/fhir/tools/StructureDefinition/ig-parameter"><extension url="code"><valueString value="default-publisher"/></extension><extension url="value"><valueString value="true"/></extension></extension><extension url="http://hl7.org/fhir/tools/StructureDefinition/ig-parameter"><extension url="code"><valueString value="pin-canonicals"/></extension><extension url="value"><valueString value="pin-multiples"/></extension></extension><extension url="http://hl7.org/fhir/tools/StructureDefinition/ig-parameter"><extension url="code"><valueString value="excludettl"/></extension><extension url="value"><valueString value="true"/></extension></extension><extension url="http://hl7.org/fhir/tools/StructureDefinition/ig-parameter"><extension url="code"><valueString value="autoload-resources"/></extension><extension url="value"><valueString value="true"/></extension></extension><extension url="http://hl7.org/fhir/tools/StructureDefinition/ig-parameter"><extension url="code"><valueString value="path-liquid"/></extension><extension url="value"><valueString value="template/liquid"/></extension></extension><extension url="http://hl7.org/fhir/tools/StructureDefinition/ig-parameter"><extension url="code"><valueString value="path-liquid"/></extension><extension url="value"><valueString value="input/liquid"/></extension></extension><extension url="http://hl7.org/fhir/tools/StructureDefinition/ig-parameter"><extension url="code"><valueString value="path-qa"/></extension><extension url="value"><valueString value="temp/qa"/></extension></extension><extension url="http://hl7.org/fhir/tools/StructureDefinition/ig-parameter"><extension url="code"><valueString value="path-temp"/></extension><extension url="value"><valueString value="temp/pages"/></extension></extension><extension url="http://hl7.org/fhir/tools/StructureDefinition/ig-parameter"><extension url="code"><valueString value="path-output"/></extension><extension url="value"><valueString value="output"/></extension></extension><extension url="http://hl7.org/fhir/tools/StructureDefinition/ig-parameter"><extension url="code"><valueString value="path-suppressed-warnings"/></extension><extension url="value"><valueString value="input/ignoreWarnings.txt"/></extension></extension><extension url="http://hl7.org/fhir/tools/StructureDefinition/ig-parameter"><extension url="code"><valueString value="path-history"/></extension><extension url="value"><valueString value="http://medcomfhir.dk/ig/homecareobservation/history.html"/></extension></extension><extension url="http://hl7.org/fhir/tools/StructureDefinition/ig-parameter"><extension url="code"><valueString value="template-html"/></extension><extension url="value"><valueString value="template-page.html"/></extension></extension><extension url="http://hl7.org/fhir/tools/StructureDefinition/ig-parameter"><extension url="code"><valueString value="template-md"/></extension><extension url="value"><valueString value="template-page-md.html"/></extension></extension><extension url="http://hl7.org/fhir/tools/StructureDefinition/ig-parameter"><extension url="code"><valueString value="apply-contact"/></extension><extension url="value"><valueString value="true"/></extension></extension><extension url="http://hl7.org/fhir/tools/StructureDefinition/ig-parameter"><extension url="code"><valueString value="apply-context"/></extension><extension url="value"><valueString value="true"/></extension></extension><extension url="http://hl7.org/fhir/tools/StructureDefinition/ig-parameter"><extension url="code"><valueString value="apply-copyright"/></extension><extension url="value"><valueString value="true"/></extension></extension><extension url="http://hl7.org/fhir/tools/StructureDefinition/ig-parameter"><extension url="code"><valueString value="apply-jurisdiction"/></extension><extension url="value"><valueString value="true"/></extension></extension><extension url="http://hl7.org/fhir/tools/StructureDefinition/ig-parameter"><extension url="code"><valueString value="apply-license"/></extension><extension url="value"><valueString value="true"/></extension></extension><extension url="http://hl7.org/fhir/tools/StructureDefinition/ig-parameter"><extension url="code"><valueString value="apply-wg"/></extension><extension url="value"><valueString value="true"/></extension></extension><extension url="http://hl7.org/fhir/tools/StructureDefinition/ig-parameter"><extension url="code"><valueString value="active-tables"/></extension><extension url="value"><valueString value="true"/></extension></extension><extension url="http://hl7.org/fhir/tools/StructureDefinition/ig-parameter"><extension url="code"><valueString value="fmm-definition"/></extension><extension url="value"><valueString value="http://hl7.org/fhir/versions.html#maturity"/></extension></extension><extension url="http://hl7.org/fhir/tools/StructureDefinition/ig-parameter"><extension url="code"><valueString value="propagate-status"/></extension><extension url="value"><valueString value="true"/></extension></extension><extension url="http://hl7.org/fhir/tools/StructureDefinition/ig-parameter"><extension url="code"><valueString value="excludelogbinaryformat"/></extension><extension url="value"><valueString value="true"/></extension></extension><extension url="http://hl7.org/fhir/tools/StructureDefinition/ig-parameter"><extension url="code"><valueString value="tabbed-snapshots"/></extension><extension url="value"><valueString value="true"/></extension></extension><extension url="http://hl7.org/fhir/tools/StructureDefinition/ig-internal-dependency"><valueCode value="hl7.fhir.uv.tools.r4#0.5.0"/></extension><extension url="http://hl7.org/fhir/tools/StructureDefinition/ig-parameter"><extension url="code"><valueCode value="copyrightyear"/></extension><extension url="value"><valueString value="2023+"/></extension></extension><extension url="http://hl7.org/fhir/tools/StructureDefinition/ig-parameter"><extension url="code"><valueCode value="releaselabel"/></extension><extension url="value"><valueString value="release"/></extension></extension><extension url="http://hl7.org/fhir/tools/StructureDefinition/ig-parameter"><extension url="code"><valueCode value="apply-version"/></extension><extension url="value"><valueString value="false"/></extension></extension><extension url="http://hl7.org/fhir/tools/StructureDefinition/ig-parameter"><extension url="code"><valueCode value="default-version"/></extension><extension url="value"><valueString value="true"/></extension></extension><extension url="http://hl7.org/fhir/tools/StructureDefinition/ig-parameter"><extension url="code"><valueCode value="apply-publisher"/></extension><extension url="value"><valueString value="false"/></extension></extension><extension url="http://hl7.org/fhir/tools/StructureDefinition/ig-parameter"><extension url="code"><valueCode value="default-publisher"/></extension><extension url="value"><valueString value="true"/></extension></extension><extension url="http://hl7.org/fhir/tools/StructureDefinition/ig-parameter"><extension url="code"><valueCode value="pin-canonicals"/></extension><extension url="value"><valueString value="pin-multiples"/></extension></extension><extension url="http://hl7.org/fhir/tools/StructureDefinition/ig-parameter"><extension url="code"><valueCode value="excludettl"/></extension><extension url="value"><valueString value="true"/></extension></extension><extension url="http://hl7.org/fhir/tools/StructureDefinition/ig-parameter"><extension url="code"><valueCode value="autoload-resources"/></extension><extension url="value"><valueString value="true"/></extension></extension><extension url="http://hl7.org/fhir/tools/StructureDefinition/ig-parameter"><extension url="code"><valueCode value="path-liquid"/></extension><extension url="value"><valueString value="template/liquid"/></extension></extension><extension url="http://hl7.org/fhir/tools/StructureDefinition/ig-parameter"><extension url="code"><valueCode value="path-liquid"/></extension><extension url="value"><valueString value="input/liquid"/></extension></extension><extension url="http://hl7.org/fhir/tools/StructureDefinition/ig-parameter"><extension url="code"><valueCode value="path-qa"/></extension><extension url="value"><valueString value="temp/qa"/></extension></extension><extension url="http://hl7.org/fhir/tools/StructureDefinition/ig-parameter"><extension url="code"><valueCode value="path-temp"/></extension><extension url="value"><valueString value="temp/pages"/></extension></extension><extension url="http://hl7.org/fhir/tools/StructureDefinition/ig-parameter"><extension url="code"><valueCode value="path-output"/></extension><extension url="value"><valueString value="output"/></extension></extension><extension url="http://hl7.org/fhir/tools/StructureDefinition/ig-parameter"><extension url="code"><valueCode value="path-suppressed-warnings"/></extension><extension url="value"><valueString value="input/ignoreWarnings.txt"/></extension></extension><extension url="http://hl7.org/fhir/tools/StructureDefinition/ig-parameter"><extension url="code"><valueCode value="path-history"/></extension><extension url="value"><valueString value="http://medcomfhir.dk/ig/homecareobservation/history.html"/></extension></extension><extension url="http://hl7.org/fhir/tools/StructureDefinition/ig-parameter"><extension url="code"><valueCode value="template-html"/></extension><extension url="value"><valueString value="template-page.html"/></extension></extension><extension url="http://hl7.org/fhir/tools/StructureDefinition/ig-parameter"><extension url="code"><valueCode value="template-md"/></extension><extension url="value"><valueString value="template-page-md.html"/></extension></extension><extension url="http://hl7.org/fhir/tools/StructureDefinition/ig-parameter"><extension url="code"><valueCode value="apply-contact"/></extension><extension url="value"><valueString value="true"/></extension></extension><extension url="http://hl7.org/fhir/tools/StructureDefinition/ig-parameter"><extension url="code"><valueCode value="apply-context"/></extension><extension url="value"><valueString value="true"/></extension></extension><extension url="http://hl7.org/fhir/tools/StructureDefinition/ig-parameter"><extension url="code"><valueCode value="apply-copyright"/></extension><extension url="value"><valueString value="true"/></extension></extension><extension url="http://hl7.org/fhir/tools/StructureDefinition/ig-parameter"><extension url="code"><valueCode value="apply-jurisdiction"/></extension><extension url="value"><valueString value="true"/></extension></extension><extension url="http://hl7.org/fhir/tools/StructureDefinition/ig-parameter"><extension url="code"><valueCode value="apply-license"/></extension><extension url="value"><valueString value="true"/></extension></extension><extension url="http://hl7.org/fhir/tools/StructureDefinition/ig-parameter"><extension url="code"><valueCode value="apply-wg"/></extension><extension url="value"><valueString value="true"/></extension></extension><extension url="http://hl7.org/fhir/tools/StructureDefinition/ig-parameter"><extension url="code"><valueCode value="active-tables"/></extension><extension url="value"><valueString value="true"/></extension></extension><extension url="http://hl7.org/fhir/tools/StructureDefinition/ig-parameter"><extension url="code"><valueCode value="fmm-definition"/></extension><extension url="value"><valueString value="http://hl7.org/fhir/versions.html#maturity"/></extension></extension><extension url="http://hl7.org/fhir/tools/StructureDefinition/ig-parameter"><extension url="code"><valueCode value="propagate-status"/></extension><extension url="value"><valueString value="true"/></extension></extension><extension url="http://hl7.org/fhir/tools/StructureDefinition/ig-parameter"><extension url="code"><valueCode value="excludelogbinaryformat"/></extension><extension url="value"><valueString value="true"/></extension></extension><extension url="http://hl7.org/fhir/tools/StructureDefinition/ig-parameter"><extension url="code"><valueCode value="tabbed-snapshots"/></extension><extension url="value"><valueString value="true"/></extension></extension><extension url="http://hl7.org/fhir/tools/StructureDefinition/ig-parameter"><extension url="code"><valueCode value="copyrightyear"/></extension><extension url="value"><valueString value="2023+"/></extension></extension><extension url="http://hl7.org/fhir/tools/StructureDefinition/ig-parameter"><extension url="code"><valueCode value="releaselabel"/></extension><extension url="value"><valueString value="release"/></extension></extension><extension url="http://hl7.org/fhir/tools/StructureDefinition/ig-parameter"><extension url="code"><valueCode value="apply-version"/></extension><extension url="value"><valueString value="false"/></extension></extension><extension url="http://hl7.org/fhir/tools/StructureDefinition/ig-parameter"><extension url="code"><valueCode value="default-version"/></extension><extension url="value"><valueString value="true"/></extension></extension><extension url="http://hl7.org/fhir/tools/StructureDefinition/ig-parameter"><extension url="code"><valueCode value="apply-publisher"/></extension><extension url="value"><valueString value="false"/></extension></extension><extension url="http://hl7.org/fhir/tools/StructureDefinition/ig-parameter"><extension url="code"><valueCode value="default-publisher"/></extension><extension url="value"><valueString value="true"/></extension></extension><extension url="http://hl7.org/fhir/tools/StructureDefinition/ig-parameter"><extension url="code"><valueCode value="pin-canonicals"/></extension><extension url="value"><valueString value="pin-multiples"/></extension></extension><extension url="http://hl7.org/fhir/tools/StructureDefinition/ig-parameter"><extension url="code"><valueCode value="excludettl"/></extension><extension url="value"><valueString value="true"/></extension></extension><extension url="http://hl7.org/fhir/tools/StructureDefinition/ig-parameter"><extension url="code"><valueCode value="autoload-resources"/></extension><extension url="value"><valueString value="true"/></extension></extension><extension url="http://hl7.org/fhir/tools/StructureDefinition/ig-parameter"><extension url="code"><valueCode value="path-liquid"/></extension><extension url="value"><valueString value="template/liquid"/></extension></extension><extension url="http://hl7.org/fhir/tools/StructureDefinition/ig-parameter"><extension url="code"><valueCode value="path-liquid"/></extension><extension url="value"><valueString value="input/liquid"/></extension></extension><extension url="http://hl7.org/fhir/tools/StructureDefinition/ig-parameter"><extension url="code"><valueCode value="path-qa"/></extension><extension url="value"><valueString value="temp/qa"/></extension></extension><extension url="http://hl7.org/fhir/tools/StructureDefinition/ig-parameter"><extension url="code"><valueCode value="path-temp"/></extension><extension url="value"><valueString value="temp/pages"/></extension></extension><extension url="http://hl7.org/fhir/tools/StructureDefinition/ig-parameter"><extension url="code"><valueCode value="path-output"/></extension><extension url="value"><valueString value="output"/></extension></extension><extension url="http://hl7.org/fhir/tools/StructureDefinition/ig-parameter"><extension url="code"><valueCode value="path-suppressed-warnings"/></extension><extension url="value"><valueString value="input/ignoreWarnings.txt"/></extension></extension><extension url="http://hl7.org/fhir/tools/StructureDefinition/ig-parameter"><extension url="code"><valueCode value="path-history"/></extension><extension url="value"><valueString value="http://medcomfhir.dk/ig/homecareobservation/history.html"/></extension></extension><extension url="http://hl7.org/fhir/tools/StructureDefinition/ig-parameter"><extension url="code"><valueCode value="template-html"/></extension><extension url="value"><valueString value="template-page.html"/></extension></extension><extension url="http://hl7.org/fhir/tools/StructureDefinition/ig-parameter"><extension url="code"><valueCode value="template-md"/></extension><extension url="value"><valueString value="template-page-md.html"/></extension></extension><extension url="http://hl7.org/fhir/tools/StructureDefinition/ig-parameter"><extension url="code"><valueCode value="apply-contact"/></extension><extension url="value"><valueString value="true"/></extension></extension><extension url="http://hl7.org/fhir/tools/StructureDefinition/ig-parameter"><extension url="code"><valueCode value="apply-context"/></extension><extension url="value"><valueString value="true"/></extension></extension><extension url="http://hl7.org/fhir/tools/StructureDefinition/ig-parameter"><extension url="code"><valueCode value="apply-copyright"/></extension><extension url="value"><valueString value="true"/></extension></extension><extension url="http://hl7.org/fhir/tools/StructureDefinition/ig-parameter"><extension url="code"><valueCode value="apply-jurisdiction"/></extension><extension url="value"><valueString value="true"/></extension></extension><extension url="http://hl7.org/fhir/tools/StructureDefinition/ig-parameter"><extension url="code"><valueCode value="apply-license"/></extension><extension url="value"><valueString value="true"/></extension></extension><extension url="http://hl7.org/fhir/tools/StructureDefinition/ig-parameter"><extension url="code"><valueCode value="apply-wg"/></extension><extension url="value"><valueString value="true"/></extension></extension><extension url="http://hl7.org/fhir/tools/StructureDefinition/ig-parameter"><extension url="code"><valueCode value="active-tables"/></extension><extension url="value"><valueString value="true"/></extension></extension><extension url="http://hl7.org/fhir/tools/StructureDefinition/ig-parameter"><extension url="code"><valueCode value="fmm-definition"/></extension><extension url="value"><valueString value="http://hl7.org/fhir/versions.html#maturity"/></extension></extension><extension url="http://hl7.org/fhir/tools/StructureDefinition/ig-parameter"><extension url="code"><valueCode value="propagate-status"/></extension><extension url="value"><valueString value="true"/></extension></extension><extension url="http://hl7.org/fhir/tools/StructureDefinition/ig-parameter"><extension url="code"><valueCode value="excludelogbinaryformat"/></extension><extension url="value"><valueString value="true"/></extension></extension><extension url="http://hl7.org/fhir/tools/StructureDefinition/ig-parameter"><extension url="code"><valueCode value="tabbed-snapshots"/></extension><extension url="value"><valueString value="true"/></extension></extension><grouping id="-str-profile"><name value="Structures: Resource Profiles"/><description value="These define constraints on FHIR resources for systems conforming to this implementation guide."/></grouping><grouping id="-ex-example"><name value="Example: Example Instances"/><description value="These are example instances that show what data produced and consumed by systems conforming with this implementation guide might look like."/></grouping><resource><extension url="http://hl7.org/fhir/tools/StructureDefinition/resource-sort"><valueInteger value="999999999"/></extension><extension url="http://hl7.org/fhir/StructureDefinition/implementationguide-page"><valueUri value="StructureDefinition-medcom-homecare-observation.html"/></extension><reference><reference value="StructureDefinition/medcom-homecare-observation"/></reference><name value="MedComHomeCareObservation"/><description value="This profile is intended to be used in HomeCareObservation to hold information about the observation results."/><exampleBoolean value="false"/><groupingId value="-str-profile"/></resource><resource><extension url="http://hl7.org/fhir/tools/StructureDefinition/resource-sort"><valueInteger value="999999999"/></extension><extension url="http://hl7.org/fhir/StructureDefinition/implementationguide-page"><valueUri value="StructureDefinition-medcom-homecareobservation-diagnosticreport.html"/></extension><reference><reference value="StructureDefinition/medcom-homecareobservation-diagnosticreport"/></reference><name value="MedComHomeCareObservationDiagnosticReport"/><description value="This resource is intended to be used in relation with a HomeCareObservation message"/><exampleBoolean value="false"/><groupingId value="-str-profile"/></resource><resource><extension url="http://hl7.org/fhir/tools/StructureDefinition/resource-sort"><valueInteger value="999999999"/></extension><extension url="http://hl7.org/fhir/StructureDefinition/implementationguide-page"><valueUri value="StructureDefinition-medcom-homecareobservation-message.html"/></extension><reference><reference value="StructureDefinition/medcom-homecareobservation-message"/></reference><name value="MedComHomeCareObservationMessage"/><description value="The HomeCareObservation Message is used in exchange of the observations results performed by the municipal acute care team to the general practitioner."/><exampleBoolean value="false"/><groupingId value="-str-profile"/></resource><resource><extension url="http://hl7.org/fhir/tools/StructureDefinition/resource-sort"><valueInteger value="999999999"/></extension><extension url="http://hl7.org/fhir/StructureDefinition/implementationguide-page"><valueUri value="StructureDefinition-medcom-homecareobservation-messageheader.html"/></extension><reference><reference value="StructureDefinition/medcom-homecareobservation-messageheader"/></reference><name value="MedComHomeCareObservationMessageHeader"/><description value="MessageHeader for HomeCareObservation"/><exampleBoolean value="false"/><groupingId value="-str-profile"/></resource><resource><extension url="http://hl7.org/fhir/tools/StructureDefinition/resource-sort"><valueInteger value="999999999"/></extension><extension url="http://hl7.org/fhir/StructureDefinition/implementationguide-page"><valueUri value="Practitioner-70f14d25-0979-4192-8da2-0c0a3950f4b1.html"/></extension><reference><reference value="Practitioner/70f14d25-0979-4192-8da2-0c0a3950f4b1"/></reference><name value="Acute nurse"/><description value="Acute nurse"/><exampleBoolean value="true"/><groupingId value="-ex-example"/></resource><resource><extension url="http://hl7.org/fhir/tools/StructureDefinition/resource-sort"><valueInteger value="999999999"/></extension><extension url="http://hl7.org/fhir/StructureDefinition/implementationguide-page"><valueUri value="Practitioner-b56708c6-2df3-4e4a-a110-2f924b9fc072.html"/></extension><reference><reference value="Practitioner/b56708c6-2df3-4e4a-a110-2f924b9fc072"/></reference><name value="Acute nurse"/><description value="Acute nurse"/><exampleBoolean value="true"/><groupingId value="-ex-example"/></resource><resource><extension url="http://hl7.org/fhir/tools/StructureDefinition/resource-sort"><valueInteger value="999999999"/></extension><extension url="http://hl7.org/fhir/StructureDefinition/implementationguide-page"><valueUri value="Practitioner-be9f367d-a84a-4815-90a8-c83a03813fd8.html"/></extension><reference><reference value="Practitioner/be9f367d-a84a-4815-90a8-c83a03813fd8"/></reference><name value="Acute nurse"/><description value="Acute nurse"/><exampleBoolean value="true"/><groupingId value="-ex-example"/></resource><resource><extension url="http://hl7.org/fhir/tools/StructureDefinition/resource-sort"><valueInteger value="999999999"/></extension><extension url="http://hl7.org/fhir/StructureDefinition/implementationguide-page"><valueUri value="Observation-1e2351e2-77df-4135-a77b-6a4c39e4a4ca.html"/></extension><reference><reference value="Observation/1e2351e2-77df-4135-a77b-6a4c39e4a4ca"/></reference><name value="Basofilocyt observation"/><description value="Basofilocyt observation performed on a subject by the acute care team"/><exampleCanonical value="http://medcomfhir.dk/ig/homecareobservation/StructureDefinition/medcom-homecare-observation"/><groupingId value="-ex-example"/></resource><resource><extension url="http://hl7.org/fhir/tools/StructureDefinition/resource-sort"><valueInteger value="999999999"/></extension><extension url="http://hl7.org/fhir/StructureDefinition/implementationguide-page"><valueUri value="Patient-733cef33-3626-422b-955d-d506aaa65fe1.html"/></extension><reference><reference value="Patient/733cef33-3626-422b-955d-d506aaa65fe1"/></reference><name value="Bruno Test Elmer"/><description value="Patient described with minimal information. Valid only if used in a Bundle."/><exampleBoolean value="true"/><groupingId value="-ex-example"/></resource><resource><extension url="http://hl7.org/fhir/tools/StructureDefinition/resource-sort"><valueInteger value="999999999"/></extension><extension url="http://hl7.org/fhir/StructureDefinition/implementationguide-page"><valueUri value="Patient-99f5578f-c9d3-4d8c-aa3e-21690e03e27c.html"/></extension><reference><reference value="Patient/99f5578f-c9d3-4d8c-aa3e-21690e03e27c"/></reference><name value="Bruno Test Elmer"/><description value="Patient described with minimal information. Valid only if used in a Bundle."/><exampleBoolean value="true"/><groupingId value="-ex-example"/></resource><resource><extension url="http://hl7.org/fhir/tools/StructureDefinition/resource-sort"><valueInteger value="999999999"/></extension><extension url="http://hl7.org/fhir/StructureDefinition/implementationguide-page"><valueUri value="Patient-bbcd4817-1c4b-4089-a712-346f65ec16f9.html"/></extension><reference><reference value="Patient/bbcd4817-1c4b-4089-a712-346f65ec16f9"/></reference><name value="Bruno Test Elmer"/><description value="Patient described with minimal information. Valid only if used in a Bundle."/><exampleBoolean value="true"/><groupingId value="-ex-example"/></resource><resource><extension url="http://hl7.org/fhir/tools/StructureDefinition/resource-sort"><valueInteger value="999999999"/></extension><extension url="http://hl7.org/fhir/StructureDefinition/implementationguide-page"><valueUri value="Observation-7fcb76a7-839b-4392-a2ff-f30035faca34.html"/></extension><reference><reference value="Observation/7fcb76a7-839b-4392-a2ff-f30035faca34"/></reference><name value="C-reaktive protein [CRP];P"/><description value="C-reaktive protein [CRP] test performed by acute care team on the subject."/><exampleCanonical value="http://medcomfhir.dk/ig/homecareobservation/StructureDefinition/medcom-homecare-observation"/><groupingId value="-ex-example"/></resource><resource><extension url="http://hl7.org/fhir/tools/StructureDefinition/resource-sort"><valueInteger value="999999999"/></extension><extension url="http://hl7.org/fhir/StructureDefinition/implementationguide-page"><valueUri value="DiagnosticReport-4f013d3a-575c-447d-83e1-7a5fb7f7b0de.html"/></extension><reference><reference value="DiagnosticReport/4f013d3a-575c-447d-83e1-7a5fb7f7b0de"/></reference><name value="Cancelled HomeCareDiagnosticReport: TOBS and ABC examination"/><description value="Example of a cancelled HomeCareDiagnosticReport, with TOBS and ABC examination of Elmer"/><exampleCanonical value="http://medcomfhir.dk/ig/homecareobservation/StructureDefinition/medcom-homecareobservation-diagnosticreport"/><groupingId value="-ex-example"/></resource><resource><extension url="http://hl7.org/fhir/tools/StructureDefinition/resource-sort"><valueInteger value="999999999"/></extension><extension url="http://hl7.org/fhir/StructureDefinition/implementationguide-page"><valueUri value="Observation-470d39e4-d3f9-4301-82eb-b957ba33475e.html"/></extension><reference><reference value="Observation/470d39e4-d3f9-4301-82eb-b957ba33475e"/></reference><name value="Coagulation factor test"/><description value="Coagulation factor on the subject"/><exampleCanonical value="http://medcomfhir.dk/ig/homecareobservation/StructureDefinition/medcom-homecare-observation"/><groupingId value="-ex-example"/></resource><resource><extension url="http://hl7.org/fhir/tools/StructureDefinition/resource-sort"><valueInteger value="999999999"/></extension><extension url="http://hl7.org/fhir/StructureDefinition/implementationguide-page"><valueUri value="Observation-6bf03841-8397-4a2a-9f9a-8966b0cfa571.html"/></extension><reference><reference value="Observation/6bf03841-8397-4a2a-9f9a-8966b0cfa571"/></reference><name value="Consciousness"/><description value="Consciousness of Elmer"/><exampleCanonical value="http://medcomfhir.dk/ig/homecareobservation/StructureDefinition/medcom-homecare-observation"/><groupingId value="-ex-example"/></resource><resource><extension url="http://hl7.org/fhir/tools/StructureDefinition/resource-sort"><valueInteger value="999999999"/></extension><extension url="http://hl7.org/fhir/StructureDefinition/implementationguide-page"><valueUri value="Observation-b22fcbe0-4977-433e-ad1c-d6545bc8c1cb.html"/></extension><reference><reference value="Observation/b22fcbe0-4977-433e-ad1c-d6545bc8c1cb"/></reference><name value="Eosinofilocyt observation"/><description value="Eosinofilocyt observation performed on a subject by the acute care team"/><exampleCanonical value="http://medcomfhir.dk/ig/homecareobservation/StructureDefinition/medcom-homecare-observation"/><groupingId value="-ex-example"/></resource><resource><extension url="http://hl7.org/fhir/tools/StructureDefinition/resource-sort"><valueInteger value="999999999"/></extension><extension url="http://hl7.org/fhir/StructureDefinition/implementationguide-page"><valueUri value="Organization-1ab9c2d9-c348-4d75-9122-60ea8a6fdcf1.html"/></extension><reference><reference value="Organization/1ab9c2d9-c348-4d75-9122-60ea8a6fdcf1"/></reference><name value="Example of a reciever organization with a SOR, an EAN  and Ydrenummer identifier."/><description value="Example of an organization with a SOR and an EAN and Ydrenummer identifier."/><exampleBoolean value="true"/><groupingId value="-ex-example"/></resource><resource><extension url="http://hl7.org/fhir/tools/StructureDefinition/resource-sort"><valueInteger value="999999999"/></extension><extension url="http://hl7.org/fhir/StructureDefinition/implementationguide-page"><valueUri value="Organization-42541447-b58c-4a1a-9514-02b80494bbd3.html"/></extension><reference><reference value="Organization/42541447-b58c-4a1a-9514-02b80494bbd3"/></reference><name value="Example of a reciever organization with a SOR, an EAN  and Ydrenummer identifier."/><description value="Example of an organization with a SOR and an EAN and Ydrenummer identifier."/><exampleBoolean value="true"/><groupingId value="-ex-example"/></resource><resource><extension url="http://hl7.org/fhir/tools/StructureDefinition/resource-sort"><valueInteger value="999999999"/></extension><extension url="http://hl7.org/fhir/StructureDefinition/implementationguide-page"><valueUri value="Organization-d1c1fa90-2c7e-4dd7-b2e8-e40281635a98.html"/></extension><reference><reference value="Organization/d1c1fa90-2c7e-4dd7-b2e8-e40281635a98"/></reference><name value="Example of a reciever organization with a SOR, an EAN  and Ydrenummer identifier."/><description value="Example of an organization with a SOR and an EAN and Ydrenummer identifier."/><exampleBoolean value="true"/><groupingId value="-ex-example"/></resource><resource><extension url="http://hl7.org/fhir/tools/StructureDefinition/resource-sort"><valueInteger value="999999999"/></extension><extension url="http://hl7.org/fhir/StructureDefinition/implementationguide-page"><valueUri value="Organization-ef5cb9a6-835f-4d18-a34e-179c578b9a2a.html"/></extension><reference><reference value="Organization/ef5cb9a6-835f-4d18-a34e-179c578b9a2a"/></reference><name value="Example of a sender organization with a SOR, an EAN identifier, and ProdcentID"/><description value="Example of an organization with a SOR and an EAN identifier."/><exampleBoolean value="true"/><groupingId value="-ex-example"/></resource><resource><extension url="http://hl7.org/fhir/tools/StructureDefinition/resource-sort"><valueInteger value="999999999"/></extension><extension url="http://hl7.org/fhir/StructureDefinition/implementationguide-page"><valueUri value="Organization-72cc3a2c-1dda-4b95-b50a-0f7ac19640f4.html"/></extension><reference><reference value="Organization/72cc3a2c-1dda-4b95-b50a-0f7ac19640f4"/></reference><name value="Example of a sender organization with a SOR, and an EAN identifier and producentID."/><description value="Example of an organization with a SOR, an EAN identifier and ProducentID."/><exampleBoolean value="true"/><groupingId value="-ex-example"/></resource><resource><extension url="http://hl7.org/fhir/tools/StructureDefinition/resource-sort"><valueInteger value="999999999"/></extension><extension url="http://hl7.org/fhir/StructureDefinition/implementationguide-page"><valueUri value="Organization-a0330c62-fe29-4719-83fa-a94959084f29.html"/></extension><reference><reference value="Organization/a0330c62-fe29-4719-83fa-a94959084f29"/></reference><name value="Example of a sender organization with a SOR, and an EAN identifier and producentID."/><description value="Example of an organization with a SOR, an EAN identifier and ProducentID."/><exampleBoolean value="true"/><groupingId value="-ex-example"/></resource><resource><extension url="http://hl7.org/fhir/tools/StructureDefinition/resource-sort"><valueInteger value="999999999"/></extension><extension url="http://hl7.org/fhir/StructureDefinition/implementationguide-page"><valueUri value="Observation-0e4a5452-1804-42d3-82ed-484df20a09f0.html"/></extension><reference><reference value="Observation/0e4a5452-1804-42d3-82ed-484df20a09f0"/></reference><name value="Glucose measurement"/><description value="Glucose measurement on the subject."/><exampleCanonical value="http://medcomfhir.dk/ig/homecareobservation/StructureDefinition/medcom-homecare-observation"/><groupingId value="-ex-example"/></resource><resource><extension url="http://hl7.org/fhir/tools/StructureDefinition/resource-sort"><valueInteger value="999999999"/></extension><extension url="http://hl7.org/fhir/StructureDefinition/implementationguide-page"><valueUri value="Observation-ba691ee4-6d38-4f5b-82f1-40b54e3b8ad1.html"/></extension><reference><reference value="Observation/ba691ee4-6d38-4f5b-82f1-40b54e3b8ad1"/></reference><name value="Heart Rate"/><description value="HeartRate of Elmer"/><exampleCanonical value="http://medcomfhir.dk/ig/homecareobservation/StructureDefinition/medcom-homecare-observation"/><groupingId value="-ex-example"/></resource><resource><extension url="http://hl7.org/fhir/tools/StructureDefinition/resource-sort"><valueInteger value="999999999"/></extension><extension url="http://hl7.org/fhir/StructureDefinition/implementationguide-page"><valueUri value="Provenance-babb316c-796c-4d10-b97b-45274b5a0c44.html"/></extension><reference><reference value="Provenance/babb316c-796c-4d10-b97b-45274b5a0c44"/></reference><name value="HomeCareDiagnosticReport example. The Provenance instance is only valid if used in a bundle (message) - cancelled message"/><description value="HomeCareDiagnosticReport example. The Provenance instance is only valid if used in a bundle (message) - cancelled message"/><exampleBoolean value="true"/><groupingId value="-ex-example"/></resource><resource><extension url="http://hl7.org/fhir/tools/StructureDefinition/resource-sort"><valueInteger value="999999999"/></extension><extension url="http://hl7.org/fhir/StructureDefinition/implementationguide-page"><valueUri value="Provenance-8ce47645-4d69-4fa6-a51d-c2bb49d87efb.html"/></extension><reference><reference value="Provenance/8ce47645-4d69-4fa6-a51d-c2bb49d87efb"/></reference><name value="HomeCareDiagnosticReport example. The Provenance instance is only valid if used in a bundle (message) - modified message"/><description value="HomeCareDiagnosticReport example. The Provenance instance is only valid if used in a bundle (message) - modified message"/><exampleBoolean value="true"/><groupingId value="-ex-example"/></resource><resource><extension url="http://hl7.org/fhir/tools/StructureDefinition/resource-sort"><valueInteger value="999999999"/></extension><extension url="http://hl7.org/fhir/StructureDefinition/implementationguide-page"><valueUri value="Provenance-008e1c02-605d-458e-8cb8-3eeb16a69aac.html"/></extension><reference><reference value="Provenance/008e1c02-605d-458e-8cb8-3eeb16a69aac"/></reference><name value="HomeCareDiagnosticReport example. The Provenance instance is only valid if used in a bundle (message) - new message"/><description value="HomeCareDiagnosticReport example. The Provenance instance is only valid if used in a bundle (message) - new message"/><exampleBoolean value="true"/><groupingId value="-ex-example"/></resource><resource><extension url="http://hl7.org/fhir/tools/StructureDefinition/resource-sort"><valueInteger value="999999999"/></extension><extension url="http://hl7.org/fhir/StructureDefinition/implementationguide-page"><valueUri value="Provenance-4c284936-5454-4116-95fc-3c8eeeed2400.html"/></extension><reference><reference value="Provenance/4c284936-5454-4116-95fc-3c8eeeed2400"/></reference><name value="HomeCareDiagnosticReport example. The Provenance instance is only valid if used in a bundle (message) - new message"/><description value="HomeCareDiagnosticReport example. The Provenance instance is only valid if used in a bundle (message) - new message"/><exampleBoolean value="true"/><groupingId value="-ex-example"/></resource><resource><extension url="http://hl7.org/fhir/tools/StructureDefinition/resource-sort"><valueInteger value="999999999"/></extension><extension url="http://hl7.org/fhir/StructureDefinition/implementationguide-page"><valueUri value="Provenance-4c845e97-04b2-40e9-ab51-4c5bf080196f.html"/></extension><reference><reference value="Provenance/4c845e97-04b2-40e9-ab51-4c5bf080196f"/></reference><name value="HomeCareDiagnosticReport example. The Provenance instance is only valid if used in a bundle (message) - new message"/><description value="HomeCareDiagnosticReport example. The Provenance instance is only valid if used in a bundle (message) - new message"/><exampleBoolean value="true"/><groupingId value="-ex-example"/></resource><resource><extension url="http://hl7.org/fhir/tools/StructureDefinition/resource-sort"><valueInteger value="999999999"/></extension><extension url="http://hl7.org/fhir/StructureDefinition/implementationguide-page"><valueUri value="DiagnosticReport-6d08f000-33cc-41f3-a7c2-c086d53d31a7.html"/></extension><reference><reference value="DiagnosticReport/6d08f000-33cc-41f3-a7c2-c086d53d31a7"/></reference><name value="HomeCareDiagnosticReport: Urine dipsticks tests and refused consent"/><description value="Urine dipstick tests performed by the acute care team on a subject, that has refused consent."/><exampleCanonical value="http://medcomfhir.dk/ig/homecareobservation/StructureDefinition/medcom-homecareobservation-diagnosticreport"/><groupingId value="-ex-example"/></resource><resource><extension url="http://hl7.org/fhir/tools/StructureDefinition/resource-sort"><valueInteger value="999999999"/></extension><extension url="http://hl7.org/fhir/StructureDefinition/implementationguide-page"><valueUri value="DiagnosticReport-870333ac-3134-4ae6-8257-86e0b0537c5f.html"/></extension><reference><reference value="DiagnosticReport/870333ac-3134-4ae6-8257-86e0b0537c5f"/></reference><name value="HomeCareDiagnosticReport: spot test and EKG"/><description value="Spot test and EKG performed by the acute care team on a subject."/><exampleCanonical value="http://medcomfhir.dk/ig/homecareobservation/StructureDefinition/medcom-homecareobservation-diagnosticreport"/><groupingId value="-ex-example"/></resource><resource><extension url="http://hl7.org/fhir/tools/StructureDefinition/resource-sort"><valueInteger value="999999999"/></extension><extension url="http://hl7.org/fhir/StructureDefinition/implementationguide-page"><valueUri value="DiagnosticReport-efb1ed12-6a5d-4342-9572-861071644e46.html"/></extension><reference><reference value="DiagnosticReport/efb1ed12-6a5d-4342-9572-861071644e46"/></reference><name value="HomeCareDiagnosticReport:TOBS and ABC examination"/><description value="TOBS and ABC examination of Elmer"/><exampleCanonical value="http://medcomfhir.dk/ig/homecareobservation/StructureDefinition/medcom-homecareobservation-diagnosticreport"/><groupingId value="-ex-example"/></resource><resource><extension url="http://hl7.org/fhir/tools/StructureDefinition/resource-sort"><valueInteger value="999999999"/></extension><extension url="http://hl7.org/fhir/StructureDefinition/implementationguide-page"><valueUri value="Bundle-add5e7e2-0c0f-4a4a-bfff-f6f984fa7e3c.html"/></extension><reference><reference value="Bundle/add5e7e2-0c0f-4a4a-bfff-f6f984fa7e3c"/></reference><name value="HomeCareObservation message-Spot test and EKG image"/><description value="Example of a HomeCareObservation message-Spot Test and EKG image."/><exampleCanonical value="http://medcomfhir.dk/ig/homecareobservation/StructureDefinition/medcom-homecareobservation-message"/><groupingId value="-ex-example"/></resource><resource><extension url="http://hl7.org/fhir/tools/StructureDefinition/resource-sort"><valueInteger value="999999999"/></extension><extension url="http://hl7.org/fhir/StructureDefinition/implementationguide-page"><valueUri value="Bundle-faa0c104-0ebf-49cb-bad1-9e0f59436e18.html"/></extension><reference><reference value="Bundle/faa0c104-0ebf-49cb-bad1-9e0f59436e18"/></reference><name value="HomeCareObservation message-Urine dipsticks and subject refused consent."/><description value="Example of a HomeCareObservation message-Urine dipsticks and subject refused consent."/><exampleCanonical value="http://medcomfhir.dk/ig/homecareobservation/StructureDefinition/medcom-homecareobservation-message"/><groupingId value="-ex-example"/></resource><resource><extension url="http://hl7.org/fhir/tools/StructureDefinition/resource-sort"><valueInteger value="999999999"/></extension><extension url="http://hl7.org/fhir/StructureDefinition/implementationguide-page"><valueUri value="Bundle-5f341feb-9a20-463a-96cc-a9ca8ace5567.html"/></extension><reference><reference value="Bundle/5f341feb-9a20-463a-96cc-a9ca8ace5567"/></reference><name value="HomeCareObservation message-retracted."/><description value="Example of a retracted HomeCareObservation with clinical and analysis comment."/><exampleCanonical value="http://medcomfhir.dk/ig/homecareobservation/StructureDefinition/medcom-homecareobservation-message"/><groupingId value="-ex-example"/></resource><resource><extension url="http://hl7.org/fhir/tools/StructureDefinition/resource-sort"><valueInteger value="999999999"/></extension><extension url="http://hl7.org/fhir/StructureDefinition/implementationguide-page"><valueUri value="Bundle-401cbc36-db1e-4fe0-bf90-6df331dde179.html"/></extension><reference><reference value="Bundle/401cbc36-db1e-4fe0-bf90-6df331dde179"/></reference><name value="HomeCareObservation with clinical and analysis comment."/><description value="Example of a HomeCareObservation with clinical and analysis comment."/><exampleCanonical value="http://medcomfhir.dk/ig/homecareobservation/StructureDefinition/medcom-homecareobservation-message"/><groupingId value="-ex-example"/></resource><resource><extension url="http://hl7.org/fhir/tools/StructureDefinition/resource-sort"><valueInteger value="999999999"/></extension><extension url="http://hl7.org/fhir/StructureDefinition/implementationguide-page"><valueUri value="MessageHeader-36cb86f1-a01a-4115-a84d-9390aa0ddcbd.html"/></extension><reference><reference value="MessageHeader/36cb86f1-a01a-4115-a84d-9390aa0ddcbd"/></reference><name value="Instance of a MessageHeader resource used in a cancelled message."/><description value="Example of a MessageHeader in a cancelled HomeCareDiagnosticReport message. Valid only if used in a bundle (message)."/><exampleCanonical value="http://medcomfhir.dk/ig/homecareobservation/StructureDefinition/medcom-homecareobservation-messageheader"/><groupingId value="-ex-example"/></resource><resource><extension url="http://hl7.org/fhir/tools/StructureDefinition/resource-sort"><valueInteger value="999999999"/></extension><extension url="http://hl7.org/fhir/StructureDefinition/implementationguide-page"><valueUri value="MessageHeader-07eb074b-be00-47e5-8bcb-484990a1a97e.html"/></extension><reference><reference value="MessageHeader/07eb074b-be00-47e5-8bcb-484990a1a97e"/></reference><name value="Instance of a MessageHeader resource used in a modified message message."/><description value="Example of a MessageHeader in a modified HomeCareDiagnosticReport message. Valid only if used in a bundle (message)."/><exampleCanonical value="http://medcomfhir.dk/ig/homecareobservation/StructureDefinition/medcom-homecareobservation-messageheader"/><groupingId value="-ex-example"/></resource><resource><extension url="http://hl7.org/fhir/tools/StructureDefinition/resource-sort"><valueInteger value="999999999"/></extension><extension url="http://hl7.org/fhir/StructureDefinition/implementationguide-page"><valueUri value="MessageHeader-8dbf63f4-b784-4d40-8802-c1bdb1ecfa63.html"/></extension><reference><reference value="MessageHeader/8dbf63f4-b784-4d40-8802-c1bdb1ecfa63"/></reference><name value="Instance of a MessageHeader resource used in a new Homecare Observation message."/><description value="Example of a MessageHeader in a new HomeCareDiagnosticReport message. Valid only if used in a bundle (message)."/><exampleCanonical value="http://medcomfhir.dk/ig/homecareobservation/StructureDefinition/medcom-homecareobservation-messageheader"/><groupingId value="-ex-example"/></resource><resource><extension url="http://hl7.org/fhir/tools/StructureDefinition/resource-sort"><valueInteger value="999999999"/></extension><extension url="http://hl7.org/fhir/StructureDefinition/implementationguide-page"><valueUri value="MessageHeader-489de4f2-0d8d-4de2-a7ce-ccb93568799f.html"/></extension><reference><reference value="MessageHeader/489de4f2-0d8d-4de2-a7ce-ccb93568799f"/></reference><name value="Instance of a MessageHeader resource used in a new message."/><description value="Example of a MessageHeader in a new HomeCareDiagnosticReport message. Valid only if used in a bundle (message)."/><exampleCanonical value="http://medcomfhir.dk/ig/homecareobservation/StructureDefinition/medcom-homecareobservation-messageheader"/><groupingId value="-ex-example"/></resource><resource><extension url="http://hl7.org/fhir/tools/StructureDefinition/resource-sort"><valueInteger value="999999999"/></extension><extension url="http://hl7.org/fhir/StructureDefinition/implementationguide-page"><valueUri value="MessageHeader-e9f4cc68-b1b7-46b2-ba74-7cc39a914bfa.html"/></extension><reference><reference value="MessageHeader/e9f4cc68-b1b7-46b2-ba74-7cc39a914bfa"/></reference><name value="Instance of a MessageHeader resource used in a new message."/><description value="Example of a MessageHeader in a new HomeCareDiagnosticReport message. Valid only if used in a bundle (message)."/><exampleCanonical value="http://medcomfhir.dk/ig/homecareobservation/StructureDefinition/medcom-homecareobservation-messageheader"/><groupingId value="-ex-example"/></resource><resource><extension url="http://hl7.org/fhir/tools/StructureDefinition/resource-sort"><valueInteger value="999999999"/></extension><extension url="http://hl7.org/fhir/StructureDefinition/implementationguide-page"><valueUri value="Observation-1b089a05-0a5f-479d-9cbd-921a13470221.html"/></extension><reference><reference value="Observation/1b089a05-0a5f-479d-9cbd-921a13470221"/></reference><name value="Leukocyt Observation"/><description value="Test of leucocyte on the subject by acute care team"/><exampleCanonical value="http://medcomfhir.dk/ig/homecareobservation/StructureDefinition/medcom-homecare-observation"/><groupingId value="-ex-example"/></resource><resource><extension url="http://hl7.org/fhir/tools/StructureDefinition/resource-sort"><valueInteger value="999999999"/></extension><extension url="http://hl7.org/fhir/StructureDefinition/implementationguide-page"><valueUri value="Observation-2fc2c078-825b-491d-9f8e-34926eb4f06f.html"/></extension><reference><reference value="Observation/2fc2c078-825b-491d-9f8e-34926eb4f06f"/></reference><name value="Leukocyt urine test"/><description value="Test of leucocyt using urine dipstick"/><exampleCanonical value="http://medcomfhir.dk/ig/homecareobservation/StructureDefinition/medcom-homecare-observation"/><groupingId value="-ex-example"/></resource><resource><extension url="http://hl7.org/fhir/tools/StructureDefinition/resource-sort"><valueInteger value="999999999"/></extension><extension url="http://hl7.org/fhir/StructureDefinition/implementationguide-page"><valueUri value="Observation-4a94a70e-6957-47a8-bec7-3e27b3145668.html"/></extension><reference><reference value="Observation/4a94a70e-6957-47a8-bec7-3e27b3145668"/></reference><name value="Lymphocyte observation"/><description value="Lymphocyte observation on the subject by acute care team"/><exampleCanonical value="http://medcomfhir.dk/ig/homecareobservation/StructureDefinition/medcom-homecare-observation"/><groupingId value="-ex-example"/></resource><resource><extension url="http://hl7.org/fhir/tools/StructureDefinition/resource-sort"><valueInteger value="999999999"/></extension><extension url="http://hl7.org/fhir/StructureDefinition/implementationguide-page"><valueUri value="DiagnosticReport-cfa9e95b-b5ac-4cfe-abe7-ea29e6b67919.html"/></extension><reference><reference value="DiagnosticReport/cfa9e95b-b5ac-4cfe-abe7-ea29e6b67919"/></reference><name value="Modified HomeCareDiagnosticReport:TOBS and ABC examination"/><description value="Example of a modified HomeCareDiagnosticReport with TOBS and ABC examination of Elmer"/><exampleCanonical value="http://medcomfhir.dk/ig/homecareobservation/StructureDefinition/medcom-homecareobservation-diagnosticreport"/><groupingId value="-ex-example"/></resource><resource><extension url="http://hl7.org/fhir/tools/StructureDefinition/resource-sort"><valueInteger value="999999999"/></extension><extension url="http://hl7.org/fhir/StructureDefinition/implementationguide-page"><valueUri value="Bundle-73996cdc-3192-4d15-bd16-c365ef0085e7.html"/></extension><reference><reference value="Bundle/73996cdc-3192-4d15-bd16-c365ef0085e7"/></reference><name value="Modified HomeCareObservation message."/><description value="Example of a Modified HomeCareObservation with clinical and analysis comment."/><exampleCanonical value="http://medcomfhir.dk/ig/homecareobservation/StructureDefinition/medcom-homecareobservation-message"/><groupingId value="-ex-example"/></resource><resource><extension url="http://hl7.org/fhir/tools/StructureDefinition/resource-sort"><valueInteger value="999999999"/></extension><extension url="http://hl7.org/fhir/StructureDefinition/implementationguide-page"><valueUri value="Observation-d2b89faa-979a-430d-8887-21ccdf6f238b.html"/></extension><reference><reference value="Observation/d2b89faa-979a-430d-8887-21ccdf6f238b"/></reference><name value="Monocytes observation"/><description value="Monocytes observation performed on a subject by the acute care team"/><exampleCanonical value="http://medcomfhir.dk/ig/homecareobservation/StructureDefinition/medcom-homecare-observation"/><groupingId value="-ex-example"/></resource><resource><extension url="http://hl7.org/fhir/tools/StructureDefinition/resource-sort"><valueInteger value="999999999"/></extension><extension url="http://hl7.org/fhir/StructureDefinition/implementationguide-page"><valueUri value="Observation-f84143f7-f586-477f-af56-e50c7d152605.html"/></extension><reference><reference value="Observation/f84143f7-f586-477f-af56-e50c7d152605"/></reference><name value="Neutrophilocytes observation"/><description value="Neutrophilocytes observation performed on o subject by the acute care team"/><exampleCanonical value="http://medcomfhir.dk/ig/homecareobservation/StructureDefinition/medcom-homecare-observation"/><groupingId value="-ex-example"/></resource><resource><extension url="http://hl7.org/fhir/tools/StructureDefinition/resource-sort"><valueInteger value="999999999"/></extension><extension url="http://hl7.org/fhir/StructureDefinition/implementationguide-page"><valueUri value="Observation-f58819ff-d727-4740-a4ef-44eefc77022e.html"/></extension><reference><reference value="Observation/f58819ff-d727-4740-a4ef-44eefc77022e"/></reference><name value="Nitrite observation"/><description value="Nitrit observation on Bruno"/><exampleCanonical value="http://medcomfhir.dk/ig/homecareobservation/StructureDefinition/medcom-homecare-observation"/><groupingId value="-ex-example"/></resource><resource><extension url="http://hl7.org/fhir/tools/StructureDefinition/resource-sort"><valueInteger value="999999999"/></extension><extension url="http://hl7.org/fhir/StructureDefinition/implementationguide-page"><valueUri value="Media-cb277ee2-5d96-4762-829d-d36449b2b17f.html"/></extension><reference><reference value="Media/cb277ee2-5d96-4762-829d-d36449b2b17f"/></reference><name value="Normal EKG"/><description value="An example of an EKG that can be sendt with an diagnostic repport"/><exampleBoolean value="true"/><groupingId value="-ex-example"/></resource><resource><extension url="http://hl7.org/fhir/tools/StructureDefinition/resource-sort"><valueInteger value="999999999"/></extension><extension url="http://hl7.org/fhir/StructureDefinition/implementationguide-page"><valueUri value="Observation-f70ae8b7-c1af-44a2-a21a-570c552dd7cc.html"/></extension><reference><reference value="Observation/f70ae8b7-c1af-44a2-a21a-570c552dd7cc"/></reference><name value="Observation of the haemoglobin"/><description value="Observation of the haemoglobin"/><exampleCanonical value="http://medcomfhir.dk/ig/homecareobservation/StructureDefinition/medcom-homecare-observation"/><groupingId value="-ex-example"/></resource><resource><extension url="http://hl7.org/fhir/tools/StructureDefinition/resource-sort"><valueInteger value="999999999"/></extension><extension url="http://hl7.org/fhir/StructureDefinition/implementationguide-page"><valueUri value="PractitionerRole-4b3b6f0f-a475-4b04-8a92-105e8ce6a7bf.html"/></extension><reference><reference value="PractitionerRole/4b3b6f0f-a475-4b04-8a92-105e8ce6a7bf"/></reference><name value="PractitionerRole with a role and reference to a practitioner"/><description value="PractitionerRole with a role and reference to a practitioner"/><exampleBoolean value="true"/><groupingId value="-ex-example"/></resource><resource><extension url="http://hl7.org/fhir/tools/StructureDefinition/resource-sort"><valueInteger value="999999999"/></extension><extension url="http://hl7.org/fhir/StructureDefinition/implementationguide-page"><valueUri value="PractitionerRole-6ff69f1c-690d-11ed-9022-0242ac120002.html"/></extension><reference><reference value="PractitionerRole/6ff69f1c-690d-11ed-9022-0242ac120002"/></reference><name value="PractitionerRole with a role and reference to a practitioner"/><description value="PractitionerRole with a role and reference to a practitioner"/><exampleBoolean value="true"/><groupingId value="-ex-example"/></resource><resource><extension url="http://hl7.org/fhir/tools/StructureDefinition/resource-sort"><valueInteger value="999999999"/></extension><extension url="http://hl7.org/fhir/StructureDefinition/implementationguide-page"><valueUri value="PractitionerRole-80284c01-1674-45ca-98b7-d1e669bdeff6.html"/></extension><reference><reference value="PractitionerRole/80284c01-1674-45ca-98b7-d1e669bdeff6"/></reference><name value="PractitionerRole with a role and reference to a practitioner"/><description value="PractitionerRole with a role and reference to a practitioner"/><exampleBoolean value="true"/><groupingId value="-ex-example"/></resource><resource><extension url="http://hl7.org/fhir/tools/StructureDefinition/resource-sort"><valueInteger value="999999999"/></extension><extension url="http://hl7.org/fhir/StructureDefinition/implementationguide-page"><valueUri value="Observation-3fd3835d-1758-4d22-8547-000182752817.html"/></extension><reference><reference value="Observation/3fd3835d-1758-4d22-8547-000182752817"/></reference><name value="Respiration frequency"/><description value="Respiration frequency of Elmer"/><exampleCanonical value="http://medcomfhir.dk/ig/homecareobservation/StructureDefinition/medcom-homecare-observation"/><groupingId value="-ex-example"/></resource><resource><extension url="http://hl7.org/fhir/tools/StructureDefinition/resource-sort"><valueInteger value="999999999"/></extension><extension url="http://hl7.org/fhir/StructureDefinition/implementationguide-page"><valueUri value="Observation-8917f29d-269c-4bb3-8ce9-d255c351d52b.html"/></extension><reference><reference value="Observation/8917f29d-269c-4bb3-8ce9-d255c351d52b"/></reference><name value="Systolic Blood Pressure"/><description value="Systolic Blood Pressure of Elmer"/><exampleCanonical value="http://medcomfhir.dk/ig/homecareobservation/StructureDefinition/medcom-homecare-observation"/><groupingId value="-ex-example"/></resource><resource><extension url="http://hl7.org/fhir/tools/StructureDefinition/resource-sort"><valueInteger value="999999999"/></extension><extension url="http://hl7.org/fhir/StructureDefinition/implementationguide-page"><valueUri value="Observation-f64a0a78-53cf-4a7f-9b89-4a2338a4935c.html"/></extension><reference><reference value="Observation/f64a0a78-53cf-4a7f-9b89-4a2338a4935c"/></reference><name value="TOBS"/><description value="TOBS of Elmer"/><exampleCanonical value="http://medcomfhir.dk/ig/homecareobservation/StructureDefinition/medcom-homecare-observation"/><groupingId value="-ex-example"/></resource><resource><extension url="http://hl7.org/fhir/tools/StructureDefinition/resource-sort"><valueInteger value="999999999"/></extension><extension url="http://hl7.org/fhir/StructureDefinition/implementationguide-page"><valueUri value="Observation-85fd1372-cf02-49c6-bd45-7205f5541a66.html"/></extension><reference><reference value="Observation/85fd1372-cf02-49c6-bd45-7205f5541a66"/></reference><name value="Temperature"/><description value="Temperature of Elmer"/><exampleCanonical value="http://medcomfhir.dk/ig/homecareobservation/StructureDefinition/medcom-homecare-observation"/><groupingId value="-ex-example"/></resource><resource><extension url="http://hl7.org/fhir/tools/StructureDefinition/resource-sort"><valueInteger value="999999999"/></extension><extension url="http://hl7.org/fhir/StructureDefinition/implementationguide-page"><valueUri value="Observation-4b8f899a-df12-4301-8287-9a77d46ded3d.html"/></extension><reference><reference value="Observation/4b8f899a-df12-4301-8287-9a77d46ded3d"/></reference><name value="Urine dipstick tests"/><description value="Urine dipstick tests on Bruno"/><exampleCanonical value="http://medcomfhir.dk/ig/homecareobservation/StructureDefinition/medcom-homecare-observation"/><groupingId value="-ex-example"/></resource><page><extension url="http://hl7.org/fhir/tools/StructureDefinition/ig-page-name"><valueUrl value="toc.html"/></extension><nameUrl value="toc.html"/><title value="Table of Contents"/><generation value="html"/><page><extension url="http://hl7.org/fhir/tools/StructureDefinition/ig-page-name"><valueUrl value="index.html"/></extension><nameUrl value="index.html"/><title value="Home"/><generation value="markdown"/></page><page><extension url="http://hl7.org/fhir/tools/StructureDefinition/ig-page-name"><valueUrl value="dependencies.html"/></extension><nameUrl value="dependencies.html"/><title value="Dependencies"/><generation value="html"/></page><page><extension url="http://hl7.org/fhir/tools/StructureDefinition/ig-page-name"><valueUrl value="downloads.html"/></extension><nameUrl value="downloads.html"/><title value="Downloads"/><generation value="markdown"/></page><page><extension url="http://hl7.org/fhir/tools/StructureDefinition/ig-page-name"><valueUrl value="extensions.html"/></extension><nameUrl value="extensions.html"/><title value="Extensions"/><generation value="html"/></page><page><extension url="http://hl7.org/fhir/tools/StructureDefinition/ig-page-name"><valueUrl value="profiles.html"/></extension><nameUrl value="profiles.html"/><title value="Profiles"/><generation value="html"/></page><page><extension url="http://hl7.org/fhir/tools/StructureDefinition/ig-page-name"><valueUrl value="artifacts.html"/></extension><nameUrl value="artifacts.html"/><title value="Artifacts Summary"/><generation value="html"/><page><extension url="http://hl7.org/fhir/tools/StructureDefinition/ig-page-name"><valueUrl value="StructureDefinition-medcom-homecare-observation.html"/></extension><nameUrl value="StructureDefinition-medcom-homecare-observation.html"/><title value="MedComHomeCareObservation"/><generation value="generated"/></page><page><extension url="http://hl7.org/fhir/tools/StructureDefinition/ig-page-name"><valueUrl value="StructureDefinition-medcom-homecareobservation-diagnosticreport.html"/></extension><nameUrl value="StructureDefinition-medcom-homecareobservation-diagnosticreport.html"/><title value="MedComHomeCareObservationDiagnosticReport"/><generation value="generated"/></page><page><extension url="http://hl7.org/fhir/tools/StructureDefinition/ig-page-name"><valueUrl value="StructureDefinition-medcom-homecareobservation-message.html"/></extension><nameUrl value="StructureDefinition-medcom-homecareobservation-message.html"/><title value="MedComHomeCareObservationMessage"/><generation value="generated"/></page><page><extension url="http://hl7.org/fhir/tools/StructureDefinition/ig-page-name"><valueUrl value="StructureDefinition-medcom-homecareobservation-messageheader.html"/></extension><nameUrl value="StructureDefinition-medcom-homecareobservation-messageheader.html"/><title value="MedComHomeCareObservationMessageHeader"/><generation value="generated"/></page><page><extension url="http://hl7.org/fhir/tools/StructureDefinition/ig-page-name"><valueUrl value="Practitioner-b56708c6-2df3-4e4a-a110-2f924b9fc072.html"/></extension><nameUrl value="Practitioner-b56708c6-2df3-4e4a-a110-2f924b9fc072.html"/><title value="Acute nurse"/><generation value="generated"/></page><page><extension url="http://hl7.org/fhir/tools/StructureDefinition/ig-page-name"><valueUrl value="Practitioner-be9f367d-a84a-4815-90a8-c83a03813fd8.html"/></extension><nameUrl value="Practitioner-be9f367d-a84a-4815-90a8-c83a03813fd8.html"/><title value="Acute nurse"/><generation value="generated"/></page><page><extension url="http://hl7.org/fhir/tools/StructureDefinition/ig-page-name"><valueUrl value="Practitioner-70f14d25-0979-4192-8da2-0c0a3950f4b1.html"/></extension><nameUrl value="Practitioner-70f14d25-0979-4192-8da2-0c0a3950f4b1.html"/><title value="Acute nurse"/><generation value="generated"/></page><page><extension url="http://hl7.org/fhir/tools/StructureDefinition/ig-page-name"><valueUrl value="Observation-1e2351e2-77df-4135-a77b-6a4c39e4a4ca.html"/></extension><nameUrl value="Observation-1e2351e2-77df-4135-a77b-6a4c39e4a4ca.html"/><title value="Basofilocyt observation"/><generation value="generated"/></page><page><extension url="http://hl7.org/fhir/tools/StructureDefinition/ig-page-name"><valueUrl value="Patient-733cef33-3626-422b-955d-d506aaa65fe1.html"/></extension><nameUrl value="Patient-733cef33-3626-422b-955d-d506aaa65fe1.html"/><title value="Bruno Test Elmer"/><generation value="generated"/></page><page><extension url="http://hl7.org/fhir/tools/StructureDefinition/ig-page-name"><valueUrl value="Patient-99f5578f-c9d3-4d8c-aa3e-21690e03e27c.html"/></extension><nameUrl value="Patient-99f5578f-c9d3-4d8c-aa3e-21690e03e27c.html"/><title value="Bruno Test Elmer"/><generation value="generated"/></page><page><extension url="http://hl7.org/fhir/tools/StructureDefinition/ig-page-name"><valueUrl value="Patient-bbcd4817-1c4b-4089-a712-346f65ec16f9.html"/></extension><nameUrl value="Patient-bbcd4817-1c4b-4089-a712-346f65ec16f9.html"/><title value="Bruno Test Elmer"/><generation value="generated"/></page><page><extension url="http://hl7.org/fhir/tools/StructureDefinition/ig-page-name"><valueUrl value="Observation-7fcb76a7-839b-4392-a2ff-f30035faca34.html"/></extension><nameUrl value="Observation-7fcb76a7-839b-4392-a2ff-f30035faca34.html"/><title value="C-reaktive protein [CRP];P"/><generation value="generated"/></page><page><extension url="http://hl7.org/fhir/tools/StructureDefinition/ig-page-name"><valueUrl value="DiagnosticReport-4f013d3a-575c-447d-83e1-7a5fb7f7b0de.html"/></extension><nameUrl value="DiagnosticReport-4f013d3a-575c-447d-83e1-7a5fb7f7b0de.html"/><title value="Cancelled HomeCareDiagnosticReport: TOBS and ABC examination"/><generation value="generated"/></page><page><extension url="http://hl7.org/fhir/tools/StructureDefinition/ig-page-name"><valueUrl value="Observation-470d39e4-d3f9-4301-82eb-b957ba33475e.html"/></extension><nameUrl value="Observation-470d39e4-d3f9-4301-82eb-b957ba33475e.html"/><title value="Coagulation factor test"/><generation value="generated"/></page><page><extension url="http://hl7.org/fhir/tools/StructureDefinition/ig-page-name"><valueUrl value="Observation-6bf03841-8397-4a2a-9f9a-8966b0cfa571.html"/></extension><nameUrl value="Observation-6bf03841-8397-4a2a-9f9a-8966b0cfa571.html"/><title value="Consciousness"/><generation value="generated"/></page><page><extension url="http://hl7.org/fhir/tools/StructureDefinition/ig-page-name"><valueUrl value="Observation-b22fcbe0-4977-433e-ad1c-d6545bc8c1cb.html"/></extension><nameUrl value="Observation-b22fcbe0-4977-433e-ad1c-d6545bc8c1cb.html"/><title value="Eosinofilocyt observation"/><generation value="generated"/></page><page><extension url="http://hl7.org/fhir/tools/StructureDefinition/ig-page-name"><valueUrl value="Organization-42541447-b58c-4a1a-9514-02b80494bbd3.html"/></extension><nameUrl value="Organization-42541447-b58c-4a1a-9514-02b80494bbd3.html"/><title value="Example of a reciever organization with a SOR, an EAN  and Ydrenummer identifier."/><generation value="generated"/></page><page><extension url="http://hl7.org/fhir/tools/StructureDefinition/ig-page-name"><valueUrl value="Organization-d1c1fa90-2c7e-4dd7-b2e8-e40281635a98.html"/></extension><nameUrl value="Organization-d1c1fa90-2c7e-4dd7-b2e8-e40281635a98.html"/><title value="Example of a reciever organization with a SOR, an EAN  and Ydrenummer identifier."/><generation value="generated"/></page><page><extension url="http://hl7.org/fhir/tools/StructureDefinition/ig-page-name"><valueUrl value="Organization-1ab9c2d9-c348-4d75-9122-60ea8a6fdcf1.html"/></extension><nameUrl value="Organization-1ab9c2d9-c348-4d75-9122-60ea8a6fdcf1.html"/><title value="Example of a reciever organization with a SOR, an EAN  and Ydrenummer identifier."/><generation value="generated"/></page><page><extension url="http://hl7.org/fhir/tools/StructureDefinition/ig-page-name"><valueUrl value="Organization-ef5cb9a6-835f-4d18-a34e-179c578b9a2a.html"/></extension><nameUrl value="Organization-ef5cb9a6-835f-4d18-a34e-179c578b9a2a.html"/><title value="Example of a sender organization with a SOR, an EAN identifier, and ProdcentID"/><generation value="generated"/></page><page><extension url="http://hl7.org/fhir/tools/StructureDefinition/ig-page-name"><valueUrl value="Organization-72cc3a2c-1dda-4b95-b50a-0f7ac19640f4.html"/></extension><nameUrl value="Organization-72cc3a2c-1dda-4b95-b50a-0f7ac19640f4.html"/><title value="Example of a sender organization with a SOR, and an EAN identifier and producentID."/><generation value="generated"/></page><page><extension url="http://hl7.org/fhir/tools/StructureDefinition/ig-page-name"><valueUrl value="Organization-a0330c62-fe29-4719-83fa-a94959084f29.html"/></extension><nameUrl value="Organization-a0330c62-fe29-4719-83fa-a94959084f29.html"/><title value="Example of a sender organization with a SOR, and an EAN identifier and producentID."/><generation value="generated"/></page><page><extension url="http://hl7.org/fhir/tools/StructureDefinition/ig-page-name"><valueUrl value="Observation-0e4a5452-1804-42d3-82ed-484df20a09f0.html"/></extension><nameUrl value="Observation-0e4a5452-1804-42d3-82ed-484df20a09f0.html"/><title value="Glucose measurement"/><generation value="generated"/></page><page><extension url="http://hl7.org/fhir/tools/StructureDefinition/ig-page-name"><valueUrl value="Observation-ba691ee4-6d38-4f5b-82f1-40b54e3b8ad1.html"/></extension><nameUrl value="Observation-ba691ee4-6d38-4f5b-82f1-40b54e3b8ad1.html"/><title value="Heart Rate"/><generation value="generated"/></page><page><extension url="http://hl7.org/fhir/tools/StructureDefinition/ig-page-name"><valueUrl value="Provenance-babb316c-796c-4d10-b97b-45274b5a0c44.html"/></extension><nameUrl value="Provenance-babb316c-796c-4d10-b97b-45274b5a0c44.html"/><title value="HomeCareDiagnosticReport example. The Provenance instance is only valid if used in a bundle (message) - cancelled message"/><generation value="generated"/></page><page><extension url="http://hl7.org/fhir/tools/StructureDefinition/ig-page-name"><valueUrl value="Provenance-8ce47645-4d69-4fa6-a51d-c2bb49d87efb.html"/></extension><nameUrl value="Provenance-8ce47645-4d69-4fa6-a51d-c2bb49d87efb.html"/><title value="HomeCareDiagnosticReport example. The Provenance instance is only valid if used in a bundle (message) - modified message"/><generation value="generated"/></page><page><extension url="http://hl7.org/fhir/tools/StructureDefinition/ig-page-name"><valueUrl value="Provenance-4c284936-5454-4116-95fc-3c8eeeed2400.html"/></extension><nameUrl value="Provenance-4c284936-5454-4116-95fc-3c8eeeed2400.html"/><title value="HomeCareDiagnosticReport example. The Provenance instance is only valid if used in a bundle (message) - new message"/><generation value="generated"/></page><page><extension url="http://hl7.org/fhir/tools/StructureDefinition/ig-page-name"><valueUrl value="Provenance-4c845e97-04b2-40e9-ab51-4c5bf080196f.html"/></extension><nameUrl value="Provenance-4c845e97-04b2-40e9-ab51-4c5bf080196f.html"/><title value="HomeCareDiagnosticReport example. The Provenance instance is only valid if used in a bundle (message) - new message"/><generation value="generated"/></page><page><extension url="http://hl7.org/fhir/tools/StructureDefinition/ig-page-name"><valueUrl value="Provenance-008e1c02-605d-458e-8cb8-3eeb16a69aac.html"/></extension><nameUrl value="Provenance-008e1c02-605d-458e-8cb8-3eeb16a69aac.html"/><title value="HomeCareDiagnosticReport example. The Provenance instance is only valid if used in a bundle (message) - new message"/><generation value="generated"/></page><page><extension url="http://hl7.org/fhir/tools/StructureDefinition/ig-page-name"><valueUrl value="DiagnosticReport-870333ac-3134-4ae6-8257-86e0b0537c5f.html"/></extension><nameUrl value="DiagnosticReport-870333ac-3134-4ae6-8257-86e0b0537c5f.html"/><title value="HomeCareDiagnosticReport: spot test and EKG"/><generation value="generated"/></page><page><extension url="http://hl7.org/fhir/tools/StructureDefinition/ig-page-name"><valueUrl value="DiagnosticReport-6d08f000-33cc-41f3-a7c2-c086d53d31a7.html"/></extension><nameUrl value="DiagnosticReport-6d08f000-33cc-41f3-a7c2-c086d53d31a7.html"/><title value="HomeCareDiagnosticReport: Urine dipsticks tests and refused consent"/><generation value="generated"/></page><page><extension url="http://hl7.org/fhir/tools/StructureDefinition/ig-page-name"><valueUrl value="DiagnosticReport-efb1ed12-6a5d-4342-9572-861071644e46.html"/></extension><nameUrl value="DiagnosticReport-efb1ed12-6a5d-4342-9572-861071644e46.html"/><title value="HomeCareDiagnosticReport:TOBS and ABC examination"/><generation value="generated"/></page><page><extension url="http://hl7.org/fhir/tools/StructureDefinition/ig-page-name"><valueUrl value="Bundle-5f341feb-9a20-463a-96cc-a9ca8ace5567.html"/></extension><nameUrl value="Bundle-5f341feb-9a20-463a-96cc-a9ca8ace5567.html"/><title value="HomeCareObservation message-retracted."/><generation value="generated"/></page><page><extension url="http://hl7.org/fhir/tools/StructureDefinition/ig-page-name"><valueUrl value="Bundle-add5e7e2-0c0f-4a4a-bfff-f6f984fa7e3c.html"/></extension><nameUrl value="Bundle-add5e7e2-0c0f-4a4a-bfff-f6f984fa7e3c.html"/><title value="HomeCareObservation message-Spot test and EKG image"/><generation value="generated"/></page><page><extension url="http://hl7.org/fhir/tools/StructureDefinition/ig-page-name"><valueUrl value="Bundle-faa0c104-0ebf-49cb-bad1-9e0f59436e18.html"/></extension><nameUrl value="Bundle-faa0c104-0ebf-49cb-bad1-9e0f59436e18.html"/><title value="HomeCareObservation message-Urine dipsticks and subject refused consent."/><generation value="generated"/></page><page><extension url="http://hl7.org/fhir/tools/StructureDefinition/ig-page-name"><valueUrl value="Bundle-401cbc36-db1e-4fe0-bf90-6df331dde179.html"/></extension><nameUrl value="Bundle-401cbc36-db1e-4fe0-bf90-6df331dde179.html"/><title value="HomeCareObservation with clinical and analysis comment."/><generation value="generated"/></page><page><extension url="http://hl7.org/fhir/tools/StructureDefinition/ig-page-name"><valueUrl value="MessageHeader-36cb86f1-a01a-4115-a84d-9390aa0ddcbd.html"/></extension><nameUrl value="MessageHeader-36cb86f1-a01a-4115-a84d-9390aa0ddcbd.html"/><title value="Instance of a MessageHeader resource used in a cancelled message."/><generation value="generated"/></page><page><extension url="http://hl7.org/fhir/tools/StructureDefinition/ig-page-name"><valueUrl value="MessageHeader-07eb074b-be00-47e5-8bcb-484990a1a97e.html"/></extension><nameUrl value="MessageHeader-07eb074b-be00-47e5-8bcb-484990a1a97e.html"/><title value="Instance of a MessageHeader resource used in a modified message message."/><generation value="generated"/></page><page><extension url="http://hl7.org/fhir/tools/StructureDefinition/ig-page-name"><valueUrl value="MessageHeader-8dbf63f4-b784-4d40-8802-c1bdb1ecfa63.html"/></extension><nameUrl value="MessageHeader-8dbf63f4-b784-4d40-8802-c1bdb1ecfa63.html"/><title value="Instance of a MessageHeader resource used in a new Homecare Observation message."/><generation value="generated"/></page><page><extension url="http://hl7.org/fhir/tools/StructureDefinition/ig-page-name"><valueUrl value="MessageHeader-e9f4cc68-b1b7-46b2-ba74-7cc39a914bfa.html"/></extension><nameUrl value="MessageHeader-e9f4cc68-b1b7-46b2-ba74-7cc39a914bfa.html"/><title value="Instance of a MessageHeader resource used in a new message."/><generation value="generated"/></page><page><extension url="http://hl7.org/fhir/tools/StructureDefinition/ig-page-name"><valueUrl value="MessageHeader-489de4f2-0d8d-4de2-a7ce-ccb93568799f.html"/></extension><nameUrl value="MessageHeader-489de4f2-0d8d-4de2-a7ce-ccb93568799f.html"/><title value="Instance of a MessageHeader resource used in a new message."/><generation value="generated"/></page><page><extension url="http://hl7.org/fhir/tools/StructureDefinition/ig-page-name"><valueUrl value="Observation-1b089a05-0a5f-479d-9cbd-921a13470221.html"/></extension><nameUrl value="Observation-1b089a05-0a5f-479d-9cbd-921a13470221.html"/><title value="Leukocyt Observation"/><generation value="generated"/></page><page><extension url="http://hl7.org/fhir/tools/StructureDefinition/ig-page-name"><valueUrl value="Observation-2fc2c078-825b-491d-9f8e-34926eb4f06f.html"/></extension><nameUrl value="Observation-2fc2c078-825b-491d-9f8e-34926eb4f06f.html"/><title value="Leukocyt urine test"/><generation value="generated"/></page><page><extension url="http://hl7.org/fhir/tools/StructureDefinition/ig-page-name"><valueUrl value="Observation-4a94a70e-6957-47a8-bec7-3e27b3145668.html"/></extension><nameUrl value="Observation-4a94a70e-6957-47a8-bec7-3e27b3145668.html"/><title value="Lymphocyte observation"/><generation value="generated"/></page><page><extension url="http://hl7.org/fhir/tools/StructureDefinition/ig-page-name"><valueUrl value="DiagnosticReport-cfa9e95b-b5ac-4cfe-abe7-ea29e6b67919.html"/></extension><nameUrl value="DiagnosticReport-cfa9e95b-b5ac-4cfe-abe7-ea29e6b67919.html"/><title value="Modified HomeCareDiagnosticReport:TOBS and ABC examination"/><generation value="generated"/></page><page><extension url="http://hl7.org/fhir/tools/StructureDefinition/ig-page-name"><valueUrl value="Bundle-73996cdc-3192-4d15-bd16-c365ef0085e7.html"/></extension><nameUrl value="Bundle-73996cdc-3192-4d15-bd16-c365ef0085e7.html"/><title value="Modified HomeCareObservation message."/><generation value="generated"/></page><page><extension url="http://hl7.org/fhir/tools/StructureDefinition/ig-page-name"><valueUrl value="Observation-d2b89faa-979a-430d-8887-21ccdf6f238b.html"/></extension><nameUrl value="Observation-d2b89faa-979a-430d-8887-21ccdf6f238b.html"/><title value="Monocytes observation"/><generation value="generated"/></page><page><extension url="http://hl7.org/fhir/tools/StructureDefinition/ig-page-name"><valueUrl value="Observation-f84143f7-f586-477f-af56-e50c7d152605.html"/></extension><nameUrl value="Observation-f84143f7-f586-477f-af56-e50c7d152605.html"/><title value="Neutrophilocytes observation"/><generation value="generated"/></page><page><extension url="http://hl7.org/fhir/tools/StructureDefinition/ig-page-name"><valueUrl value="Observation-f58819ff-d727-4740-a4ef-44eefc77022e.html"/></extension><nameUrl value="Observation-f58819ff-d727-4740-a4ef-44eefc77022e.html"/><title value="Nitrite observation"/><generation value="generated"/></page><page><extension url="http://hl7.org/fhir/tools/StructureDefinition/ig-page-name"><valueUrl value="Media-cb277ee2-5d96-4762-829d-d36449b2b17f.html"/></extension><nameUrl value="Media-cb277ee2-5d96-4762-829d-d36449b2b17f.html"/><title value="Normal EKG"/><generation value="generated"/></page><page><extension url="http://hl7.org/fhir/tools/StructureDefinition/ig-page-name"><valueUrl value="Observation-f70ae8b7-c1af-44a2-a21a-570c552dd7cc.html"/></extension><nameUrl value="Observation-f70ae8b7-c1af-44a2-a21a-570c552dd7cc.html"/><title value="Observation of the haemoglobin"/><generation value="generated"/></page><page><extension url="http://hl7.org/fhir/tools/StructureDefinition/ig-page-name"><valueUrl value="PractitionerRole-6ff69f1c-690d-11ed-9022-0242ac120002.html"/></extension><nameUrl value="PractitionerRole-6ff69f1c-690d-11ed-9022-0242ac120002.html"/><title value="PractitionerRole with a role and reference to a practitioner"/><generation value="generated"/></page><page><extension url="http://hl7.org/fhir/tools/StructureDefinition/ig-page-name"><valueUrl value="PractitionerRole-4b3b6f0f-a475-4b04-8a92-105e8ce6a7bf.html"/></extension><nameUrl value="PractitionerRole-4b3b6f0f-a475-4b04-8a92-105e8ce6a7bf.html"/><title value="PractitionerRole with a role and reference to a practitioner"/><generation value="generated"/></page><page><extension url="http://hl7.org/fhir/tools/StructureDefinition/ig-page-name"><valueUrl value="PractitionerRole-80284c01-1674-45ca-98b7-d1e669bdeff6.html"/></extension><nameUrl value="PractitionerRole-80284c01-1674-45ca-98b7-d1e669bdeff6.html"/><title value="PractitionerRole with a role and reference to a practitioner"/><generation value="generated"/></page><page><extension url="http://hl7.org/fhir/tools/StructureDefinition/ig-page-name"><valueUrl value="Observation-3fd3835d-1758-4d22-8547-000182752817.html"/></extension><nameUrl value="Observation-3fd3835d-1758-4d22-8547-000182752817.html"/><title value="Respiration frequency"/><generation value="generated"/></page><page><extension url="http://hl7.org/fhir/tools/StructureDefinition/ig-page-name"><valueUrl value="Observation-8917f29d-269c-4bb3-8ce9-d255c351d52b.html"/></extension><nameUrl value="Observation-8917f29d-269c-4bb3-8ce9-d255c351d52b.html"/><title value="Systolic Blood Pressure"/><generation value="generated"/></page><page><extension url="http://hl7.org/fhir/tools/StructureDefinition/ig-page-name"><valueUrl value="Observation-85fd1372-cf02-49c6-bd45-7205f5541a66.html"/></extension><nameUrl value="Observation-85fd1372-cf02-49c6-bd45-7205f5541a66.html"/><title value="Temperature"/><generation value="generated"/></page><page><extension url="http://hl7.org/fhir/tools/StructureDefinition/ig-page-name"><valueUrl value="Observation-f64a0a78-53cf-4a7f-9b89-4a2338a4935c.html"/></extension><nameUrl value="Observation-f64a0a78-53cf-4a7f-9b89-4a2338a4935c.html"/><title value="TOBS"/><generation value="generated"/></page><page><extension url="http://hl7.org/fhir/tools/StructureDefinition/ig-page-name"><valueUrl value="Observation-4b8f899a-df12-4301-8287-9a77d46ded3d.html"/></extension><nameUrl value="Observation-4b8f899a-df12-4301-8287-9a77d46ded3d.html"/><title value="Urine dipstick tests"/><generation value="generated"/></page></page></page><parameter><code value="path-resource"/><value value="input/capabilities"/></parameter><parameter><code value="path-resource"/><value value="input/examples"/></parameter><parameter><code value="path-resource"/><value value="input/extensions"/></parameter><parameter><code value="path-resource"/><value value="input/models"/></parameter><parameter><code value="path-resource"/><value value="input/operations"/></parameter><parameter><code value="path-resource"/><value value="input/profiles"/></parameter><parameter><code value="path-resource"/><value value="input/resources"/></parameter><parameter><code value="path-resource"/><value value="input/vocabulary"/></parameter><parameter><code value="path-resource"/><value value="input/maps"/></parameter><parameter><code value="path-resource"/><value value="input/testing"/></parameter><parameter><code value="path-resource"/><value value="input/history"/></parameter><parameter><code value="path-resource"/><value value="fsh-generated/resources"/></parameter><parameter><code value="path-pages"/><value value="template/config"/></parameter><parameter><code value="path-pages"/><value value="input/images"/></parameter><parameter><code value="path-tx-cache"/><value value="input-cache/txcache"/></parameter></definition></ImplementationGuide>