{
  "resourceType" : "CodeSystem",
  "id" : "21953b69-9363-4334-a6e6-6ec0c5721828-29",
  "url" : "http://hl7.org/fhir/comparison/CodeSystem/21953b69-9363-4334-a6e6-6ec0c5721828-29",
  "name" : "UnionMedComMessageDefinitionIdentifierSystemAndMedComMessageDefinitionIdentifierSystem",
  "title" : "Union of MessageDefinitionIdentifierSystemCodeSystem And MessageDefinitionIdentifierSystemCodeSystem",
  "status" : "active",
  "date" : "2025-10-28T14:17:25+00:00",
  "jurisdiction" : [{
    "coding" : [{
      "system" : "urn:iso:std:iso:3166",
      "code" : "DK",
      "display" : "Denmark"
    }]
  }],
  "concept" : [{
    "code" : "urn:dk:healthcare:medcom:messaging:edifact",
    "display" : "urn:dk:healthcare:medcom:messaging:edifact"
  },
  {
    "code" : "urn:dk:healthcare:medcom:messaging:fhir",
    "display" : "urn:dk:healthcare:medcom:messaging:fhir"
  },
  {
    "code" : "urn:dk:healthcare:medcom:messaging:oioxml",
    "display" : "urn:dk:healthcare:medcom:messaging:oioxml"
  },
  {
    "code" : "urn:dk:healthcare:medcom:messaging:envelope",
    "display" : "urn:dk:healthcare:medcom:messaging:envelope"
  }]
}