{
  "resourceType" : "ValueSet",
  "id" : "bf29938d-16e6-482d-9d7b-e674fa1f7ba0-60",
  "url" : "http://hl7.org/fhir/comparison/ValueSet/bf29938d-16e6-482d-9d7b-e674fa1f7ba0-60",
  "name" : "IntersectionMedComDiagnosticReportCodesValuesetAndMedComDiagnosticReportCodesValueset",
  "title" : "Intersection of MedComDiagnosticReportCodesValueset And MedComDiagnosticReportCodesValueset",
  "status" : "draft",
  "date" : "2025-10-28T13:33:56+00:00",
  "jurisdiction" : [{
    "coding" : [{
      "system" : "urn:iso:std:iso:3166",
      "code" : "DK",
      "display" : "Denmark"
    }]
  }],
  "compose" : {
    "include" : [{
      "concept" : [{
        "code" : "HomeCareReport"
      }]
    }]
  }
}