{
  "resourceType" : "ValueSet",
  "id" : "21953b69-9363-4334-a6e6-6ec0c5721828-89",
  "url" : "http://hl7.org/fhir/comparison/ValueSet/21953b69-9363-4334-a6e6-6ec0c5721828-89",
  "name" : "UnionMedComCoreEncounterClassAndMedComCoreEncounterClass",
  "title" : "Union of MedComCoreEncounterClassCodes And MedComCoreEncounterClassCodes",
  "status" : "active",
  "date" : "2025-10-28T14:17:25+00:00",
  "jurisdiction" : [{
    "coding" : [{
      "system" : "urn:iso:std:iso:3166",
      "code" : "DK",
      "display" : "Denmark"
    }]
  }],
  "compose" : {
    "include" : [{
      "filter" : [{
        "property" : "concept",
        "op" : "descendent-of",
        "value" : "_ActEncounterCode"
      }]
    },
    {
      "concept" : [{
        "code" : "other",
        "display" : "Other encounter class"
      }]
    }],
    "exclude" : [{
      "concept" : [{
        "code" : "OBSENC"
      }]
    }]
  }
}