{
  "resourceType" : "ValueSet",
  "id" : "21953b69-9363-4334-a6e6-6ec0c5721828-81",
  "url" : "http://hl7.org/fhir/comparison/ValueSet/21953b69-9363-4334-a6e6-6ec0c5721828-81",
  "name" : "IntersectionMedComConditionListStatusAndMedComConditionListStatus",
  "title" : "Intersection of MedComConditionListStatus And MedComConditionListStatus",
  "status" : "active",
  "date" : "2025-10-28T14:17:25+00:00",
  "jurisdiction" : [{
    "coding" : [{
      "system" : "urn:iso:std:iso:3166",
      "code" : "DK",
      "display" : "Denmark"
    }]
  }],
  "compose" : {
    "include" : [{
      "concept" : [{
        "code" : "723506003"
      },
      {
        "code" : "15240007"
      }]
    }]
  }
}