{
  "resourceType" : "ValueSet",
  "id" : "bf29938d-16e6-482d-9d7b-e674fa1f7ba0-102",
  "url" : "http://hl7.org/fhir/comparison/ValueSet/bf29938d-16e6-482d-9d7b-e674fa1f7ba0-102",
  "name" : "IntersectionMedComHospitalNotificationEncounterClassAndMedComHospitalNotificationEncounterClass",
  "title" : "Intersection of MedComHospitalNotificationEncounterClassCodes And MedComHospitalNotificationEncounterClassCodes",
  "status" : "active",
  "date" : "2025-10-28T13:33:56+00:00",
  "jurisdiction" : [{
    "coding" : [{
      "system" : "urn:iso:std:iso:3166",
      "code" : "DK",
      "display" : "Denmark"
    }]
  }],
  "compose" : {
    "include" : [{
      "concept" : [{
        "code" : "EMER",
        "display" : "emergency"
      },
      {
        "code" : "IMP",
        "display" : "inpatient encounter"
      }]
    }]
  }
}