{
  "resourceType" : "ValueSet",
  "id" : "a6f04c5b-123b-480d-b675-9d427aa53d57-62",
  "url" : "http://hl7.org/fhir/comparison/ValueSet/a6f04c5b-123b-480d-b675-9d427aa53d57-62",
  "name" : "UnionMedComProducentIDValueSetAndMedComProducentIDValueSet",
  "title" : "Union of MedComProducentIDValueSet And MedComProducentIDValueSet",
  "status" : "draft",
  "date" : "2025-10-28T14:04:47+00:00",
  "jurisdiction" : [{
    "coding" : [{
      "system" : "urn:iso:std:iso:3166",
      "code" : "DK",
      "display" : "Denmark"
    }]
  }],
  "compose" : {
    "include" : [{
      "concept" : [{
        "code" : "KAF"
      }]
    }]
  }
}