{
  "resourceType" : "ValueSet",
  "id" : "a6f04c5b-123b-480d-b675-9d427aa53d57-84",
  "url" : "http://hl7.org/fhir/comparison/ValueSet/a6f04c5b-123b-480d-b675-9d427aa53d57-84",
  "name" : "IntersectionMedComCorePractitionerRolesAndMedComCorePractitionerRoles",
  "title" : "Intersection of MedComCorePractitionerRoles And MedComCorePractitionerRoles",
  "status" : "active",
  "date" : "2025-10-28T14:04:47+00:00",
  "jurisdiction" : [{
    "coding" : [{
      "system" : "urn:iso:std:iso:3166",
      "code" : "DK",
      "display" : "Denmark"
    }]
  }],
  "compose" : {
    "include" : [{
      "concept" : [{
        "code" : "ambulancebehandler"
      },
      {
        "code" : "laege"
      },
      {
        "code" : "osteopat"
      }]
    },
    {
      "concept" : [{
        "code" : "speciallaege"
      },
      {
        "code" : "speciallaegeipraksis"
      },
      {
        "code" : "cheflaege"
      },
      {
        "code" : "overlaege"
      },
      {
        "code" : "afdelingslaege"
      },
      {
        "code" : "sygehuslaege"
      },
      {
        "code" : "sygeplejerske"
      },
      {
        "code" : "sundhedsplejerske"
      },
      {
        "code" : "socialogsundhedsassistent"
      },
      {
        "code" : "socialogsundhedsmedhjaelper"
      },
      {
        "code" : "socialogsundhedsmehjaelper"
      },
      {
        "code" : "sygehjaelper"
      },
      {
        "code" : "plejer"
      },
      {
        "code" : "plejehjemsassistent"
      },
      {
        "code" : "tandlaege"
      },
      {
        "code" : "klinisktandtekniker"
      },
      {
        "code" : "tandplejer"
      },
      {
        "code" : "farmaceut"
      },
      {
        "code" : "apoteker"
      },
      {
        "code" : "psykolog"
      },
      {
        "code" : "pyskolog"
      },
      {
        "code" : "jordemoder"
      },
      {
        "code" : "fysioterapeut"
      },
      {
        "code" : "ergoterapeut"
      },
      {
        "code" : "bioanalytiker"
      },
      {
        "code" : "radiograf"
      },
      {
        "code" : "diaetist"
      },
      {
        "code" : "diaetistassistent"
      },
      {
        "code" : "audilogiassistent"
      },
      {
        "code" : "neurofysiologassistent"
      },
      {
        "code" : "kiropraktor"
      },
      {
        "code" : "zoneterapeut"
      },
      {
        "code" : "psykoterapeut"
      },
      {
        "code" : "audiologopaed"
      },
      {
        "code" : "laegesekretaer"
      },
      {
        "code" : "ledendelaegesekretaer"
      },
      {
        "code" : "sygeplejesekretaer"
      },
      {
        "code" : "sygeplejesekretear"
      },
      {
        "code" : "fodterapeut"
      },
      {
        "code" : "socialraadgiver"
      },
      {
        "code" : "ledendesocialraadgiver"
      },
      {
        "code" : "laerer"
      },
      {
        "code" : "paedagog"
      },
      {
        "code" : "beskaeftigelsesvejleder"
      },
      {
        "code" : "bandagist"
      },
      {
        "code" : "skomager"
      },
      {
        "code" : "optiker"
      }]
    },
    {
      "concept" : [{
        "code" : "NAVU"
      }]
    }]
  }
}