{
  "resourceType" : "ValueSet",
  "id" : "21953b69-9363-4334-a6e6-6ec0c5721828-71",
  "url" : "http://hl7.org/fhir/comparison/ValueSet/21953b69-9363-4334-a6e6-6ec0c5721828-71",
  "name" : "UnionMedComCareCommunicationCategoriesAndMedComCareCommunicationCategories",
  "title" : "Union of MedComCareCommunicationCategoryCodes And MedComCareCommunicationCategoryCodes",
  "status" : "active",
  "date" : "2025-10-28T14:17:25+00:00",
  "jurisdiction" : [{
    "coding" : [{
      "system" : "urn:iso:std:iso:3166",
      "code" : "DK",
      "display" : "Denmark"
    }]
  }]
}