<?xml version="1.0" encoding="UTF-8"?><ValueSet xmlns="http://hl7.org/fhir"><id value="medcm-producentID-valueset"/><text><status value="generated"/><div xmlns="http://www.w3.org/1999/xhtml"><ul><li>Include these codes as defined in <a href="CodeSystem-MedComProducentID.html"><code>http://medcomfhir.dk/ig/terminology/CodeSystem/MedComProducentID</code></a><table class="none"><tr><td style="white-space:nowrap"><b>Code</b></td><td><b>Display</b></td></tr><tr><td><a href="CodeSystem-MedComProducentID.html#MedComProducentID-KAF">KAF</a></td><td style="color: #cccccc">Kommunal akutfunktion</td></tr></table></li></ul></div></text><url value="http://medcomfhir.dk/ig/terminology/ValueSet/medcm-producentID-valueset"/><version value="1.5.0"/><name value="MedComProducentIDValueSet"/><title value="MedComProducentIDValueSet"/><status value="draft"/><experimental value="true"/><date value="2023-10-31"/><publisher value="MedCom"/><contact><name value="MedCom"/><telecom><system value="url"/><value value="http://www.medcom.dk"/></telecom></contact><description value="ProducentID"/><jurisdiction><coding><system value="urn:iso:std:iso:3166"/><code value="DK"/><display value="Denmark"/></coding></jurisdiction><compose><include><system value="http://medcomfhir.dk/ig/terminology/CodeSystem/MedComProducentID"/><concept><code value="KAF"/></concept></include></compose></ValueSet>