<?xml version="1.0" encoding="UTF-8"?><ValueSet xmlns="http://hl7.org/fhir"><id value="medcom-obs-responseGroup"/><text><status value="generated"/><div xmlns="http://www.w3.org/1999/xhtml"><ul><li>Include these codes as defined in <a href="CodeSystem-medcom-observation-resultGroup.html"><code>http://medcomfhir.dk/ig/terminology/CodeSystem/medcom-observation-resultGroup</code></a><table class="none"><tr><td style="white-space:nowrap"><b>Code</b></td><td><b>Display</b></td></tr><tr><td><a href="CodeSystem-medcom-observation-resultGroup.html#medcom-observation-resultGroup-haematologi">haematologi</a></td><td>Hæmatologi</td></tr><tr><td><a href="CodeSystem-medcom-observation-resultGroup.html#medcom-observation-resultGroup-vaeske-og-elektrolytbalance">vaeske-og-elektrolytbalance</a></td><td>Væske- og elektrolytbalance</td></tr><tr><td><a href="CodeSystem-medcom-observation-resultGroup.html#medcom-observation-resultGroup-syre.47base-og-oxygenstatus">syre/base-og-oxygenstatus</a></td><td>Syre/base- og oxygenstatus</td></tr><tr><td><a href="CodeSystem-medcom-observation-resultGroup.html#medcom-observation-resultGroup-haemostase">haemostase</a></td><td>Hæmostase</td></tr><tr><td><a href="CodeSystem-medcom-observation-resultGroup.html#medcom-observation-resultGroup-organmarkorer">organmarkorer</a></td><td>Organmarkører</td></tr><tr><td><a href="CodeSystem-medcom-observation-resultGroup.html#medcom-observation-resultGroup-metabolisme">metabolisme</a></td><td>Metabolisme</td></tr><tr><td><a href="CodeSystem-medcom-observation-resultGroup.html#medcom-observation-resultGroup-endokrinologi">endokrinologi</a></td><td>Endokrinologi</td></tr><tr><td><a href="CodeSystem-medcom-observation-resultGroup.html#medcom-observation-resultGroup-tumormarkorer">tumormarkorer</a></td><td>Tumormarkører</td></tr><tr><td><a href="CodeSystem-medcom-observation-resultGroup.html#medcom-observation-resultGroup-immunologi-og-inflammation">immunologi-og-inflammation</a></td><td>Immunologi og inflammation</td></tr><tr><td><a href="CodeSystem-medcom-observation-resultGroup.html#medcom-observation-resultGroup-infektion">infektion</a></td><td>Infektion</td></tr><tr><td><a href="CodeSystem-medcom-observation-resultGroup.html#medcom-observation-resultGroup-farmakologi">farmakologi</a></td><td>Farmakologi</td></tr><tr><td><a href="CodeSystem-medcom-observation-resultGroup.html#medcom-observation-resultGroup-allergi">allergi</a></td><td>Allergi</td></tr><tr><td><a href="CodeSystem-medcom-observation-resultGroup.html#medcom-observation-resultGroup-sporstoffer-og-vitaminer">sporstoffer-og-vitaminer</a></td><td>Sporstoffer og vitaminer</td></tr><tr><td><a href="CodeSystem-medcom-observation-resultGroup.html#medcom-observation-resultGroup-urinmikroskopi-og-stix">urinmikroskopi-og-stix</a></td><td>Urinmikroskopi og -stix</td></tr><tr><td><a href="CodeSystem-medcom-observation-resultGroup.html#medcom-observation-resultGroup-cerebrospinal-led-og-pleuravaeske">cerebrospinal-led-og-pleuravaeske</a></td><td>Cerebrospinal- led- og pleuravæske, ascites m.m.</td></tr><tr><td><a href="CodeSystem-medcom-observation-resultGroup.html#medcom-observation-resultGroup-molekyaer-genetik">molekyaer-genetik</a></td><td>Molekylær genetik</td></tr><tr><td><a href="CodeSystem-medcom-observation-resultGroup.html#medcom-observation-resultGroup-andreUndersogelser">andreUndersogelser</a></td><td>Andre undersøgelser</td></tr><tr><td><a href="CodeSystem-medcom-observation-resultGroup.html#medcom-observation-resultGroup-projektundersogelser">projektundersogelser</a></td><td>Projekundersøgelser</td></tr></table></li></ul></div></text><url value="http://medcomfhir.dk/ig/terminology/ValueSet/medcom-obs-responseGroup"/><version value="1.5.0"/><name value="MedComObservarionResponesGroupValueSet"/><title value="MedComObservarionResultGroupValueSet"/><status value="draft"/><experimental value="true"/><date value="2023-10-31"/><publisher value="MedCom"/><contact><name value="MedCom"/><telecom><system value="url"/><value value="http://www.medcom.dk"/></telecom></contact><description value="National response groups for observation results."/><jurisdiction><coding><system value="urn:iso:std:iso:3166"/><code value="DK"/><display value="Denmark"/></coding></jurisdiction><compose><include><system value="http://medcomfhir.dk/ig/terminology/CodeSystem/medcom-observation-resultGroup"/><concept><code value="haematologi"/><display value="Hæmatologi"/></concept><concept><code value="vaeske-og-elektrolytbalance"/><display value="Væske- og elektrolytbalance"/></concept><concept><code value="syre/base-og-oxygenstatus"/><display value="Syre/base- og oxygenstatus"/></concept><concept><code value="haemostase"/><display value="Hæmostase"/></concept><concept><code value="organmarkorer"/><display value="Organmarkører"/></concept><concept><code value="metabolisme"/><display value="Metabolisme"/></concept><concept><code value="endokrinologi"/><display value="Endokrinologi"/></concept><concept><code value="tumormarkorer"/><display value="Tumormarkører"/></concept><concept><code value="immunologi-og-inflammation"/><display value="Immunologi og inflammation"/></concept><concept><code value="infektion"/><display value="Infektion"/></concept><concept><code value="farmakologi"/><display value="Farmakologi"/></concept><concept><code value="allergi"/><display value="Allergi"/></concept><concept><code value="sporstoffer-og-vitaminer"/><display value="Sporstoffer og vitaminer"/></concept><concept><code value="urinmikroskopi-og-stix"/><display value="Urinmikroskopi og -stix"/></concept><concept><code value="cerebrospinal-led-og-pleuravaeske"/><display value="Cerebrospinal- led- og pleuravæske, ascites m.m."/></concept><concept><code value="molekyaer-genetik"/><display value="Molekylær genetik"/></concept><concept><code value="andreUndersogelser"/><display value="Andre undersøgelser"/></concept><concept><code value="projektundersogelser"/><display value="Projekundersøgelser"/></concept></include></compose></ValueSet>