{
  "resourceType" : "Organization",
  "id" : "8d5fa00a-fe4e-4c88-ab16-4458409621a9",
  "meta" : {
    "profile" : ["http://medcomfhir.dk/ig/conditionlist/StructureDefinition/medcom-conditionlist-organization"]
  },
  "text" : {
    "status" : "generated",
    "div" : "<div xmlns=\"http://www.w3.org/1999/xhtml\"><p class=\"res-header-id\"><b>Generated Narrative: Organization 8d5fa00a-fe4e-4c88-ab16-4458409621a9</b></p><a name=\"8d5fa00a-fe4e-4c88-ab16-4458409621a9\"> </a><a name=\"hc8d5fa00a-fe4e-4c88-ab16-4458409621a9\"> </a><a name=\"8d5fa00a-fe4e-4c88-ab16-4458409621a9-en-US\"> </a><div style=\"display: inline-block; background-color: #d9e0e7; padding: 6px; margin: 4px; border: 1px solid #8da1b4; border-radius: 5px; line-height: 60%\"><p style=\"margin-bottom: 0px\"/><p style=\"margin-bottom: 0px\">Profile: <a href=\"StructureDefinition-medcom-conditionlist-organization.html\">MedComConditionListOrganization</a></p></div><p><b>identifier</b>: <code>urn:oid:1.2.208.176.1.1</code>/325381000016008</p><p><b>name</b>: MedCom Testcenter</p></div>"
  },
  "identifier" : [{
    "system" : "urn:oid:1.2.208.176.1.1",
    "value" : "325381000016008"
  }],
  "name" : "MedCom Testcenter"
}