{"resourceType":"ValueSet","id":"medcom-core-PractitionerRoles","text":{"status":"generated","div":"<div xmlns=\"http://www.w3.org/1999/xhtml\"><p>This value set includes codes based on the following rules:</p><ul><li>Include these codes as defined in <a href=\"CodeSystem-medcom-core-PractitionerRolesAutorisationsregistret.html\"><code>http://medcomfhir.dk/ig/terminology/CodeSystem/medcom-core-PractitionerRolesAutorisationsregistret</code></a><table class=\"none\"><tr><td style=\"white-space:nowrap\"><b>Code</b></td><td><b>Display</b></td></tr><tr><td><a href=\"CodeSystem-medcom-core-PractitionerRolesAutorisationsregistret.html#medcom-core-PractitionerRolesAutorisationsregistret-ambulancebehandler\">ambulancebehandler</a></td><td>Ambulancebehandler</td></tr><tr><td><a href=\"CodeSystem-medcom-core-PractitionerRolesAutorisationsregistret.html#medcom-core-PractitionerRolesAutorisationsregistret-laege\">laege</a></td><td>Læge</td></tr><tr><td><a href=\"CodeSystem-medcom-core-PractitionerRolesAutorisationsregistret.html#medcom-core-PractitionerRolesAutorisationsregistret-osteopat\">osteopat</a></td><td>Osteopat</td></tr></table></li><li>Include these codes as defined in <a href=\"CodeSystem-medcom-core-PractitionerRolesSKSadministrativ.html\"><code>http://medcomfhir.dk/ig/terminology/CodeSystem/medcom-core-PractitionerRolesSKSadministrativ</code></a><table class=\"none\"><tr><td style=\"white-space:nowrap\"><b>Code</b></td><td><b>Display</b></td></tr><tr><td><a href=\"CodeSystem-medcom-core-PractitionerRolesSKSadministrativ.html#medcom-core-PractitionerRolesSKSadministrativ-speciallaege\">speciallaege</a></td><td>Speciallæge</td></tr><tr><td><a href=\"CodeSystem-medcom-core-PractitionerRolesSKSadministrativ.html#medcom-core-PractitionerRolesSKSadministrativ-speciallaegeipraksis\">speciallaegeipraksis</a></td><td>Speciallæge i praksis</td></tr><tr><td><a href=\"CodeSystem-medcom-core-PractitionerRolesSKSadministrativ.html#medcom-core-PractitionerRolesSKSadministrativ-cheflaege\">cheflaege</a></td><td>Cheflæge</td></tr><tr><td><a href=\"CodeSystem-medcom-core-PractitionerRolesSKSadministrativ.html#medcom-core-PractitionerRolesSKSadministrativ-overlaege\">overlaege</a></td><td>Overlæge</td></tr><tr><td><a href=\"CodeSystem-medcom-core-PractitionerRolesSKSadministrativ.html#medcom-core-PractitionerRolesSKSadministrativ-afdelingslaege\">afdelingslaege</a></td><td>Afdelingslæge</td></tr><tr><td><a href=\"CodeSystem-medcom-core-PractitionerRolesSKSadministrativ.html#medcom-core-PractitionerRolesSKSadministrativ-sygehuslaege\">sygehuslaege</a></td><td>Sygehuslæge</td></tr><tr><td><a href=\"CodeSystem-medcom-core-PractitionerRolesSKSadministrativ.html#medcom-core-PractitionerRolesSKSadministrativ-sygeplejerske\">sygeplejerske</a></td><td>Sygeplejerske</td></tr><tr><td><a href=\"CodeSystem-medcom-core-PractitionerRolesSKSadministrativ.html#medcom-core-PractitionerRolesSKSadministrativ-sundhedsplejerske\">sundhedsplejerske</a></td><td>Sundhedsplejerske</td></tr><tr><td><a href=\"CodeSystem-medcom-core-PractitionerRolesSKSadministrativ.html#medcom-core-PractitionerRolesSKSadministrativ-socialogsundhedsassistent\">socialogsundhedsassistent</a></td><td>Social- og sundhedsassistent</td></tr><tr><td><a href=\"CodeSystem-medcom-core-PractitionerRolesSKSadministrativ.html#medcom-core-PractitionerRolesSKSadministrativ-socialogsundhedsmehjaelper\">socialogsundhedsmehjaelper</a></td><td>Social- og sundhedsmedhjælper</td></tr><tr><td><a href=\"CodeSystem-medcom-core-PractitionerRolesSKSadministrativ.html#medcom-core-PractitionerRolesSKSadministrativ-sygehjaelper\">sygehjaelper</a></td><td>Sygehjælper</td></tr><tr><td><a href=\"CodeSystem-medcom-core-PractitionerRolesSKSadministrativ.html#medcom-core-PractitionerRolesSKSadministrativ-plejer\">plejer</a></td><td>Plejer</td></tr><tr><td><a href=\"CodeSystem-medcom-core-PractitionerRolesSKSadministrativ.html#medcom-core-PractitionerRolesSKSadministrativ-plejehjemsassistent\">plejehjemsassistent</a></td><td>Plejehjemsassistent</td></tr><tr><td><a href=\"CodeSystem-medcom-core-PractitionerRolesSKSadministrativ.html#medcom-core-PractitionerRolesSKSadministrativ-tandlaege\">tandlaege</a></td><td>Tandlæge</td></tr><tr><td><a href=\"CodeSystem-medcom-core-PractitionerRolesSKSadministrativ.html#medcom-core-PractitionerRolesSKSadministrativ-klinisktandtekniker\">klinisktandtekniker</a></td><td>Klinisk tandtekniker</td></tr><tr><td><a href=\"CodeSystem-medcom-core-PractitionerRolesSKSadministrativ.html#medcom-core-PractitionerRolesSKSadministrativ-tandplejer\">tandplejer</a></td><td>Tandplejer</td></tr><tr><td><a href=\"CodeSystem-medcom-core-PractitionerRolesSKSadministrativ.html#medcom-core-PractitionerRolesSKSadministrativ-farmaceut\">farmaceut</a></td><td>Farmaceut</td></tr><tr><td><a href=\"CodeSystem-medcom-core-PractitionerRolesSKSadministrativ.html#medcom-core-PractitionerRolesSKSadministrativ-apoteker\">apoteker</a></td><td>Apoteker</td></tr><tr><td><a href=\"CodeSystem-medcom-core-PractitionerRolesSKSadministrativ.html#medcom-core-PractitionerRolesSKSadministrativ-pyskolog\">pyskolog</a></td><td>Psykolog</td></tr><tr><td><a href=\"CodeSystem-medcom-core-PractitionerRolesSKSadministrativ.html#medcom-core-PractitionerRolesSKSadministrativ-jordemoder\">jordemoder</a></td><td>Jordemoder</td></tr><tr><td><a href=\"CodeSystem-medcom-core-PractitionerRolesSKSadministrativ.html#medcom-core-PractitionerRolesSKSadministrativ-fysioterapeut\">fysioterapeut</a></td><td>Fysioterapeut</td></tr><tr><td><a href=\"CodeSystem-medcom-core-PractitionerRolesSKSadministrativ.html#medcom-core-PractitionerRolesSKSadministrativ-ergoterapeut\">ergoterapeut</a></td><td>Ergoterapeut</td></tr><tr><td><a href=\"CodeSystem-medcom-core-PractitionerRolesSKSadministrativ.html#medcom-core-PractitionerRolesSKSadministrativ-bioanalytiker\">bioanalytiker</a></td><td>Bioanalytiker</td></tr><tr><td><a href=\"CodeSystem-medcom-core-PractitionerRolesSKSadministrativ.html#medcom-core-PractitionerRolesSKSadministrativ-radiograf\">radiograf</a></td><td>Radiograf</td></tr><tr><td><a href=\"CodeSystem-medcom-core-PractitionerRolesSKSadministrativ.html#medcom-core-PractitionerRolesSKSadministrativ-diaetist\">diaetist</a></td><td>Diætist</td></tr><tr><td><a href=\"CodeSystem-medcom-core-PractitionerRolesSKSadministrativ.html#medcom-core-PractitionerRolesSKSadministrativ-diaetistassistent\">diaetistassistent</a></td><td>Diætistassistent</td></tr><tr><td><a href=\"CodeSystem-medcom-core-PractitionerRolesSKSadministrativ.html#medcom-core-PractitionerRolesSKSadministrativ-audilogassistent\">audilogassistent</a></td><td>Audilogassistent</td></tr><tr><td><a href=\"CodeSystem-medcom-core-PractitionerRolesSKSadministrativ.html#medcom-core-PractitionerRolesSKSadministrativ-neurofysiologassistent\">neurofysiologassistent</a></td><td>Neurofysiologassistent</td></tr><tr><td><a href=\"CodeSystem-medcom-core-PractitionerRolesSKSadministrativ.html#medcom-core-PractitionerRolesSKSadministrativ-kiropraktor\">kiropraktor</a></td><td>Kiropraktor</td></tr><tr><td><a href=\"CodeSystem-medcom-core-PractitionerRolesSKSadministrativ.html#medcom-core-PractitionerRolesSKSadministrativ-zoneterapeut\">zoneterapeut</a></td><td>Zoneterapeut</td></tr><tr><td><a href=\"CodeSystem-medcom-core-PractitionerRolesSKSadministrativ.html#medcom-core-PractitionerRolesSKSadministrativ-psykoterapeut\">psykoterapeut</a></td><td>Psykoterapeut</td></tr><tr><td><a href=\"CodeSystem-medcom-core-PractitionerRolesSKSadministrativ.html#medcom-core-PractitionerRolesSKSadministrativ-audiologpaed\">audiologpaed</a></td><td>Audiologpæd</td></tr><tr><td><a href=\"CodeSystem-medcom-core-PractitionerRolesSKSadministrativ.html#medcom-core-PractitionerRolesSKSadministrativ-laegesekretaer\">laegesekretaer</a></td><td>Lægesekretær</td></tr><tr><td><a href=\"CodeSystem-medcom-core-PractitionerRolesSKSadministrativ.html#medcom-core-PractitionerRolesSKSadministrativ-ledendelaegesekretaer\">ledendelaegesekretaer</a></td><td>Ledende lægesekretær</td></tr><tr><td><a href=\"CodeSystem-medcom-core-PractitionerRolesSKSadministrativ.html#medcom-core-PractitionerRolesSKSadministrativ-sygeplejesekretear\">sygeplejesekretear</a></td><td>Sygeplejesekretær</td></tr><tr><td><a href=\"CodeSystem-medcom-core-PractitionerRolesSKSadministrativ.html#medcom-core-PractitionerRolesSKSadministrativ-fodterapeut\">fodterapeut</a></td><td>Fodterapeut</td></tr><tr><td><a href=\"CodeSystem-medcom-core-PractitionerRolesSKSadministrativ.html#medcom-core-PractitionerRolesSKSadministrativ-socialraadgiver\">socialraadgiver</a></td><td>Socialrådgiver</td></tr><tr><td><a href=\"CodeSystem-medcom-core-PractitionerRolesSKSadministrativ.html#medcom-core-PractitionerRolesSKSadministrativ-ledendesocialraadgiver\">ledendesocialraadgiver</a></td><td>Ledende socialrådgiver</td></tr><tr><td><a href=\"CodeSystem-medcom-core-PractitionerRolesSKSadministrativ.html#medcom-core-PractitionerRolesSKSadministrativ-laerer\">laerer</a></td><td>Lærer</td></tr><tr><td><a href=\"CodeSystem-medcom-core-PractitionerRolesSKSadministrativ.html#medcom-core-PractitionerRolesSKSadministrativ-paedagog\">paedagog</a></td><td>Pædagog</td></tr><tr><td><a href=\"CodeSystem-medcom-core-PractitionerRolesSKSadministrativ.html#medcom-core-PractitionerRolesSKSadministrativ-beskaeftigelsesvejleder\">beskaeftigelsesvejleder</a></td><td>Beskæftigelsesvejleder</td></tr><tr><td><a href=\"CodeSystem-medcom-core-PractitionerRolesSKSadministrativ.html#medcom-core-PractitionerRolesSKSadministrativ-bandagist\">bandagist</a></td><td>Bandagist</td></tr><tr><td><a href=\"CodeSystem-medcom-core-PractitionerRolesSKSadministrativ.html#medcom-core-PractitionerRolesSKSadministrativ-skomager\">skomager</a></td><td>Skomager</td></tr><tr><td><a href=\"CodeSystem-medcom-core-PractitionerRolesSKSadministrativ.html#medcom-core-PractitionerRolesSKSadministrativ-optiker\">optiker</a></td><td>Optiker</td></tr></table></li></ul></div>"},"url":"http://medcomfhir.dk/ig/terminology/ValueSet/medcom-core-PractitionerRoles","version":"1.2.0","name":"MedComCorePractitionerRoles","title":"MedComCorePractitionerRoles","status":"active","date":"2022-12-01","publisher":"MedCom","contact":[{"name":"MedCom","telecom":[{"system":"url","value":"http://www.medcom.dk"}]}],"description":"ValueSet containing codes for practionerroles (Danish:Stillingsbetegnelser) from medcom ","jurisdiction":[{"coding":[{"system":"urn:iso:std:iso:3166","code":"DK","display":"Denmark"}]}],"compose":{"include":[{"system":"http://medcomfhir.dk/ig/terminology/CodeSystem/medcom-core-PractitionerRolesAutorisationsregistret","concept":[{"code":"ambulancebehandler","display":"Ambulancebehandler"},{"code":"laege","display":"Læge"},{"code":"osteopat","display":"Osteopat"}]},{"system":"http://medcomfhir.dk/ig/terminology/CodeSystem/medcom-core-PractitionerRolesSKSadministrativ","concept":[{"code":"speciallaege","display":"Speciallæge"},{"code":"speciallaegeipraksis","display":"Speciallæge i praksis"},{"code":"cheflaege","display":"Cheflæge"},{"code":"overlaege","display":"Overlæge"},{"code":"afdelingslaege","display":"Afdelingslæge"},{"code":"sygehuslaege","display":"Sygehuslæge"},{"code":"sygeplejerske","display":"Sygeplejerske"},{"code":"sundhedsplejerske","display":"Sundhedsplejerske"},{"code":"socialogsundhedsassistent","display":"Social- og sundhedsassistent"},{"code":"socialogsundhedsmehjaelper","display":"Social- og sundhedsmedhjælper"},{"code":"sygehjaelper","display":"Sygehjælper"},{"code":"plejer","display":"Plejer"},{"code":"plejehjemsassistent","display":"Plejehjemsassistent"},{"code":"tandlaege","display":"Tandlæge"},{"code":"klinisktandtekniker","display":"Klinisk tandtekniker"},{"code":"tandplejer","display":"Tandplejer"},{"code":"farmaceut","display":"Farmaceut"},{"code":"apoteker","display":"Apoteker"},{"code":"pyskolog","display":"Psykolog"},{"code":"jordemoder","display":"Jordemoder"},{"code":"fysioterapeut","display":"Fysioterapeut"},{"code":"ergoterapeut","display":"Ergoterapeut"},{"code":"bioanalytiker","display":"Bioanalytiker"},{"code":"radiograf","display":"Radiograf"},{"code":"diaetist","display":"Diætist"},{"code":"diaetistassistent","display":"Diætistassistent"},{"code":"audilogassistent","display":"Audilogassistent"},{"code":"neurofysiologassistent","display":"Neurofysiologassistent"},{"code":"kiropraktor","display":"Kiropraktor"},{"code":"zoneterapeut","display":"Zoneterapeut"},{"code":"psykoterapeut","display":"Psykoterapeut"},{"code":"audiologpaed","display":"Audiologpæd"},{"code":"laegesekretaer","display":"Lægesekretær"},{"code":"ledendelaegesekretaer","display":"Ledende lægesekretær"},{"code":"sygeplejesekretear","display":"Sygeplejesekretær"},{"code":"fodterapeut","display":"Fodterapeut"},{"code":"socialraadgiver","display":"Socialrådgiver"},{"code":"ledendesocialraadgiver","display":"Ledende socialrådgiver"},{"code":"laerer","display":"Lærer"},{"code":"paedagog","display":"Pædagog"},{"code":"beskaeftigelsesvejleder","display":"Beskæftigelsesvejleder"},{"code":"bandagist","display":"Bandagist"},{"code":"skomager","display":"Skomager"},{"code":"optiker","display":"Optiker"}]}]}}