<?xml version="1.0" encoding="UTF-8"?>

<ValueSet xmlns="http://hl7.org/fhir">
  <id value="MedCom-ihe-core-languagecode-VS"/>
  <text>
    <status value="generated"/><div xmlns="http://www.w3.org/1999/xhtml"><p class="res-header-id"><b>Generated Narrative: ValueSet MedCom-ihe-core-languagecode-VS</b></p><a name="MedCom-ihe-core-languagecode-VS"> </a><a name="hcMedCom-ihe-core-languagecode-VS"> </a><a name="MedCom-ihe-core-languagecode-VS-en-US"> </a><ul><li>Include these codes as defined in <code>urn:oid:2.16.840.1.113883.6.121</code><table class="none"><tr><td style="white-space:nowrap"><b>Code</b></td><td><b>Display</b></td></tr><tr><td>da-DK</td><td>Danish-Denmark</td></tr><tr><td>da</td><td>Danish</td></tr></table></li></ul></div>
  </text>
  <url value="http://medcomfhir.dk/ig/xdsmetadata/ValueSet/MedCom-ihe-core-languagecode-VS"/>
  <version value="1.0.1"/>
  <name value="MedComIHE_CoreLanguageCode"/>
  <title value="IHE LanguageCode"/>
  <status value="active"/>
  <experimental value="true"/>
  <date value="2015-01-01"/>
  <publisher value="MedCom"/>
  <contact>
    <name value="MedCom"/>
    <telecom>
      <system value="url"/>
      <value value="http://www.medcom.dk"/>
    </telecom>
  </contact>
  <description value="Tags for the Identification of Languages (RFC 3066)"/>
  <compose>
    <include>
      <system value="urn:oid:2.16.840.1.113883.6.121"/>
      <concept>
        <code value="da-DK"/>
        <display value="Danish-Denmark"/>
      </concept>
      <concept>
        <code value="da"/>
        <display value="Danish"/>
      </concept>
    </include>
  </compose>
</ValueSet>