<?xml version="1.0" encoding="UTF-8"?>

<Organization xmlns="http://hl7.org/fhir">
  <id value="432aba79-99d5-4e03-801b-2f800fc7a251"/>
  <meta>
    <profile value="http://medcomfhir.dk/ig/conditionlist/StructureDefinition/medcom-conditionlist-organization"/>
  </meta>
  <text>
    <status value="generated"/><div xmlns="http://www.w3.org/1999/xhtml"><p class="res-header-id"><b>Generated Narrative: Organization 432aba79-99d5-4e03-801b-2f800fc7a251</b></p><a name="432aba79-99d5-4e03-801b-2f800fc7a251"> </a><a name="hc432aba79-99d5-4e03-801b-2f800fc7a251"> </a><a name="432aba79-99d5-4e03-801b-2f800fc7a251-en-US"> </a><div style="display: inline-block; background-color: #d9e0e7; padding: 6px; margin: 4px; border: 1px solid #8da1b4; border-radius: 5px; line-height: 60%"><p style="margin-bottom: 0px"/><p style="margin-bottom: 0px">Profile: <a href="StructureDefinition-medcom-conditionlist-organization.html">MedComConditionListOrganization</a></p></div><p><b>identifier</b>: <code>urn:oid:1.2.208.176.1.1</code>/325381000016008</p><p><b>name</b>: MedCom Testcenter</p></div>
  </text>
  <identifier>
    <system value="urn:oid:1.2.208.176.1.1"/>
    <value value="325381000016008"/>
  </identifier>
  <name value="MedCom Testcenter"/>
</Organization>