{
  "resourceType" : "Patient",
  "id" : "382fb8a3-6725-41e2-a615-2b1cfcfe9931",
  "meta" : {
    "profile" : ["http://medcomfhir.dk/ig/core/StructureDefinition/medcom-core-patient"]
  },
  "text" : {
    "status" : "generated",
    "div" : "<div xmlns=\"http://www.w3.org/1999/xhtml\"><p class=\"res-header-id\"><b>Generated Narrative: Patient 382fb8a3-6725-41e2-a615-2b1cfcfe9931</b></p><a name=\"382fb8a3-6725-41e2-a615-2b1cfcfe9931\"> </a><a name=\"hc382fb8a3-6725-41e2-a615-2b1cfcfe9931\"> </a><div style=\"display: inline-block; background-color: #d9e0e7; padding: 6px; margin: 4px; border: 1px solid #8da1b4; border-radius: 5px; line-height: 60%\"><p style=\"margin-bottom: 0px\"/><p style=\"margin-bottom: 0px\">Profile: <a href=\"StructureDefinition-medcom-core-patient.html\">MedComCorePatient</a></p></div><p style=\"border: 1px #661aff solid; background-color: #e6e6ff; padding: 10px;\">Cæcar Test Østergård (official) (no stated gender), DoB Unknown ( urn:oid:1.2.208.176.1.2#2311143995)</p><hr/><table class=\"grid\"><tr><td style=\"background-color: #f3f5da\" title=\"Known status of Patient\">Deceased:</td><td colspan=\"3\">true</td></tr><tr><td style=\"background-color: #f3f5da\" title=\"Ways to contact the Patient\">Contact Detail</td><td colspan=\"3\"><ul><li>ph: 24533421(Home)</li><li>Testhjemmet 1 Odense M 5230 </li></ul></td></tr></table></div>"
  },
  "identifier" : [{
    "system" : "urn:oid:1.2.208.176.1.2",
    "value" : "2311143995"
  }],
  "name" : [{
    "use" : "official",
    "family" : "Østergård",
    "given" : ["Cæcar",
    "Test"]
  }],
  "telecom" : [{
    "system" : "phone",
    "value" : "24533421",
    "use" : "home"
  }],
  "deceasedBoolean" : true,
  "address" : [{
    "line" : ["Testhjemmet 1"],
    "city" : "Odense M",
    "postalCode" : "5230"
  }]
}