{
  "codeSystems" : [
    {
      "url" : "http://medcomfhir.dk/ig/terminology/ValueSet/MedComDiagnosticReportCodesValueset",
      "version" : "1.0.0",
      "status" : "draft",
      "name" : "MedComDiagnosticReportCodesValueset",
      "title" : "MedComDiagnosticReportCodesValueset",
      "description" : "ValueSet with codes that represents the name of the diagnostic report.",
      "systems" : [
        "http://medcomfhir.dk/ig/terminology/CodeSystem/MedComDiagnosticReportCodes"
      ],
      "uses" : {
      },
      "StructureDefinition-medcom-core-diagnosticreport.html" : "MedComCoreDiagnosticReport"
    },
    {
      "url" : "http://medcomfhir.dk/ig/terminology/ValueSet/medcom-core-PractitionerRoles",
      "version" : "2.0.0",
      "status" : "active",
      "name" : "MedComCorePractitionerRoles",
      "title" : "MedComCorePractitionerRoles",
      "description" : "ValueSet containing codes for practionerroles (Danish: Stillingsbetegnelser) from MedCom.",
      "systems" : [
        "http://medcomfhir.dk/ig/terminology/CodeSystem/medcom-core-PractitionerRolesAutorisationsregistret",
        "http://terminology.hl7.org/CodeSystem/v3-NullFlavor",
        "http://medcomfhir.dk/ig/terminology/CodeSystem/medcom-core-PractitionerRolesSKSadministrativ"
      ],
      "uses" : {
      },
      "StructureDefinition-medcom-core-practitionerrole.html" : "MedComCorePractitionerRole"
    },
    {
      "url" : "http://medcomfhir.dk/ig/terminology/ValueSet/medcom-core-attachmentMimeTypes",
      "version" : "1.1.0",
      "status" : "active",
      "name" : "MedComCoreAttachmentMimeTypes",
      "title" : "MedComCoreAttachmentMimeTypes",
      "description" : "ValueSet containing allowed mime types for MedCom messages",
      "systems" : ["urn:ietf:bcp:13"],
      "uses" : {
      },
      "StructureDefinition-medcom-core-media.html" : "MedComMedia"
    },
    {
      "url" : "http://medcomfhir.dk/ig/terminology/ValueSet/medcom-core-encounter-class",
      "version" : "2.0.0",
      "status" : "active",
      "name" : "MedComCoreEncounterClass",
      "title" : "MedComCoreEncounterClassCodes",
      "description" : "ValueSet containing classification codes for MedComCoreEncounter.",
      "systems" : [
        "http://medcomfhir.dk/ig/terminology/CodeSystem/medcom-core-encounter-act-codes",
        "http://terminology.hl7.org/CodeSystem/v3-ActCode"
      ],
      "uses" : {
      },
      "StructureDefinition-medcom-core-encounter.html" : "MedComCoreEncounter"
    },
    {
      "url" : "http://medcomfhir.dk/ig/terminology/ValueSet/medcom-core-observation-status",
      "version" : "1.0.0",
      "status" : "active",
      "name" : "MedComCoreObservationStatus",
      "title" : "MedComCoreObservationStatus",
      "description" : "ValueSet containing status codes for MedCom Core Observation",
      "systems" : ["http://hl7.org/fhir/observation-status"],
      "uses" : {
      },
      "StructureDefinition-medcom-core-observation.html" : "MedComCoreObservation"
    },
    {
      "url" : "http://medcomfhir.dk/ig/terminology/ValueSet/medcom-corediagnosticreport-status",
      "version" : "1.0.0",
      "status" : "active",
      "name" : "MedComCoreDiagnosticReportStatus",
      "title" : "MedComCoreDiagnosticReportStatus",
      "description" : "ValueSet containing status codes for MedCom DiagnosticReport",
      "systems" : ["http://hl7.org/fhir/diagnostic-report-status"],
      "uses" : {
      },
      "StructureDefinition-medcom-core-diagnosticreport.html" : "MedComCoreDiagnosticReport"
    }
  ]
}
