<?xml version="1.0" encoding="UTF-8"?><ImplementationGuide xmlns="http://hl7.org/fhir"><id value="medcom.fhir.dk.hospitalnotification"/><text><status value="extensions"/><div xmlns="http://www.w3.org/1999/xhtml"><h2>MedComHospitalNotification</h2><p>The official URL for this implementation guide is: </p><pre>http://medcomfhir.dk/ig/hospitalnotification/ImplementationGuide/medcom.fhir.dk.hospitalnotification</pre><div><p>The DK MedCom HospitalNotification IG</p>
</div></div></text><url value="http://medcomfhir.dk/ig/hospitalnotification/ImplementationGuide/medcom.fhir.dk.hospitalnotification"/><version value="2.0.0"/><name value="MedComHospitalNotification"/><title value="DK MedCom HospitalNotification"/><status value="active"/><date value="2022-10-05T22:16:11+02:00"/><publisher value="MedCom"/><contact><name value="MedCom"/><telecom><system value="url"/><value value="http://www.medcom.dk"/></telecom></contact><description value="The DK MedCom HospitalNotification IG"/><jurisdiction><coding><system value="urn:iso:std:iso:3166"/><code value="DK"/><display value="Denmark"/></coding></jurisdiction><packageId value="medcom.fhir.dk.hospitalnotification"/><license value="CC0-1.0"/><fhirVersion value="4.0.1"/><dependsOn id="higtools"><uri value="http://hl7.org/fhir/tools/ImplementationGuide/hl7.fhir.uv.tools"/><packageId value="hl7.fhir.uv.tools"/><version value="current"/></dependsOn><dependsOn id="hl7tx"><uri value="http://terminology.hl7.org/ImplementationGuide/hl7.terminology"/><packageId value="hl7.terminology.r4"/><version value="4.0.0"/></dependsOn><dependsOn id="hl7_fhir_dk_core"><uri value="http://hl7.dk/fhir/core/ImplementationGuide/hl7.fhir.dk.core"/><packageId value="hl7.fhir.dk.core"/><version value="2.0.0"/></dependsOn><dependsOn id="medcom_fhir_dk_core"><uri value="http://medcomfhir.dk/ig/core/ImplementationGuide/medcom.fhir.dk.core"/><packageId value="medcom.fhir.dk.core"/><version value="2.0.0"/></dependsOn><dependsOn id="medcom_fhir_dk_messaging"><uri value="http://medcomfhir.dk/ig/messaging/ImplementationGuide/medcom.fhir.dk.messaging"/><packageId value="medcom.fhir.dk.messaging"/><version value="2.0.0"/></dependsOn><definition><extension url="http://hl7.org/fhir/tools/StructureDefinition/ig-parameter"><extension url="code"><valueString value="copyrightyear"/></extension><extension url="value"><valueString value="2021+"/></extension></extension><extension url="http://hl7.org/fhir/tools/StructureDefinition/ig-parameter"><extension url="code"><valueString value="releaselabel"/></extension><extension url="value"><valueString value="Build CI"/></extension></extension><extension url="http://hl7.org/fhir/tools/StructureDefinition/ig-parameter"><extension url="code"><valueString value="apply-contact"/></extension><extension url="value"><valueString value="true"/></extension></extension><extension url="http://hl7.org/fhir/tools/StructureDefinition/ig-parameter"><extension url="code"><valueString value="apply-juristiction"/></extension><extension url="value"><valueString value="true"/></extension></extension><extension url="http://hl7.org/fhir/tools/StructureDefinition/ig-parameter"><extension url="code"><valueString value="apply-publisher"/></extension><extension url="value"><valueString value="true"/></extension></extension><extension url="http://hl7.org/fhir/tools/StructureDefinition/ig-parameter"><extension url="code"><valueString value="autoload-resources"/></extension><extension url="value"><valueString value="true"/></extension></extension><extension url="http://hl7.org/fhir/tools/StructureDefinition/ig-parameter"><extension url="code"><valueString value="path-liquid"/></extension><extension url="value"><valueString value="template/liquid"/></extension></extension><extension url="http://hl7.org/fhir/tools/StructureDefinition/ig-parameter"><extension url="code"><valueString value="path-liquid"/></extension><extension url="value"><valueString value="input/liquid"/></extension></extension><extension url="http://hl7.org/fhir/tools/StructureDefinition/ig-parameter"><extension url="code"><valueString value="path-qa"/></extension><extension url="value"><valueString value="temp/qa"/></extension></extension><extension url="http://hl7.org/fhir/tools/StructureDefinition/ig-parameter"><extension url="code"><valueString value="path-temp"/></extension><extension url="value"><valueString value="temp/pages"/></extension></extension><extension url="http://hl7.org/fhir/tools/StructureDefinition/ig-parameter"><extension url="code"><valueString value="path-output"/></extension><extension url="value"><valueString value="output"/></extension></extension><extension url="http://hl7.org/fhir/tools/StructureDefinition/ig-parameter"><extension url="code"><valueString value="path-suppressed-warnings"/></extension><extension url="value"><valueString value="input/ignoreWarnings.txt"/></extension></extension><extension url="http://hl7.org/fhir/tools/StructureDefinition/ig-parameter"><extension url="code"><valueString value="path-history"/></extension><extension url="value"><valueString value="http://medcomfhir.dk/ig/hospitalnotification/history.html"/></extension></extension><extension url="http://hl7.org/fhir/tools/StructureDefinition/ig-parameter"><extension url="code"><valueString value="template-html"/></extension><extension url="value"><valueString value="template-page.html"/></extension></extension><extension url="http://hl7.org/fhir/tools/StructureDefinition/ig-parameter"><extension url="code"><valueString value="template-md"/></extension><extension url="value"><valueString value="template-page-md.html"/></extension></extension><extension url="http://hl7.org/fhir/tools/StructureDefinition/ig-parameter"><extension url="code"><valueString value="apply-context"/></extension><extension url="value"><valueString value="true"/></extension></extension><extension url="http://hl7.org/fhir/tools/StructureDefinition/ig-parameter"><extension url="code"><valueString value="apply-copyright"/></extension><extension url="value"><valueString value="true"/></extension></extension><extension url="http://hl7.org/fhir/tools/StructureDefinition/ig-parameter"><extension url="code"><valueString value="apply-jurisdiction"/></extension><extension url="value"><valueString value="true"/></extension></extension><extension url="http://hl7.org/fhir/tools/StructureDefinition/ig-parameter"><extension url="code"><valueString value="apply-license"/></extension><extension url="value"><valueString value="true"/></extension></extension><extension url="http://hl7.org/fhir/tools/StructureDefinition/ig-parameter"><extension url="code"><valueString value="apply-version"/></extension><extension url="value"><valueString value="true"/></extension></extension><extension url="http://hl7.org/fhir/tools/StructureDefinition/ig-parameter"><extension url="code"><valueString value="active-tables"/></extension><extension url="value"><valueString value="true"/></extension></extension><extension url="http://hl7.org/fhir/tools/StructureDefinition/ig-parameter"><extension url="code"><valueString value="fmm-definition"/></extension><extension url="value"><valueString value="http://hl7.org/fhir/versions.html#maturity"/></extension></extension><extension url="http://hl7.org/fhir/tools/StructureDefinition/ig-parameter"><extension url="code"><valueString value="propagate-status"/></extension><extension url="value"><valueString value="true"/></extension></extension><extension url="http://hl7.org/fhir/tools/StructureDefinition/ig-parameter"><extension url="code"><valueString value="excludelogbinaryformat"/></extension><extension url="value"><valueString value="true"/></extension></extension><grouping id="-str-profile"><name value="Structures: Resource Profiles"/><description value="These define constraints on FHIR resources for systems conforming to this implementation guide"/></grouping><grouping id="-str-extension"><name value="Structures: Extension Definitions"/><description value="These define constraints on FHIR data types for systems conforming to this implementation guide"/></grouping><grouping id="-ex-example"><name value="Example: Example Instances"/><description value="These are example instances that show what data produced and consumed by systems conforming with this implementation guide might look like"/></grouping><resource><extension url="http://hl7.org/fhir/StructureDefinition/implementationguide-page"><valueUri value="StructureDefinition-medcom-hospitalNotification-encounter.html"/></extension><reference><reference value="StructureDefinition/medcom-hospitalNotification-encounter"/></reference><name value="MedComHospitalNotificationEncounter"/><description value="Encounter derivation that handles hospital notification when a patient is admitted to a hospital. The hospital notification is always send from a hospital. The receiver of the message is the patients home municipalicy. The hospital notification is send for example when patient is admitted, on leave, returned from leave, finished hospital stay."/><exampleBoolean value="false"/><groupingId value="-str-profile"/></resource><resource><extension url="http://hl7.org/fhir/StructureDefinition/implementationguide-page"><valueUri value="StructureDefinition-medcom-hospitalNotification-message.html"/></extension><reference><reference value="StructureDefinition/medcom-hospitalNotification-message"/></reference><name value="MedComHospitalNotificationMessage"/><description value="A message for a HospitalNotification. The message is triggered as patients are admitted, onleave or has finished a hospital stay in order to notify the relevant Municipalicy home care"/><exampleBoolean value="false"/><groupingId value="-str-profile"/></resource><resource><extension url="http://hl7.org/fhir/StructureDefinition/implementationguide-page"><valueUri value="StructureDefinition-medcom-hospitalNotification-messageHeader.html"/></extension><reference><reference value="StructureDefinition/medcom-hospitalNotification-messageHeader"/></reference><name value="MedComHospitalNotificationMessageHeader"/><description value="MessageHeader for a HospitalNotification message."/><exampleBoolean value="false"/><groupingId value="-str-profile"/></resource><resource><extension url="http://hl7.org/fhir/StructureDefinition/implementationguide-page"><valueUri value="StructureDefinition-medcom-messaging-reportOfAdmissionExtension.html"/></extension><reference><reference value="StructureDefinition/medcom-messaging-reportOfAdmissionExtension"/></reference><name value="MedComReportOfAdmissionExtension"/><description value="Indicates whether the recipient should send a report of admission"/><exampleBoolean value="false"/><groupingId value="-str-extension"/></resource><resource><extension url="http://hl7.org/fhir/StructureDefinition/implementationguide-page"><valueUri value="StructureDefinition-medcom-messaging-reportOfAdmissionRecipientExtension.html"/></extension><reference><reference value="StructureDefinition/medcom-messaging-reportOfAdmissionRecipientExtension"/></reference><name value="MedComReportOfAdmissionRecipientExtension"/><description value="Recipient of a report of admission response"/><exampleBoolean value="false"/><groupingId value="-str-extension"/></resource><resource><extension url="http://hl7.org/fhir/StructureDefinition/implementationguide-page"><valueUri value="MessageHeader-a1b27813-8aa8-4fa1-846b-aeabf5afb7d4.html"/></extension><reference><reference value="MessageHeader/a1b27813-8aa8-4fa1-846b-aeabf5afb7d4"/></reference><name value="HospitalNotification MessageHeader - STIN. reportOfAdmissionFlag = true"/><description value="HospitalNotification MessageHeader - STIN. reportOfAdmissionFlag sat to true. Valid only if used in a bundle (message)."/><exampleCanonical value="http://medcomfhir.dk/ig/hospitalnotification/StructureDefinition/medcom-hospitalNotification-messageHeader"/><groupingId value="-ex-example"/></resource><resource><extension url="http://hl7.org/fhir/StructureDefinition/implementationguide-page"><valueUri value="Bundle-a5e5b880-c087-4055-b9ec-99108695f81d.html"/></extension><reference><reference value="Bundle/a5e5b880-c087-4055-b9ec-99108695f81d"/></reference><name value="HospitalNotification Message - STIN"/><description value="Example of MedCom HospitalNotification  - STIN. Admit inpatient."/><exampleCanonical value="http://medcomfhir.dk/ig/hospitalnotification/StructureDefinition/medcom-hospitalNotification-message"/><groupingId value="-ex-example"/></resource><resource><extension url="http://hl7.org/fhir/StructureDefinition/implementationguide-page"><valueUri value="Encounter-a790f964-88d3-4652-bbc8-81d2f3d035f8.html"/></extension><reference><reference value="Encounter/a790f964-88d3-4652-bbc8-81d2f3d035f8"/></reference><name value="HospitalNotification Encounter - STIN"/><description value="Example of HospitalNoticication inpatient Encounter in progress with o7056980-a8b2-42aa-8a0e-c1fc85d1f40d as serviceProvider"/><exampleCanonical value="http://medcomfhir.dk/ig/hospitalnotification/StructureDefinition/medcom-hospitalNotification-encounter"/><groupingId value="-ex-example"/></resource><resource><reference><reference value="Provenance/a7cf3888-6f42-4e4d-929c-d2475d24fba0"/></reference><name value="HospitalNotification Provenance - STIN"/><description value="HospitalNotification Provenance - STIN. The Provenance instance is only valid if used in a Bundle (message)."/><exampleBoolean value="true"/></resource><resource><reference><reference value="Provenance/b5f7de8c-957a-11ec-b909-0242ac120002"/></reference><name value="HospitalNotification Provenance - RE_STIN"/><description value="HospitalNotification Provenance. The Provenance instance is only valid if used in a Bundle (message)."/><exampleBoolean value="true"/></resource><resource><extension url="http://hl7.org/fhir/StructureDefinition/implementationguide-page"><valueUri value="Encounter-b9846c24-0335-11ed-b939-0242ac120002.html"/></extension><reference><reference value="Encounter/b9846c24-0335-11ed-b939-0242ac120002"/></reference><name value="HospitalNotification Encounter - RE_STIN"/><description value="Example of HospitalNoticication updating an inpatient Encounter in progress with o7056980-a8b2-42aa-8a0e-c1fc85d1f40d as serviceProvider"/><exampleCanonical value="http://medcomfhir.dk/ig/hospitalnotification/StructureDefinition/medcom-hospitalNotification-encounter"/><groupingId value="-ex-example"/></resource><resource><extension url="http://hl7.org/fhir/StructureDefinition/implementationguide-page"><valueUri value="MessageHeader-b9b4818e-02de-4cc4-b418-d20cbc7b5404.html"/></extension><reference><reference value="MessageHeader/b9b4818e-02de-4cc4-b418-d20cbc7b5404"/></reference><name value="HospitalNotification MessageHeader - STIN."/><description value="HospitalNotification MessageHeader - STIN. reportOfAdmissionFlag sat to false. Valid only if used in a bundle (message)."/><exampleCanonical value="http://medcomfhir.dk/ig/hospitalnotification/StructureDefinition/medcom-hospitalNotification-messageHeader"/><groupingId value="-ex-example"/></resource><resource><extension url="http://hl7.org/fhir/StructureDefinition/implementationguide-page"><valueUri value="Bundle-bfab3e80-9584-11ec-b909-0242ac120002.html"/></extension><reference><reference value="Bundle/bfab3e80-9584-11ec-b909-0242ac120002"/></reference><name value="HospitalNotification Message - RE_STIN"/><description value="Example of MedCom HospitalNotification RE_STIN. Revise Admission"/><exampleCanonical value="http://medcomfhir.dk/ig/hospitalnotification/StructureDefinition/medcom-hospitalNotification-message"/><groupingId value="-ex-example"/></resource><resource><reference><reference value="Provenance/c67ecb1c-957a-11ec-b909-0242ac120002"/></reference><name value="HospitalNotification Provenance - AN_STIN"/><description value="HospitalNotification Provenance. The Provenance instance is only valid if used in a Bundle (message)."/><exampleBoolean value="true"/></resource><resource><extension url="http://hl7.org/fhir/StructureDefinition/implementationguide-page"><valueUri value="Bundle-c83671a4-9584-11ec-b909-0242ac120002.html"/></extension><reference><reference value="Bundle/c83671a4-9584-11ec-b909-0242ac120002"/></reference><name value="HospitalNotification Message - AN_STIN"/><description value="Example of MedCom HospitalNotification - AN_STIN. Cancel Admission"/><exampleCanonical value="http://medcomfhir.dk/ig/hospitalnotification/StructureDefinition/medcom-hospitalNotification-message"/><groupingId value="-ex-example"/></resource><resource><extension url="http://hl7.org/fhir/StructureDefinition/implementationguide-page"><valueUri value="Encounter-c9782061-ce63-41b5-8be6-655812d23332.html"/></extension><reference><reference value="Encounter/c9782061-ce63-41b5-8be6-655812d23332"/></reference><name value="HospitalNotification Encounter - AN_STIN"/><description value="Example of HospitalNoticication canceling an inpatient Encounter with o7056980-a8b2-42aa-8a0e-c1fc85d1f40d as serviceProvider"/><exampleCanonical value="http://medcomfhir.dk/ig/hospitalnotification/StructureDefinition/medcom-hospitalNotification-encounter"/><groupingId value="-ex-example"/></resource><resource><extension url="http://hl7.org/fhir/StructureDefinition/implementationguide-page"><valueUri value="MessageHeader-cc47c1e2-78e6-4291-b071-f423a4f7fbfe.html"/></extension><reference><reference value="MessageHeader/cc47c1e2-78e6-4291-b071-f423a4f7fbfe"/></reference><name value="HospitalNotification MessageHeader - RE_STIN."/><description value="HospitalNotification MessageHeader - RE_STIN. reportOfAdmissionFlag sat to false. Valid only if used in a bundle (message)."/><exampleCanonical value="http://medcomfhir.dk/ig/hospitalnotification/StructureDefinition/medcom-hospitalNotification-messageHeader"/><groupingId value="-ex-example"/></resource><resource><extension url="http://hl7.org/fhir/StructureDefinition/implementationguide-page"><valueUri value="Bundle-d3128d9b-cede-4c7f-8904-809eab322d7d.html"/></extension><reference><reference value="Bundle/d3128d9b-cede-4c7f-8904-809eab322d7d"/></reference><name value="HospitalNotification Message - STOR"/><description value="Example of MedCom HospitalNotification - STOR. Start Leave"/><exampleCanonical value="http://medcomfhir.dk/ig/hospitalnotification/StructureDefinition/medcom-hospitalNotification-message"/><groupingId value="-ex-example"/></resource><resource><extension url="http://hl7.org/fhir/StructureDefinition/implementationguide-page"><valueUri value="Encounter-d56e9c54-23d2-43a4-816e-951d2a6e3281.html"/></extension><reference><reference value="Encounter/d56e9c54-23d2-43a4-816e-951d2a6e3281"/></reference><name value="HospitalNotification Encounter - STOR"/><description value="Example of HospitalNoticication inpatient Encounter on leave with o7056980-a8b2-42aa-8a0e-c1fc85d1f40d as serviceProvider"/><exampleCanonical value="http://medcomfhir.dk/ig/hospitalnotification/StructureDefinition/medcom-hospitalNotification-encounter"/><groupingId value="-ex-example"/></resource><resource><extension url="http://hl7.org/fhir/StructureDefinition/implementationguide-page"><valueUri value="MessageHeader-d8749b54-1aeb-4089-8941-8d876bdffc51.html"/></extension><reference><reference value="MessageHeader/d8749b54-1aeb-4089-8941-8d876bdffc51"/></reference><name value="HospitalNotification MessageHeader - AN_STIN."/><description value="HospitalNotification MessageHeader - AN_STIN. Valid only if used in a bundle (message)."/><exampleCanonical value="http://medcomfhir.dk/ig/hospitalnotification/StructureDefinition/medcom-hospitalNotification-messageHeader"/><groupingId value="-ex-example"/></resource><resource><reference><reference value="Provenance/dc421d0a-cded-470f-9a53-2ddba7583baa"/></reference><name value="HospitalNotification Provenance - STOR"/><description value="HospitalNotification Provenance - STOR. The Provenance instance is only valid if used in a Bundle (message)."/><exampleBoolean value="true"/></resource><resource><extension url="http://hl7.org/fhir/StructureDefinition/implementationguide-page"><valueUri value="Encounter-e07c4bd4-cfad-4c4d-9c4b-e4ba3424a65b.html"/></extension><reference><reference value="Encounter/e07c4bd4-cfad-4c4d-9c4b-e4ba3424a65b"/></reference><name value="HospitalNotification Encounter - SLOR"/><description value="Example of HospitalNoticication inpatient Encounter End leave with o7056980-a8b2-42aa-8a0e-c1fc85d1f40d as serviceProvider"/><exampleCanonical value="http://medcomfhir.dk/ig/hospitalnotification/StructureDefinition/medcom-hospitalNotification-encounter"/><groupingId value="-ex-example"/></resource><resource><reference><reference value="Provenance/e4db4939-7c60-4ac6-aefc-523f809ccba6"/></reference><name value="HospitalNotification Provenance - SLOR"/><description value="HospitalNotification Provenance - SLOR. The Provenance instance is only valid if used in a Bundle (message)."/><exampleBoolean value="true"/></resource><resource><extension url="http://hl7.org/fhir/StructureDefinition/implementationguide-page"><valueUri value="MessageHeader-e563a2b2-bf92-4b13-bbd2-0a021a95bded.html"/></extension><reference><reference value="MessageHeader/e563a2b2-bf92-4b13-bbd2-0a021a95bded"/></reference><name value="HospitalNotification MessageHeader - STOR."/><description value="HospitalNotification MessageHeader - STOR. Valid only if used in a bundle (message)."/><exampleCanonical value="http://medcomfhir.dk/ig/hospitalnotification/StructureDefinition/medcom-hospitalNotification-messageHeader"/><groupingId value="-ex-example"/></resource><resource><extension url="http://hl7.org/fhir/StructureDefinition/implementationguide-page"><valueUri value="Bundle-e94de8ee-bd94-475e-b454-b8fbbef8a685.html"/></extension><reference><reference value="Bundle/e94de8ee-bd94-475e-b454-b8fbbef8a685"/></reference><name value="HospitalNotification Message - SLOR"/><description value="Example of MedCom HospitalNotification - SLOR End Leave"/><exampleCanonical value="http://medcomfhir.dk/ig/hospitalnotification/StructureDefinition/medcom-hospitalNotification-message"/><groupingId value="-ex-example"/></resource><resource><extension url="http://hl7.org/fhir/StructureDefinition/implementationguide-page"><valueUri value="Encounter-f405ba2d-467a-4e92-9acc-9dc2a629760f.html"/></extension><reference><reference value="Encounter/f405ba2d-467a-4e92-9acc-9dc2a629760f"/></reference><name value="HospitalNotification Encounter - SLHJ (inpatient)"/><description value="Example of HospitalNoticication inpatient Encounter finished with o7056980-a8b2-42aa-8a0e-c1fc85d1f40d as serviceProvider"/><exampleCanonical value="http://medcomfhir.dk/ig/hospitalnotification/StructureDefinition/medcom-hospitalNotification-encounter"/><groupingId value="-ex-example"/></resource><resource><extension url="http://hl7.org/fhir/StructureDefinition/implementationguide-page"><valueUri value="MessageHeader-f47254da-f170-46f0-b624-4778a9c92b1f.html"/></extension><reference><reference value="MessageHeader/f47254da-f170-46f0-b624-4778a9c92b1f"/></reference><name value="HospitalNotification MessageHeader - SLOR."/><description value="HospitalNotification MessageHeader - SLOR. Valid only if used in a bundle (message)."/><exampleCanonical value="http://medcomfhir.dk/ig/hospitalnotification/StructureDefinition/medcom-hospitalNotification-messageHeader"/><groupingId value="-ex-example"/></resource><resource><extension url="http://hl7.org/fhir/StructureDefinition/implementationguide-page"><valueUri value="Bundle-f4aa42a4-86db-4e68-9b38-9dda0dfd5774.html"/></extension><reference><reference value="Bundle/f4aa42a4-86db-4e68-9b38-9dda0dfd5774"/></reference><name value="HospitalNotification Message - SLHJ (inpatient)"/><description value="Example of MedCom HospitalNotification - SLHJ Discharge inpatient"/><exampleCanonical value="http://medcomfhir.dk/ig/hospitalnotification/StructureDefinition/medcom-hospitalNotification-message"/><groupingId value="-ex-example"/></resource><resource><reference><reference value="Provenance/f710698c-83eb-4c3e-81c8-fe8e40baf524"/></reference><name value="HospitalNotification Provenance - SLHJ (inpatient)"/><description value="HospitalNotification Provenance  - SLHJ (inpatient). The Provenance instance is only valid if used in a Bundle (message)."/><exampleBoolean value="true"/></resource><resource><extension url="http://hl7.org/fhir/StructureDefinition/implementationguide-page"><valueUri value="Bundle-g099bbf3-3fca-4722-a248-bfe1aa956410.html"/></extension><reference><reference value="Bundle/g099bbf3-3fca-4722-a248-bfe1aa956410"/></reference><name value="HospitalNotification Message - MORS (inpatient)"/><description value="Example of MedCom HospitalNotification - MORS. Discharge when patient is deceased"/><exampleCanonical value="http://medcomfhir.dk/ig/hospitalnotification/StructureDefinition/medcom-hospitalNotification-message"/><groupingId value="-ex-example"/></resource><resource><extension url="http://hl7.org/fhir/StructureDefinition/implementationguide-page"><valueUri value="MessageHeader-g1affa53-c157-4080-abb0-8e681524f969.html"/></extension><reference><reference value="MessageHeader/g1affa53-c157-4080-abb0-8e681524f969"/></reference><name value="HospitalNotification MessageHeader - SLHJ (inpatient)."/><description value="HospitalNotification MessageHeader - SLHJ (inpatient). Valid only if used in a bundle (message)."/><exampleCanonical value="http://medcomfhir.dk/ig/hospitalnotification/StructureDefinition/medcom-hospitalNotification-messageHeader"/><groupingId value="-ex-example"/></resource><resource><reference><reference value="Provenance/g9942adb-197a-4e30-bec8-566e3a113efe"/></reference><name value="HospitalNotification Provenance - MORS (inpatient)"/><description value="HospitalNotification Provenance - MORS (inpatient). The Provenance instance is only valid if used in a Bundle (message)."/><exampleBoolean value="true"/></resource><resource><extension url="http://hl7.org/fhir/StructureDefinition/implementationguide-page"><valueUri value="Encounter-gcab7218-9584-11ec-b909-0242ac120002.html"/></extension><reference><reference value="Encounter/gcab7218-9584-11ec-b909-0242ac120002"/></reference><name value="HospitalNotification Encounter - MORS (inpatient)"/><description value="Example of HospitalNoticication inpatient Encounter finished, patient deceased"/><exampleCanonical value="http://medcomfhir.dk/ig/hospitalnotification/StructureDefinition/medcom-hospitalNotification-encounter"/><groupingId value="-ex-example"/></resource><resource><extension url="http://hl7.org/fhir/StructureDefinition/implementationguide-page"><valueUri value="Bundle-h1c8e4a8-6b45-4669-94ad-2a99ad96bf03.html"/></extension><reference><reference value="Bundle/h1c8e4a8-6b45-4669-94ad-2a99ad96bf03"/></reference><name value="HospitalNotification Message - STAA"/><description value="Example of MedCom HospitalNotification - STAA. Admit acute ambulate patient."/><exampleCanonical value="http://medcomfhir.dk/ig/hospitalnotification/StructureDefinition/medcom-hospitalNotification-message"/><groupingId value="-ex-example"/></resource><resource><extension url="http://hl7.org/fhir/StructureDefinition/implementationguide-page"><valueUri value="Encounter-h2cb16ce-af8c-46f3-be9e-89406ef3e7b5.html"/></extension><reference><reference value="Encounter/h2cb16ce-af8c-46f3-be9e-89406ef3e7b5"/></reference><name value="HospitalNotification Encounter - STAA"/><description value="Example of HospitalNoticication acute ambulant Encounter in progress with o7056980-a8b2-42aa-8a0e-c1fc85d1f40d as serviceProvider"/><exampleCanonical value="http://medcomfhir.dk/ig/hospitalnotification/StructureDefinition/medcom-hospitalNotification-encounter"/><groupingId value="-ex-example"/></resource><resource><reference><reference value="Provenance/h60bd482-9c47-43c5-9b77-1134eaa2d5f0"/></reference><name value="HospitalNotification Provenance - STAA"/><description value="HospitalNotification Provenance - STAA. The Provenance instance is only valid if used in a Bundle (message)."/><exampleBoolean value="true"/></resource><resource><extension url="http://hl7.org/fhir/StructureDefinition/implementationguide-page"><valueUri value="MessageHeader-hefc6d95-6161-4493-99c9-f359488dedb8.html"/></extension><reference><reference value="MessageHeader/hefc6d95-6161-4493-99c9-f359488dedb8"/></reference><name value="HospitalNotification MessageHeader - MORS (inpatient)."/><description value="HospitalNotification MessageHeader - MORS (inpatient). Valid only if used in a bundle (message)."/><exampleCanonical value="http://medcomfhir.dk/ig/hospitalnotification/StructureDefinition/medcom-hospitalNotification-messageHeader"/><groupingId value="-ex-example"/></resource><resource><extension url="http://hl7.org/fhir/StructureDefinition/implementationguide-page"><valueUri value="Bundle-i3c2c3c0-ee07-41fd-b1a2-359eb0ccabe4.html"/></extension><reference><reference value="Bundle/i3c2c3c0-ee07-41fd-b1a2-359eb0ccabe4"/></reference><name value="HospitalNotification Message - RE_STAA"/><description value="Example of MedCom HospitalNotification RE_STAA. Revise Admission"/><exampleCanonical value="http://medcomfhir.dk/ig/hospitalnotification/StructureDefinition/medcom-hospitalNotification-message"/><groupingId value="-ex-example"/></resource><resource><extension url="http://hl7.org/fhir/StructureDefinition/implementationguide-page"><valueUri value="Encounter-i458ddc8-fea4-41c3-992b-ff73cb6f657b.html"/></extension><reference><reference value="Encounter/i458ddc8-fea4-41c3-992b-ff73cb6f657b"/></reference><name value="HospitalNotification Encounter - RE_STAA"/><description value="Example of HospitalNoticication updating an acute ambulant Encounter in progress with o7056980-a8b2-42aa-8a0e-c1fc85d1f40d as serviceProvider"/><exampleCanonical value="http://medcomfhir.dk/ig/hospitalnotification/StructureDefinition/medcom-hospitalNotification-encounter"/><groupingId value="-ex-example"/></resource><resource><extension url="http://hl7.org/fhir/StructureDefinition/implementationguide-page"><valueUri value="MessageHeader-i50fc5fe-2d11-4ef3-acac-2e2e5c6c0029.html"/></extension><reference><reference value="MessageHeader/i50fc5fe-2d11-4ef3-acac-2e2e5c6c0029"/></reference><name value="HospitalNotification MessageHeader - STAA. reportOfAdmissionFlag = true"/><description value="HospitalNotification MessageHeader - STAA. reportOfAdmissionFlag sat to true. Valid only if used in a bundle (message)."/><exampleCanonical value="http://medcomfhir.dk/ig/hospitalnotification/StructureDefinition/medcom-hospitalNotification-messageHeader"/><groupingId value="-ex-example"/></resource><resource><reference><reference value="Provenance/if89e89e-f8a3-4a88-b605-765008d1cb44"/></reference><name value="HospitalNotification Provenance - RE_STAA"/><description value="HospitalNotification Provenance. The Provenance instance is only valid if used in a Bundle (message)."/><exampleBoolean value="true"/></resource><resource><extension url="http://hl7.org/fhir/StructureDefinition/implementationguide-page"><valueUri value="Bundle-j1f8b295-821f-4d2f-9ec4-71f228ed65fe.html"/></extension><reference><reference value="Bundle/j1f8b295-821f-4d2f-9ec4-71f228ed65fe"/></reference><name value="HospitalNotification Message - AN_STAA"/><description value="Example of MedCom HospitalNotification - AN_STAA. Cancel Admission"/><exampleCanonical value="http://medcomfhir.dk/ig/hospitalnotification/StructureDefinition/medcom-hospitalNotification-message"/><groupingId value="-ex-example"/></resource><resource><extension url="http://hl7.org/fhir/StructureDefinition/implementationguide-page"><valueUri value="Encounter-j245dcc2-8668-4fcf-ae5f-d49a50bfc2d4.html"/></extension><reference><reference value="Encounter/j245dcc2-8668-4fcf-ae5f-d49a50bfc2d4"/></reference><name value="HospitalNotification Encounter - AN_STAA"/><description value="Example of HospitalNoticication canceling an acute ambulant Encounter with o7056980-a8b2-42aa-8a0e-c1fc85d1f40d as serviceProvider"/><exampleCanonical value="http://medcomfhir.dk/ig/hospitalnotification/StructureDefinition/medcom-hospitalNotification-encounter"/><groupingId value="-ex-example"/></resource><resource><extension url="http://hl7.org/fhir/StructureDefinition/implementationguide-page"><valueUri value="MessageHeader-j3675c4a-33db-40f1-b578-ff16e3e9134c.html"/></extension><reference><reference value="MessageHeader/j3675c4a-33db-40f1-b578-ff16e3e9134c"/></reference><name value="HospitalNotification MessageHeader - STAA."/><description value="HospitalNotification MessageHeader - STAA. reportOfAdmissionFlag sat to false. Valid only if used in a bundle (message)."/><exampleCanonical value="http://medcomfhir.dk/ig/hospitalnotification/StructureDefinition/medcom-hospitalNotification-messageHeader"/><groupingId value="-ex-example"/></resource><resource><reference><reference value="Provenance/j762d089-2298-4774-ae0b-f83f65bf5640"/></reference><name value="HospitalNotification Provenance - AN_STAA"/><description value="HospitalNotification Provenance. The Provenance instance is only valid if used in a Bundle (message)."/><exampleBoolean value="true"/></resource><resource><extension url="http://hl7.org/fhir/StructureDefinition/implementationguide-page"><valueUri value="MessageHeader-k06f2487-7aab-4e35-9a80-70431060a7e8.html"/></extension><reference><reference value="MessageHeader/k06f2487-7aab-4e35-9a80-70431060a7e8"/></reference><name value="HospitalNotification MessageHeader - RE_STAA."/><description value="HospitalNotification MessageHeader - RE_STAA. reportOfAdmissionFlag sat to false. Valid only if used in a bundle (message)."/><exampleCanonical value="http://medcomfhir.dk/ig/hospitalnotification/StructureDefinition/medcom-hospitalNotification-messageHeader"/><groupingId value="-ex-example"/></resource><resource><reference><reference value="Provenance/ka776a3e-3eca-407b-9f81-b8c16f089874"/></reference><name value="HospitalNotification Provenance - SLHJ (acute ambulant)"/><description value="HospitalNotification Provenance  - SLHJ (acute ambulant). The Provenance instance is only valid if used in a Bundle (message)."/><exampleBoolean value="true"/></resource><resource><extension url="http://hl7.org/fhir/StructureDefinition/implementationguide-page"><valueUri value="Encounter-kbbad98c-3310-404a-af0c-7e3739d7b49f.html"/></extension><reference><reference value="Encounter/kbbad98c-3310-404a-af0c-7e3739d7b49f"/></reference><name value="HospitalNotification Encounter - SLHJ (acute ambulant)"/><description value="Example of HospitalNoticication acute ambulant Encounter finished with o7056980-a8b2-42aa-8a0e-c1fc85d1f40d as serviceProvider"/><exampleCanonical value="http://medcomfhir.dk/ig/hospitalnotification/StructureDefinition/medcom-hospitalNotification-encounter"/><groupingId value="-ex-example"/></resource><resource><extension url="http://hl7.org/fhir/StructureDefinition/implementationguide-page"><valueUri value="Bundle-kcab461b-f44e-4d97-a041-ef7e64800587.html"/></extension><reference><reference value="Bundle/kcab461b-f44e-4d97-a041-ef7e64800587"/></reference><name value="HospitalNotification Message - SLHJ (acute ambulant)"/><description value="Example of MedCom HospitalNotification - SLHJ Discharge inpatient"/><exampleCanonical value="http://medcomfhir.dk/ig/hospitalnotification/StructureDefinition/medcom-hospitalNotification-message"/><groupingId value="-ex-example"/></resource><resource><extension url="http://hl7.org/fhir/StructureDefinition/implementationguide-page"><valueUri value="Encounter-l001c640-6b5d-414c-b6bd-e00ec6d4ceee.html"/></extension><reference><reference value="Encounter/l001c640-6b5d-414c-b6bd-e00ec6d4ceee"/></reference><name value="HospitalNotification Encounter - MORS (acute ambulant)"/><description value="Example of HospitalNoticication acute ambulant Encounter finished, patient deceased"/><exampleCanonical value="http://medcomfhir.dk/ig/hospitalnotification/StructureDefinition/medcom-hospitalNotification-encounter"/><groupingId value="-ex-example"/></resource><resource><reference><reference value="Provenance/l17de5f5-abb0-4701-93aa-6b0d7b4127bc"/></reference><name value="HospitalNotification Provenance - MORS (acute ambulant)"/><description value="HospitalNotification Provenance - MORS (acute ambulant). The Provenance instance is only valid if used in a Bundle (message)."/><exampleBoolean value="true"/></resource><resource><extension url="http://hl7.org/fhir/StructureDefinition/implementationguide-page"><valueUri value="MessageHeader-l3398a98-37ed-4bff-8e19-cc78ccb5b5f2.html"/></extension><reference><reference value="MessageHeader/l3398a98-37ed-4bff-8e19-cc78ccb5b5f2"/></reference><name value="HospitalNotification MessageHeader - AN_STAA."/><description value="HospitalNotification MessageHeader - AN_STAA. Valid only if used in a bundle (message)."/><exampleCanonical value="http://medcomfhir.dk/ig/hospitalnotification/StructureDefinition/medcom-hospitalNotification-messageHeader"/><groupingId value="-ex-example"/></resource><resource><extension url="http://hl7.org/fhir/StructureDefinition/implementationguide-page"><valueUri value="Bundle-ld31e08a-b91f-49c3-841a-ce80e6380517.html"/></extension><reference><reference value="Bundle/ld31e08a-b91f-49c3-841a-ce80e6380517"/></reference><name value="HospitalNotification Message - MORS (acute ambulant)"/><description value="Example of MedCom HospitalNotification - MORS. Discharge when patient is deceased"/><exampleCanonical value="http://medcomfhir.dk/ig/hospitalnotification/StructureDefinition/medcom-hospitalNotification-message"/><groupingId value="-ex-example"/></resource><resource><extension url="http://hl7.org/fhir/StructureDefinition/implementationguide-page"><valueUri value="Encounter-m790f964-98d3-4852-bac8-83d2f3d035f8.html"/></extension><reference><reference value="Encounter/m790f964-98d3-4852-bac8-83d2f3d035f8"/></reference><name value="HospitalNotification Encounter - STIN, with different serviceProvider and sender organisation in the Bundle"/><description value="Example of HospitalNoticication inpatient Encounter in progress with of839e87-4e44-4977-b38e-92b5a6f187b5 as serviceProvider"/><exampleCanonical value="http://medcomfhir.dk/ig/hospitalnotification/StructureDefinition/medcom-hospitalNotification-encounter"/><groupingId value="-ex-example"/></resource><resource><reference><reference value="Provenance/m7cf3888-6f52-5e4d-939c-d2575d24fba0"/></reference><name value="HospitalNotification Provenance - STIN. With serviceprovider organisation as agent.who."/><description value="HospitalNotification Provenance - STIN. The Provenance instance is only valid if used in a Bundle (message)."/><exampleBoolean value="true"/></resource><resource><extension url="http://hl7.org/fhir/StructureDefinition/implementationguide-page"><valueUri value="Bundle-m908i967-9ie3-9023-b9ec-98108695f01d.html"/></extension><reference><reference value="Bundle/m908i967-9ie3-9023-b9ec-98108695f01d"/></reference><name value="HospitalNotification Message - STIN, with different serviceProvider and sender Organization."/><description value="Example of MedCom HospitalNotification  - STIN. Admit inpatient, with different serviceProvider and sender Organization."/><exampleCanonical value="http://medcomfhir.dk/ig/hospitalnotification/StructureDefinition/medcom-hospitalNotification-message"/><groupingId value="-ex-example"/></resource><resource><extension url="http://hl7.org/fhir/StructureDefinition/implementationguide-page"><valueUri value="MessageHeader-m9bea09c-e662-4d59-b84f-9af570b57f42.html"/></extension><reference><reference value="MessageHeader/m9bea09c-e662-4d59-b84f-9af570b57f42"/></reference><name value="HospitalNotification MessageHeader - SLHJ (acute ambulant)."/><description value="HospitalNotification MessageHeader - SLHJ (acute ambulant). Valid only if used in a bundle (message)."/><exampleCanonical value="http://medcomfhir.dk/ig/hospitalnotification/StructureDefinition/medcom-hospitalNotification-messageHeader"/><groupingId value="-ex-example"/></resource><resource><extension url="http://hl7.org/fhir/StructureDefinition/implementationguide-page"><valueUri value="MessageHeader-nabb68aa-c97b-4905-a60c-71ff3209fd51.html"/></extension><reference><reference value="MessageHeader/nabb68aa-c97b-4905-a60c-71ff3209fd51"/></reference><name value="HospitalNotification MessageHeader - MORS (acute ambulant)."/><description value="HospitalNotification MessageHeader - MORS (acute ambulant). Valid only if used in a bundle (message)."/><exampleCanonical value="http://medcomfhir.dk/ig/hospitalnotification/StructureDefinition/medcom-hospitalNotification-messageHeader"/><groupingId value="-ex-example"/></resource><resource><extension url="http://hl7.org/fhir/StructureDefinition/implementationguide-page"><valueUri value="Organization-o4cdf292-abf3-4f5f-80ea-60a48013ff6d.html"/></extension><reference><reference value="Organization/o4cdf292-abf3-4f5f-80ea-60a48013ff6d"/></reference><name value="Example of a reciever organization with a SOR and an EAN identifier."/><description value="Example of an organization with a SOR and an EAN identifier."/><exampleBoolean value="true"/><groupingId value="-ex-example"/></resource><resource><extension url="http://hl7.org/fhir/StructureDefinition/implementationguide-page"><valueUri value="Organization-o7056980-a8b2-42aa-8a0e-c1fc85d1f40d.html"/></extension><reference><reference value="Organization/o7056980-a8b2-42aa-8a0e-c1fc85d1f40d"/></reference><name value="Example of a sender organization with a SOR and an EAN identifier."/><description value="Example of an organization with a SOR and an EAN identifier."/><exampleBoolean value="true"/><groupingId value="-ex-example"/></resource><resource><extension url="http://hl7.org/fhir/StructureDefinition/implementationguide-page"><valueUri value="MessageHeader-o9b4818e-12de-5cc4-c418-d30cbc7b5404.html"/></extension><reference><reference value="MessageHeader/o9b4818e-12de-5cc4-c418-d30cbc7b5404"/></reference><name value="HospitalNotification MessageHeader - STIN."/><description value="HospitalNotification MessageHeader - STIN. reportOfAdmissionFlag sat to false. Valid only if used in a bundle (message)."/><exampleCanonical value="http://medcomfhir.dk/ig/hospitalnotification/StructureDefinition/medcom-hospitalNotification-messageHeader"/><groupingId value="-ex-example"/></resource><resource><extension url="http://hl7.org/fhir/StructureDefinition/implementationguide-page"><valueUri value="Organization-of839e87-4e44-4977-b38e-92b5a6f187b5.html"/></extension><reference><reference value="Organization/of839e87-4e44-4977-b38e-92b5a6f187b5"/></reference><name value="Example of a service provider organization with a SOR."/><description value="Example of an organization with a SOR."/><exampleBoolean value="true"/><groupingId value="-ex-example"/></resource><resource><extension url="http://hl7.org/fhir/StructureDefinition/implementationguide-page"><valueUri value="Patient-t33cef33-3626-422b-955d-d506aaa65fe1.html"/></extension><reference><reference value="Patient/t33cef33-3626-422b-955d-d506aaa65fe1"/></reference><name value="Bruno Test Elmer"/><description value="Patient described with minimal information. Valid only if used in a Bundle."/><exampleBoolean value="true"/><groupingId value="-ex-example"/></resource><resource><extension url="http://hl7.org/fhir/StructureDefinition/implementationguide-page"><valueUri value="Patient-t82fb8a3-6725-41e2-a615-2b1cfcfe9931.html"/></extension><reference><reference value="Patient/t82fb8a3-6725-41e2-a615-2b1cfcfe9931"/></reference><name value="Bruno Test Elmer"/><description value="Deceased patient described with minimal information. Valid only if used in a Bundle."/><exampleBoolean value="true"/><groupingId value="-ex-example"/></resource><page><extension url="http://hl7.org/fhir/tools/StructureDefinition/ig-page-name"><valueUrl value="toc.html"/></extension><nameUrl value="toc.html"/><title value="Table of Contents"/><generation value="html"/><page><extension url="http://hl7.org/fhir/tools/StructureDefinition/ig-page-name"><valueUrl value="index.html"/></extension><nameUrl value="index.html"/><title value="Home"/><generation value="markdown"/></page><page><extension url="http://hl7.org/fhir/tools/StructureDefinition/ig-page-name"><valueUrl value="downloads.html"/></extension><nameUrl value="downloads.html"/><title value="Downloads"/><generation value="markdown"/></page><page><extension url="http://hl7.org/fhir/tools/StructureDefinition/ig-page-name"><valueUrl value="extensions.html"/></extension><nameUrl value="extensions.html"/><title value="Extensions"/><generation value="html"/></page><page><extension url="http://hl7.org/fhir/tools/StructureDefinition/ig-page-name"><valueUrl value="profiles.html"/></extension><nameUrl value="profiles.html"/><title value="Profiles"/><generation value="html"/></page><page><extension url="http://hl7.org/fhir/tools/StructureDefinition/ig-page-name"><valueUrl value="artifacts.html"/></extension><nameUrl value="artifacts.html"/><title value="Artifacts Summary"/><generation value="html"/><page><extension url="http://hl7.org/fhir/tools/StructureDefinition/ig-page-name"><valueUrl value="StructureDefinition-medcom-hospitalNotification-encounter.html"/></extension><nameUrl value="StructureDefinition-medcom-hospitalNotification-encounter.html"/><title value="MedComHospitalNotificationEncounter"/><generation value="generated"/></page><page><extension url="http://hl7.org/fhir/tools/StructureDefinition/ig-page-name"><valueUrl value="StructureDefinition-medcom-hospitalNotification-message.html"/></extension><nameUrl value="StructureDefinition-medcom-hospitalNotification-message.html"/><title value="MedComHospitalNotificationMessage"/><generation value="generated"/></page><page><extension url="http://hl7.org/fhir/tools/StructureDefinition/ig-page-name"><valueUrl value="StructureDefinition-medcom-hospitalNotification-messageHeader.html"/></extension><nameUrl value="StructureDefinition-medcom-hospitalNotification-messageHeader.html"/><title value="MedComHospitalNotificationMessageHeader"/><generation value="generated"/></page><page><extension url="http://hl7.org/fhir/tools/StructureDefinition/ig-page-name"><valueUrl value="StructureDefinition-medcom-messaging-reportOfAdmissionExtension.html"/></extension><nameUrl value="StructureDefinition-medcom-messaging-reportOfAdmissionExtension.html"/><title value="MedComReportOfAdmissionExtension"/><generation value="generated"/></page><page><extension url="http://hl7.org/fhir/tools/StructureDefinition/ig-page-name"><valueUrl value="StructureDefinition-medcom-messaging-reportOfAdmissionRecipientExtension.html"/></extension><nameUrl value="StructureDefinition-medcom-messaging-reportOfAdmissionRecipientExtension.html"/><title value="MedComReportOfAdmissionRecipientExtension"/><generation value="generated"/></page><page><extension url="http://hl7.org/fhir/tools/StructureDefinition/ig-page-name"><valueUrl value="MessageHeader-a1b27813-8aa8-4fa1-846b-aeabf5afb7d4.html"/></extension><nameUrl value="MessageHeader-a1b27813-8aa8-4fa1-846b-aeabf5afb7d4.html"/><title value="HospitalNotification MessageHeader - STIN. reportOfAdmissionFlag = true"/><generation value="generated"/></page><page><extension url="http://hl7.org/fhir/tools/StructureDefinition/ig-page-name"><valueUrl value="Bundle-a5e5b880-c087-4055-b9ec-99108695f81d.html"/></extension><nameUrl value="Bundle-a5e5b880-c087-4055-b9ec-99108695f81d.html"/><title value="HospitalNotification Message - STIN"/><generation value="generated"/></page><page><extension url="http://hl7.org/fhir/tools/StructureDefinition/ig-page-name"><valueUrl value="Encounter-a790f964-88d3-4652-bbc8-81d2f3d035f8.html"/></extension><nameUrl value="Encounter-a790f964-88d3-4652-bbc8-81d2f3d035f8.html"/><title value="HospitalNotification Encounter - STIN"/><generation value="generated"/></page><page><extension url="http://hl7.org/fhir/tools/StructureDefinition/ig-page-name"><valueUrl value="Encounter-b9846c24-0335-11ed-b939-0242ac120002.html"/></extension><nameUrl value="Encounter-b9846c24-0335-11ed-b939-0242ac120002.html"/><title value="HospitalNotification Encounter - RE_STIN"/><generation value="generated"/></page><page><extension url="http://hl7.org/fhir/tools/StructureDefinition/ig-page-name"><valueUrl value="MessageHeader-b9b4818e-02de-4cc4-b418-d20cbc7b5404.html"/></extension><nameUrl value="MessageHeader-b9b4818e-02de-4cc4-b418-d20cbc7b5404.html"/><title value="HospitalNotification MessageHeader - STIN."/><generation value="generated"/></page><page><extension url="http://hl7.org/fhir/tools/StructureDefinition/ig-page-name"><valueUrl value="Bundle-bfab3e80-9584-11ec-b909-0242ac120002.html"/></extension><nameUrl value="Bundle-bfab3e80-9584-11ec-b909-0242ac120002.html"/><title value="HospitalNotification Message - RE_STIN"/><generation value="generated"/></page><page><extension url="http://hl7.org/fhir/tools/StructureDefinition/ig-page-name"><valueUrl value="Bundle-c83671a4-9584-11ec-b909-0242ac120002.html"/></extension><nameUrl value="Bundle-c83671a4-9584-11ec-b909-0242ac120002.html"/><title value="HospitalNotification Message - AN_STIN"/><generation value="generated"/></page><page><extension url="http://hl7.org/fhir/tools/StructureDefinition/ig-page-name"><valueUrl value="Encounter-c9782061-ce63-41b5-8be6-655812d23332.html"/></extension><nameUrl value="Encounter-c9782061-ce63-41b5-8be6-655812d23332.html"/><title value="HospitalNotification Encounter - AN_STIN"/><generation value="generated"/></page><page><extension url="http://hl7.org/fhir/tools/StructureDefinition/ig-page-name"><valueUrl value="MessageHeader-cc47c1e2-78e6-4291-b071-f423a4f7fbfe.html"/></extension><nameUrl value="MessageHeader-cc47c1e2-78e6-4291-b071-f423a4f7fbfe.html"/><title value="HospitalNotification MessageHeader - RE_STIN."/><generation value="generated"/></page><page><extension url="http://hl7.org/fhir/tools/StructureDefinition/ig-page-name"><valueUrl value="Bundle-d3128d9b-cede-4c7f-8904-809eab322d7d.html"/></extension><nameUrl value="Bundle-d3128d9b-cede-4c7f-8904-809eab322d7d.html"/><title value="HospitalNotification Message - STOR"/><generation value="generated"/></page><page><extension url="http://hl7.org/fhir/tools/StructureDefinition/ig-page-name"><valueUrl value="Encounter-d56e9c54-23d2-43a4-816e-951d2a6e3281.html"/></extension><nameUrl value="Encounter-d56e9c54-23d2-43a4-816e-951d2a6e3281.html"/><title value="HospitalNotification Encounter - STOR"/><generation value="generated"/></page><page><extension url="http://hl7.org/fhir/tools/StructureDefinition/ig-page-name"><valueUrl value="MessageHeader-d8749b54-1aeb-4089-8941-8d876bdffc51.html"/></extension><nameUrl value="MessageHeader-d8749b54-1aeb-4089-8941-8d876bdffc51.html"/><title value="HospitalNotification MessageHeader - AN_STIN."/><generation value="generated"/></page><page><extension url="http://hl7.org/fhir/tools/StructureDefinition/ig-page-name"><valueUrl value="Encounter-e07c4bd4-cfad-4c4d-9c4b-e4ba3424a65b.html"/></extension><nameUrl value="Encounter-e07c4bd4-cfad-4c4d-9c4b-e4ba3424a65b.html"/><title value="HospitalNotification Encounter - SLOR"/><generation value="generated"/></page><page><extension url="http://hl7.org/fhir/tools/StructureDefinition/ig-page-name"><valueUrl value="MessageHeader-e563a2b2-bf92-4b13-bbd2-0a021a95bded.html"/></extension><nameUrl value="MessageHeader-e563a2b2-bf92-4b13-bbd2-0a021a95bded.html"/><title value="HospitalNotification MessageHeader - STOR."/><generation value="generated"/></page><page><extension url="http://hl7.org/fhir/tools/StructureDefinition/ig-page-name"><valueUrl value="Bundle-e94de8ee-bd94-475e-b454-b8fbbef8a685.html"/></extension><nameUrl value="Bundle-e94de8ee-bd94-475e-b454-b8fbbef8a685.html"/><title value="HospitalNotification Message - SLOR"/><generation value="generated"/></page><page><extension url="http://hl7.org/fhir/tools/StructureDefinition/ig-page-name"><valueUrl value="Encounter-f405ba2d-467a-4e92-9acc-9dc2a629760f.html"/></extension><nameUrl value="Encounter-f405ba2d-467a-4e92-9acc-9dc2a629760f.html"/><title value="HospitalNotification Encounter - SLHJ (inpatient)"/><generation value="generated"/></page><page><extension url="http://hl7.org/fhir/tools/StructureDefinition/ig-page-name"><valueUrl value="MessageHeader-f47254da-f170-46f0-b624-4778a9c92b1f.html"/></extension><nameUrl value="MessageHeader-f47254da-f170-46f0-b624-4778a9c92b1f.html"/><title value="HospitalNotification MessageHeader - SLOR."/><generation value="generated"/></page><page><extension url="http://hl7.org/fhir/tools/StructureDefinition/ig-page-name"><valueUrl value="Bundle-f4aa42a4-86db-4e68-9b38-9dda0dfd5774.html"/></extension><nameUrl value="Bundle-f4aa42a4-86db-4e68-9b38-9dda0dfd5774.html"/><title value="HospitalNotification Message - SLHJ (inpatient)"/><generation value="generated"/></page><page><extension url="http://hl7.org/fhir/tools/StructureDefinition/ig-page-name"><valueUrl value="Bundle-g099bbf3-3fca-4722-a248-bfe1aa956410.html"/></extension><nameUrl value="Bundle-g099bbf3-3fca-4722-a248-bfe1aa956410.html"/><title value="HospitalNotification Message - MORS (inpatient)"/><generation value="generated"/></page><page><extension url="http://hl7.org/fhir/tools/StructureDefinition/ig-page-name"><valueUrl value="MessageHeader-g1affa53-c157-4080-abb0-8e681524f969.html"/></extension><nameUrl value="MessageHeader-g1affa53-c157-4080-abb0-8e681524f969.html"/><title value="HospitalNotification MessageHeader - SLHJ (inpatient)."/><generation value="generated"/></page><page><extension url="http://hl7.org/fhir/tools/StructureDefinition/ig-page-name"><valueUrl value="Encounter-gcab7218-9584-11ec-b909-0242ac120002.html"/></extension><nameUrl value="Encounter-gcab7218-9584-11ec-b909-0242ac120002.html"/><title value="HospitalNotification Encounter - MORS (inpatient)"/><generation value="generated"/></page><page><extension url="http://hl7.org/fhir/tools/StructureDefinition/ig-page-name"><valueUrl value="Bundle-h1c8e4a8-6b45-4669-94ad-2a99ad96bf03.html"/></extension><nameUrl value="Bundle-h1c8e4a8-6b45-4669-94ad-2a99ad96bf03.html"/><title value="HospitalNotification Message - STAA"/><generation value="generated"/></page><page><extension url="http://hl7.org/fhir/tools/StructureDefinition/ig-page-name"><valueUrl value="Encounter-h2cb16ce-af8c-46f3-be9e-89406ef3e7b5.html"/></extension><nameUrl value="Encounter-h2cb16ce-af8c-46f3-be9e-89406ef3e7b5.html"/><title value="HospitalNotification Encounter - STAA"/><generation value="generated"/></page><page><extension url="http://hl7.org/fhir/tools/StructureDefinition/ig-page-name"><valueUrl value="MessageHeader-hefc6d95-6161-4493-99c9-f359488dedb8.html"/></extension><nameUrl value="MessageHeader-hefc6d95-6161-4493-99c9-f359488dedb8.html"/><title value="HospitalNotification MessageHeader - MORS (inpatient)."/><generation value="generated"/></page><page><extension url="http://hl7.org/fhir/tools/StructureDefinition/ig-page-name"><valueUrl value="Bundle-i3c2c3c0-ee07-41fd-b1a2-359eb0ccabe4.html"/></extension><nameUrl value="Bundle-i3c2c3c0-ee07-41fd-b1a2-359eb0ccabe4.html"/><title value="HospitalNotification Message - RE_STAA"/><generation value="generated"/></page><page><extension url="http://hl7.org/fhir/tools/StructureDefinition/ig-page-name"><valueUrl value="Encounter-i458ddc8-fea4-41c3-992b-ff73cb6f657b.html"/></extension><nameUrl value="Encounter-i458ddc8-fea4-41c3-992b-ff73cb6f657b.html"/><title value="HospitalNotification Encounter - RE_STAA"/><generation value="generated"/></page><page><extension url="http://hl7.org/fhir/tools/StructureDefinition/ig-page-name"><valueUrl value="MessageHeader-i50fc5fe-2d11-4ef3-acac-2e2e5c6c0029.html"/></extension><nameUrl value="MessageHeader-i50fc5fe-2d11-4ef3-acac-2e2e5c6c0029.html"/><title value="HospitalNotification MessageHeader - STAA. reportOfAdmissionFlag = true"/><generation value="generated"/></page><page><extension url="http://hl7.org/fhir/tools/StructureDefinition/ig-page-name"><valueUrl value="Bundle-j1f8b295-821f-4d2f-9ec4-71f228ed65fe.html"/></extension><nameUrl value="Bundle-j1f8b295-821f-4d2f-9ec4-71f228ed65fe.html"/><title value="HospitalNotification Message - AN_STAA"/><generation value="generated"/></page><page><extension url="http://hl7.org/fhir/tools/StructureDefinition/ig-page-name"><valueUrl value="Encounter-j245dcc2-8668-4fcf-ae5f-d49a50bfc2d4.html"/></extension><nameUrl value="Encounter-j245dcc2-8668-4fcf-ae5f-d49a50bfc2d4.html"/><title value="HospitalNotification Encounter - AN_STAA"/><generation value="generated"/></page><page><extension url="http://hl7.org/fhir/tools/StructureDefinition/ig-page-name"><valueUrl value="MessageHeader-j3675c4a-33db-40f1-b578-ff16e3e9134c.html"/></extension><nameUrl value="MessageHeader-j3675c4a-33db-40f1-b578-ff16e3e9134c.html"/><title value="HospitalNotification MessageHeader - STAA."/><generation value="generated"/></page><page><extension url="http://hl7.org/fhir/tools/StructureDefinition/ig-page-name"><valueUrl value="MessageHeader-k06f2487-7aab-4e35-9a80-70431060a7e8.html"/></extension><nameUrl value="MessageHeader-k06f2487-7aab-4e35-9a80-70431060a7e8.html"/><title value="HospitalNotification MessageHeader - RE_STAA."/><generation value="generated"/></page><page><extension url="http://hl7.org/fhir/tools/StructureDefinition/ig-page-name"><valueUrl value="Encounter-kbbad98c-3310-404a-af0c-7e3739d7b49f.html"/></extension><nameUrl value="Encounter-kbbad98c-3310-404a-af0c-7e3739d7b49f.html"/><title value="HospitalNotification Encounter - SLHJ (acute ambulant)"/><generation value="generated"/></page><page><extension url="http://hl7.org/fhir/tools/StructureDefinition/ig-page-name"><valueUrl value="Bundle-kcab461b-f44e-4d97-a041-ef7e64800587.html"/></extension><nameUrl value="Bundle-kcab461b-f44e-4d97-a041-ef7e64800587.html"/><title value="HospitalNotification Message - SLHJ (acute ambulant)"/><generation value="generated"/></page><page><extension url="http://hl7.org/fhir/tools/StructureDefinition/ig-page-name"><valueUrl value="Encounter-l001c640-6b5d-414c-b6bd-e00ec6d4ceee.html"/></extension><nameUrl value="Encounter-l001c640-6b5d-414c-b6bd-e00ec6d4ceee.html"/><title value="HospitalNotification Encounter - MORS (acute ambulant)"/><generation value="generated"/></page><page><extension url="http://hl7.org/fhir/tools/StructureDefinition/ig-page-name"><valueUrl value="MessageHeader-l3398a98-37ed-4bff-8e19-cc78ccb5b5f2.html"/></extension><nameUrl value="MessageHeader-l3398a98-37ed-4bff-8e19-cc78ccb5b5f2.html"/><title value="HospitalNotification MessageHeader - AN_STAA."/><generation value="generated"/></page><page><extension url="http://hl7.org/fhir/tools/StructureDefinition/ig-page-name"><valueUrl value="Bundle-ld31e08a-b91f-49c3-841a-ce80e6380517.html"/></extension><nameUrl value="Bundle-ld31e08a-b91f-49c3-841a-ce80e6380517.html"/><title value="HospitalNotification Message - MORS (acute ambulant)"/><generation value="generated"/></page><page><extension url="http://hl7.org/fhir/tools/StructureDefinition/ig-page-name"><valueUrl value="Encounter-m790f964-98d3-4852-bac8-83d2f3d035f8.html"/></extension><nameUrl value="Encounter-m790f964-98d3-4852-bac8-83d2f3d035f8.html"/><title value="HospitalNotification Encounter - STIN, with different serviceProvider and sender organisation in the Bundle"/><generation value="generated"/></page><page><extension url="http://hl7.org/fhir/tools/StructureDefinition/ig-page-name"><valueUrl value="Bundle-m908i967-9ie3-9023-b9ec-98108695f01d.html"/></extension><nameUrl value="Bundle-m908i967-9ie3-9023-b9ec-98108695f01d.html"/><title value="HospitalNotification Message - STIN, with different serviceProvider and sender Organization."/><generation value="generated"/></page><page><extension url="http://hl7.org/fhir/tools/StructureDefinition/ig-page-name"><valueUrl value="MessageHeader-m9bea09c-e662-4d59-b84f-9af570b57f42.html"/></extension><nameUrl value="MessageHeader-m9bea09c-e662-4d59-b84f-9af570b57f42.html"/><title value="HospitalNotification MessageHeader - SLHJ (acute ambulant)."/><generation value="generated"/></page><page><extension url="http://hl7.org/fhir/tools/StructureDefinition/ig-page-name"><valueUrl value="MessageHeader-nabb68aa-c97b-4905-a60c-71ff3209fd51.html"/></extension><nameUrl value="MessageHeader-nabb68aa-c97b-4905-a60c-71ff3209fd51.html"/><title value="HospitalNotification MessageHeader - MORS (acute ambulant)."/><generation value="generated"/></page><page><extension url="http://hl7.org/fhir/tools/StructureDefinition/ig-page-name"><valueUrl value="Organization-o4cdf292-abf3-4f5f-80ea-60a48013ff6d.html"/></extension><nameUrl value="Organization-o4cdf292-abf3-4f5f-80ea-60a48013ff6d.html"/><title value="Example of a reciever organization with a SOR and an EAN identifier."/><generation value="generated"/></page><page><extension url="http://hl7.org/fhir/tools/StructureDefinition/ig-page-name"><valueUrl value="Organization-o7056980-a8b2-42aa-8a0e-c1fc85d1f40d.html"/></extension><nameUrl value="Organization-o7056980-a8b2-42aa-8a0e-c1fc85d1f40d.html"/><title value="Example of a sender organization with a SOR and an EAN identifier."/><generation value="generated"/></page><page><extension url="http://hl7.org/fhir/tools/StructureDefinition/ig-page-name"><valueUrl value="MessageHeader-o9b4818e-12de-5cc4-c418-d30cbc7b5404.html"/></extension><nameUrl value="MessageHeader-o9b4818e-12de-5cc4-c418-d30cbc7b5404.html"/><title value="HospitalNotification MessageHeader - STIN."/><generation value="generated"/></page><page><extension url="http://hl7.org/fhir/tools/StructureDefinition/ig-page-name"><valueUrl value="Organization-of839e87-4e44-4977-b38e-92b5a6f187b5.html"/></extension><nameUrl value="Organization-of839e87-4e44-4977-b38e-92b5a6f187b5.html"/><title value="Example of a service provider organization with a SOR."/><generation value="generated"/></page><page><extension url="http://hl7.org/fhir/tools/StructureDefinition/ig-page-name"><valueUrl value="Patient-t33cef33-3626-422b-955d-d506aaa65fe1.html"/></extension><nameUrl value="Patient-t33cef33-3626-422b-955d-d506aaa65fe1.html"/><title value="Bruno Test Elmer"/><generation value="generated"/></page><page><extension url="http://hl7.org/fhir/tools/StructureDefinition/ig-page-name"><valueUrl value="Patient-t82fb8a3-6725-41e2-a615-2b1cfcfe9931.html"/></extension><nameUrl value="Patient-t82fb8a3-6725-41e2-a615-2b1cfcfe9931.html"/><title value="Bruno Test Elmer"/><generation value="generated"/></page></page></page><parameter><code value="path-resource"/><value value="input/capabilities"/></parameter><parameter><code value="path-resource"/><value value="input/examples"/></parameter><parameter><code value="path-resource"/><value value="input/extensions"/></parameter><parameter><code value="path-resource"/><value value="input/models"/></parameter><parameter><code value="path-resource"/><value value="input/operations"/></parameter><parameter><code value="path-resource"/><value value="input/profiles"/></parameter><parameter><code value="path-resource"/><value value="input/resources"/></parameter><parameter><code value="path-resource"/><value value="input/vocabulary"/></parameter><parameter><code value="path-resource"/><value value="input/maps"/></parameter><parameter><code value="path-resource"/><value value="input/testing"/></parameter><parameter><code value="path-resource"/><value value="input/history"/></parameter><parameter><code value="path-resource"/><value value="fsh-generated/resources"/></parameter><parameter><code value="path-pages"/><value value="template/config"/></parameter><parameter><code value="path-pages"/><value value="input/images"/></parameter><parameter><code value="path-tx-cache"/><value value="input-cache/txcache"/></parameter></definition></ImplementationGuide>