URL,Version,Status,OIDs,Name,Title,Description,Used
http://hl7.dk/fhir/core/CodeSystem/DkCoreProfessionGroupCodes,3.6.0,active,,DkCoreProfessionGroupCodes,DK Profession Group Codes,"DK health ProfessionGroup codes as defined by https://www.retsinformation.dk/eli/lta/2019/731, and derived from http://autregwebservice.sst.dk/autregservice.asmx/GetAllProfessionGroups. Code (5176) was not uniqe, and have been converted to 5176a and 5176b","ValueSet/DkCoreProfessionGroupValueSet"
http://hl7.dk/fhir/core/CodeSystem/dk-core-d-ecpr-codes,3.6.0,active,,DkCoreDeCPRCodes,DK Decentralised eCPR Systems,"DK ","ValueSet/DkCoreDeCPRValueSet"
http://hl7.dk/fhir/core/CodeSystem/dk-core-municipality-codes,3.6.0,active,,MunicipalityCodes,DK Municipality Codes,"Municipality codes as defined by https://danmarksadresser.dk/adressedata/kodelister/kommunekodeliste/ and https://sundhedsdatastyrelsen.dk/-/media/sds/filer/rammer-og-retningslinjer/patientregistrering/relaterede/kommuneklassifikation.pdf","ValueSet/dk-core-MunicipalityCodes"
http://hl7.dk/fhir/core/CodeSystem/dk-core-municipality-codes-greenland,3.6.0,active,,GreenlandMunicipalityCodes,DK Greenland Municipality Codes,"Greenland municipality codes as defined by https://www.iso.org/obp/ui/#iso:code:3166:GL and https://cpr.dk/cpr-systemet/kommunesammenlaegninger-opdeling/groenland-2018/","ValueSet/dk-core-MunicipalityCodes"
http://hl7.dk/fhir/core/CodeSystem/dk-marital-status,3.6.0,active,,DkMaritalStatus,DK Marital Statuses,"DK marital statuses","ValueSet/dk-marital-status"
http://hl7.org/fhir/address-type,4.0.1,active,"2.16.840.1.113883.4.642.4.70",AddressType,AddressType,"The type of an address (physical / postal).","ValueSet/address-type"
http://hl7.org/fhir/address-use,4.0.1,active,"2.16.840.1.113883.4.642.4.68",AddressUse,AddressUse,"The use of an address.","ValueSet/address-use"
http://hl7.org/fhir/administrative-gender,4.0.1,active,"2.16.840.1.113883.4.642.4.2",AdministrativeGender,AdministrativeGender,"The gender of a person used for administrative purposes.","ValueSet/administrative-gender"
http://hl7.org/fhir/composition-status,4.0.1,draft,"2.16.840.1.113883.4.642.4.242",CompositionStatus,CompositionStatus,"The workflow/clinical status of the composition.","ValueSet/composition-status"
http://hl7.org/fhir/days-of-week,4.0.1,active,"2.16.840.1.113883.4.642.4.513",DaysOfWeek,DaysOfWeek,"The days of the week.","ValueSet/days-of-week"
http://hl7.org/fhir/document-reference-status,4.0.1,draft,"2.16.840.1.113883.4.642.4.8",DocumentReferenceStatus,DocumentReferenceStatus,"The status of the document reference.","ValueSet/DocumentReferenceStats"
http://hl7.org/fhir/document-relationship-type,4.0.1,draft,"2.16.840.1.113883.4.642.4.245",DocumentRelationshipType,DocumentRelationshipType,"The type of relationship between documents.","ValueSet/document-relationship-type"
http://hl7.org/fhir/identifier-use,4.0.1,active,"2.16.840.1.113883.4.642.4.58",IdentifierUse,IdentifierUse,"Identifies the purpose for this identifier, if known .","ValueSet/identifier-use"
http://hl7.org/fhir/link-type,4.0.1,active,"2.16.840.1.113883.4.642.4.424",LinkType,LinkType,"The type of link between this patient resource and another patient resource.","ValueSet/link-type"
http://hl7.org/fhir/name-use,4.0.1,active,"2.16.840.1.113883.4.642.4.66",NameUse,NameUse,"The use of a human name.","ValueSet/name-use"
http://hl7.org/fhir/narrative-status,4.0.1,draft,"2.16.840.1.113883.4.642.4.56",NarrativeStatus,NarrativeStatus,"The status of a resource narrative.","ValueSet/narrative-status"
http://hl7.org/fhir/resource-types,4.0.1,active,,ResourceType,ResourceType,"One of the resource types defined as part of this version of FHIR.","ValueSet/resource-types"
http://loinc.org,3.1.0,active,"2.16.840.1.113883.6.1",LOINC,Logical Observation Identifiers, Names and Codes (LOINC),"LOINC provides a set of universal names and ID codes for identifying laboratory and clinical test results.1,2 LOINC facilitates the exchange and pooling of results, such as blood hemoglobin, serum potassium, or vital signs, for clinical care, outcomes management, and research. LOINC's universal identifiers (names and codes) can be used in the context of order and observation exchanges between information systems that use syntax standards such as HL73, CEN TC251, ISO TC215, ASTM4, and DICOM. Specifically, the identifier can be used as the coded value for an observation in any other standard that uses the observation/observation value paradigm, whether messages, documents, application programming interface (API), etc. For example, LOINC codes are used widely in the OBX segment Observation Identifier field (OBX-3) of an ORU HL7 (HL7 version 2.x or ASTM 1238-9410) message that may be sent between a Clinical Laboratory Information Management Systems (LIMS) and Electronic Health Record Systems (EHR).5, 6 In this way, LOINC codes provide universal identifiers that allow the exchange of clinical data between heterogeneous computing environments.","ValueSet/MedCom-xds-typecode-VS"
http://medcomfhir.dk/ig/terminology/CodeSystem/medcom-core-PractitionerRolesAutorisationsregistret,1.8.1,active,,MedComCorePractitionerRolesAutorisationsregistret,MedComCorePractitionerRolesAutorisationsregistret,"CodeSystem containing codes for practionerroles (Danish:Stillingsbetegnelser) from [autorisationsregistret](https://stps.dk/da/autorisation/opslagautreg/) ","ValueSet/medcom-core-PractitionerRoles"
http://medcomfhir.dk/ig/terminology/CodeSystem/medcom-core-PractitionerRolesSKSadministrativ,2.0.0,active,,MedComCorePractitionerRolesSKSadministrativ,MedComCorePractitionerRolesSKSadministrativ,"CodeSystem containing codes for practionerroles (Danish:Stillingsbetegnelser) from [SKS Administrativt-Personaleklassifikation](https://medinfo.dk/sks/brows.php?s_nod=924).","ValueSet/medcom-core-PractitionerRoles"
http://medcomfhir.dk/ig/xdsmetadata/CodeSystem/MedCom-xds-analysis-codes-CS,1.0.0,active,,MedCom_XDS_AnalysisCodes,DK MedCom analysis codes,"CodeSystem for MedCom analysis codes","ValueSet/MedCom-xds-eventcodelist-VS"
http://medcomfhir.dk/ig/xdsmetadata/CodeSystem/MedCom-xds-classcode-CS,1.0.0,active,,MedCom_XDS_ClassCode_CS,DK XDS ClassCode,"CodeSystem for ClassCode","ValueSet/MedCom-xds-classcode-VS"
http://medcomfhir.dk/ig/xdsmetadata/CodeSystem/MedCom-xds-formatcode-CS,1.0.0,active,,MedCom_XDS_FormatCode_CS,DK XDS FormatCode,"CodeSystem for FormatCode","ValueSet/MedCom-xds-formatcode-VS"
http://medcomfhir.dk/ig/xdsmetadata/CodeSystem/MedCom-xds-homeCommunityId-CS,1.0.0,active,"1.2.208.176.8.1",MedCom_XDS_HomeCommunityId,DK XDS Affinity Domain,"DK XDS Affinity Domains who has agreed to share healthcare related documents in Denmark","ValueSet/MedCom-xds-homeCommunityId-VS"
http://medcomfhir.dk/ig/xdsmetadata/CodeSystem/MedCom-xds-typecode-CS,1.0.0,active,,MedCom_XDS_TypeCode_CS,DK MedCom Message Codes,"MedCom document type codes (Danish)","ValueSet/MedCom-xds-typecode-VS"
http://npu-terminology.org,3.5.0,active,"1.2.208.176.9.1",NPU,Nomenclature for Properties and Units (NPU) - Fragment for DK Core,"Fragment of the NPU code system used in DK Core. The full version of NPU can be found at http://labterm.dk","ValueSet/MedCom-xds-eventcodelist-VS"
http://snomed.info/sct,null,active,"2.16.840.1.113883.6.96",SNOMED_CT,SNOMED CT (all versions),"SNOMED CT is the most comprehensive and precise clinical health terminology product in the world, owned and distributed around the world by The International Health Terminology Standards Development Organisation (IHTSDO).","ValueSet/c80-practice-codes,ValueSet/MedCom-xds-typecode-VS,ValueSet/sor-organization-type"
http://terminology.hl7.org/CodeSystem/common-tags,1.0.1,active,"2.16.840.1.113883.4.642.1.1067",CommonTags,Common Tags,"Common Tag Codes defined by FHIR project","ValueSet/common-tags"
http://terminology.hl7.org/CodeSystem/contactentity-type,2.0.0,active,"2.16.840.1.113883.4.642.1.1129",ContactEntityType,Contact entity type,"This example value set defines a set of codes that can be used to indicate the purpose for which you would contact a contact party.","ValueSet/contactentity-type"
http://terminology.hl7.org/CodeSystem/v2-0203,5.0.0,active,"2.16.840.1.113883.18.108",IdentifierType,identifierType,"HL7-defined code system of concepts specifying type of identifier. Used in HL7 Version 2.x messaging data types CX, PLN, PPN, XCN and XON.","ValueSet/identifier-type"
http://terminology.hl7.org/CodeSystem/v3-NullFlavor,4.0.0,active,"2.16.840.1.113883.5.1008",NullFlavor,NullFlavor,"A collection of codes specifying why a valid value is not present.","ValueSet/medcom-core-PractitionerRoles"
http://terminology.hl7.org/CodeSystem/v3-mediaType,4.0.0,active,"2.16.840.1.113883.5.79",MediaType,Media Type,"Internet Assigned Numbers Authority (IANA) Mime Media Types. Identifies the type of the encapsulated data and identifies a method to interpret or render the data. The IANA defined domain of media types is established by the Internet standard RFC 2045 \[http://www.ietf.org/rfc/rfc2045.txt\] and 2046 \[http://www.ietf.org/rfc/rfc2046.txt\]. RFC 2046 defines the media type to consist of two parts:    1.  top level media type, and  2.  media subtype    However, this HL7 datatypes specification treats the entire media type as one atomic code symbol in the form defined by IANA, i.e., top level type followed by a slash ""/"" followed by media subtype. Currently defined media types are registered in a database \[http://www.iana.org/assignments/media-types/index.html\] maintained by IANA. Currently several hundred different MIME media types are defined, with the list growing rapidly. In general, all those types defined by the IANA MAY be used.","ValueSet/MedCom-xds-mimetype-fhir-VS"
urn:ietf:bcp:47,2.0.1,active,,Ietf3066,Tags for the Identification of Languages,"Older value from OID registry.  Superceded; see recommendations in BCP-47.","ValueSet/MedCom-xds-languagecode-VS,ValueSet/languages"
