<?xml version="1.0" encoding="UTF-8"?>

<PractitionerRole xmlns="http://hl7.org/fhir">
  <id value="6057686e-666c-11ed-9022-0242ac120002"/>
  <meta>
    <profile value="http://medcomfhir.dk/ig/core/StructureDefinition/medcom-core-practitionerrole"/>
  </meta>
  <text>
    <status value="generated"/><div xmlns="http://www.w3.org/1999/xhtml"><p class="res-header-id"><b>Generated Narrative: PractitionerRole 6057686e-666c-11ed-9022-0242ac120002</b></p><a name="6057686e-666c-11ed-9022-0242ac120002"> </a><a name="hc6057686e-666c-11ed-9022-0242ac120002"> </a><a name="hc6057686e-666c-11ed-9022-0242ac120002-da-DK"> </a><p><b>practitioner</b>: <a href="Practitioner-e9eacb62-666b-11ed-9022-0242ac120002.html">Practitioner Bo Test Vestergaard (official)</a></p><p><b>code</b>: <span title="Codes:{http://medcomfhir.dk/ig/terminology/CodeSystem/medcom-core-PractitionerRolesSKSadministrativ afdelingslaege}">Afdelingslæge</span></p></div>
  </text>
  <practitioner>
    <reference value="Practitioner/e9eacb62-666b-11ed-9022-0242ac120002"/>
  </practitioner>
  <code>
    <coding>
      <system value="http://medcomfhir.dk/ig/terminology/CodeSystem/medcom-core-PractitionerRolesSKSadministrativ"/>
      <code value="afdelingslaege"/>
    </coding>
  </code>
</PractitionerRole>