{
  "resourceType" : "ConceptMap",
  "id" : "medcom-messaging-mapFhirToSorEdi",
  "text" : {
    "status" : "generated",
    "div" : "<div xmlns=\"http://www.w3.org/1999/xhtml\"><p class=\"res-header-id\"><b>Generated Narrative: ConceptMap medcom-messaging-mapFhirToSorEdi</b></p><a name=\"medcom-messaging-mapFhirToSorEdi\"> </a><a name=\"hcmedcom-messaging-mapFhirToSorEdi\"> </a><a name=\"medcom-messaging-mapFhirToSorEdi-da-DK\"> </a><p>Mapping from <a href=\"ValueSet-medcom-messaging-messageTypes.html\">MedComMessagingMessageTypes</a> to <a href=\"ValueSet-medcom-messaging-sorEdiValues.html\">MedComMessagingSorEdiValues</a></p><br/><p><b>Group 1 </b>Mapping from <a href=\"CodeSystem-medcom-messaging-eventCodes.html\">MedComMessagingEventCodes</a> to <a href=\"CodeSystem-medcom-messaging-sorEdiSystem.html\">MedComMessagingSorEdiCodeSystem</a></p><table class=\"grid\"><tr><td><b>Source Code</b></td><td><b>Relationship</b></td><td><b>Target Code</b></td></tr><tr><td>care-communication-message</td><td><a href=\"http://hl7.org/fhir/R5/codesystem-concept-map-relationship.html#equivalent\" title=\"equivalent\">is equivalent to</a></td><td>FDIS91 (Care Communication Message (Korrepondance meddelelse))</td></tr><tr><td>hospital-notification-message</td><td><a href=\"http://hl7.org/fhir/R5/codesystem-concept-map-relationship.html#equivalent\" title=\"equivalent\">is equivalent to</a></td><td>FDIS20 (Hospital Notification Message (Advis om Sygehusophold))</td></tr><tr><td>acknowledgement-message</td><td><a href=\"http://hl7.org/fhir/R5/codesystem-concept-map-relationship.html#equivalent\" title=\"equivalent\">is equivalent to</a></td><td>FCTL (Acknowledgement Message (Kvittering))</td></tr></table></div>"
  },
  "url" : "http://medcomfhir.dk/ig/terminology/ConceptMap/medcom-messaging-mapFhirToSorEdi",
  "version" : "2.0.0-draft",
  "name" : "MedComMessagingMapFhirToSorEdi",
  "status" : "active",
  "date" : "2023-02-27",
  "publisher" : "MedCom",
  "contact" : [{
    "name" : "MedCom",
    "telecom" : [{
      "system" : "url",
      "value" : "http://www.medcom.dk"
    }]
  }],
  "jurisdiction" : [{
    "coding" : [{
      "system" : "urn:iso:std:iso:3166",
      "code" : "DK",
      "display" : "Denmark"
    }]
  }],
  "sourceUri" : "http://medcomfhir.dk/ig/terminology/ValueSet/medcom-messaging-messageTypes",
  "targetUri" : "http://medcomfhir.dk/ig/terminology/ValueSet/medcom-messaging-sorEdiValues",
  "group" : [{
    "source" : "http://medcomfhir.dk/ig/terminology/CodeSystem/medcom-messaging-eventCodes",
    "target" : "http://medcomfhir.dk/ig/terminology/CodeSystem/medcom-messaging-sorEdiSystem",
    "element" : [{
      "code" : "care-communication-message",
      "display" : "Care Communication Message",
      "target" : [{
        "code" : "FDIS91",
        "display" : "Care Communication Message (Korrepondance meddelelse)",
        "equivalence" : "equivalent"
      }]
    },
    {
      "code" : "hospital-notification-message",
      "display" : "Hospital Notification Message",
      "target" : [{
        "code" : "FDIS20",
        "display" : "Hospital Notification Message (Advis om Sygehusophold)",
        "equivalence" : "equivalent"
      }]
    },
    {
      "code" : "acknowledgement-message",
      "display" : "Acknowledgement Message",
      "target" : [{
        "code" : "FCTL",
        "display" : "Acknowledgement Message (Kvittering)",
        "equivalence" : "equivalent"
      }]
    }]
  }]
}