<?xml version="1.0" encoding="UTF-8"?><TestScript xmlns="http://hl7.org/fhir"><id value="hospitalnotification-receive-mors-emer"/><meta><profile value="http://touchstone.aegis.net/touchstone/fhir/testing/StructureDefinition/testscript"/></meta><url value="http://medcomfhir.dk/ig/hospitalnotificationtestscript/hospitalnotification-receive-mors-emer"/><version value="3.0.1"/><name value="HospitalNotificationTestScript"/><title value="Receive: Deceased - deceased during acute ambulant - MORS"/><status value="active"/><date value="2023-05-25"/><publisher value="MedCom"/><contact><name value="MedCom"/><telecom><system value="email"/><value value="mailto:fhir@medcom.dk"/></telecom></contact><description value="Receive: Deceased - deceased during acute ambulant"/><copyright value="MedCom 2021"/><origin><index value="1"/><profile><system value="http://terminology.hl7.org/CodeSystem/testscript-profile-origin-types"/><code value="FHIR-Client"/></profile></origin><destination><index value="1"/><profile><system value="http://terminology.hl7.org/CodeSystem/testscript-profile-destination-types"/><code value="FHIR-Server"/></profile></destination><fixture id="create-STAA-01"><autocreate value="false"/><autodelete value="false"/><resource><reference value="/FHIRSandbox/MedCom/HospitalNotification/v300/Receive/Fixtures/HospitalNotification-fixture-STAA.xml"/></resource></fixture><fixture id="create-MORS-02"><autocreate value="false"/><autodelete value="false"/><resource><reference value="/FHIRSandbox/MedCom/HospitalNotification/v300/Receive/Fixtures/HospitalNotification-fixture-MORS-emer.xml"/></resource></fixture><profile id="hospitalnotification"><reference value="http://medcomfhir.dk/ig/hospitalnotification/StructureDefinition/medcom-hospitalNotification-message"/></profile><variable><name value="destinationUri-STAA"/><expression value="Bundle.entry.resource.ofType(MessageHeader).destination.endpoint"/><sourceId value="create-STAA-01"/></variable><variable><name value="bundleid-STAA"/><expression value="Bundle.id"/><sourceId value="create-STAA-01"/></variable><variable><name value="destinationUri-MORS"/><expression value="Bundle.entry.resource.ofType(MessageHeader).destination.endpoint"/><sourceId value="create-MORS-02"/></variable><variable><name value="bundleid-MORS"/><expression value="Bundle.id"/><sourceId value="create-MORS-02"/></variable><setup><action><operation><type><system value="http://terminology.hl7.org/CodeSystem/testscript-operation-codes"/><code value="delete"/></type><resource value="Bundle"/><description value="System-generated search and delete operations from conditional delete on Bundle MessageHeader.destination.endpoint"/><accept value="xml"/><encodeRequestUrl value="true"/><params value="?message.destination-uri=${destinationUri-STAA}"/></operation></action><action><operation><type><system value="http://terminology.hl7.org/CodeSystem/testscript-operation-codes"/><code value="create"/></type><resource value="Bundle"/><description value="Create the Bundle resource in XML format on the destination server."/><accept value="xml"/><contentType value="xml"/><encodeRequestUrl value="true"/><sourceId value="create-STAA-01"/></operation></action><action><operation><type><system value="http://terminology.hl7.org/CodeSystem/testscript-operation-codes"/><code value="updateCreate"/></type><resource value="Bundle"/><description value="Update the Bundle.id in XML format on the destination server, so it corresponds to $bundleid-STAA."/><accept value="xml"/><contentType value="xml"/><encodeRequestUrl value="true"/><params value="/${bundleid-STAA}"/><sourceId value="create-STAA-01"/></operation></action><action><assert><description value="Confirm that the returned HTTP status is okay or created."/><direction value="response"/><operator value="in"/><responseCode value="200,201"/><warningOnly value="false"/></assert></action><action><operation><type><system value="http://terminology.hl7.org/CodeSystem/testscript-operation-codes"/><code value="create"/></type><resource value="Bundle"/><description value="Create the Bundle resource in XML format on the destination server."/><accept value="xml"/><contentType value="xml"/><encodeRequestUrl value="true"/><sourceId value="create-MORS-02"/></operation></action><action><operation><type><system value="http://terminology.hl7.org/CodeSystem/testscript-operation-codes"/><code value="updateCreate"/></type><resource value="Bundle"/><description value="Update the Bundle.id in XML format on the destination server, so it corresponds to $bundleid-MORS."/><accept value="xml"/><contentType value="xml"/><encodeRequestUrl value="true"/><params value="/${bundleid-MORS}"/><sourceId value="create-MORS-02"/></operation></action><action><assert><description value="Confirm that the returned HTTP status is okay or created."/><direction value="response"/><operator value="in"/><responseCode value="200,201"/><warningOnly value="false"/></assert></action></setup><test id="hospitalnotification-read-STAA-01"><name value="Get a HospitalNotification STAA Message 01"/><description value="GET a Hospital notification. The expected response is a 200(OK) with a payload of the Hospital notification resource in XML format."/><action><operation><type><system value="http://terminology.hl7.org/CodeSystem/testscript-operation-codes"/><code value="read"/></type><resource value="Bundle"/><description value="Receive Hospital Notification"/><accept value="xml"/><contentType value="xml"/><destination value="1"/><encodeRequestUrl value="true"/><origin value="1"/><params value="/${bundleid-STAA}"/></operation></action><action><assert><description value="Confirm that the returned HTTP status is okay or created."/><direction value="response"/><operator value="in"/><responseCode value="200,201"/><warningOnly value="false"/></assert></action></test><test id="hospitalnotification-read-MORS-02"><name value="Get a HospitalNotification MORS Message 02"/><description value="GET a Hospital notification. The expected response is a 200(OK) with a payload of the Hospital notification resource in XML format."/><action><operation><type><system value="http://terminology.hl7.org/CodeSystem/testscript-operation-codes"/><code value="read"/></type><resource value="Bundle"/><description value="Receive Hospital Notification"/><accept value="xml"/><contentType value="xml"/><destination value="1"/><encodeRequestUrl value="true"/><origin value="1"/><params value="/${bundleid-STAA}"/></operation></action><action><assert><description value="Confirm that the returned HTTP status is okay or created."/><direction value="response"/><operator value="in"/><responseCode value="200,201"/><warningOnly value="false"/></assert></action></test></TestScript>