<?xml version="1.0" encoding="UTF-8"?><TestScript xmlns="http://hl7.org/fhir"><id value="hospitalnotification-send-an-slhj-emer"/><meta><profile value="http://touchstone.aegis.net/touchstone/fhir/testing/StructureDefinition/testscript"/></meta><url value="http://medcomfhir.dk/ig/hospitalnotificationtestscript/hospitalnotification-send-an-slhj-emer"/><version value="3.0.1"/><name value="HospitalNotificationTestScript"/><title value="Send: Cancellation End hospital stay - patient completed to home/primary sector - AN_SLHJ"/><status value="active"/><date value="2023-05-25"/><publisher value="MedCom"/><contact><name value="MedCom"/><telecom><system value="email"/><value value="mailto:fhir@medcom.dk"/></telecom></contact><description value="Send: Cancellation End hospital stay - patient completed to home/primary sector"/><copyright value="MedCom 2021"/><origin><index value="1"/><profile><system value="http://terminology.hl7.org/CodeSystem/testscript-profile-origin-types"/><code value="FHIR-Client"/></profile></origin><destination><index value="1"/><profile><system value="http://terminology.hl7.org/CodeSystem/testscript-profile-destination-types"/><code value="FHIR-Server"/></profile></destination><fixture id="create-STAA-01"><autocreate value="false"/><autodelete value="false"/><resource><reference value="/FHIRSandbox/MedCom/HospitalNotification/v300/Send/Fixtures/HospitalNotification-fixture.xml"/></resource></fixture><fixture id="create-SLHJ-02"><autocreate value="false"/><autodelete value="false"/><resource><reference value="/FHIRSandbox/MedCom/HospitalNotification/v300/Send/Fixtures/HospitalNotification-fixture.xml"/></resource></fixture><fixture id="create-AN-SLHJ-03"><autocreate value="false"/><autodelete value="false"/><resource><reference value="/FHIRSandbox/MedCom/HospitalNotification/v300/Send/Fixtures/HospitalNotification-fixture.xml"/></resource></fixture><profile id="hospitalnotification"><reference value="http://medcomfhir.dk/ig/hospitalnotification/StructureDefinition/medcom-hospitalNotification-message"/></profile><variable><name value="messageHeaderid-STAA"/><expression value="Bundle.entry[0].fullUrl"/><sourceId value="create-message-STAA"/></variable><variable><name value="episodeOfCareID-STAA"/><expression value="Bundle.entry.resource.ofType(Encounter).episodeOfCare.identifier.value"/><sourceId value="create-message-STAA"/></variable><variable><name value="searchParamIdentifier-STAA"/><expression value="Bundle.entry.resource.ofType(MessageHeader).id"/><sourceId value="create-message-STAA"/></variable><variable><name value="occurredDateTime-STAA"/><expression value="Bundle.entry.resource.ofType(Provenance).where(target.reference = %resource.entry[0].fullUrl).occurred"/><sourceId value="create-message-STAA"/></variable><variable><name value="messageHeaderid-SLHJ"/><expression value="Bundle.entry[0].fullUrl"/><sourceId value="create-message-SLHJ"/></variable><variable><name value="episodeOfCareID-SLHJ"/><expression value="Bundle.entry.resource.ofType(Encounter).episodeOfCare.identifier.value"/><sourceId value="create-message-SLHJ"/></variable><variable><name value="messageHeaderid-AN-SLHJ"/><expression value="Bundle.entry[0].fullUrl"/><sourceId value="create-message-AN-SLHJ"/></variable><variable><name value="episodeOfCareID-AN-SLHJ"/><expression value="Bundle.entry.resource.ofType(Encounter).episodeOfCare.identifier.value"/><sourceId value="create-message-AN-SLHJ"/></variable><test id="hospitalnotification-create-STAA-01"><name value="Create a HospitalNotification STAA Message 01"/><description value="Post HospitalNotification to the server."/><action><operation><type><system value="http://terminology.hl7.org/CodeSystem/testscript-operation-codes"/><code value="create"/></type><resource value="Bundle"/><description value="Post a Hospitalnotification"/><destination value="1"/><encodeRequestUrl value="true"/><origin value="1"/><responseId value="create-message-STAA"/><sourceId value="create-STAA-01"/></operation></action><action><assert><description value="Confirm that the returned HTTP status is okay or created."/><direction value="response"/><operator value="in"/><responseCode value="200,201"/><warningOnly value="false"/></assert></action><action><assert><description value="Confirm that the client request payload contains a Bundle resource type."/><direction value="request"/><resource value="Bundle"/><warningOnly value="false"/></assert></action><action><assert><description value="Validates the bundle against http://medcomfhir.dk/ig/hospitalnotification/ImplementationGuide/dk.fhir.ig.dk-medcom-hospitalnotification"/><direction value="request"/><validateProfileId value="hospitalnotification"/><warningOnly value="false"/></assert></action><action><assert><description value="Confirm that the request resource contains the expected eventCoding.code."/><direction value="request"/><expression value="Bundle.entry.resource.ofType(MessageHeader).event.as(Coding).select(code = 'hospital-notification-message').allTrue()"/><warningOnly value="false"/></assert></action><action><assert><description value="Confirm that the Encounter class of the request resource is EMER."/><direction value="request"/><expression value="Bundle.entry.resource.ofType(Encounter).class.code"/><operator value="equals"/><value value="EMER"/><warningOnly value="false"/></assert></action><action><assert><description value="Confirm that the Encounter status of the request resource is in-progress."/><direction value="request"/><expression value="Bundle.entry.resource.ofType(Encounter).status"/><operator value="equals"/><value value="in-progress"/><warningOnly value="false"/></assert></action><action><assert><description value="Confirm that the request resource contains the expected activity code."/><direction value="request"/><expression value="Bundle.entry.resource.ofType(Provenance).where(activity.coding.code = 'admit-emergency').exists()"/><warningOnly value="false"/></assert></action><action><assert><description value="Confirm that the report of admission flag is true."/><direction value="request"/><expression value="Bundle.entry.resource.ofType(MessageHeader).extension.where(url='http://medcomfhir.dk/ig/hospitalnotification/StructureDefinition/medcom-messaging-reportOfAdmissionExtension').value"/><operator value="equals"/><value value="true"/><warningOnly value="false"/></assert></action><action><assert><description value="Confirm that the target reference in Provenance equals MessageHeader.id"/><direction value="request"/><expression value="Bundle.entry.resource.ofType(Provenance).where(target.reference = %resource.entry[0].fullUrl).exists()"/><warningOnly value="false"/></assert></action><action><assert><description value="Confirm that the episodeOfCare-identifier has the structure of an UUID"/><direction value="request"/><expression value="Bundle.entry.resource.ofType(Encounter).episodeOfCare.identifier.value.matches('[0-9a-f]{8}-[0-9a-f]{4}-[0-9a-f]{4}-[0-9a-f]{4}-[0-9a-f]{12}')"/><warningOnly value="false"/></assert></action><action><assert><description value="Confirm that the a receiver of the report of admission exists, when the flag is true, and doesn't exists when the flag is false."/><direction value="request"/><expression value="Bundle.entry.resource.ofType(MessageHeader).extension.where(url='http://medcomfhir.dk/ig/hospitalnotification/StructureDefinition/medcom-messaging-reportOfAdmissionRecipientExtension').exists() = true"/><warningOnly value="false"/></assert></action></test><test id="hospitalnotification-create-SLHJ-02"><name value="Create a HospitalNotification SLHJ Message 02"/><description value="Post HospitalNotification to the server."/><action><operation><type><system value="http://terminology.hl7.org/CodeSystem/testscript-operation-codes"/><code value="create"/></type><resource value="Bundle"/><description value="Post a Hospitalnotification"/><destination value="1"/><encodeRequestUrl value="true"/><origin value="1"/><responseId value="create-message-SLHJ"/><sourceId value="create-SLHJ-02"/></operation></action><action><assert><description value="Confirm that the returned HTTP status is okay or created."/><direction value="response"/><operator value="in"/><responseCode value="200,201"/><warningOnly value="false"/></assert></action><action><assert><description value="Confirm that the client request payload contains a Bundle resource type."/><direction value="request"/><resource value="Bundle"/><warningOnly value="false"/></assert></action><action><assert><description value="Validates the bundle against http://medcomfhir.dk/ig/hospitalnotification/ImplementationGuide/dk.fhir.ig.dk-medcom-hospitalnotification"/><direction value="request"/><validateProfileId value="hospitalnotification"/><warningOnly value="false"/></assert></action><action><assert><description value="Confirm that the previous MessageHeader fullURL is identical to Provenance.entity.what"/><direction value="request"/><expression value="Bundle.entry.resource.ofType(Provenance).where(entity.what.reference = '${messageHeaderid-STAA}').count() = 1"/><warningOnly value="false"/></assert></action><action><assert><description value="Confirm that the request resource contains the expected eventCoding.code."/><direction value="request"/><expression value="Bundle.entry.resource.ofType(MessageHeader).event.as(Coding).select(code = 'hospital-notification-message').allTrue()"/><warningOnly value="false"/></assert></action><action><assert><description value="Confirm that the role is set to revision. Not used when testing the first message in a stream"/><direction value="request"/><expression value="Bundle.entry.resource.ofType(Provenance).entity.role"/><operator value="equals"/><value value="revision"/><warningOnly value="false"/></assert></action><action><assert><description value="Confirm that the Encounter class of the request resource is EMER."/><direction value="request"/><expression value="Bundle.entry.resource.ofType(Encounter).class.code"/><operator value="equals"/><value value="EMER"/><warningOnly value="false"/></assert></action><action><assert><description value="Confirm that the Encounter status of the request resource is finished."/><direction value="request"/><expression value="Bundle.entry.resource.ofType(Encounter).status"/><operator value="equals"/><value value="finished"/><warningOnly value="false"/></assert></action><action><assert><description value="Confirm that the request resource contains the expected activity code."/><direction value="request"/><expression value="Bundle.entry.resource.ofType(Provenance).where(activity.coding.code = 'discharge-emergency-home').exists()"/><warningOnly value="false"/></assert></action><action><assert><description value="Confirm that the target reference in Provenance equals MessageHeader.id"/><direction value="request"/><expression value="Bundle.entry.resource.ofType(Provenance).where(target.reference = %resource.entry[0].fullUrl).exists()"/><warningOnly value="false"/></assert></action><action><assert><description value="Confirm that the 2 Provenance instances exists."/><direction value="request"/><expression value="Bundle.entry.resource.ofType(Provenance).count()"/><operator value="equals"/><value value="2"/><warningOnly value="false"/></assert></action><action><assert><description value="Confirm that the episodeOfCare-identifier is episodeOfCareID-STAA"/><direction value="request"/><expression value="Bundle.entry.resource.ofType(Encounter).where(episodeOfCare.identifier.value = '${episodeOfCareID-STAA}').count() = 1"/><warningOnly value="false"/></assert></action></test><test id="hospitalnotification-create-AN-SLHJ-03"><name value="Create a HospitalNotification AN-SLHJ Message 03"/><description value="Post HospitalNotification to the server."/><action><operation><type><system value="http://terminology.hl7.org/CodeSystem/testscript-operation-codes"/><code value="create"/></type><resource value="Bundle"/><description value="Post a Hospitalnotification"/><destination value="1"/><encodeRequestUrl value="true"/><origin value="1"/><responseId value="create-message-AN-SLHJ"/><sourceId value="create-AN-SLHJ-03"/></operation></action><action><assert><description value="Confirm that the returned HTTP status is okay or created."/><direction value="response"/><operator value="in"/><responseCode value="200,201"/><warningOnly value="false"/></assert></action><action><assert><description value="Confirm that the client request payload contains a Bundle resource type."/><direction value="request"/><resource value="Bundle"/><warningOnly value="false"/></assert></action><action><assert><description value="Validates the bundle against http://medcomfhir.dk/ig/hospitalnotification/ImplementationGuide/dk.fhir.ig.dk-medcom-hospitalnotification"/><direction value="request"/><validateProfileId value="hospitalnotification"/><warningOnly value="false"/></assert></action><action><assert><description value="Confirm that the previous MessageHeader fullURL is identical to Provenance.entity.what"/><direction value="request"/><expression value="Bundle.entry.resource.ofType(Provenance).where(entity.what.reference = '${messageHeaderid-SLHJ}').count() = 1"/><warningOnly value="false"/></assert></action><action><assert><description value="Confirm that the request resource contains the expected eventCoding.code."/><direction value="request"/><expression value="Bundle.entry.resource.ofType(MessageHeader).event.as(Coding).select(code = 'hospital-notification-message').allTrue()"/><warningOnly value="false"/></assert></action><action><assert><description value="Confirm that the role is set to removal. Not used when testing the first message in a stream"/><direction value="request"/><expression value="Bundle.entry.resource.ofType(Provenance).entity.role"/><operator value="equals"/><value value="removal"/><warningOnly value="false"/></assert></action><action><assert><description value="Confirm that the Encounter class of the request resource is EMER."/><direction value="request"/><expression value="Bundle.entry.resource.ofType(Encounter).class.code"/><operator value="equals"/><value value="EMER"/><warningOnly value="false"/></assert></action><action><assert><description value="Confirm that the Encounter status of the request resource is in-progress."/><direction value="request"/><expression value="Bundle.entry.resource.ofType(Encounter).status"/><operator value="equals"/><value value="in-progress"/><warningOnly value="false"/></assert></action><action><assert><description value="Confirm that the request resource contains the expected activity code."/><direction value="request"/><expression value="Bundle.entry.resource.ofType(Provenance).where(activity.coding.code = 'cancel-discharge-emergency-home').exists()"/><warningOnly value="false"/></assert></action><action><assert><description value="Confirm that the target reference in Provenance equals MessageHeader.id"/><direction value="request"/><expression value="Bundle.entry.resource.ofType(Provenance).where(target.reference = %resource.entry[0].fullUrl).exists()"/><warningOnly value="false"/></assert></action><action><assert><description value="Confirm that the 3 Provenance instances exists."/><direction value="request"/><expression value="Bundle.entry.resource.ofType(Provenance).count()"/><operator value="equals"/><value value="3"/><warningOnly value="false"/></assert></action><action><assert><description value="Confirm that the episodeOfCare-identifier is episodeOfCareID-SLHJ"/><direction value="request"/><expression value="Bundle.entry.resource.ofType(Encounter).where(episodeOfCare.identifier.value = '${episodeOfCareID-SLHJ}').count() = 1"/><warningOnly value="false"/></assert></action></test></TestScript>