{
  "resourceType" : "Organization",
  "id" : "4b56eb00-9f9b-4f6e-92ce-2bd779759895",
  "meta" : {
    "profile" : ["http://medcomfhir.dk/ig/messaging/StructureDefinition/medcom-messaging-organization|4.0.1"]
  },
  "text" : {
    "status" : "generated",
    "div" : "<div xmlns=\"http://www.w3.org/1999/xhtml\"><p class=\"res-header-id\"><b>Generated Narrative: Organization 4b56eb00-9f9b-4f6e-92ce-2bd779759895</b></p><a name=\"4b56eb00-9f9b-4f6e-92ce-2bd779759895\"> </a><a name=\"hc4b56eb00-9f9b-4f6e-92ce-2bd779759895\"> </a><div style=\"display: inline-block; background-color: #d9e0e7; padding: 6px; margin: 4px; border: 1px solid #8da1b4; border-radius: 5px; line-height: 60%\"><p style=\"margin-bottom: 0px\"/><p style=\"margin-bottom: 0px\">Profile: <a href=\"http://medcomfhir.dk/ig/messaging/4.0.1/StructureDefinition-medcom-messaging-organization.html\">MedComMessagingOrganizationversion: null4.0.1)</a></p></div><p><b>identifier</b>: <code>https://www.gs1.org/gln</code>/5790002408496, <code>urn:oid:1.2.208.176.1.1</code>/1017421000016003</p><p><b>name</b>: 2100 Lægehuset Østerbro</p></div>"
  },
  "identifier" : [{
    "system" : "https://www.gs1.org/gln",
    "value" : "5790002408496"
  },
  {
    "system" : "urn:oid:1.2.208.176.1.1",
    "value" : "1017421000016003"
  }],
  "name" : "2100 Lægehuset Østerbro"
}