<?xml version="1.0" encoding="UTF-8"?>

<PractitionerRole xmlns="http://hl7.org/fhir">
  <id value="ad8bf8c0-6626-43cf-8d5a-1fa925c3c401"/>
  <meta>
    <profile value="http://medcomfhir.dk/ig/core/StructureDefinition/medcom-core-practitionerrole|3.0.1"/>
  </meta>
  <text>
    <status value="generated"/><div xmlns="http://www.w3.org/1999/xhtml"><p class="res-header-id"><b>Generated Narrative: PractitionerRole ad8bf8c0-6626-43cf-8d5a-1fa925c3c401</b></p><a name="ad8bf8c0-6626-43cf-8d5a-1fa925c3c401"> </a><a name="hcad8bf8c0-6626-43cf-8d5a-1fa925c3c401"> </a><div style="display: inline-block; background-color: #d9e0e7; padding: 6px; margin: 4px; border: 1px solid #8da1b4; border-radius: 5px; line-height: 60%"><p style="margin-bottom: 0px"/><p style="margin-bottom: 0px">Profile: <a href="http://medcomfhir.dk/ig/core/3.0.1/StructureDefinition-medcom-core-practitionerrole.html">MedComCorePractitionerRoleversion: null3.0.1)</a></p></div><p><b>practitioner</b>: <a href="Practitioner-27162d09-991e-49af-b7f4-ca8e1a047f29.html">Practitioner Emma Waters </a></p><p><b>code</b>: <span title="Codes:{http://medcomfhir.dk/ig/terminology/CodeSystem/medcom-core-PractitionerRolesSKSadministrativ sygeplejerske}">Sygeplejerske</span></p></div>
  </text>
  <practitioner>
    <reference value="Practitioner/27162d09-991e-49af-b7f4-ca8e1a047f29"/>
  </practitioner>
  <code>
    <coding>
      <system value="http://medcomfhir.dk/ig/terminology/CodeSystem/medcom-core-PractitionerRolesSKSadministrativ"/>
      <code value="sygeplejerske"/>
    </coding>
  </code>
</PractitionerRole>