<?xml version="1.0" encoding="UTF-8"?>

<PractitionerRole xmlns="http://hl7.org/fhir">
  <id value="dfd68df4-1cd1-45a8-a5df-4cc9e78ea0ec"/>
  <meta>
    <profile value="http://medcomfhir.dk/ig/core/StructureDefinition/medcom-core-practitionerrole"/>
  </meta>
  <text>
    <status value="generated"/><div xmlns="http://www.w3.org/1999/xhtml"><p class="res-header-id"><b>Generated Narrative: PractitionerRole dfd68df4-1cd1-45a8-a5df-4cc9e78ea0ec</b></p><a name="dfd68df4-1cd1-45a8-a5df-4cc9e78ea0ec"> </a><a name="hcdfd68df4-1cd1-45a8-a5df-4cc9e78ea0ec"> </a><div style="display: inline-block; background-color: #d9e0e7; padding: 6px; margin: 4px; border: 1px solid #8da1b4; border-radius: 5px; line-height: 60%"><p style="margin-bottom: 0px"/><p style="margin-bottom: 0px">Profile: <a href="http://medcomfhir.dk/ig/core/3.0.0/StructureDefinition-medcom-core-practitionerrole.html">MedComCorePractitionerRole</a></p></div><p><b>practitioner</b>: <a href="Practitioner-881a94fd-8fc5-4d60-be50-8dac03c63fb7.html">Practitioner Henrik Elderly </a></p><p><b>code</b>: <span title="Codes:{http://medcomfhir.dk/ig/terminology/CodeSystem/medcom-core-PractitionerRolesSKSadministrativ sygehuslaege}">Sygehuslæge</span></p></div>
  </text>
  <practitioner>
    <reference value="Practitioner/881a94fd-8fc5-4d60-be50-8dac03c63fb7"/>
  </practitioner>
  <code>
    <coding>
      <system value="http://medcomfhir.dk/ig/terminology/CodeSystem/medcom-core-PractitionerRolesSKSadministrativ"/>
      <code value="sygehuslaege"/>
    </coding>
  </code>
</PractitionerRole>