<?xml version="1.0" encoding="UTF-8"?>

<Practitioner xmlns="http://hl7.org/fhir">
  <id value="5edc1273-b409-4fcc-a39c-15d8beb3ae71"/>
  <meta>
    <profile value="http://medcomfhir.dk/ig/core/StructureDefinition/medcom-core-practitioner"/>
  </meta>
  <text>
    <status value="generated"/><div xmlns="http://www.w3.org/1999/xhtml"><p class="res-header-id"><b>Generated Narrative: Practitioner 5edc1273-b409-4fcc-a39c-15d8beb3ae71</b></p><a name="5edc1273-b409-4fcc-a39c-15d8beb3ae71"> </a><a name="hc5edc1273-b409-4fcc-a39c-15d8beb3ae71"> </a><div style="display: inline-block; background-color: #d9e0e7; padding: 6px; margin: 4px; border: 1px solid #8da1b4; border-radius: 5px; line-height: 60%"><p style="margin-bottom: 0px"/><p style="margin-bottom: 0px">Profile: <a href="http://medcomfhir.dk/ig/core/3.0.0/StructureDefinition-medcom-core-practitioner.html">MedComCorePractitioner</a></p></div><p><b>name</b>: Kim Jensen </p></div>
  </text>
  <name>
    <family value="Jensen"/>
    <given value="Kim"/>
  </name>
</Practitioner>