{
  "resourceType" : "PractitionerRole",
  "id" : "67612d44-215b-4441-a35b-b6ab3ab9c9ce",
  "meta" : {
    "profile" : ["http://medcomfhir.dk/ig/core/StructureDefinition/medcom-core-practitionerrole|3.0.1"]
  },
  "text" : {
    "status" : "generated",
    "div" : "<div xmlns=\"http://www.w3.org/1999/xhtml\"><p class=\"res-header-id\"><b>Generated Narrative: PractitionerRole 67612d44-215b-4441-a35b-b6ab3ab9c9ce</b></p><a name=\"67612d44-215b-4441-a35b-b6ab3ab9c9ce\"> </a><a name=\"hc67612d44-215b-4441-a35b-b6ab3ab9c9ce\"> </a><div style=\"display: inline-block; background-color: #d9e0e7; padding: 6px; margin: 4px; border: 1px solid #8da1b4; border-radius: 5px; line-height: 60%\"><p style=\"margin-bottom: 0px\"/><p style=\"margin-bottom: 0px\">Profile: <a href=\"http://medcomfhir.dk/ig/core/3.0.1/StructureDefinition-medcom-core-practitionerrole.html\">MedComCorePractitionerRoleversion: null3.0.1)</a></p></div><p><b>practitioner</b>: <a href=\"Practitioner-dd46a69e-b2e5-4e0d-9cc4-95259c9722e2.html\">Practitioner Michael Burns </a></p><p><b>code</b>: <span title=\"Codes:{http://medcomfhir.dk/ig/terminology/CodeSystem/medcom-core-PractitionerRolesSKSadministrativ diaetistassistent}\">Diætistassistent</span></p></div>"
  },
  "practitioner" : {
    "reference" : "Practitioner/dd46a69e-b2e5-4e0d-9cc4-95259c9722e2"
  },
  "code" : [{
    "coding" : [{
      "system" : "http://medcomfhir.dk/ig/terminology/CodeSystem/medcom-core-PractitionerRolesSKSadministrativ",
      "code" : "diaetistassistent"
    }]
  }]
}