<?xml version="1.0" encoding="UTF-8"?>

<PractitionerRole xmlns="http://hl7.org/fhir">
  <id value="bbe737f3-f1a9-435d-ab7f-d96798952a75"/>
  <meta>
    <profile value="http://medcomfhir.dk/ig/core/StructureDefinition/medcom-core-practitionerrole"/>
  </meta>
  <text>
    <status value="generated"/><div xmlns="http://www.w3.org/1999/xhtml"><p class="res-header-id"><b>Generated Narrative: PractitionerRole bbe737f3-f1a9-435d-ab7f-d96798952a75</b></p><a name="bbe737f3-f1a9-435d-ab7f-d96798952a75"> </a><a name="hcbbe737f3-f1a9-435d-ab7f-d96798952a75"> </a><div style="display: inline-block; background-color: #d9e0e7; padding: 6px; margin: 4px; border: 1px solid #8da1b4; border-radius: 5px; line-height: 60%"><p style="margin-bottom: 0px"/><p style="margin-bottom: 0px">Profile: <a href="http://medcomfhir.dk/ig/core/3.0.0/StructureDefinition-medcom-core-practitionerrole.html">MedComCorePractitionerRole</a></p></div><p><b>practitioner</b>: <a href="Practitioner-7d252548-bf05-4151-bf1f-86ad706f1c1b.html">Practitioner Michael Burns </a></p><p><b>code</b>: <span title="Codes:{http://medcomfhir.dk/ig/terminology/CodeSystem/medcom-core-PractitionerRolesSKSadministrativ sygeplejerske}">Sygeplejerske</span></p></div>
  </text>
  <practitioner>
    <reference value="Practitioner/7d252548-bf05-4151-bf1f-86ad706f1c1b"/>
  </practitioner>
  <code>
    <coding>
      <system value="http://medcomfhir.dk/ig/terminology/CodeSystem/medcom-core-PractitionerRolesSKSadministrativ"/>
      <code value="sygeplejerske"/>
    </coding>
  </code>
</PractitionerRole>