{
  "resourceType" : "PractitionerRole",
  "id" : "8a11159b-2b92-4232-9990-09bbae6ec6cb",
  "meta" : {
    "profile" : ["http://medcomfhir.dk/ig/core/StructureDefinition/medcom-core-practitionerrole"]
  },
  "text" : {
    "status" : "generated",
    "div" : "<div xmlns=\"http://www.w3.org/1999/xhtml\"><p class=\"res-header-id\"><b>Generated Narrative: PractitionerRole 8a11159b-2b92-4232-9990-09bbae6ec6cb</b></p><a name=\"8a11159b-2b92-4232-9990-09bbae6ec6cb\"> </a><a name=\"hc8a11159b-2b92-4232-9990-09bbae6ec6cb\"> </a><div style=\"display: inline-block; background-color: #d9e0e7; padding: 6px; margin: 4px; border: 1px solid #8da1b4; border-radius: 5px; line-height: 60%\"><p style=\"margin-bottom: 0px\"/><p style=\"margin-bottom: 0px\">Profile: <a href=\"http://medcomfhir.dk/ig/core/3.0.0/StructureDefinition-medcom-core-practitionerrole.html\">MedComCorePractitionerRole</a></p></div><p><b>practitioner</b>: <a href=\"Practitioner-5edc1273-b409-4fcc-a39c-15d8beb3ae71.html\">Practitioner Kim Jensen </a></p><p><b>code</b>: <span title=\"Codes:{http://medcomfhir.dk/ig/terminology/CodeSystem/medcom-core-PractitionerRolesSKSadministrativ overlaege}\">Overlæge</span></p></div>"
  },
  "practitioner" : {
    "reference" : "Practitioner/5edc1273-b409-4fcc-a39c-15d8beb3ae71"
  },
  "code" : [{
    "coding" : [{
      "system" : "http://medcomfhir.dk/ig/terminology/CodeSystem/medcom-core-PractitionerRolesSKSadministrativ",
      "code" : "overlaege"
    }]
  }]
}