<?xml version="1.0" encoding="UTF-8"?>

<Provenance xmlns="http://hl7.org/fhir">
  <id value="45f68408-94e2-48f9-b740-5c487a3e7e56"/>
  <meta>
    <profile value="http://medcomfhir.dk/ig/carecommunication/StructureDefinition/medcom-careCommunication-provenance"/>
  </meta>
  <text>
    <status value="generated"/><div xmlns="http://www.w3.org/1999/xhtml"><p class="res-header-id"><b>Generated Narrative: Provenance 45f68408-94e2-48f9-b740-5c487a3e7e56</b></p><a name="45f68408-94e2-48f9-b740-5c487a3e7e56"> </a><a name="hc45f68408-94e2-48f9-b740-5c487a3e7e56"> </a><div style="display: inline-block; background-color: #d9e0e7; padding: 6px; margin: 4px; border: 1px solid #8da1b4; border-radius: 5px; line-height: 60%"><p style="margin-bottom: 0px"/><p style="margin-bottom: 0px">Profile: <a href="http://medcomfhir.dk/ig/carecommunication/5.0.1/StructureDefinition-medcom-careCommunication-provenance.html">MedComCareCommunicationProvenance</a></p></div><p>Provenance for <a href="MessageHeader-42fa2844-5020-45dd-bd5f-77137ba5ca1f.html">MessageHeader: event[x] = Care Communication Message (MedComMessagingEventCodes#care-communication-message); definition = http://medcomfhir.dk/ig/messagedefinitions/MessageDefinition/MedComCareCommunicationMessageDefinition|5.0</a></p><p>Summary</p><table class="grid"><tr><td>Occurrence</td><td>2024-08-15 15:20:00+0200</td></tr><tr><td>Recorded</td><td>2024-08-15 15:20:00+0200</td></tr><tr><td>Activity</td><td><span title="Codes:{http://medcomfhir.dk/ig/terminology/CodeSystem/medcom-messaging-activityCodes new-message}">A new message has been sent</span></td></tr></table><p><b>Agents</b></p><table class="grid"><tr><td><b>who</b></td></tr><tr><td><a href="Organization-8b67e42d-fc9b-45c4-8313-86b9c7416445.html">Organization: identifier = https://www.gs1.org/gln#5790001387419,urn:oid:1.2.208.176.1.1#953751000016007</a></td></tr></table></div>
  </text>
  <target>
    <reference value="MessageHeader/42fa2844-5020-45dd-bd5f-77137ba5ca1f"/>
  </target>
  <occurredDateTime value="2024-08-15T15:20:00+02:00"/>
  <recorded value="2024-08-15T15:20:00+02:00"/>
  <activity>
    <coding>
      <system value="http://medcomfhir.dk/ig/terminology/CodeSystem/medcom-messaging-activityCodes"/>
      <code value="new-message"/>
    </coding>
  </activity>
  <agent>
    <who>
      <reference value="Organization/8b67e42d-fc9b-45c4-8313-86b9c7416445"/>
    </who>
  </agent>
  <entity>
    <role value="source"/>
    <what>
      <identifier>
        <value value="urn:uuid:d189f0c2-8397-4cae-b62c-0d0958b4899a"/>
      </identifier>
    </what>
  </entity>
</Provenance>