<?xml version="1.0" encoding="UTF-8"?>

<Provenance xmlns="http://hl7.org/fhir">
  <id value="520281e1-e735-4e5c-8980-fb8a36e820cb"/>
  <meta>
    <profile value="http://medcomfhir.dk/ig/carecommunication/StructureDefinition/medcom-careCommunication-provenance"/>
  </meta>
  <text>
    <status value="generated"/><div xmlns="http://www.w3.org/1999/xhtml"><p class="res-header-id"><b>Generated Narrative: Provenance 520281e1-e735-4e5c-8980-fb8a36e820cb</b></p><a name="520281e1-e735-4e5c-8980-fb8a36e820cb"> </a><a name="hc520281e1-e735-4e5c-8980-fb8a36e820cb"> </a><div style="display: inline-block; background-color: #d9e0e7; padding: 6px; margin: 4px; border: 1px solid #8da1b4; border-radius: 5px; line-height: 60%"><p style="margin-bottom: 0px"/><p style="margin-bottom: 0px">Profile: <a href="http://medcomfhir.dk/ig/carecommunication/5.0.0/StructureDefinition-medcom-careCommunication-provenance.html">MedComCareCommunicationProvenance</a></p></div><p>Provenance for <a href="MessageHeader-f7f519bd-a104-43fb-ab8a-058eeaec68c7.html">MessageHeader: event[x] = Care Communication Message (MedComMessagingEventCodes#care-communication-message); definition = http://medcomfhir.dk/ig/messagedefinitions/MessageDefinition/MedComCareCommunicationMessageDefinition|5.0</a></p><p>Summary</p><table class="grid"><tr><td>Occurrence</td><td>2024-08-23 16:00:00+0200</td></tr><tr><td>Recorded</td><td>2024-08-23 16:00:00+0200</td></tr><tr><td>Activity</td><td><span title="Codes:{http://medcomfhir.dk/ig/terminology/CodeSystem/medcom-messaging-activityCodes new-message}">A new message has been sent</span></td></tr></table><p><b>Agents</b></p><table class="grid"><tr><td><b>who</b></td></tr><tr><td><a href="Organization-aea5f134-5cc9-44b1-b5db-7155e45717ee.html">Organization Sundhedsplejen, Aabenraa kommune</a></td></tr></table></div>
  </text>
  <target>
    <reference value="MessageHeader/f7f519bd-a104-43fb-ab8a-058eeaec68c7"/>
  </target>
  <occurredDateTime value="2024-08-23T16:00:00+02:00"/>
  <recorded value="2024-08-23T16:00:00+02:00"/>
  <activity>
    <coding>
      <system value="http://medcomfhir.dk/ig/terminology/CodeSystem/medcom-messaging-activityCodes"/>
      <code value="new-message"/>
    </coding>
  </activity>
  <agent>
    <who>
      <reference value="Organization/aea5f134-5cc9-44b1-b5db-7155e45717ee"/>
    </who>
  </agent>
  <entity>
    <role value="source"/>
    <what>
      <identifier>
        <value value="urn:uuid:1df44fde-c8e1-4d0c-99cd-fc521cb728e5"/>
      </identifier>
    </what>
  </entity>
</Provenance>