{
  "resourceType" : "ValueSet",
  "id" : "d85f94cf-16ed-42a5-b195-7c6cd402482b-113",
  "url" : "http://hl7.org/fhir/comparison/ValueSet/d85f94cf-16ed-42a5-b195-7c6cd402482b-113",
  "name" : "UnionMedComMessageDefinitionIdentifierSystemVSAndMedComMessageDefinitionIdentifierSystemVS",
  "title" : "Union of MessageDefinitionIdentifierSystemValueset And MessageDefinitionIdentifierSystemValueset",
  "status" : "active",
  "date" : "2025-12-03T07:56:14+00:00",
  "jurisdiction" : [{
    "coding" : [{
      "system" : "urn:iso:std:iso:3166",
      "code" : "DK",
      "display" : "Denmark"
    }]
  }]
}