{
  "resourceType" : "ValueSet",
  "id" : "d85f94cf-16ed-42a5-b195-7c6cd402482b-69",
  "url" : "http://hl7.org/fhir/comparison/ValueSet/d85f94cf-16ed-42a5-b195-7c6cd402482b-69",
  "name" : "IntersectionMedComAcknowledgementIssueDetailValuesAndMedComAcknowledgementIssueDetailValues",
  "title" : "Intersection of MedComAcknowledgementIssueDetailValues And MedComAcknowledgementIssueDetailValues",
  "status" : "active",
  "date" : "2025-12-03T07:56:14+00:00",
  "jurisdiction" : [{
    "coding" : [{
      "system" : "urn:iso:std:iso:3166",
      "code" : "DK",
      "display" : "Denmark"
    }]
  }],
  "compose" : {
    "include" : [{
      "concept" : [{
        "code" : "MSG_ID_INVALID"
      },
      {
        "code" : "MSG_ID_TOO_LONG"
      },
      {
        "code" : "MSG_BAD_FORMAT"
      },
      {
        "code" : "MSG_BAD_SYNTAX"
      },
      {
        "code" : "MSG_DATE_FORMAT"
      },
      {
        "code" : "MSG_DUPLICATE_ID"
      },
      {
        "code" : "MSG_INVALID_ID"
      },
      {
        "code" : "MSG_JSON_OBJECT"
      },
      {
        "code" : "MSG_LOCAL_FAIL"
      },
      {
        "code" : "MSG_NO_MATCH"
      },
      {
        "code" : "MSG_NO_EXIST"
      },
      {
        "code" : "MSG_NO_SUMMARY"
      },
      {
        "code" : "MSG_PARAM_INVALID"
      },
      {
        "code" : "MSG_PARAM_NO_REPEAT"
      },
      {
        "code" : "MSG_PARAM_UNKNOWN"
      },
      {
        "code" : "MSG_RESOURCE_ID_MISMATCH"
      },
      {
        "code" : "MSG_RESOURCE_ID_FAIL"
      },
      {
        "code" : "MSG_RESOURCE_ID_MISSING"
      },
      {
        "code" : "MSG_RESOURCE_NOT_ALLOWED"
      },
      {
        "code" : "MSG_RESOURCE_REQUIRED"
      },
      {
        "code" : "MSG_RESOURCE_TYPE_MISMATCH"
      },
      {
        "code" : "MSG_TRANSACTION_DUPLICATE_ID"
      },
      {
        "code" : "MSG_TRANSACTION_MISSING_ID"
      },
      {
        "code" : "MSG_UNKNOWN_TYPE"
      },
      {
        "code" : "MSG_VERSION_AWARE"
      },
      {
        "code" : "MSG_VERSION_AWARE_CONFLICT"
      },
      {
        "code" : "MSG_VERSION_AWARE_URL"
      },
      {
        "code" : "MSG_WRONG_NS"
      }]
    },
    {
      "concept" : [{
        "code" : "MSG_Receiver_Identifier_UNKNOWN"
      },
      {
        "code" : "MSG_Receiver_Identifier_MISSING"
      },
      {
        "code" : "MSG_RECEIVER_UNABLE_TO_RECEIVE_MSG_TYPE"
      },
      {
        "code" : "MSG_VALUESET_VALUE_UNKNOWN"
      },
      {
        "code" : "MSG_CodeSystem_VALUE_UNKNOWN"
      },
      {
        "code" : "MSG_Element_To_Long"
      },
      {
        "code" : "MSG_Datatype_Wrong"
      },
      {
        "code" : "MSG_Mailbox_Out_Of_Operation"
      },
      {
        "code" : "MSG_Damaged_durin_transport"
      }]
    }]
  }
}