{
  "resourceType" : "ValueSet",
  "id" : "d85f94cf-16ed-42a5-b195-7c6cd402482b-87",
  "url" : "http://hl7.org/fhir/comparison/ValueSet/d85f94cf-16ed-42a5-b195-7c6cd402482b-87",
  "name" : "IntersectionMedComCoreAttachmentMimeTypesAndMedComCoreAttachmentMimeTypes",
  "title" : "Intersection of MedComCoreAttachmentMimeTypes And MedComCoreAttachmentMimeTypes",
  "status" : "active",
  "date" : "2025-12-03T07:56:14+00:00",
  "jurisdiction" : [{
    "coding" : [{
      "system" : "urn:iso:std:iso:3166",
      "code" : "DK",
      "display" : "Denmark"
    }]
  }],
  "compose" : {
    "include" : [{
      "concept" : [{
        "code" : "application/pdf"
      },
      {
        "code" : "image/gif"
      },
      {
        "code" : "image/jpeg"
      },
      {
        "code" : "image/png"
      },
      {
        "code" : "image/tiff"
      },
      {
        "code" : "image/bmp"
      }]
    }]
  }
}