{
  "resourceType" : "ValueSet",
  "id" : "d85f94cf-16ed-42a5-b195-7c6cd402482b-123",
  "url" : "http://hl7.org/fhir/comparison/ValueSet/d85f94cf-16ed-42a5-b195-7c6cd402482b-123",
  "name" : "IntersectionMedComMessagingMessageTypesAndMedComMessagingMessageTypes",
  "title" : "Intersection of MedComMessagingMessageTypes And MedComMessagingMessageTypes",
  "status" : "active",
  "date" : "2025-12-03T07:56:14+00:00",
  "jurisdiction" : [{
    "coding" : [{
      "system" : "urn:iso:std:iso:3166",
      "code" : "DK",
      "display" : "Denmark"
    }]
  }],
  "compose" : {
    "include" : [{
      "concept" : [{
        "code" : "empty-message"
      },
      {
        "code" : "care-communication-message"
      },
      {
        "code" : "hospital-notification-message"
      },
      {
        "code" : "acknowledgement-message"
      },
      {
        "code" : "homecareobservation-message"
      }]
    }]
  }
}