{"resourceType":"TestScript","id":"hospitalnotification-receive-an-staa","meta":{"profile":["http://touchstone.aegis.net/touchstone/fhir/testing/StructureDefinition/testscript"]},"url":"http://medcomfhir.dk/ig/hospitalnotificationtestscript/hospitalnotification-receive-an-staa","version":"3.0.1","name":"HospitalNotificationTestScript","title":"Receive: Cancellation Start hospital stay - acute ambulant - AN-STAA","status":"active","date":"2023-05-25","publisher":"MedCom","contact":[{"name":"MedCom","telecom":[{"system":"email","value":"mailto:fhir@medcom.dk"}]}],"description":"Receive: Cancellation Start hospital stay - acute ambulant","copyright":"MedCom 2021","origin":[{"index":1,"profile":{"system":"http://terminology.hl7.org/CodeSystem/testscript-profile-origin-types","code":"FHIR-Client"}}],"destination":[{"index":1,"profile":{"system":"http://terminology.hl7.org/CodeSystem/testscript-profile-destination-types","code":"FHIR-Server"}}],"fixture":[{"id":"create-STAA-01","autocreate":false,"autodelete":false,"resource":{"reference":"/FHIRSandbox/MedCom/HospitalNotification/v300/Receive/Fixtures/HospitalNotification-fixture-STAA.xml"}},{"id":"create-AN-STAA-02","autocreate":false,"autodelete":false,"resource":{"reference":"/FHIRSandbox/MedCom/HospitalNotification/v300/Receive/Fixtures/HospitalNotification-fixture-AN-STAA.xml"}}],"profile":[{"id":"hospitalnotification","reference":"http://medcomfhir.dk/ig/hospitalnotification/StructureDefinition/medcom-hospitalNotification-message"}],"variable":[{"name":"destinationUri-STAA","expression":"Bundle.entry.resource.ofType(MessageHeader).destination.endpoint","sourceId":"create-STAA-01"},{"name":"bundleid-STAA","expression":"Bundle.id","sourceId":"create-STAA-01"},{"name":"destinationUri-AN-STAA","expression":"Bundle.entry.resource.ofType(MessageHeader).destination.endpoint","sourceId":"create-AN-STAA-02"},{"name":"bundleid-AN-STAA","expression":"Bundle.id","sourceId":"create-AN-STAA-02"}],"setup":{"action":[{"operation":{"type":{"system":"http://terminology.hl7.org/CodeSystem/testscript-operation-codes","code":"delete"},"resource":"Bundle","description":"System-generated search and delete operations from conditional delete on Bundle MessageHeader.destination.endpoint","accept":"xml","encodeRequestUrl":true,"params":"?message.destination-uri=${destinationUri-STAA}"}},{"operation":{"type":{"system":"http://terminology.hl7.org/CodeSystem/testscript-operation-codes","code":"create"},"resource":"Bundle","description":"Create the Bundle resource in XML format on the destination server.","accept":"xml","contentType":"xml","encodeRequestUrl":true,"sourceId":"create-STAA-01"}},{"operation":{"type":{"system":"http://terminology.hl7.org/CodeSystem/testscript-operation-codes","code":"updateCreate"},"resource":"Bundle","description":"Update the Bundle.id in XML format on the destination server, so it corresponds to $bundleid-STAA.","accept":"xml","contentType":"xml","encodeRequestUrl":true,"params":"/${bundleid-STAA}","sourceId":"create-STAA-01"}},{"assert":{"description":"Confirm that the returned HTTP status is okay or created.","direction":"response","operator":"in","responseCode":"200,201","warningOnly":false}},{"operation":{"type":{"system":"http://terminology.hl7.org/CodeSystem/testscript-operation-codes","code":"create"},"resource":"Bundle","description":"Create the Bundle resource in XML format on the destination server.","accept":"xml","contentType":"xml","encodeRequestUrl":true,"sourceId":"create-AN-STAA-02"}},{"operation":{"type":{"system":"http://terminology.hl7.org/CodeSystem/testscript-operation-codes","code":"updateCreate"},"resource":"Bundle","description":"Update the Bundle.id in XML format on the destination server, so it corresponds to $bundleid-AN-STAA.","accept":"xml","contentType":"xml","encodeRequestUrl":true,"params":"/${bundleid-AN-STAA}","sourceId":"create-AN-STAA-02"}},{"assert":{"description":"Confirm that the returned HTTP status is okay or created.","direction":"response","operator":"in","responseCode":"200,201","warningOnly":false}}]},"test":[{"id":"hospitalnotification-read-STAA-01","name":"Get a HospitalNotification STAA Message 01","description":"GET a Hospital notification. The expected response is a 200(OK) with a payload of the Hospital notification resource in XML format.","action":[{"operation":{"type":{"system":"http://terminology.hl7.org/CodeSystem/testscript-operation-codes","code":"read"},"resource":"Bundle","description":"Receive Hospital Notification","accept":"xml","contentType":"xml","destination":1,"encodeRequestUrl":true,"origin":1,"params":"/${bundleid-STAA}"}},{"assert":{"description":"Confirm that the returned HTTP status is okay or created.","direction":"response","operator":"in","responseCode":"200,201","warningOnly":false}}]},{"id":"hospitalnotification-read-AN-STAA-02","name":"Get a HospitalNotification AN-STAA Message 02","description":"GET a Hospital notification. The expected response is a 200(OK) with a payload of the Hospital notification resource in XML format.","action":[{"operation":{"type":{"system":"http://terminology.hl7.org/CodeSystem/testscript-operation-codes","code":"read"},"resource":"Bundle","description":"Receive Hospital Notification","accept":"xml","contentType":"xml","destination":1,"encodeRequestUrl":true,"origin":1,"params":"/${bundleid-AN-STAA}"}},{"assert":{"description":"Confirm that the returned HTTP status is okay or created.","direction":"response","operator":"in","responseCode":"200,201","warningOnly":false}}]}]}