{
  "resourceType" : "MessageHeader",
  "id" : "07eb074b-be00-47e5-8bcb-484990a1a97e",
  "meta" : {
    "profile" : ["http://medcomfhir.dk/ig/homecareobservation/StructureDefinition/medcom-homecareobservation-messageheader"]
  },
  "text" : {
    "status" : "generated",
    "div" : "<div xmlns=\"http://www.w3.org/1999/xhtml\"><p class=\"res-header-id\"><b>Generated Narrative: MessageHeader 07eb074b-be00-47e5-8bcb-484990a1a97e</b></p><a name=\"07eb074b-be00-47e5-8bcb-484990a1a97e\"> </a><a name=\"hc07eb074b-be00-47e5-8bcb-484990a1a97e\"> </a><div style=\"display: inline-block; background-color: #d9e0e7; padding: 6px; margin: 4px; border: 1px solid #8da1b4; border-radius: 5px; line-height: 60%\"><p style=\"margin-bottom: 0px\"/><p style=\"margin-bottom: 0px\">Profile: <a href=\"StructureDefinition-medcom-homecareobservation-messageheader.html\">MedComHomeCareObservationMessageHeader</a></p></div><p><b>event</b>: <a href=\"http://medcomfhir.dk/ig/terminology/2.0.2/CodeSystem-medcom-messaging-eventCodes.html#medcom-messaging-eventCodes-homecareobservation-message\">MedComMessagingEventCodes homecareobservation-message</a>: HomeCare Observation Message</p><h3>Destinations</h3><table class=\"grid\"><tr><td style=\"display: none\">-</td><td><b>Extension</b></td><td><b>Endpoint</b></td><td><b>Receiver</b></td></tr><tr><td style=\"display: none\">*</td><td/><td><a href=\"https://sor2.sum.dsdn.dk/#id=52581000016005\">https://sor2.sum.dsdn.dk/#id=52581000016005</a></td><td><a href=\"Organization-1ab9c2d9-c348-4d75-9122-60ea8a6fdcf1.html\">Organization Skødstrup Lægepraksis</a></td></tr></table><p><b>sender</b>: <a href=\"Organization-a0330c62-fe29-4719-83fa-a94959084f29.html\">Organization Pleje og Rehabilitering</a></p><h3>Sources</h3><table class=\"grid\"><tr><td style=\"display: none\">-</td><td><b>Endpoint</b></td></tr><tr><td style=\"display: none\">*</td><td><a href=\"https://sor2.sum.dsdn.dk/#id=1144561000016002\">https://sor2.sum.dsdn.dk/#id=1144561000016002</a></td></tr></table><p><b>focus</b>: <a href=\"DiagnosticReport-cfa9e95b-b5ac-4cfe-abe7-ea29e6b67919.html\">Diagnostic Report for 'HomeCareDiagnosticReport' for '-&gt;Elmer (official) (no stated gender), DoB Unknown ( urn:oid:1.2.208.176.1.2#2509479989)'</a></p><p><b>definition</b>: <a href=\"http://medcomfhir.dk/ig/messagedefinitions/1.0.1-trial-use/MessageDefinition-MedComHomeCareObservationMessageDefinitionV1.1.html\">http://medcomfhir.dk/ig/messagedefinitions/MessageDefinition/MedComHomeCareObservationMessageDefinition|1.1</a></p></div>"
  },
  "eventCoding" : {
    "system" : "http://medcomfhir.dk/ig/terminology/CodeSystem/medcom-messaging-eventCodes",
    "code" : "homecareobservation-message"
  },
  "destination" : [{
    "extension" : [{
      "url" : "http://medcomfhir.dk/ig/messaging/StructureDefinition/medcom-messaging-destinationUseExtension",
      "valueCoding" : {
        "system" : "http://medcomfhir.dk/ig/terminology/CodeSystem/medcom-messaging-destinationUse",
        "code" : "primary"
      }
    }],
    "endpoint" : "https://sor2.sum.dsdn.dk/#id=52581000016005",
    "receiver" : {
      "reference" : "Organization/1ab9c2d9-c348-4d75-9122-60ea8a6fdcf1"
    }
  }],
  "sender" : {
    "reference" : "Organization/a0330c62-fe29-4719-83fa-a94959084f29"
  },
  "source" : {
    "endpoint" : "https://sor2.sum.dsdn.dk/#id=1144561000016002"
  },
  "focus" : [{
    "reference" : "DiagnosticReport/cfa9e95b-b5ac-4cfe-abe7-ea29e6b67919"
  }],
  "definition" : "http://medcomfhir.dk/ig/messagedefinitions/MessageDefinition/MedComHomeCareObservationMessageDefinition|1.1"
}