{
  "resourceType" : "Observation",
  "id" : "f58819ff-d727-4740-a4ef-44eefc77022e",
  "meta" : {
    "profile" : ["http://medcomfhir.dk/ig/homecareobservation/StructureDefinition/medcom-homecare-observation"]
  },
  "text" : {
    "status" : "generated",
    "div" : "<div xmlns=\"http://www.w3.org/1999/xhtml\"><p class=\"res-header-id\"><b>Generated Narrative: Observation f58819ff-d727-4740-a4ef-44eefc77022e</b></p><a name=\"f58819ff-d727-4740-a4ef-44eefc77022e\"> </a><a name=\"hcf58819ff-d727-4740-a4ef-44eefc77022e\"> </a><a name=\"f58819ff-d727-4740-a4ef-44eefc77022e-da-DK\"> </a><div style=\"display: inline-block; background-color: #d9e0e7; padding: 6px; margin: 4px; border: 1px solid #8da1b4; border-radius: 5px; line-height: 60%\"><p style=\"margin-bottom: 0px\"/><p style=\"margin-bottom: 0px\">Profile: <a href=\"StructureDefinition-medcom-homecare-observation.html\">MedComHomeCareObservation</a></p></div><p><b>status</b>: Final</p><p><b>code</b>: <span title=\"Codes:{urn:oid:1.2.208.176.2.1 NPU21578}\">U—Nitrit; arb.k.(proc.) = ?</span></p><p><b>subject</b>: <a href=\"Patient-733cef33-3626-422b-955d-d506aaa65fe1.html\">Elmer (official) (no stated gender), DoB Unknown ( urn:oid:1.2.208.176.1.2#2509479989)</a></p><p><b>effective</b>: 2023-09-13 12:24:08+0200</p><p><b>value</b>: Negative</p><p><b>interpretation</b>: <span title=\"Codes:{http://medcomfhir.dk/ig/terminology/CodeSystem/medcom-core-interpretation-codes NI}\">Not Interpreted</span></p></div>"
  },
  "status" : "final",
  "code" : {
    "coding" : [{
      "system" : "urn:oid:1.2.208.176.2.1",
      "code" : "NPU21578",
      "display" : "U—Nitrit; arb.k.(proc.) = ?"
    }]
  },
  "subject" : {
    "reference" : "Patient/733cef33-3626-422b-955d-d506aaa65fe1"
  },
  "effectiveDateTime" : "2023-09-13T12:24:08+02:00",
  "valueString" : "Negative",
  "interpretation" : [{
    "coding" : [{
      "system" : "http://medcomfhir.dk/ig/terminology/CodeSystem/medcom-core-interpretation-codes",
      "code" : "NI",
      "display" : "Not Interpreted"
    }]
  }]
}