[
  {
    "id" : "medcom.fhir.dk.homecareobservation",
    "type" : "ImplementationGuide",
    "url" : "http://medcomfhir.dk/ig/homecareobservation/ImplementationGuide/medcom.fhir.dk.homecareobservation",
    "version" : "1.1.0-trial-use",
    "name" : "MedComHomeCareObservation"
  },
  {
    "id" : "medcom-homecare-observation",
    "type" : "StructureDefinition",
    "url" : "http://medcomfhir.dk/ig/homecareobservation/StructureDefinition/medcom-homecare-observation",
    "version" : "1.1.0-trial-use",
    "name" : "MedComHomeCareObservation"
  },
  {
    "id" : "medcom-homecareobservation-diagnosticreport",
    "type" : "StructureDefinition",
    "url" : "http://medcomfhir.dk/ig/homecareobservation/StructureDefinition/medcom-homecareobservation-diagnosticreport",
    "version" : "1.1.0-trial-use",
    "name" : "MedComHomeCareObservationDiagnosticReport"
  },
  {
    "id" : "medcom-homecareobservation-message",
    "type" : "StructureDefinition",
    "url" : "http://medcomfhir.dk/ig/homecareobservation/StructureDefinition/medcom-homecareobservation-message",
    "version" : "1.1.0-trial-use",
    "name" : "MedComHomeCareObservationMessage"
  },
  {
    "id" : "medcom-homecareobservation-messageheader",
    "type" : "StructureDefinition",
    "url" : "http://medcomfhir.dk/ig/homecareobservation/StructureDefinition/medcom-homecareobservation-messageheader",
    "version" : "1.1.0-trial-use",
    "name" : "MedComHomeCareObservationMessageHeader"
  }
]
