<?xml version="1.0" encoding="UTF-8"?>

<DiagnosticReport xmlns="http://hl7.org/fhir">
  <id value="6d08f000-33cc-41f3-a7c2-c086d53d31a7"/>
  <meta>
    <profile value="http://medcomfhir.dk/ig/homecareobservation/StructureDefinition/medcom-homecareobservation-diagnosticreport"/>
    <security>
      <system value="http://terminology.hl7.org/CodeSystem/v3-Confidentiality"/>
      <code value="R"/>
      <display value="Restricted"/>
    </security>
  </meta>
  <text>
    <status value="generated"/><div xmlns="http://www.w3.org/1999/xhtml"><p class="res-header-id"><b>Generated Narrative: DiagnosticReport 6d08f000-33cc-41f3-a7c2-c086d53d31a7</b></p><a name="6d08f000-33cc-41f3-a7c2-c086d53d31a7"> </a><a name="hc6d08f000-33cc-41f3-a7c2-c086d53d31a7"> </a><div style="display: inline-block; background-color: #d9e0e7; padding: 6px; margin: 4px; border: 1px solid #8da1b4; border-radius: 5px; line-height: 60%"><p style="margin-bottom: 0px"/><p style="margin-bottom: 0px">Profile: <a href="StructureDefinition-medcom-homecareobservation-diagnosticreport.html">MedComHomeCareObservationDiagnosticReport</a></p><p style="margin-bottom: 0px">Security Label: Restricted (Details: Confidentiality code R = 'Restricted')</p></div><h2><span title="Codes:{http://medcomfhir.dk/ig/terminology/CodeSystem/MedComDiagnosticReportCodes HomeCareReport}">HomeCareDiagnosticReport</span> </h2><table class="grid"><tr><td>Subject</td><td>Elmer (official) (no stated gender), DoB Unknown ( urn:oid:1.2.208.176.1.2#2509479989)</td></tr><tr><td>Reported</td><td>2023-09-12 12:24:08+0200</td></tr><tr><td>Performers</td><td> <a href="Organization-72cc3a2c-1dda-4b95-b50a-0f7ac19640f4.html">Organization Pleje og Rehabilitering</a> <a href="PractitionerRole-4b3b6f0f-a475-4b04-8a92-105e8ce6a7bf.html">PractitionerRole Sygeplejerske</a></td></tr></table><p><b>Report Details</b></p><table class="grid"><tr><td><b>Code</b></td><td><b>Value</b></td><td><b>Flags</b></td><td><b>When For</b></td></tr><tr><td><a href="Observation-4b8f899a-df12-4301-8287-9a77d46ded3d.html"><span title="Codes:{urn:oid:1.2.208.176.2.1 NPU04206}">U—Protein; arb.k.(proc.) = ?</span></a></td><td>1 +</td><td>Final, <span title="Codes:{http://medcomfhir.dk/ig/terminology/CodeSystem/medcom-core-interpretation-codes NI}">Not Interpreted</span></td><td>2023-09-13 12:24:08+0200</td></tr><tr><td><a href="Observation-f58819ff-d727-4740-a4ef-44eefc77022e.html"><span title="Codes:{urn:oid:1.2.208.176.2.1 NPU21578}">U—Nitrit; arb.k.(proc.) = ?</span></a></td><td>Negative</td><td>Final, <span title="Codes:{http://medcomfhir.dk/ig/terminology/CodeSystem/medcom-core-interpretation-codes NI}">Not Interpreted</span></td><td>2023-09-13 12:24:08+0200</td></tr><tr><td><a href="Observation-2fc2c078-825b-491d-9f8e-34926eb4f06f.html"><span title="Codes:{urn:oid:1.2.208.176.2.1 NPU03987}">U—Leukocytter; arb.k.(proc.) = ?</span></a></td><td>2 +</td><td>Final, <span title="Codes:{http://medcomfhir.dk/ig/terminology/CodeSystem/medcom-core-interpretation-codes NI}">Not Interpreted</span></td><td>2023-09-13 12:24:08+0200</td></tr></table></div>
  </text>
  <status value="final"/>
  <code>
    <coding>
      <system value="http://medcomfhir.dk/ig/terminology/CodeSystem/MedComDiagnosticReportCodes"/>
      <code value="HomeCareReport"/>
    </coding>
  </code>
  <subject>
    <reference value="Patient/733cef33-3626-422b-955d-d506aaa65fe1"/>
  </subject>
  <issued value="2023-09-12T12:24:08+02:00"/>
  <performer>
    <reference value="Organization/72cc3a2c-1dda-4b95-b50a-0f7ac19640f4"/>
  </performer>
  <performer>
    <reference value="PractitionerRole/4b3b6f0f-a475-4b04-8a92-105e8ce6a7bf"/>
  </performer>
  <result>
    <reference value="Observation/4b8f899a-df12-4301-8287-9a77d46ded3d"/>
  </result>
  <result>
    <reference value="Observation/f58819ff-d727-4740-a4ef-44eefc77022e"/>
  </result>
  <result>
    <reference value="Observation/2fc2c078-825b-491d-9f8e-34926eb4f06f"/>
  </result>
</DiagnosticReport>