<?xml version="1.0" encoding="UTF-8"?>

<Observation xmlns="http://hl7.org/fhir">
  <id value="f64a0a78-53cf-4a7f-9b89-4a2338a4935c"/>
  <meta>
    <profile value="http://medcomfhir.dk/ig/homecareobservation/StructureDefinition/medcom-homecare-observation"/>
  </meta>
  <text>
    <status value="generated"/><div xmlns="http://www.w3.org/1999/xhtml"><p class="res-header-id"><b>Generated Narrative: Observation f64a0a78-53cf-4a7f-9b89-4a2338a4935c</b></p><a name="f64a0a78-53cf-4a7f-9b89-4a2338a4935c"> </a><a name="hcf64a0a78-53cf-4a7f-9b89-4a2338a4935c"> </a><div style="display: inline-block; background-color: #d9e0e7; padding: 6px; margin: 4px; border: 1px solid #8da1b4; border-radius: 5px; line-height: 60%"><p style="margin-bottom: 0px"/><p style="margin-bottom: 0px">Profile: <a href="StructureDefinition-medcom-homecare-observation.html">MedComHomeCareObservation</a></p></div><p><b>status</b>: Final</p><p><b>code</b>: <span title="Codes:{http://medcomfhir.dk/ig/terminology/CodeSystem/medcom-observation-codes MCS88125}">Pt—Tidlig Opsporing af Begyndende Sygdom (TOBS) score; antal (værdi 0-15) = ?</span></p><p><b>subject</b>: <a href="Patient-bbcd4817-1c4b-4089-a712-346f65ec16f9.html">Elmer (official) (no stated gender), DoB Unknown ( urn:oid:1.2.208.176.1.2#2509479989)</a></p><p><b>effective</b>: 2023-09-13 09:24:13+0200</p><p><b>value</b>: 3 1<span style="background: LightGoldenRodYellow"> (Details: UCUM  code1 = '1')</span></p><p><b>interpretation</b>: <span title="Codes:{http://medcomfhir.dk/ig/terminology/CodeSystem/medcom-core-interpretation-codes NI}">Not Interpreted</span></p></div>
  </text>
  <status value="final"/>
  <code>
    <coding>
      <system value="http://medcomfhir.dk/ig/terminology/CodeSystem/medcom-observation-codes"/>
      <code value="MCS88125"/>
    </coding>
  </code>
  <subject>
    <reference value="Patient/bbcd4817-1c4b-4089-a712-346f65ec16f9"/>
  </subject>
  <effectiveDateTime value="2023-09-13T09:24:13+02:00"/>
  <valueQuantity>
    <value value="3"/>
    <system value="http://unitsofmeasure.org"/>
    <code value="1"/>
  </valueQuantity>
  <interpretation>
    <coding>
      <system value="http://medcomfhir.dk/ig/terminology/CodeSystem/medcom-core-interpretation-codes"/>
      <code value="NI"/>
      <display value="Not Interpreted"/>
    </coding>
  </interpretation>
</Observation>