{
  "resourceType" : "Observation",
  "id" : "470d39e4-d3f9-4301-82eb-b957ba33475e",
  "meta" : {
    "profile" : ["http://medcomfhir.dk/ig/homecareobservation/StructureDefinition/medcom-homecare-observation"]
  },
  "text" : {
    "status" : "generated",
    "div" : "<div xmlns=\"http://www.w3.org/1999/xhtml\"><p class=\"res-header-id\"><b>Generated Narrative: Observation 470d39e4-d3f9-4301-82eb-b957ba33475e</b></p><a name=\"470d39e4-d3f9-4301-82eb-b957ba33475e\"> </a><a name=\"hc470d39e4-d3f9-4301-82eb-b957ba33475e\"> </a><a name=\"470d39e4-d3f9-4301-82eb-b957ba33475e-da-DK\"> </a><div style=\"display: inline-block; background-color: #d9e0e7; padding: 6px; margin: 4px; border: 1px solid #8da1b4; border-radius: 5px; line-height: 60%\"><p style=\"margin-bottom: 0px\"/><p style=\"margin-bottom: 0px\">Profile: <a href=\"StructureDefinition-medcom-homecare-observation.html\">MedComHomeCareObservation</a></p></div><p><b>status</b>: Final</p><p><b>code</b>: <span title=\"Codes:{urn:oid:1.2.208.176.2.1 NPU01685}\">P—Koagulation, vævsfaktor-induceret; rel.tid(aktuel/norm; INR; IRP 67/40; proc.) = ?</span></p><p><b>subject</b>: <a href=\"Patient-733cef33-3626-422b-955d-d506aaa65fe1.html\">Elmer (official) (no stated gender), DoB Unknown ( urn:oid:1.2.208.176.1.2#2509479989)</a></p><p><b>effective</b>: 2023-09-12 10:42:08+0200</p><p><b>value</b>: 0.9 1<span style=\"background: LightGoldenRodYellow\"> (Details: UCUM  code1 = '1')</span></p><p><b>interpretation</b>: <span title=\"Codes:{http://medcomfhir.dk/ig/terminology/CodeSystem/medcom-core-interpretation-codes NI}\">Not Interpreted</span></p></div>"
  },
  "status" : "final",
  "code" : {
    "coding" : [{
      "system" : "urn:oid:1.2.208.176.2.1",
      "code" : "NPU01685",
      "display" : "P—Koagulation, vævsfaktor-induceret; rel.tid(aktuel/norm; INR; IRP 67/40; proc.) = ?"
    }]
  },
  "subject" : {
    "reference" : "Patient/733cef33-3626-422b-955d-d506aaa65fe1"
  },
  "effectiveDateTime" : "2023-09-12T10:42:08+02:00",
  "valueQuantity" : {
    "value" : 0.9,
    "system" : "http://unitsofmeasure.org",
    "code" : "1"
  },
  "interpretation" : [{
    "coding" : [{
      "system" : "http://medcomfhir.dk/ig/terminology/CodeSystem/medcom-core-interpretation-codes",
      "code" : "NI",
      "display" : "Not Interpreted"
    }]
  }]
}