{
  "resourceType" : "Organization",
  "id" : "72cc3a2c-1dda-4b95-b50a-0f7ac19640f4",
  "meta" : {
    "profile" : ["http://medcomfhir.dk/ig/messaging/StructureDefinition/medcom-producer-organization"]
  },
  "text" : {
    "status" : "generated",
    "div" : "<div xmlns=\"http://www.w3.org/1999/xhtml\"><p><b>Generated Narrative: Organization</b><a name=\"72cc3a2c-1dda-4b95-b50a-0f7ac19640f4\"> </a></p><div style=\"display: inline-block; background-color: #d9e0e7; padding: 6px; margin: 4px; border: 1px solid #8da1b4; border-radius: 5px; line-height: 60%\"><p style=\"margin-bottom: 0px\">Resource Organization &quot;72cc3a2c-1dda-4b95-b50a-0f7ac19640f4&quot; </p><p style=\"margin-bottom: 0px\">Profile: <a href=\"http://medcomfhir.dk/ig/messaging/2.1.0/StructureDefinition-medcom-producer-organization.html\">MedComCoreProducerOrganization</a></p></div><p><b>identifier</b>: id:\u00a05790000123117, id:\u00a01144561000016002, id:\u00a0KAF</p><p><b>name</b>: Pleje og Rehabilitering</p></div>"
  },
  "identifier" : [{
    "system" : "https://www.gs1.org/gln",
    "value" : "5790000123117"
  },
  {
    "system" : "urn:oid:1.2.208.176.1.1",
    "value" : "1144561000016002"
  },
  {
    "system" : "http://medcomfhir.dk/ig/terminology/CodeSystem/MedComProducentID",
    "value" : "KAF"
  }],
  "name" : "Pleje og Rehabilitering"
}