<?xml version="1.0" encoding="UTF-8"?>

<Organization xmlns="http://hl7.org/fhir">
  <id value="1ab9c2d9-c348-4d75-9122-60ea8a6fdcf1"/>
  <meta>
    <profile value="http://medcomfhir.dk/ig/messaging/StructureDefinition/medcom-requesterorganization"/>
  </meta>
  <text>
    <status value="generated"/><div xmlns="http://www.w3.org/1999/xhtml"><p class="res-header-id"><b>Generated Narrative: Organization 1ab9c2d9-c348-4d75-9122-60ea8a6fdcf1</b></p><a name="1ab9c2d9-c348-4d75-9122-60ea8a6fdcf1"> </a><a name="hc1ab9c2d9-c348-4d75-9122-60ea8a6fdcf1"> </a><div style="display: inline-block; background-color: #d9e0e7; padding: 6px; margin: 4px; border: 1px solid #8da1b4; border-radius: 5px; line-height: 60%"><p style="margin-bottom: 0px"/><p style="margin-bottom: 0px">Profile: <a href="http://medcomfhir.dk/ig/messaging/3.0.0/StructureDefinition-medcom-requesterorganization.html">MedComMessagingRequesterOrganization</a></p></div><p><b>identifier</b>: <code>https://www.gs1.org/gln</code>/5790000127092, <code>urn:oid:1.2.208.176.1.1</code>/52581000016005, <code>urn:oid:1.2.208.176.1.4</code>/061654</p><p><b>name</b>: Skødstrup Lægepraksis</p><h3>Contacts</h3><table class="grid"><tr><td style="display: none">-</td><td><b>Name</b></td></tr><tr><td style="display: none">*</td><td>O.K.M. </td></tr></table></div>
  </text>
  <identifier>
    <system value="https://www.gs1.org/gln"/>
    <value value="5790000127092"/>
  </identifier>
  <identifier>
    <system value="urn:oid:1.2.208.176.1.1"/>
    <value value="52581000016005"/>
  </identifier>
  <identifier>
    <system value="urn:oid:1.2.208.176.1.4"/>
    <value value="061654"/>
  </identifier>
  <name value="Skødstrup Lægepraksis"/>
  <contact>
    <name>
      <given value="O.K.M."/>
    </name>
  </contact>
</Organization>