{
  "resourceType" : "Organization",
  "id" : "ef5cb9a6-835f-4d18-a34e-179c578b9a2a",
  "meta" : {
    "profile" : ["http://medcomfhir.dk/ig/messaging/StructureDefinition/medcom-producer-organization"]
  },
  "text" : {
    "status" : "generated",
    "div" : "<div xmlns=\"http://www.w3.org/1999/xhtml\"><p class=\"res-header-id\"><b>Generated Narrative: Organization ef5cb9a6-835f-4d18-a34e-179c578b9a2a</b></p><a name=\"ef5cb9a6-835f-4d18-a34e-179c578b9a2a\"> </a><a name=\"hcef5cb9a6-835f-4d18-a34e-179c578b9a2a\"> </a><div style=\"display: inline-block; background-color: #d9e0e7; padding: 6px; margin: 4px; border: 1px solid #8da1b4; border-radius: 5px; line-height: 60%\"><p style=\"margin-bottom: 0px\"/><p style=\"margin-bottom: 0px\">Profile: <a href=\"http://medcomfhir.dk/ig/messaging/3.0.0/StructureDefinition-medcom-producer-organization.html\">MedComCoreProducerOrganization</a></p></div><p><b>identifier</b>: <code>https://www.gs1.org/gln</code>/5790000123117, <code>urn:oid:1.2.208.176.1.1</code>/1144561000016002, <code>http://medcomfhir.dk/ig/terminology/CodeSystem/MedComProducentID</code>/KAF</p><p><b>name</b>: Pleje og Rehabilitering</p></div>"
  },
  "identifier" : [{
    "system" : "https://www.gs1.org/gln",
    "value" : "5790000123117"
  },
  {
    "system" : "urn:oid:1.2.208.176.1.1",
    "value" : "1144561000016002"
  },
  {
    "system" : "http://medcomfhir.dk/ig/terminology/CodeSystem/MedComProducentID",
    "value" : "KAF"
  }],
  "name" : "Pleje og Rehabilitering"
}