{
  "resourceType" : "Organization",
  "id" : "d1c1fa90-2c7e-4dd7-b2e8-e40281635a98",
  "meta" : {
    "profile" : ["http://medcomfhir.dk/ig/messaging/StructureDefinition/medcom-requesterorganization"]
  },
  "text" : {
    "status" : "generated",
    "div" : "<div xmlns=\"http://www.w3.org/1999/xhtml\"><p class=\"res-header-id\"><b>Generated Narrative: Organization d1c1fa90-2c7e-4dd7-b2e8-e40281635a98</b></p><a name=\"d1c1fa90-2c7e-4dd7-b2e8-e40281635a98\"> </a><a name=\"hcd1c1fa90-2c7e-4dd7-b2e8-e40281635a98\"> </a><a name=\"d1c1fa90-2c7e-4dd7-b2e8-e40281635a98-da-DK\"> </a><div style=\"display: inline-block; background-color: #d9e0e7; padding: 6px; margin: 4px; border: 1px solid #8da1b4; border-radius: 5px; line-height: 60%\"><p style=\"margin-bottom: 0px\"/><p style=\"margin-bottom: 0px\">Profile: <a href=\"http://medcomfhir.dk/ig/messaging/3.0.0/StructureDefinition-medcom-requesterorganization.html\">MedComMessagingRequesterOrganization</a></p></div><p><b>identifier</b>: <code>https://www.gs1.org/gln</code>/5790000127092, <code>urn:oid:1.2.208.176.1.1</code>/52581000016005, <code>urn:oid:1.2.208.176.1.4</code>/061654</p><p><b>name</b>: Skødstrup Lægepraksis</p><h3>Contacts</h3><table class=\"grid\"><tr><td style=\"display: none\">-</td><td><b>Name</b></td></tr><tr><td style=\"display: none\">*</td><td>OKM </td></tr></table></div>"
  },
  "identifier" : [{
    "system" : "https://www.gs1.org/gln",
    "value" : "5790000127092"
  },
  {
    "system" : "urn:oid:1.2.208.176.1.1",
    "value" : "52581000016005"
  },
  {
    "system" : "urn:oid:1.2.208.176.1.4",
    "value" : "061654"
  }],
  "name" : "Skødstrup Lægepraksis",
  "contact" : [{
    "name" : {
      "given" : ["OKM"]
    }
  }]
}