<?xml version="1.0" encoding="UTF-8"?>

<Provenance xmlns="http://hl7.org/fhir">
  <id value="4c284936-5454-4116-95fc-3c8eeeed2400"/>
  <meta>
    <profile value="http://medcomfhir.dk/ig/messaging/StructureDefinition/medcom-messaging-provenance"/>
  </meta>
  <text>
    <status value="generated"/><div xmlns="http://www.w3.org/1999/xhtml"><p class="res-header-id"><b>Generated Narrative: Provenance 4c284936-5454-4116-95fc-3c8eeeed2400</b></p><a name="4c284936-5454-4116-95fc-3c8eeeed2400"> </a><a name="hc4c284936-5454-4116-95fc-3c8eeeed2400"> </a><div style="display: inline-block; background-color: #d9e0e7; padding: 6px; margin: 4px; border: 1px solid #8da1b4; border-radius: 5px; line-height: 60%"><p style="margin-bottom: 0px"/><p style="margin-bottom: 0px">Profile: <a href="http://medcomfhir.dk/ig/messaging/3.0.0/StructureDefinition-medcom-messaging-provenance.html">MedComMessagingProvenance</a></p></div><p>Provenance for <a href="MessageHeader-8dbf63f4-b784-4d40-8802-c1bdb1ecfa63.html">MessageHeader: event[x] = HomeCare Observation Message (MedComMessagingEventCodes#homecareobservation-message); definition = http://medcomfhir.dk/ig/messagedefinitions/MessageDefinition/MedComHomeCareObservationMessageDefinition|1.1</a></p><p>Summary</p><table class="grid"><tr><td>Occurrence</td><td>2023-09-13 12:24:00+0200</td></tr><tr><td>Recorded</td><td>2023-09-13 12:24:00+0200</td></tr><tr><td>Activity</td><td><span title="Codes:{http://medcomfhir.dk/ig/terminology/CodeSystem/medcom-messaging-activityCodes new-message}">A new message has been sent</span></td></tr></table><p><b>Agents</b></p><table class="grid"><tr><td><b>who</b></td></tr><tr><td><a href="Organization-ef5cb9a6-835f-4d18-a34e-179c578b9a2a.html">Organization Pleje og Rehabilitering</a></td></tr></table></div>
  </text>
  <target>
    <reference value="MessageHeader/8dbf63f4-b784-4d40-8802-c1bdb1ecfa63"/>
  </target>
  <occurredDateTime value="2023-09-13T12:24:00+02:00"/>
  <recorded value="2023-09-13T12:24:00+02:00"/>
  <activity>
    <coding>
      <system value="http://medcomfhir.dk/ig/terminology/CodeSystem/medcom-messaging-activityCodes"/>
      <code value="new-message"/>
    </coding>
  </activity>
  <agent>
    <who>
      <reference value="Organization/ef5cb9a6-835f-4d18-a34e-179c578b9a2a"/>
    </who>
  </agent>
</Provenance>