<?xml version="1.0" encoding="UTF-8"?>

<Provenance xmlns="http://hl7.org/fhir">
  <id value="8ce47645-4d69-4fa6-a51d-c2bb49d87efb"/>
  <meta>
    <profile value="http://medcomfhir.dk/ig/messaging/StructureDefinition/medcom-messaging-provenance"/>
  </meta>
  <text>
    <status value="generated"/><div xmlns="http://www.w3.org/1999/xhtml"><p class="res-header-id"><b>Generated Narrative: Provenance 8ce47645-4d69-4fa6-a51d-c2bb49d87efb</b></p><a name="8ce47645-4d69-4fa6-a51d-c2bb49d87efb"> </a><a name="hc8ce47645-4d69-4fa6-a51d-c2bb49d87efb"> </a><a name="8ce47645-4d69-4fa6-a51d-c2bb49d87efb-da-DK"> </a><div style="display: inline-block; background-color: #d9e0e7; padding: 6px; margin: 4px; border: 1px solid #8da1b4; border-radius: 5px; line-height: 60%"><p style="margin-bottom: 0px"/><p style="margin-bottom: 0px">Profile: <a href="http://medcomfhir.dk/ig/messaging/3.0.0/StructureDefinition-medcom-messaging-provenance.html">MedComMessagingProvenance</a></p></div><p>Provenance for <a href="MessageHeader-07eb074b-be00-47e5-8bcb-484990a1a97e.html">MessageHeader: event[x] = HomeCare Observation Message (MedComMessagingEventCodes#homecareobservation-message); definition = http://medcomfhir.dk/ig/messagedefinitions/MessageDefinition/MedComHomeCareObservationMessageDefinition1.1</a></p><p>Summary</p><table class="grid"><tr><td>Occurrence</td><td>2023-09-12 12:30:00+0200</td></tr><tr><td>Recorded</td><td>2023-09-12 12:30:00+0200</td></tr><tr><td>Activity</td><td><span title="Codes:{http://medcomfhir.dk/ig/terminology/CodeSystem/medcom-messaging-activityCodes modified-message}">A message has been modified</span></td></tr></table><p><b>Agents</b></p><table class="grid"><tr><td><b>who</b></td></tr><tr><td><a href="Organization-a0330c62-fe29-4719-83fa-a94959084f29.html">Organization Pleje og Rehabilitering</a></td></tr></table></div>
  </text>
  <target>
    <reference value="MessageHeader/07eb074b-be00-47e5-8bcb-484990a1a97e"/>
  </target>
  <occurredDateTime value="2023-09-12T12:30:00+02:00"/>
  <recorded value="2023-09-12T12:30:00+02:00"/>
  <activity>
    <coding>
      <system value="http://medcomfhir.dk/ig/terminology/CodeSystem/medcom-messaging-activityCodes"/>
      <code value="modified-message"/>
    </coding>
  </activity>
  <agent>
    <who>
      <reference value="Organization/a0330c62-fe29-4719-83fa-a94959084f29"/>
    </who>
  </agent>
  <entity>
    <role value="revision"/>
    <what>
      <reference value="MessageHeader/489de4f2-0d8d-4de2-a7ce-ccb93568799f"/>
    </what>
  </entity>
</Provenance>