{
  "resourceType" : "Provenance",
  "id" : "008e1c02-605d-458e-8cb8-3eeb16a69aac",
  "meta" : {
    "profile" : ["http://medcomfhir.dk/ig/messaging/StructureDefinition/medcom-messaging-provenance"]
  },
  "text" : {
    "status" : "generated",
    "div" : "<div xmlns=\"http://www.w3.org/1999/xhtml\"><p><b>Generated Narrative: Provenance</b><a name=\"008e1c02-605d-458e-8cb8-3eeb16a69aac\"> </a></p><div style=\"display: inline-block; background-color: #d9e0e7; padding: 6px; margin: 4px; border: 1px solid #8da1b4; border-radius: 5px; line-height: 60%\"><p style=\"margin-bottom: 0px\">Resource Provenance &quot;008e1c02-605d-458e-8cb8-3eeb16a69aac&quot; </p><p style=\"margin-bottom: 0px\">Profile: <a href=\"http://medcomfhir.dk/ig/messaging/2.1.0/StructureDefinition-medcom-messaging-provenance.html\">MedComMessagingProvenance</a></p></div><p><b>target</b>: <a href=\"MessageHeader-489de4f2-0d8d-4de2-a7ce-ccb93568799f.html\">MessageHeader/489de4f2-0d8d-4de2-a7ce-ccb93568799f</a></p><p><b>occurred</b>: 2023-09-13 12:24:00+0200</p><p><b>recorded</b>: 13. sep. 2023 12.24.00</p><p><b>activity</b>: A new message has been sent <span style=\"background: LightGoldenRodYellow; margin: 4px; border: 1px solid khaki\"> (<a href=\"http://medcomfhir.dk/ig/terminology/1.5.0/CodeSystem-medcom-messaging-activityCodes.html\">MedComMessagingActivityCodes</a>#new-message)</span></p><h3>Agents</h3><table class=\"grid\"><tr><td style=\"display: none\">-</td><td><b>Who</b></td></tr><tr><td style=\"display: none\">*</td><td><a href=\"Organization-a0330c62-fe29-4719-83fa-a94959084f29.html\">Organization/a0330c62-fe29-4719-83fa-a94959084f29</a> &quot;Pleje og Rehabilitering&quot;</td></tr></table></div>"
  },
  "target" : [{
    "reference" : "MessageHeader/489de4f2-0d8d-4de2-a7ce-ccb93568799f"
  }],
  "occurredDateTime" : "2023-09-13T12:24:00+02:00",
  "recorded" : "2023-09-13T12:24:00+02:00",
  "activity" : {
    "coding" : [{
      "system" : "http://medcomfhir.dk/ig/terminology/CodeSystem/medcom-messaging-activityCodes",
      "code" : "new-message"
    }]
  },
  "agent" : [{
    "who" : {
      "reference" : "Organization/a0330c62-fe29-4719-83fa-a94959084f29"
    }
  }]
}