URL,Version,Status,OIDs,Name,Title,Descriptino,Uses,Used,Sources
http://medcomfhir.dk/ig/terminology/ValueSet/MedComDiagnosticReportCodesValueset,1.8.2,active,,MedComDiagnosticReportCodesValueset,MedComDiagnosticReportCodesValueset,"ValueSet with codes that represents the name of the diagnostic report.","StructureDefinition/medcom-core-diagnosticreport","medcom.fhir.dk.terminology"
http://medcomfhir.dk/ig/terminology/ValueSet/medcom-core-PractitionerRoles,2.0.0,active,,MedComCorePractitionerRoles,MedComCorePractitionerRoles,"ValueSet containing codes for practionerroles (Danish: Stillingsbetegnelser) from MedCom.","StructureDefinition/medcom-core-practitionerrole","THO (V3),medcom.fhir.dk.terminology"
http://medcomfhir.dk/ig/terminology/ValueSet/medcom-core-encounter-class,2.0.0,active,,MedComCoreEncounterClass,MedComCoreEncounterClassCodes,"ValueSet containing classification codes for MedComCoreEncounter.","StructureDefinition/medcom-core-encounter","THO (V3),medcom.fhir.dk.terminology"
http://medcomfhir.dk/ig/terminology/ValueSet/medcom-core-observation-status,1.8.2,active,,MedComCoreObservationStatus,MedComCoreObservationStatus,"ValueSet containing status codes for MedCom Core Observation","StructureDefinition/medcom-core-observation","hl7.fhir.r4.core"
http://medcomfhir.dk/ig/terminology/ValueSet/medcom-corediagnosticreport-status,1.8.1,active,,MedComCoreDiagnosticReportStatus,MedComCoreDiagnosticReportStatus,"ValueSet containing status codes for MedCom DiagnosticReport","StructureDefinition/medcom-core-diagnosticreport","hl7.fhir.r4.core"
