{
  "resourceType" : "TestScript",
  "id" : "acknowledgement-receive-fatal-error-duplicate",
  "meta" : {
    "profile" : ["http://touchstone.aegis.net/touchstone/fhir/testing/StructureDefinition/testscript"]
  },
  "text" : {
    "status" : "generated",
    "div" : "<div xmlns=\"http://www.w3.org/1999/xhtml\"><p><b>Generated Narrative: TestScript</b><a name=\"acknowledgement-receive-fatal-error-duplicate\"> </a></p><div style=\"display: inline-block; background-color: #d9e0e7; padding: 6px; margin: 4px; border: 1px solid #8da1b4; border-radius: 5px; line-height: 60%\"><p style=\"margin-bottom: 0px\">Resource TestScript &quot;acknowledgement-receive-fatal-error-duplicate&quot; </p><p style=\"margin-bottom: 0px\">Profile: <a href=\"file://D:\\GitHub\\Touchstone\\testing-ig\\output/StructureDefinition-testscript.html\">AEGIS Touchstone Testing TestScript Profile</a></p></div><p><b>url</b>: <code>http://medcomfhir.dk/ig/acknowledgementtestscript/acknowledgement-receive-fatal-error-duplicate</code></p><p><b>version</b>: 2.0.0</p><p><b>name</b>: AcknowledgementTestScript</p><p><b>title</b>: Receive duplicate acknowledgement - Fatal Error</p><p><b>status</b>: active</p><p><b>date</b>: 2023-05-25</p><p><b>publisher</b>: MedCom</p><p><b>contact</b>: MedCom: <a href=\"mailto:mailto:fhir@medcom.dk\">mailto:fhir@medcom.dk</a></p><p><b>description</b>: Receive duplicate acknowledgement - Fatal Error</p><p><b>copyright</b>: MedCom 2023</p><h3>Origins</h3><table class=\"grid\"><tr><td>-</td><td><b>Index</b></td><td><b>Profile</b></td></tr><tr><td>*</td><td>1</td><td>FHIR Client (Details: http://terminology.hl7.org/CodeSystem/testscript-profile-origin-types code FHIR-Client = 'FHIR Client', stated as 'null')</td></tr></table><h3>Destinations</h3><table class=\"grid\"><tr><td>-</td><td><b>Index</b></td><td><b>Profile</b></td></tr><tr><td>*</td><td>1</td><td>FHIR Server (Details: http://terminology.hl7.org/CodeSystem/testscript-profile-destination-types code FHIR-Server = 'FHIR Server', stated as 'null')</td></tr></table><blockquote><p><b>fixture</b></p><blockquote><p><b>id</b></p>create-fatal-error-01</blockquote><p><b>autocreate</b>: false</p><p><b>autodelete</b>: false</p><p><b>resource</b>: <a href=\"/FHIRSandbox/MedCom/Acknowledgement/draft/Receive/Fixtures/Acknowledgement-fixture-fatal-error.xml\">/FHIRSandbox/MedCom/Acknowledgement/draft/Receive/Fixtures/Acknowledgement-fixture-fatal-error.xml</a></p></blockquote><blockquote><p><b>fixture</b></p><blockquote><p><b>id</b></p>create-fatal-error2-02</blockquote><p><b>autocreate</b>: false</p><p><b>autodelete</b>: false</p><p><b>resource</b>: <a href=\"/FHIRSandbox/MedCom/Acknowledgement/draft/Receive/Fixtures/Acknowledgement-fixture-fatal-error.xml\">/FHIRSandbox/MedCom/Acknowledgement/draft/Receive/Fixtures/Acknowledgement-fixture-fatal-error.xml</a></p></blockquote><blockquote><p><b>variable</b></p><p><b>name</b>: destinationUri-fatal-error</p><p><b>expression</b>: Bundle.entry.resource.ofType(MessageHeader).destination.endpoint</p><p><b>sourceId</b>: create-fatal-error-01</p></blockquote><blockquote><p><b>variable</b></p><p><b>name</b>: bundleid-fatal-error-01</p><p><b>expression</b>: Bundle.id</p><p><b>sourceId</b>: create-fatal-error-01</p></blockquote><blockquote><p><b>variable</b></p><p><b>name</b>: messageHeaderid-fatal-error</p><p><b>expression</b>: Bundle.entry[0].fullUrl</p><p><b>sourceId</b>: create-fatal-error-01</p></blockquote><blockquote><p><b>variable</b></p><p><b>name</b>: destinationUri-fatal-error2</p><p><b>expression</b>: Bundle.entry.resource.ofType(MessageHeader).destination.endpoint</p><p><b>sourceId</b>: create-fatal-error2-02</p></blockquote><blockquote><p><b>variable</b></p><p><b>name</b>: bundleid-fatal-error2-02</p><p><b>expression</b>: Bundle.id</p><p><b>sourceId</b>: create-fatal-error2-02</p></blockquote><blockquote><p><b>variable</b></p><p><b>name</b>: messageHeaderid-fatal-error2</p><p><b>expression</b>: Bundle.entry[0].fullUrl</p><p><b>sourceId</b>: create-fatal-error2-02</p></blockquote><blockquote><p><b>setup</b></p><blockquote><p><b>action</b></p><h3>Operations</h3><table class=\"grid\"><tr><td>-</td><td><b>Type</b></td><td><b>Resource</b></td><td><b>Description</b></td><td><b>Accept</b></td><td><b>EncodeRequestUrl</b></td><td><b>Params</b></td></tr><tr><td>*</td><td>Delete (Details: http://terminology.hl7.org/CodeSystem/testscript-operation-codes code delete = 'Delete', stated as 'null')</td><td>Bundle</td><td>System-generated search and delete operations from conditional delete on Bundle MessageHeader.destination.endpoint</td><td>xml</td><td>true</td><td>?message.destination-uri=${destinationUri-fatal-error}</td></tr></table></blockquote><blockquote><p><b>action</b></p><h3>Operations</h3><table class=\"grid\"><tr><td>-</td><td><b>Type</b></td><td><b>Resource</b></td><td><b>Description</b></td><td><b>Accept</b></td><td><b>ContentType</b></td><td><b>EncodeRequestUrl</b></td><td><b>SourceId</b></td></tr><tr><td>*</td><td>Create (Details: http://terminology.hl7.org/CodeSystem/testscript-operation-codes code create = 'Create', stated as 'null')</td><td>Bundle</td><td>Create the Bundle resource in XML format on the destination server.</td><td>xml</td><td>xml</td><td>true</td><td>create-fatal-error-01</td></tr></table></blockquote><blockquote><p><b>action</b></p><h3>Operations</h3><table class=\"grid\"><tr><td>-</td><td><b>Type</b></td><td><b>Resource</b></td><td><b>Description</b></td><td><b>Accept</b></td><td><b>ContentType</b></td><td><b>EncodeRequestUrl</b></td><td><b>Params</b></td><td><b>SourceId</b></td></tr><tr><td>*</td><td>Create using Update (Details: http://terminology.hl7.org/CodeSystem/testscript-operation-codes code updateCreate = 'Create using Update', stated as 'null')</td><td>Bundle</td><td>Update the Bundle.id in XML format on the destination server, so it corresponds to $bundleid-fatal-error-01.</td><td>xml</td><td>xml</td><td>true</td><td>/${bundleid-fatal-error-01}</td><td>create-fatal-error-01</td></tr></table></blockquote><blockquote><p><b>action</b></p><h3>Asserts</h3><table class=\"grid\"><tr><td>-</td><td><b>Description</b></td><td><b>Direction</b></td><td><b>Operator</b></td><td><b>ResponseCode</b></td><td><b>WarningOnly</b></td></tr><tr><td>*</td><td>Confirm that the returned HTTP status is okay or created.</td><td>response</td><td>in</td><td>200,201</td><td>false</td></tr></table></blockquote><blockquote><p><b>action</b></p><h3>Operations</h3><table class=\"grid\"><tr><td>-</td><td><b>Type</b></td><td><b>Resource</b></td><td><b>Description</b></td><td><b>Accept</b></td><td><b>ContentType</b></td><td><b>EncodeRequestUrl</b></td><td><b>SourceId</b></td></tr><tr><td>*</td><td>Create (Details: http://terminology.hl7.org/CodeSystem/testscript-operation-codes code create = 'Create', stated as 'null')</td><td>Bundle</td><td>Create the Bundle resource in XML format on the destination server.</td><td>xml</td><td>xml</td><td>true</td><td>create-fatal-error2-02</td></tr></table></blockquote><blockquote><p><b>action</b></p><h3>Operations</h3><table class=\"grid\"><tr><td>-</td><td><b>Type</b></td><td><b>Resource</b></td><td><b>Description</b></td><td><b>Accept</b></td><td><b>ContentType</b></td><td><b>EncodeRequestUrl</b></td><td><b>Params</b></td><td><b>SourceId</b></td></tr><tr><td>*</td><td>Create using Update (Details: http://terminology.hl7.org/CodeSystem/testscript-operation-codes code updateCreate = 'Create using Update', stated as 'null')</td><td>Bundle</td><td>Update the Bundle.id in XML format on the destination server, so it corresponds to $bundleid-fatal-error2-02.</td><td>xml</td><td>xml</td><td>true</td><td>/${bundleid-fatal-error2-02}</td><td>create-fatal-error2-02</td></tr></table></blockquote><blockquote><p><b>action</b></p><h3>Asserts</h3><table class=\"grid\"><tr><td>-</td><td><b>Description</b></td><td><b>Direction</b></td><td><b>Operator</b></td><td><b>ResponseCode</b></td><td><b>WarningOnly</b></td></tr><tr><td>*</td><td>Confirm that the returned HTTP status is okay or created.</td><td>response</td><td>in</td><td>200,201</td><td>false</td></tr></table></blockquote></blockquote><blockquote><p><b>test</b></p><blockquote><p><b>id</b></p>message-read-fatal-error-01</blockquote><p><b>name</b>: Get a fatal-error message 01</p><p><b>description</b>: GET a message. The expected response is a 200(OK) with a payload of the message resource in XML format.</p><blockquote><p><b>action</b></p><h3>Operations</h3><table class=\"grid\"><tr><td>-</td><td><b>Type</b></td><td><b>Resource</b></td><td><b>Description</b></td><td><b>Accept</b></td><td><b>Destination</b></td><td><b>EncodeRequestUrl</b></td><td><b>Origin</b></td><td><b>Params</b></td></tr><tr><td>*</td><td>Read (Details: http://terminology.hl7.org/CodeSystem/testscript-operation-codes code read = 'Read', stated as 'null')</td><td>Bundle</td><td>Receive message</td><td>xml</td><td>1</td><td>true</td><td>1</td><td>/${bundleid-fatal-error-01}</td></tr></table></blockquote><blockquote><p><b>action</b></p><h3>Asserts</h3><table class=\"grid\"><tr><td>-</td><td><b>Description</b></td><td><b>Direction</b></td><td><b>Operator</b></td><td><b>ResponseCode</b></td><td><b>WarningOnly</b></td></tr><tr><td>*</td><td>Confirm that the returned HTTP status is okay or created.</td><td>response</td><td>in</td><td>200,201</td><td>false</td></tr></table></blockquote></blockquote><blockquote><p><b>test</b></p><blockquote><p><b>id</b></p>message-read-fatal-error2-02</blockquote><p><b>name</b>: Get a fatal-error2 message 02</p><p><b>description</b>: GET a message. The expected response is a 200(OK) with a payload of the message resource in XML format.</p><blockquote><p><b>action</b></p><h3>Operations</h3><table class=\"grid\"><tr><td>-</td><td><b>Type</b></td><td><b>Resource</b></td><td><b>Description</b></td><td><b>Accept</b></td><td><b>Destination</b></td><td><b>EncodeRequestUrl</b></td><td><b>Origin</b></td><td><b>Params</b></td></tr><tr><td>*</td><td>Read (Details: http://terminology.hl7.org/CodeSystem/testscript-operation-codes code read = 'Read', stated as 'null')</td><td>Bundle</td><td>Receive message</td><td>xml</td><td>1</td><td>true</td><td>1</td><td>/${bundleid-fatal-error2-02}</td></tr></table></blockquote><blockquote><p><b>action</b></p><h3>Asserts</h3><table class=\"grid\"><tr><td>-</td><td><b>Description</b></td><td><b>Direction</b></td><td><b>Operator</b></td><td><b>ResponseCode</b></td><td><b>WarningOnly</b></td></tr><tr><td>*</td><td>Confirm that the returned HTTP status is okay or created.</td><td>response</td><td>in</td><td>200,201</td><td>false</td></tr></table></blockquote></blockquote></div>"
  },
  "url" : "http://medcomfhir.dk/ig/acknowledgementtestscript/acknowledgement-receive-fatal-error-duplicate",
  "version" : "2.0.0",
  "name" : "AcknowledgementTestScript",
  "title" : "Receive duplicate acknowledgement - Fatal Error",
  "status" : "active",
  "date" : "2023-05-25",
  "publisher" : "MedCom",
  "contact" : [{
    "name" : "MedCom",
    "telecom" : [{
      "system" : "email",
      "value" : "mailto:fhir@medcom.dk"
    }]
  }],
  "description" : "Receive duplicate acknowledgement - Fatal Error",
  "copyright" : "MedCom 2023",
  "origin" : [{
    "index" : 1,
    "profile" : {
      "system" : "http://terminology.hl7.org/CodeSystem/testscript-profile-origin-types",
      "code" : "FHIR-Client"
    }
  }],
  "destination" : [{
    "index" : 1,
    "profile" : {
      "system" : "http://terminology.hl7.org/CodeSystem/testscript-profile-destination-types",
      "code" : "FHIR-Server"
    }
  }],
  "fixture" : [{
    "id" : "create-fatal-error-01",
    "autocreate" : false,
    "autodelete" : false,
    "resource" : {
      "reference" : "/FHIRSandbox/MedCom/Acknowledgement/draft/Receive/Fixtures/Acknowledgement-fixture-fatal-error.xml"
    }
  },
  {
    "id" : "create-fatal-error2-02",
    "autocreate" : false,
    "autodelete" : false,
    "resource" : {
      "reference" : "/FHIRSandbox/MedCom/Acknowledgement/draft/Receive/Fixtures/Acknowledgement-fixture-fatal-error.xml"
    }
  }],
  "variable" : [{
    "name" : "destinationUri-fatal-error",
    "expression" : "Bundle.entry.resource.ofType(MessageHeader).destination.endpoint",
    "sourceId" : "create-fatal-error-01"
  },
  {
    "name" : "bundleid-fatal-error-01",
    "expression" : "Bundle.id",
    "sourceId" : "create-fatal-error-01"
  },
  {
    "name" : "messageHeaderid-fatal-error",
    "expression" : "Bundle.entry[0].fullUrl",
    "sourceId" : "create-fatal-error-01"
  },
  {
    "name" : "destinationUri-fatal-error2",
    "expression" : "Bundle.entry.resource.ofType(MessageHeader).destination.endpoint",
    "sourceId" : "create-fatal-error2-02"
  },
  {
    "name" : "bundleid-fatal-error2-02",
    "expression" : "Bundle.id",
    "sourceId" : "create-fatal-error2-02"
  },
  {
    "name" : "messageHeaderid-fatal-error2",
    "expression" : "Bundle.entry[0].fullUrl",
    "sourceId" : "create-fatal-error2-02"
  }],
  "setup" : {
    "action" : [{
      "operation" : {
        "type" : {
          "system" : "http://terminology.hl7.org/CodeSystem/testscript-operation-codes",
          "code" : "delete"
        },
        "resource" : "Bundle",
        "description" : "System-generated search and delete operations from conditional delete on Bundle MessageHeader.destination.endpoint",
        "accept" : "xml",
        "encodeRequestUrl" : true,
        "params" : "?message.destination-uri=${destinationUri-fatal-error}"
      }
    },
    {
      "operation" : {
        "type" : {
          "system" : "http://terminology.hl7.org/CodeSystem/testscript-operation-codes",
          "code" : "create"
        },
        "resource" : "Bundle",
        "description" : "Create the Bundle resource in XML format on the destination server.",
        "accept" : "xml",
        "contentType" : "xml",
        "encodeRequestUrl" : true,
        "sourceId" : "create-fatal-error-01"
      }
    },
    {
      "operation" : {
        "type" : {
          "system" : "http://terminology.hl7.org/CodeSystem/testscript-operation-codes",
          "code" : "updateCreate"
        },
        "resource" : "Bundle",
        "description" : "Update the Bundle.id in XML format on the destination server, so it corresponds to $bundleid-fatal-error-01.",
        "accept" : "xml",
        "contentType" : "xml",
        "encodeRequestUrl" : true,
        "params" : "/${bundleid-fatal-error-01}",
        "sourceId" : "create-fatal-error-01"
      }
    },
    {
      "assert" : {
        "description" : "Confirm that the returned HTTP status is okay or created.",
        "direction" : "response",
        "operator" : "in",
        "responseCode" : "200,201",
        "warningOnly" : false
      }
    },
    {
      "operation" : {
        "type" : {
          "system" : "http://terminology.hl7.org/CodeSystem/testscript-operation-codes",
          "code" : "create"
        },
        "resource" : "Bundle",
        "description" : "Create the Bundle resource in XML format on the destination server.",
        "accept" : "xml",
        "contentType" : "xml",
        "encodeRequestUrl" : true,
        "sourceId" : "create-fatal-error2-02"
      }
    },
    {
      "operation" : {
        "type" : {
          "system" : "http://terminology.hl7.org/CodeSystem/testscript-operation-codes",
          "code" : "updateCreate"
        },
        "resource" : "Bundle",
        "description" : "Update the Bundle.id in XML format on the destination server, so it corresponds to $bundleid-fatal-error2-02.",
        "accept" : "xml",
        "contentType" : "xml",
        "encodeRequestUrl" : true,
        "params" : "/${bundleid-fatal-error2-02}",
        "sourceId" : "create-fatal-error2-02"
      }
    },
    {
      "assert" : {
        "description" : "Confirm that the returned HTTP status is okay or created.",
        "direction" : "response",
        "operator" : "in",
        "responseCode" : "200,201",
        "warningOnly" : false
      }
    }]
  },
  "test" : [{
    "id" : "message-read-fatal-error-01",
    "name" : "Get a fatal-error message 01",
    "description" : "GET a message. The expected response is a 200(OK) with a payload of the message resource in XML format.",
    "action" : [{
      "operation" : {
        "type" : {
          "system" : "http://terminology.hl7.org/CodeSystem/testscript-operation-codes",
          "code" : "read"
        },
        "resource" : "Bundle",
        "description" : "Receive message",
        "accept" : "xml",
        "destination" : 1,
        "encodeRequestUrl" : true,
        "origin" : 1,
        "params" : "/${bundleid-fatal-error-01}"
      }
    },
    {
      "assert" : {
        "description" : "Confirm that the returned HTTP status is okay or created.",
        "direction" : "response",
        "operator" : "in",
        "responseCode" : "200,201",
        "warningOnly" : false
      }
    }]
  },
  {
    "id" : "message-read-fatal-error2-02",
    "name" : "Get a fatal-error2 message 02",
    "description" : "GET a message. The expected response is a 200(OK) with a payload of the message resource in XML format.",
    "action" : [{
      "operation" : {
        "type" : {
          "system" : "http://terminology.hl7.org/CodeSystem/testscript-operation-codes",
          "code" : "read"
        },
        "resource" : "Bundle",
        "description" : "Receive message",
        "accept" : "xml",
        "destination" : 1,
        "encodeRequestUrl" : true,
        "origin" : 1,
        "params" : "/${bundleid-fatal-error2-02}"
      }
    },
    {
      "assert" : {
        "description" : "Confirm that the returned HTTP status is okay or created.",
        "direction" : "response",
        "operator" : "in",
        "responseCode" : "200,201",
        "warningOnly" : false
      }
    }]
  }]
}