<?xml version="1.0" encoding="UTF-8"?><Basic xmlns="http://hl7.org/fhir"><id value="ProducerActor"/><text><status value="generated"/><div xmlns="http://www.w3.org/1999/xhtml"><p class="res-header-id"><b>Generated Narrative: ActorDefinition ProducerActor</b></p><a name="ProducerActor"> </a><a name="hcProducerActor"> </a><table class="grid"><tr><td><b>Actor: Producer of FHIR resources </b></td><td>Producer of FHIR resources</td><td>Type: system </td></tr><tr><td colspan="3"/></tr></table></div></text><extension url="http://hl7.org/fhir/5.0/StructureDefinition/extension-ActorDefinition.url"><valueUri value="http://medcomfhir.dk/ig/document/ActorDefinition/ProducerActor"/></extension><extension url="http://hl7.org/fhir/5.0/StructureDefinition/extension-ActorDefinition.version"><valueString value="2.0.0"/></extension><extension url="http://hl7.org/fhir/5.0/StructureDefinition/extension-ActorDefinition.name"><valueString value="Producer of FHIR resources"/></extension><extension url="http://hl7.org/fhir/5.0/StructureDefinition/extension-ActorDefinition.title"><valueString value="Producer of FHIR resources"/></extension><extension url="http://hl7.org/fhir/5.0/StructureDefinition/extension-ActorDefinition.status"><valueCode value="active"/></extension><extension url="http://hl7.org/fhir/5.0/StructureDefinition/extension-ActorDefinition.date"><valueDateTime value="2026-01-14T10:37:57+00:00"/></extension><extension url="http://hl7.org/fhir/5.0/StructureDefinition/extension-ActorDefinition.publisher"><valueString value="MedCom"/></extension><extension url="http://hl7.org/fhir/5.0/StructureDefinition/extension-ActorDefinition.contact"><valueContactDetail><name value="MedCom"/><telecom><system value="url"/><value value="http://www.medcom.dk"/></telecom><telecom><system value="email"/><value value="fhir@medcom.dk"/></telecom></valueContactDetail></extension><extension url="http://hl7.org/fhir/5.0/StructureDefinition/extension-ActorDefinition.description"><valueMarkdown value="The system that creates the FHIR resources"/></extension><extension url="http://hl7.org/fhir/5.0/StructureDefinition/extension-ActorDefinition.jurisdiction"><valueCodeableConcept><coding><system value="urn:iso:std:iso:3166"/><code value="DK"/><display value="Denmark"/></coding></valueCodeableConcept></extension><extension url="http://hl7.org/fhir/5.0/StructureDefinition/extension-ActorDefinition.type"><valueCode value="system"/></extension><code><coding><system value="http://hl7.org/fhir/fhir-types"/><code value="ActorDefinition"/></coding></code></Basic>