{
  "codeSystems" : [
    {
      "url" : "http://dicom.nema.org/resources/ontology/DCM",
      "version" : "01",
      "status" : "active",
      "name" : "DICOM Controlled Terminology Definitions",
      "title" : null,
      "description" : "DICOM Code Definitions (Coding Scheme Designator \"DCM\" Coding Scheme Version \"01\")",
      "oids" : ["1.2.840.10008.2.16.4"],
      "uses" : {
      },
      "http://hl7.org/fhir/R4/valueset-security-role-type.html" : "SecurityRoleType"
    },
    {
      "url" : "http://hl7.dk/fhir/core/CodeSystem/dk-core-municipality-codes",
      "version" : "3.2.0",
      "status" : "active",
      "name" : "MunicipalityCodes",
      "title" : "DK Municipality Codes",
      "description" : "Municipality codes as defined by https://danmarksadresser.dk/adressedata/kodelister/kommunekodeliste/ and https://sundhedsdatastyrelsen.dk/-/media/sds/filer/rammer-og-retningslinjer/patientregistrering/relaterede/kommuneklassifikation.pdf",
      "uses" : {
      },
      "http://hl7.dk/fhir/core/3.2.0/ValueSet-dk-core-MunicipalityCodes.html" : "DK Municipality Codes"
    },
    {
      "url" : "http://hl7.dk/fhir/core/CodeSystem/dk-core-municipality-codes-greenland",
      "version" : "3.2.0",
      "status" : "active",
      "name" : "GreenlandMunicipalityCodes",
      "title" : "DK Greenland Municipality Codes",
      "description" : "Greenland municipality codes as defined by https://www.iso.org/obp/ui/#iso:code:3166:GL and https://cpr.dk/cpr-systemet/kommunesammenlaegninger-opdeling/groenland-2018/",
      "uses" : {
      },
      "http://hl7.dk/fhir/core/3.2.0/ValueSet-dk-core-MunicipalityCodes.html" : "DK Municipality Codes"
    },
    {
      "url" : "http://hl7.org/fhir/bundle-type",
      "version" : "4.0.1",
      "status" : "active",
      "name" : "BundleType",
      "title" : "BundleType",
      "description" : "Indicates the purpose of a bundle - how it is intended to be used.",
      "oids" : ["2.16.840.1.113883.4.642.4.621"],
      "uses" : {
      },
      "http://hl7.org/fhir/R4/valueset-bundle-type.html" : "BundleType"
    },
    {
      "url" : "http://hl7.org/fhir/contact-point-system",
      "version" : "4.0.1",
      "status" : "active",
      "name" : "ContactPointSystem",
      "title" : "ContactPointSystem",
      "description" : "Telecommunications form for contact point.",
      "oids" : ["2.16.840.1.113883.4.642.4.72"],
      "uses" : {
      },
      "http://hl7.org/fhir/R4/valueset-contact-point-system.html" : "ContactPointSystem"
    },
    {
      "url" : "http://hl7.org/fhir/contact-point-use",
      "version" : "4.0.1",
      "status" : "active",
      "name" : "ContactPointUse",
      "title" : "ContactPointUse",
      "description" : "Use of contact point.",
      "oids" : ["2.16.840.1.113883.4.642.4.74"],
      "uses" : {
      },
      "http://hl7.org/fhir/R4/valueset-contact-point-use.html" : "ContactPointUse"
    },
    {
      "url" : "http://hl7.org/fhir/http-verb",
      "version" : "4.0.1",
      "status" : "active",
      "name" : "HTTPVerb",
      "title" : "HTTPVerb",
      "description" : "HTTP verbs (in the HTTP command line). See [HTTP rfc](https://tools.ietf.org/html/rfc7231) for details.",
      "oids" : ["2.16.840.1.113883.4.642.4.625"],
      "uses" : {
      },
      "http://hl7.org/fhir/R4/valueset-http-verb.html" : "HTTPVerb"
    },
    {
      "url" : "http://hl7.org/fhir/identifier-use",
      "version" : "4.0.1",
      "status" : "active",
      "name" : "IdentifierUse",
      "title" : "IdentifierUse",
      "description" : "Identifies the purpose for this identifier, if known .",
      "oids" : ["2.16.840.1.113883.4.642.4.58"],
      "uses" : {
      },
      "http://hl7.org/fhir/R4/valueset-identifier-use.html" : "IdentifierUse"
    },
    {
      "url" : "http://hl7.org/fhir/message-events",
      "version" : "4.0.1",
      "status" : "active",
      "name" : "MessageEvent",
      "title" : "MessageEvent",
      "description" : "One of the message events defined as part of this version of FHIR.",
      "uses" : {
      },
      "http://hl7.org/fhir/R4/valueset-message-events.html" : "MessageEvent"
    },
    {
      "url" : "http://hl7.org/fhir/message-significance-category",
      "version" : "4.0.1",
      "status" : "draft",
      "name" : "MessageSignificanceCategory",
      "title" : "MessageSignificanceCategory",
      "description" : "The impact of the content of a message.",
      "oids" : ["2.16.840.1.113883.4.642.4.189"],
      "uses" : {
      },
      "http://hl7.org/fhir/R4/valueset-message-significance-category.html" : "MessageSignificanceCategory"
    },
    {
      "url" : "http://hl7.org/fhir/messageheader-response-request",
      "version" : "4.0.1",
      "status" : "draft",
      "name" : "messageheader-response-request",
      "title" : "messageheader-response-request",
      "description" : "HL7-defined table of codes which identify conditions under which acknowledgments are required to be returned in response to a message.",
      "oids" : ["2.16.840.1.113883.4.642.4.925"],
      "uses" : {
      },
      "http://hl7.org/fhir/R4/valueset-messageheader-response-request.html" : "messageheader-response-request"
    },
    {
      "url" : "http://hl7.org/fhir/name-use",
      "version" : "4.0.1",
      "status" : "active",
      "name" : "NameUse",
      "title" : "NameUse",
      "description" : "The use of a human name.",
      "oids" : ["2.16.840.1.113883.4.642.4.66"],
      "uses" : {
      },
      "http://hl7.org/fhir/R4/valueset-name-use.html" : "NameUse"
    },
    {
      "url" : "http://hl7.org/fhir/provenance-entity-role",
      "version" : "4.0.1",
      "status" : "draft",
      "name" : "ProvenanceEntityRole",
      "title" : "ProvenanceEntityRole",
      "description" : "How an entity was used in an activity.",
      "oids" : ["2.16.840.1.113883.4.642.4.437"],
      "uses" : {
      },
      "http://hl7.org/fhir/R4/valueset-provenance-entity-role.html" : "ProvenanceEntityRole"
    },
    {
      "url" : "http://hl7.org/fhir/publication-status",
      "version" : "4.0.1",
      "status" : "active",
      "name" : "PublicationStatus",
      "title" : "PublicationStatus",
      "description" : "The lifecycle status of an artifact.",
      "oids" : ["2.16.840.1.113883.4.642.4.4"],
      "uses" : {
      },
      "http://hl7.org/fhir/R4/valueset-publication-status.html" : "PublicationStatus"
    },
    {
      "url" : "http://hl7.org/fhir/resource-types",
      "version" : "4.0.1",
      "status" : "active",
      "name" : "ResourceType",
      "title" : "ResourceType",
      "description" : "One of the resource types defined as part of this version of FHIR.",
      "uses" : {
      },
      "http://hl7.org/fhir/R4/valueset-resource-types.html" : "ResourceType"
    },
    {
      "url" : "http://hl7.org/fhir/response-code",
      "version" : "4.0.1",
      "status" : "draft",
      "name" : "ResponseType",
      "title" : "ResponseType",
      "description" : "The kind of response to a message.",
      "oids" : ["2.16.840.1.113883.4.642.4.381"],
      "uses" : {
      },
      "http://hl7.org/fhir/R4/valueset-response-code.html" : "ResponseType"
    },
    {
      "url" : "http://hl7.org/fhir/search-entry-mode",
      "version" : "4.0.1",
      "status" : "active",
      "name" : "SearchEntryMode",
      "title" : "SearchEntryMode",
      "description" : "Why an entry is in the result set - whether it's included as a match or because of an _include requirement, or to convey information or warning information about the search process.",
      "oids" : ["2.16.840.1.113883.4.642.4.623"],
      "uses" : {
      },
      "http://hl7.org/fhir/R4/valueset-search-entry-mode.html" : "SearchEntryMode"
    },
    {
      "url" : "http://medcomfhir.dk/ig/terminology/CodeSystem/medcom-message-definition-type",
      "version" : "1.7.0",
      "status" : "active",
      "name" : "MedComMessageDefinitionType",
      "title" : "MedComMessageDefinitionTypeCodeSystem",
      "description" : "MedComMessageDefinitionTypeCS for the messaging infrastructure",
      "uses" : {
      },
      "http://medcomfhir.dk/ig/terminology/1.7.0/ValueSet-medcom-message-definition-type-valueset.html" : "MedComMessageDefinitionTypeValueset"
    },
    {
      "url" : "http://medcomfhir.dk/ig/terminology/CodeSystem/medcom-messagedefinition-identifer-system",
      "version" : "1.7.0",
      "status" : "active",
      "name" : "MedComMessageDefinitionIdentifierSystem",
      "title" : "MessageDefinitionIdentifierSystemCodeSystem",
      "description" : "MessageDefinitionIdentifierSystemCS for the messaging infrastructure",
      "uses" : {
      },
      "http://medcomfhir.dk/ig/terminology/1.7.0/ValueSet-medcom-messagedefinition-identifer-system-valueset.html" : "MessageDefinitionIdentifierSystemValueset"
    },
    {
      "url" : "http://medcomfhir.dk/ig/terminology/CodeSystem/medcom-messaging-activityCodes",
      "version" : "1.7.0",
      "status" : "active",
      "name" : "MedComMessagingActivityCodes",
      "title" : "MedComMessagingActivityCodes",
      "description" : "CodeSystem containing codes for activities occuring in MedCom messages",
      "uses" : {
      },
      "http://medcomfhir.dk/ig/terminology/1.7.0/ValueSet-medcom-messaging-activityCodes.html" : "MedComMessagingActivityCodes"
    },
    {
      "url" : "http://medcomfhir.dk/ig/terminology/CodeSystem/medcom-messaging-eventCodes",
      "version" : "1.7.0",
      "status" : "active",
      "name" : "MedComMessageEventCodes",
      "title" : "MedComMessagingEventCodes",
      "description" : "CodeSystem including all types of MedCom messages",
      "uses" : {
      },
      "http://medcomfhir.dk/ig/terminology/1.7.0/ValueSet-medcom-messaging-messageTypes.html" : "MedComMessagingMessageTypes"
    },
    {
      "url" : "http://snomed.info/sct",
      "version" : null,
      "status" : "active",
      "name" : "SNOMED_CT",
      "title" : "SNOMED CT (all versions)",
      "description" : "SNOMED CT is the most comprehensive and precise clinical health terminology product in the world, owned and distributed around the world by The International Health Terminology Standards Development Organisation (IHTSDO).",
      "oids" : ["2.16.840.1.113883.6.96"],
      "uses" : {
      },
      "http://hl7.org/fhir/R4/valueset-use-context.html" : "ConformanceUseContext",
      "http://hl7.dk/fhir/core/3.2.0/ValueSet-sor-organization-type.html" : "DK SOR Organization Type"
    },
    {
      "url" : "http://terminology.hl7.org/CodeSystem/contactentity-type",
      "version" : "1.0.0",
      "status" : "draft",
      "name" : "ContactEntityType",
      "title" : "Contact entity type",
      "description" : "This example value set defines a set of codes that can be used to indicate the purpose for which you would contact a contact party.",
      "oids" : ["2.16.840.1.113883.4.642.1.1129"],
      "uses" : {
      },
      "http://hl7.org/fhir/R4/valueset-contactentity-type.html" : "Contact entity type"
    },
    {
      "url" : "http://terminology.hl7.org/CodeSystem/contractsignertypecodes",
      "version" : "1.0.0",
      "status" : "draft",
      "name" : "ContractSignerTypeCodes",
      "title" : "Contract Signer Type Codes",
      "description" : "This value set includes sample Contract Signer Type codes.",
      "oids" : ["2.16.840.1.113883.4.642.1.1201"],
      "uses" : {
      },
      "http://hl7.org/fhir/R4/valueset-security-role-type.html" : "SecurityRoleType"
    },
    {
      "url" : "http://terminology.hl7.org/CodeSystem/extra-security-role-type",
      "version" : "1.0.0",
      "status" : "draft",
      "name" : "SecurityRoleType",
      "title" : "Security Role Type",
      "description" : "This CodeSystem contains Additional FHIR-defined Security Role types not defined elsewhere",
      "uses" : {
      },
      "http://hl7.org/fhir/R4/valueset-security-role-type.html" : "SecurityRoleType"
    },
    {
      "url" : "http://terminology.hl7.org/CodeSystem/message-reasons-encounter",
      "version" : "1.0.0",
      "status" : "draft",
      "name" : "ExampleMessageReasonCodes",
      "title" : "Example Message Reason Codes",
      "description" : "Example Message Reasons. These are the set of codes that might be used an updating an encounter using admin-update.",
      "oids" : ["2.16.840.1.113883.4.642.1.1122"],
      "uses" : {
      },
      "http://hl7.org/fhir/R4/valueset-message-reason-encounter.html" : "Example Message Reason Codes"
    },
    {
      "url" : "http://terminology.hl7.org/CodeSystem/provenance-participant-type",
      "version" : "1.1.0",
      "status" : "active",
      "name" : "ProvenanceParticipantType",
      "title" : "Provenance participant type",
      "description" : "These codes define the type of participation by an agent in a provenance activity. An agent is something that bears the responsibility identified by the type of participation in the activity taking place, for the existence of an entity, or for another agent's activity. An Agent may be An agent, device, system, organization, group, care-team, or other identifiable thing.",
      "oids" : ["2.16.840.1.113883.4.642.1.1131"],
      "uses" : {
      },
      "http://hl7.org/fhir/R4/valueset-provenance-agent-type.html" : "Provenance participant type"
    },
    {
      "url" : "http://terminology.hl7.org/CodeSystem/usage-context-type",
      "version" : "2.0.0",
      "status" : "draft",
      "name" : "UsageContextType",
      "title" : "UsageContextType",
      "description" : "A code that specifies a type of context being specified by a usage context.",
      "oids" : ["2.16.840.1.113883.4.642.1.1068"],
      "uses" : {
      },
      "http://medcomfhir.dk/ig/terminology/1.7.0/ValueSet-medcom-messagedefinition-use-context-code-valueset.html" : "UseContextCodeSystemValueset"
    },
    {
      "url" : "http://terminology.hl7.org/CodeSystem/v2-0203",
      "version" : "4.0.0",
      "status" : "active",
      "name" : "IdentifierType",
      "title" : "identifierType",
      "description" : "HL7-defined code system of concepts specifying type of identifier. Used in HL7 Version 2.x messaging data types CX, PLN, PPN, XCN and XON.",
      "oids" : ["2.16.840.1.113883.18.108"],
      "uses" : {
      },
      "http://hl7.org/fhir/R4/valueset-identifier-type.html" : "IdentifierType"
    },
    {
      "url" : "http://terminology.hl7.org/CodeSystem/v3-ActReason",
      "version" : "3.1.0",
      "status" : "active",
      "name" : "ActReason",
      "title" : "ActReason",
      "description" : "A set of codes specifying the motivation, cause, or rationale of an Act, when such rationale is not reasonably represented as an ActRelationship of type \"has reason\" linking to another Act.\r\n\r\n*Examples:* Example reasons that might qualify for being coded in this field might be: \"routine requirement\", \"infectious disease reporting requirement\", \"on patient request\", \"required by law\".",
      "oids" : ["2.16.840.1.113883.5.8"],
      "uses" : {
      },
      "http://terminology.hl7.org/6.0.2/ValueSet-v3-PurposeOfUse.html" : "PurposeOfUse"
    },
    {
      "url" : "http://terminology.hl7.org/CodeSystem/v3-ParticipationFunction",
      "version" : "3.0.0",
      "status" : "active",
      "name" : "ParticipationFunction",
      "title" : "ParticipationFunction",
      "description" : "This code is used to specify the exact function an actor had in a service in all necessary detail. This domain may include local extensions (CWE).",
      "oids" : ["2.16.840.1.113883.5.88"],
      "uses" : {
      },
      "http://hl7.org/fhir/R4/valueset-security-role-type.html" : "SecurityRoleType"
    },
    {
      "url" : "http://terminology.hl7.org/CodeSystem/v3-ParticipationType",
      "version" : "5.0.0",
      "status" : "active",
      "name" : "ParticipationType",
      "title" : "ParticipationType",
      "description" : "A code specifying the meaning and purpose of every Participation instance. Each of its values implies specific constraints on the Roles undertaking the participation.",
      "oids" : ["2.16.840.1.113883.5.90"],
      "uses" : {
      },
      "http://hl7.org/fhir/R4/valueset-security-role-type.html" : "SecurityRoleType"
    },
    {
      "url" : "http://terminology.hl7.org/CodeSystem/v3-RoleClass",
      "version" : "4.0.0",
      "status" : "active",
      "name" : "RoleClass",
      "title" : "RoleClass",
      "description" : "Codes for the Role class hierarchy. The values in this hierarchy, represent a Role which is an association or relationship between two entities - the entity that plays the role and the entity that scopes the role. Roles names are derived from the name of the playing entity in that role.\r\n\r\nThe role hierarchy stems from three core concepts, or abstract domains:\r\n\r\n *  **RoleClassOntological** is an abstract domain that collects roles in which the playing entity is defined or specified by the scoping entity.\r\n *  **RoleClassPartitive** collects roles in which the playing entity is in some sense a \"part\" of the scoping entity.\r\n *  **RoleClassAssociative** collects all of the remaining forms of association between the playing entity and the scoping entity. This set of roles is further partitioned between:\r\n    \r\n     *  **RoleClassPassive** which are roles in which the playing entity is used, known, treated, handled, built, or destroyed, etc. under the auspices of the scoping entity. The playing entity is passive in these roles in that the role exists without an agreement from the playing entity.\r\n     *  **RoleClassMutualRelationship** which are relationships based on mutual behavior of the two entities. The basis of these relationship may be formal agreements or they may be *de facto* behavior. Thus, this sub-domain is further divided into:\r\n        \r\n         *  **RoleClassRelationshipFormal** in which the relationship is formally defined, frequently by a contract or agreement.\r\n         *  **Personal relationship** which inks two people in a personal relationship.\r\n\r\nThe hierarchy discussed above is represented In the current vocabulary tables as a set of abstract domains, with the exception of the \"Personal relationship\" which is a leaf concept.\r\n\r\n*OpenIssue:* Description copied from Concept Domain of same name. Must be verified.",
      "oids" : ["2.16.840.1.113883.5.110"],
      "uses" : {
      },
      "http://hl7.org/fhir/R4/valueset-security-role-type.html" : "SecurityRoleType"
    },
    {
      "url" : "http://terminology.hl7.org/CodeSystem/v3-RoleCode",
      "version" : "3.0.0",
      "status" : "active",
      "name" : "RoleCode",
      "title" : "RoleCode",
      "description" : "A set of codes further specifying the kind of Role; specific classification codes for further qualifying RoleClass codes.",
      "oids" : ["2.16.840.1.113883.5.111"],
      "uses" : {
      },
      "http://hl7.org/fhir/R4/valueset-security-role-type.html" : "SecurityRoleType"
    },
    {
      "url" : "urn:ietf:bcp:47",
      "version" : "2.0.0",
      "status" : "active",
      "name" : "Ietf3066",
      "title" : "Tags for the Identification of Languages",
      "description" : "Older value from OID registry.  Superceded; see recommendations in BCP-47.",
      "oids" : ["2.16.840.1.113883.6.121"],
      "uses" : {
      },
      "http://hl7.org/fhir/R4/valueset-languages.html" : "Common Languages"
    },
    {
      "url" : "urn:iso:std:iso:3166",
      "version" : "1.0.1",
      "status" : "active",
      "name" : "ISO3166Part1",
      "title" : "ISO 3166-1 Codes for the representation of names of countries and their subdivisions — Part 1: Country code",
      "description" : "ISO 3166-1 establishes codes that represent the current names of countries, dependencies, and other areas of particular geopolitical interest, on the basis of country names obtained from the United Nations.",
      "oids" : ["1.0.3166.1"],
      "uses" : {
      },
      "http://hl7.org/fhir/R4/valueset-jurisdiction.html" : "Jurisdiction",
      "http://hl7.org/fhir/R4/valueset-use-context.html" : "ConformanceUseContext"
    },
    {
      "url" : "urn:iso:std:iso:3166:-2",
      "version" : "2013-11",
      "status" : "active",
      "name" : "Iso3166_2",
      "title" : "ISO 3166 Part 2 Country Subdivision Codes",
      "description" : "Identifies the coding system published in the ISO 3166-2 Standard for Country Subdivision codes. This standard is released periodically, and a new OID will be assigned by ISO for new editions.",
      "oids" : ["1.0.3166.2"],
      "uses" : {
      },
      "http://hl7.org/fhir/R4/valueset-jurisdiction.html" : "Jurisdiction"
    }
  ]
}
