{
  "resourceType" : "MessageHeader",
  "id" : "3881874e-2042-4a00-aee8-23512799f512",
  "meta" : {
    "profile" : ["http://medcomfhir.dk/ig/messaging/StructureDefinition/medcom-messaging-messageHeader"]
  },
  "text" : {
    "status" : "generated",
    "div" : "<div xmlns=\"http://www.w3.org/1999/xhtml\"><p class=\"res-header-id\"><b>Generated Narrative: MessageHeader 3881874e-2042-4a00-aee8-23512799f512</b></p><a name=\"3881874e-2042-4a00-aee8-23512799f512\"> </a><a name=\"hc3881874e-2042-4a00-aee8-23512799f512\"> </a><a name=\"3881874e-2042-4a00-aee8-23512799f512-da-DK\"> </a><p><b>event</b>: <a href=\"http://medcomfhir.dk/ig/terminology/1.7.0/CodeSystem-medcom-messaging-eventCodes.html#medcom-messaging-eventCodes-empty-message\">MedComMessagingEventCodes</a> empty-message: Message with no content</p><h3>Destinations</h3><table class=\"grid\"><tr><td style=\"display: none\">-</td><td><b>Extension</b></td><td><b>Endpoint</b></td><td><b>Receiver</b></td></tr><tr><td style=\"display: none\">*</td><td/><td><a href=\"http://medcomfhir.dk/unknown\">http://medcomfhir.dk/unknown</a></td><td><a href=\"Organization-74cdf292-abf3-4f5f-80ea-60a48013ff6d.html\">Organization Receiver Organization</a></td></tr></table><p><b>sender</b>: <a href=\"Organization-d7056980-a8b2-42aa-8a0e-c1fc85d1f40d.html\">Organization Sender Organization</a></p><h3>Sources</h3><table class=\"grid\"><tr><td style=\"display: none\">-</td><td><b>Endpoint</b></td></tr><tr><td style=\"display: none\">*</td><td><a href=\"http://medcomfhir.dk/unknown\">http://medcomfhir.dk/unknown</a></td></tr></table></div>"
  },
  "eventCoding" : {
    "system" : "http://medcomfhir.dk/ig/terminology/CodeSystem/medcom-messaging-eventCodes",
    "code" : "empty-message"
  },
  "destination" : [{
    "extension" : [{
      "url" : "http://medcomfhir.dk/ig/messaging/StructureDefinition/medcom-messaging-destinationUseExtension",
      "valueCoding" : {
        "system" : "http://medcomfhir.dk/ig/terminology/CodeSystem/medcom-messaging-destinationUse",
        "code" : "primary"
      }
    }],
    "endpoint" : "http://medcomfhir.dk/unknown",
    "receiver" : {
      "reference" : "Organization/74cdf292-abf3-4f5f-80ea-60a48013ff6d"
    }
  }],
  "sender" : {
    "reference" : "Organization/d7056980-a8b2-42aa-8a0e-c1fc85d1f40d"
  },
  "source" : {
    "endpoint" : "http://medcomfhir.dk/unknown"
  }
}