<?xml version="1.0" encoding="UTF-8"?>

<Condition xmlns="http://hl7.org/fhir">
  <id value="f90a8472-6495-4865-be5d-fae6650a033e"/>
  <meta>
    <profile value="http://medcomfhir.dk/ig/conditionlist/StructureDefinition/medcom-conditionlist-condition"/>
  </meta>
  <text>
    <status value="generated"/><div xmlns="http://www.w3.org/1999/xhtml"><p class="res-header-id"><b>Generated Narrative: Condition f90a8472-6495-4865-be5d-fae6650a033e</b></p><a name="f90a8472-6495-4865-be5d-fae6650a033e"> </a><a name="hcf90a8472-6495-4865-be5d-fae6650a033e"> </a><a name="f90a8472-6495-4865-be5d-fae6650a033e-en-US"> </a><p><b>category</b>: <span title="Codes:{http://snomed.info/sct 15240007}">Current</span>, <span title="Codes:{http://terminology.hl7.org/CodeSystem/condition-category problem-list-item}">Problem List Item</span></p><p><b>code</b>: <span title="Codes:{urn:oid:1.2.208.176.2.4.12 DI109}, {urn:oid:1.2.208.176.2.31 K86}">Hypertensio arterialis essentialis</span></p><p><b>subject</b>: <a href="Patient-69e475df-20c8-4f54-8cea-9843568205fd.html">Elmer Test Hansen (official) Male, DoB: 1947-09-25 ( urn:oid:1.2.208.176.1.2#2509479989)</a></p><p><b>recordedDate</b>: 2024-01-17</p></div>
  </text>
  <category>
    <coding>
      <system value="http://snomed.info/sct"/>
      <code value="15240007"/>
    </coding>
  </category>
  <category>
    <coding>
      <system value="http://terminology.hl7.org/CodeSystem/condition-category"/>
      <code value="problem-list-item"/>
    </coding>
  </category>
  <code>
    <coding>
      <system value="urn:oid:1.2.208.176.2.4.12"/>
      <code value="DI109"/>
      <display value="Essentiel Hypertension"/>
    </coding>
    <coding>
      <system value="urn:oid:1.2.208.176.2.31"/>
      <code value="K86"/>
      <display value="Ukompliceret Hypertension"/>
    </coding>
    <text value="Hypertensio arterialis essentialis"/>
  </code>
  <subject>
    <reference value="Patient/69e475df-20c8-4f54-8cea-9843568205fd"/>
  </subject>
  <recordedDate value="2024-01-17"/>
</Condition>