<?xml version="1.0" encoding="UTF-8"?>

<Patient xmlns="http://hl7.org/fhir">
  <id value="be8156f3-41d1-47e3-847a-4b064a3b42b2"/>
  <meta>
    <profile value="http://medcomfhir.dk/ig/document/StructureDefinition/medcom-document-patient"/>
  </meta>
  <text>
    <status value="generated"/><div xmlns="http://www.w3.org/1999/xhtml"><p class="res-header-id"><b>Generated Narrative: Patient be8156f3-41d1-47e3-847a-4b064a3b42b2</b></p><a name="be8156f3-41d1-47e3-847a-4b064a3b42b2"> </a><a name="hcbe8156f3-41d1-47e3-847a-4b064a3b42b2"> </a><a name="be8156f3-41d1-47e3-847a-4b064a3b42b2-en-US"> </a><div style="display: inline-block; background-color: #d9e0e7; padding: 6px; margin: 4px; border: 1px solid #8da1b4; border-radius: 5px; line-height: 60%"><p style="margin-bottom: 0px"/><p style="margin-bottom: 0px">Profile: <a href="http://medcomfhir.dk/ig/document/1.0.1/StructureDefinition-medcom-document-patient.html">MedComDocumentPatient</a></p></div><p style="border: 1px #661aff solid; background-color: #e6e6ff; padding: 10px;">Pia Test Berggren (official) Female, DoB: 2005-05-05 ( urn:oid:1.2.208.176.1.2#0505059996)</p><hr/></div>
  </text>
  <identifier>
    <system value="urn:oid:1.2.208.176.1.2"/>
    <value value="0505059996"/>
  </identifier>
  <name>
    <use value="official"/>
    <family value="Berggren"/>
    <given value="Pia"/>
    <given value="Test"/>
  </name>
  <gender value="female"/>
  <birthDate value="2005-05-05"/>
</Patient>