<?xml version="1.0" encoding="UTF-8"?>

<Practitioner xmlns="http://hl7.org/fhir">
  <id value="1fcad31f-8967-4f49-b6af-7e64082e8fec"/>
  <meta>
    <profile value="http://medcomfhir.dk/ig/document/StructureDefinition/medcom-document-practitioner"/>
  </meta>
  <text>
    <status value="generated"/><div xmlns="http://www.w3.org/1999/xhtml"><p class="res-header-id"><b>Generated Narrative: Practitioner 1fcad31f-8967-4f49-b6af-7e64082e8fec</b></p><a name="1fcad31f-8967-4f49-b6af-7e64082e8fec"> </a><a name="hc1fcad31f-8967-4f49-b6af-7e64082e8fec"> </a><a name="1fcad31f-8967-4f49-b6af-7e64082e8fec-en-US"> </a><div style="display: inline-block; background-color: #d9e0e7; padding: 6px; margin: 4px; border: 1px solid #8da1b4; border-radius: 5px; line-height: 60%"><p style="margin-bottom: 0px"/><p style="margin-bottom: 0px">Profile: <a href="http://medcomfhir.dk/ig/document/1.0.1/StructureDefinition-medcom-document-practitioner.html">MedComDocumentPractitioner</a></p></div><p><b>name</b>: Bo Test Vestergaard (Official)</p></div>
  </text>
  <name>
    <use value="official"/>
    <family value="Vestergaard"/>
    <given value="Bo"/>
    <given value="Test"/>
  </name>
</Practitioner>