<?xml version="1.0" encoding="UTF-8"?><ValueSet xmlns="http://hl7.org/fhir"><id value="MedCom-ihe-core-homeCommunityId-VS"/><text><status value="generated"/><div xmlns="http://www.w3.org/1999/xhtml"><ul><li>Include these codes as defined in <code>urn:oid:1.2.208.176.8.1</code><table class="none"><tr><td style="white-space:nowrap"><b>Code</b></td><td><b>Display</b></td></tr><tr><td>1.2.208.176.8.1</td><td>Common Danish IHE XDS domain. Integrating the Healthcare Enterprise (IHE) cross[X]-enterprise Document Sharing (XDS) domain</td></tr><tr><td>1.2.208.193.100</td><td>Primary healthcare domain</td></tr></table></li></ul></div></text><url value="http://medcomfhir.dk/ig/xdsmetadata/ValueSet/MedCom-ihe-core-homeCommunityId-VS"/><version value="1.0.0"/><name value="MedComIHE_CoreDkHomeCommunityId"/><title value="IHE HomeCommunityId"/><status value="active"/><date value="2016-11-01"/><publisher value="MedCom"/><contact><name value="MedCom"/><telecom><system value="url"/><value value="http://www.medcom.dk"/></telecom></contact><description value="List of operational and in production home communities (XCA) in Danish Document Sharing"/><compose><include><system value="urn:oid:1.2.208.176.8.1"/><concept><code value="1.2.208.176.8.1"/><display value="Common Danish IHE XDS domain. Integrating the Healthcare Enterprise (IHE) cross[X]-enterprise Document Sharing (XDS) domain"/></concept><concept><code value="1.2.208.193.100"/><display value="Primary healthcare domain"/></concept></include></compose></ValueSet>