<?xml version="1.0" encoding="UTF-8"?><ValueSet xmlns="http://hl7.org/fhir"><id value="MedCom-ihe-core-eventcodelist-VS"/><text><status value="generated"/><div xmlns="http://www.w3.org/1999/xhtml"><p>This value set includes codes based on the following rules:</p><ul><li>Include these codes as defined in <code>urn:oid:1.2.208.176.2.4</code><table class="none"><tr><td style="white-space:nowrap"><b>Code</b></td><td><b>Display</b></td></tr><tr><td>ALAL01</td><td>Kræftsygdomme</td></tr><tr><td>ALAL02</td><td>Hjertesygdomme</td></tr><tr><td>ALAL03</td><td>Psykiske lidelser og adfærdsmæssige forstyrrelser</td></tr><tr><td>ALAL21</td><td>Kronisk obstruktiv lungesygdom (KOL)</td></tr><tr><td>ALAL22</td><td>Type 2-diabetes</td></tr><tr><td>ALAL23</td><td>Osteoporose</td></tr><tr><td>ALAL51</td><td>Graviditet, fødsel og barsel</td></tr><tr><td>ALAL52</td><td>Nyfødte</td></tr></table></li><li>Include these codes as defined in <code>urn:oid:1.2.208.176.7.3.1</code><table class="none"><tr><td style="white-space:nowrap"><b>Code</b></td><td><b>Display</b></td></tr><tr><td>3d3d6f46-ea42-4d64-a2bb-52646dcd6513</td><td>Psoriasis v.3</td></tr><tr><td>1de279ff-99fd-4544-9e41-300f56bc08e4</td><td>Diabetes v.10</td></tr><tr><td>898cba44-c668-41e8-ac25-c2b880ac7090</td><td>Hjerterehabilitering uddrag start v.3</td></tr><tr><td>c820effc-91d3-45cd-b2df-53ae95284349</td><td>Hjerterehabilitering uddrag slut v.3</td></tr></table></li><li>Include these codes as defined in <code>urn:oid:1.2.208.176.2.1</code><table class="none"><tr><td style="white-space:nowrap"><b>Code</b></td><td><b>Display</b></td></tr><tr><td>NPU03804</td><td>Pt—Legeme; masse = ? kg</td></tr><tr><td>NPU19748</td><td>P—C-reaktivt protein; massek. = ? mg/L</td></tr><tr><td>NPU22089</td><td>P(kB)—Glucose; stofk. = ? mmol/L</td></tr><tr><td>NPU03963</td><td>U—Erythrocytter; arb.k.(proc.) = ?</td></tr><tr><td>DNK05472</td><td>Arm—Blodtryk(systolisk); tryk = ? mmHg</td></tr><tr><td>DNK05473</td><td>Arm—Blodtryk(diastolisk); tryk = ? mmHg</td></tr><tr><td>NPU21692</td><td>Hjerte—Systole; frekv. = ? x 1/min</td></tr></table></li><li>Include these codes as defined in <code>urn:oid:1.2.208.184.100.1</code><table class="none"><tr><td style="white-space:nowrap"><b>Code</b></td><td><b>Display</b></td></tr><tr><td>MCS88100</td><td>Lunge—Lungefunktionsundersøgelse COPD FEV6; vol. = ? L</td></tr><tr><td>MCS88015</td><td>Lunge—Lungefunktionsundersøgelse FEV1; vol. = ? L</td></tr></table></li><li>Include these codes as defined in <code>urn:ad:dk:medcom:noah:action-categories</code><table class="none"><tr><td style="white-space:nowrap"><b>Code</b></td><td><b>Display</b></td></tr><tr><td>1</td><td>Audiogram</td></tr><tr><td>15</td><td>Impedance (left ear)</td></tr><tr><td>16</td><td>Impedance (right ear)</td></tr><tr><td>129</td><td>Hearing Instrument Selection (left ear)</td></tr><tr><td>130</td><td>Hearing Instrument Selection (right ear)</td></tr></table></li></ul></div></text><url value="http://medcomfhir.dk/ig/xdsmetadata/ValueSet/MedCom-ihe-core-eventcodelist-VS"/><version value="1.0.0"/><name value="MedComIHE_CoreEventCodeLists"/><title value="IHE EventCodeLists"/><status value="active"/><experimental value="true"/><date value="2022-01-26"/><publisher value="MedCom"/><contact><name value="MedCom"/><telecom><system value="url"/><value value="http://www.medcom.dk"/></telecom></contact><description value="ValueSet containing EventCodeLists."/><compose><include><system value="urn:oid:1.2.208.176.2.4"/><concept><code value="ALAL01"/><display value="Kræftsygdomme"/></concept><concept><code value="ALAL02"/><display value="Hjertesygdomme"/></concept><concept><code value="ALAL03"/><display value="Psykiske lidelser og adfærdsmæssige forstyrrelser"/></concept><concept><code value="ALAL21"/><display value="Kronisk obstruktiv lungesygdom (KOL)"/></concept><concept><code value="ALAL22"/><display value="Type 2-diabetes"/></concept><concept><code value="ALAL23"/><display value="Osteoporose"/></concept><concept><code value="ALAL51"/><display value="Graviditet, fødsel og barsel"/></concept><concept><code value="ALAL52"/><display value="Nyfødte"/></concept></include><include><system value="urn:oid:1.2.208.176.7.3.1"/><concept><code value="3d3d6f46-ea42-4d64-a2bb-52646dcd6513"/><display value="Psoriasis v.3"/></concept><concept><code value="1de279ff-99fd-4544-9e41-300f56bc08e4"/><display value="Diabetes v.10"/></concept><concept><code value="898cba44-c668-41e8-ac25-c2b880ac7090"/><display value="Hjerterehabilitering uddrag start v.3"/></concept><concept><code value="c820effc-91d3-45cd-b2df-53ae95284349"/><display value="Hjerterehabilitering uddrag slut v.3"/></concept></include><include><system value="urn:oid:1.2.208.176.2.1"/><concept><code value="NPU03804"/><display value="Pt—Legeme; masse = ? kg"/></concept><concept><code value="NPU19748"/><display value="P—C-reaktivt protein; massek. = ? mg/L"/></concept><concept><code value="NPU22089"/><display value="P(kB)—Glucose; stofk. = ? mmol/L"/></concept><concept><code value="NPU03963"/><display value="U—Erythrocytter; arb.k.(proc.) = ?"/></concept><concept><code value="DNK05472"/><display value="Arm—Blodtryk(systolisk); tryk = ? mmHg"/></concept><concept><code value="DNK05473"/><display value="Arm—Blodtryk(diastolisk); tryk = ? mmHg"/></concept><concept><code value="NPU21692"/><display value="Hjerte—Systole; frekv. = ? x 1/min"/></concept></include><include><system value="urn:oid:1.2.208.184.100.1"/><concept><code value="MCS88100"/><display value="Lunge—Lungefunktionsundersøgelse COPD FEV6; vol. = ? L"/></concept><concept><code value="MCS88015"/><display value="Lunge—Lungefunktionsundersøgelse FEV1; vol. = ? L"/></concept></include><include><system value="urn:ad:dk:medcom:noah:action-categories"/><concept><code value="1"/><display value="Audiogram"/></concept><concept><code value="15"/><display value="Impedance (left ear)"/></concept><concept><code value="16"/><display value="Impedance (right ear)"/></concept><concept><code value="129"/><display value="Hearing Instrument Selection (left ear)"/></concept><concept><code value="130"/><display value="Hearing Instrument Selection (right ear)"/></concept></include></compose></ValueSet>