<?xml version="1.0" encoding="UTF-8"?>

<Patient xmlns="http://hl7.org/fhir">
  <id value="5b72c625-0570-4111-b272-f0351344f8b6"/>
  <meta>
    <profile value="http://medcomfhir.dk/ig/core/StructureDefinition/medcom-core-patient"/>
  </meta>
  <text>
    <status value="generated"/><div xmlns="http://www.w3.org/1999/xhtml"><p style="border: 1px #661aff solid; background-color: #e6e6ff; padding: 10px;"><b>Brita Test Berggren (OFFICIAL)</b> (no stated gender), DoB Unknown ( id: 1509819996)</p><hr/><table class="grid"><tr><td style="background-color: #f3f5da" title="Known status of Patient">Deceased:</td><td colspan="3">false</td></tr><tr><td style="background-color: #f3f5da" title="Ways to contact the Patient">Contact Details:</td><td colspan="3"><ul><li>ph: 12457812(WORK)</li><li>ph: 98879887(HOME)</li><li>Testpark Allé 48 Hillerød 3400 </li></ul></td></tr></table></div>
  </text>
  <identifier>
    <system value="urn:oid:1.2.208.176.1.2"/>
    <value value="1509819996"/>
  </identifier>
  <name>
    <use value="official"/>
    <family value="Berggren"/>
    <given value="Brita Test"/>
  </name>
  <telecom>
    <system value="phone"/>
    <value value="12457812"/>
    <use value="work"/>
  </telecom>
  <telecom>
    <system value="phone"/>
    <value value="98879887"/>
    <use value="home"/>
  </telecom>
  <deceasedBoolean value="false"/>
  <address>
    <line value="Testpark Allé 48"/>
    <city value="Hillerød"/>
    <postalCode value="3400"/>
  </address>
</Patient>