{
  "codeSystems" : [
    {
      "url" : "http://medcomfhir.dk/ig/terminology/ValueSet/medcom-core-PractitionerRoles",
      "version" : "1.4.0",
      "status" : "active",
      "name" : "MedComCorePractitionerRoles",
      "title" : "MedComCorePractitionerRoles",
      "description" : "ValueSet containing codes for practionerroles (Danish:Stillingsbetegnelser) from medcom ",
      "systems" : [
        "http://medcomfhir.dk/ig/terminology/CodeSystem/medcom-core-PractitionerRolesAutorisationsregistret",
        "http://medcomfhir.dk/ig/terminology/CodeSystem/medcom-core-PractitionerRolesSKSadministrativ"
      ],
      "uses" : {
      },
      "StructureDefinition-medcom-core-practitionerrole.html" : "MedComCorePractitionerRole"
    },
    {
      "url" : "http://medcomfhir.dk/ig/terminology/ValueSet/medcom-core-ecpr-values",
      "version" : "1.4.0",
      "status" : "active",
      "name" : "MedComCoreECPRValues",
      "title" : "MedComCoreECPRValues",
      "description" : "ValueSet containing systems used to represent the origin of a Danish replacement person identifier (eCPR).",
      "systems" : [
        "http://medcomfhir.dk/ig/terminology/CodeSystem/medcom-core-ecpr-codes"
      ],
      "uses" : {
      },
      "StructureDefinition-medcom-core-ecpr-identifier.html" : "Danish Replacement Person Identifier (E-CPR)"
    },
    {
      "url" : "http://medcomfhir.dk/ig/terminology/ValueSet/medcom-core-encounter-class",
      "version" : "1.4.0",
      "status" : "active",
      "name" : "MedComCoreEncounterClass",
      "title" : "MedComCoreEncounterClassCodes",
      "description" : "ValueSet containing classification codes for MedComCoreEncounter.",
      "systems" : [
        "http://medcomfhir.dk/ig/terminology/CodeSystem/medcom-core-encounter-act-codes",
        "http://terminology.hl7.org/CodeSystem/v3-ActCode"
      ],
      "uses" : {
      },
      "StructureDefinition-medcom-core-encounter.html" : "MedComCoreEncounter"
    }
  ]
}
