<?xml version="1.0" encoding="UTF-8"?><CodeSystem xmlns="http://hl7.org/fhir"><id value="npu-observation-codes"/><language value="da-DK"/><text><status value="generated"/><div xmlns="http://www.w3.org/1999/xhtml" xml:lang="da-DK" lang="da-DK"><p class="res-header-id"><b>Generated Narrative: CodeSystem npu-observation-codes</b></p><a name="npu-observation-codes"> </a><a name="hcnpu-observation-codes"> </a><div style="display: inline-block; background-color: #d9e0e7; padding: 6px; margin: 4px; border: 1px solid #8da1b4; border-radius: 5px; line-height: 60%"><p style="margin-bottom: 0px">Language: da-DK</p></div><p><b>Properties</b></p><p><b>This code system defines the following properties for its concepts</b></p><table class="grid"><tr><td><b>Name</b></td><td><b>Code</b></td><td><b>URI</b></td><td><b>Type</b></td><td><b>Description</b></td></tr><tr><td>status</td><td>status</td><td>http://hl7.org/fhir/concept-properties#status</td><td>code</td><td>A property that indicates the status of the concept. One of experimental, active, deprecated, retired. Find Governance for MedCom Terminology in the 'Home' tab.</td></tr><tr><td>effectiveDate</td><td>effectiveDate</td><td>http://hl7.org/fhir/concept-properties#effectiveDate</td><td>dateTime</td><td>The date at which the code status was last changed.</td></tr></table><p><b>Concepts</b></p><p>This case-insensitive code system <code>urn:oid:1.2.208.176.2.1</code> defines the following codes:</p><table class="codes"><tr><td style="white-space:nowrap"><b>Code</b></td><td><b>Display</b></td><td><b>status</b></td><td><b>effectiveDate</b></td></tr><tr><td style="white-space:nowrap">DNK05473<a name="npu-observation-codes-DNK05473"> </a></td><td>Arm—Blodtryk(diastolisk); tryk =? mmHg</td><td>active</td><td>2025-06-28</td></tr><tr><td style="white-space:nowrap">DNK05472<a name="npu-observation-codes-DNK05472"> </a></td><td>Arm—Blodtryk(systolisk); tryk = ? mmHg</td><td>active</td><td>2025-06-28</td></tr><tr><td style="white-space:nowrap">NPU21692<a name="npu-observation-codes-NPU21692"> </a></td><td>Hjerte—Systole; frekv. = ? × 1/min</td><td>active</td><td>2025-06-28</td></tr><tr><td style="white-space:nowrap">NPU10197<a name="npu-observation-codes-NPU10197"> </a></td><td>Hb(Fe; O2-bind.; kB)—Oxygen(O2); mætn. = ?</td><td>active</td><td>2025-06-28</td></tr><tr><td style="white-space:nowrap">NPU08676<a name="npu-observation-codes-NPU08676"> </a></td><td>Pt—Legeme; temp. = ? °C</td><td>active</td><td>2025-06-28</td></tr><tr><td style="white-space:nowrap">NPU19748<a name="npu-observation-codes-NPU19748"> </a></td><td>P—C-reaktivt protein; massek. = ? mg/L</td><td>active</td><td>2025-06-28</td></tr><tr><td style="white-space:nowrap">NPU02593<a name="npu-observation-codes-NPU02593"> </a></td><td>B—Leukocytter; antalk. = ? × 10^9/L</td><td>active</td><td>2025-06-28</td></tr><tr><td style="white-space:nowrap">NPU02636<a name="npu-observation-codes-NPU02636"> </a></td><td>B—Lymfocytter; antalk. = ? × 10^9/L</td><td>active</td><td>2025-11-18</td></tr><tr><td style="white-space:nowrap">NPU02840<a name="npu-observation-codes-NPU02840"> </a></td><td>B—Monocytter; antalk. = ? × 10^9/L</td><td>active</td><td>2025-06-28</td></tr><tr><td style="white-space:nowrap">NPU02902<a name="npu-observation-codes-NPU02902"> </a></td><td>B—Neutrophilocytter; antalk. = ? × 10^9/L</td><td>active</td><td>2025-06-28</td></tr><tr><td style="white-space:nowrap">NPU01933<a name="npu-observation-codes-NPU01933"> </a></td><td>B—Eosinophilocytter; antalk. = ? × 10^9/L</td><td>active</td><td>2025-06-28</td></tr><tr><td style="white-space:nowrap">NPU01349<a name="npu-observation-codes-NPU01349"> </a></td><td>B—Basophilocytter; antalk. = ? × 10^9/L</td><td>active</td><td>2025-06-28</td></tr><tr><td style="white-space:nowrap">NPU22089<a name="npu-observation-codes-NPU22089"> </a></td><td>P(kB)—Glucose; stofk. = ? mmol/L</td><td>active</td><td>2025-06-28</td></tr><tr><td style="white-space:nowrap">NPU01685<a name="npu-observation-codes-NPU01685"> </a></td><td>P—Koagulation, vævsfaktor-induceret; rel.tid(aktuel/norm; INR; IRP 67/40; proc.) = ?</td><td>active</td><td>2025-06-28</td></tr><tr><td style="white-space:nowrap">NPU03429<a name="npu-observation-codes-NPU03429"> </a></td><td>P—Natrium-ion; stofk. = ? mmol/L</td><td>active</td><td>2025-06-28</td></tr><tr><td style="white-space:nowrap">NPU03230<a name="npu-observation-codes-NPU03230"> </a></td><td>P—Kalium-ion; stofk. = ? mmol/L</td><td>active</td><td>2025-06-28</td></tr><tr><td style="white-space:nowrap">NPU01536<a name="npu-observation-codes-NPU01536"> </a></td><td>P—Chlorid; stofk. = ? mmol/L</td><td>active</td><td>2025-06-28</td></tr><tr><td style="white-space:nowrap">NPU04144<a name="npu-observation-codes-NPU04144"> </a></td><td>P—Calcium-ion(frit); stofk.(pH = 7,40; proc.) = ? mmol/L</td><td>active</td><td>2025-06-28</td></tr><tr><td style="white-space:nowrap">NPU02319<a name="npu-observation-codes-NPU02319"> </a></td><td>B—Hæmoglobin(Fe); stofk. = ? mmol/L</td><td>active</td><td>2025-06-28</td></tr><tr><td style="white-space:nowrap">NPU02187<a name="npu-observation-codes-NPU02187"> </a></td><td>B—Glucose; stofk. = ? mmol/L</td><td>active</td><td>2025-06-28</td></tr><tr><td style="white-space:nowrap">NPU21531<a name="npu-observation-codes-NPU21531"> </a></td><td>P(vB)—Glucose; stofk. = ? mmol/L</td><td>active</td><td>2025-06-28</td></tr><tr><td style="white-space:nowrap">NPU01459<a name="npu-observation-codes-NPU01459"> </a></td><td>P—Carbamid; stofk. = ? mmol/L</td><td>active</td><td>2025-06-28</td></tr><tr><td style="white-space:nowrap">NPU04998<a name="npu-observation-codes-NPU04998"> </a></td><td>P—Creatininium; stofk.(enz.) = ? µmol/L</td><td>active</td><td>2025-06-28</td></tr><tr><td style="white-space:nowrap">NPU18016<a name="npu-observation-codes-NPU18016"> </a></td><td>P—Creatininium; stofk. = ? µmol/L</td><td>active</td><td>2025-06-28</td></tr><tr><td style="white-space:nowrap">NPU04206<a name="npu-observation-codes-NPU04206"> </a></td><td>U—Protein; arb.k.(proc.) = ?</td><td>active</td><td>2025-06-28</td></tr><tr><td style="white-space:nowrap">NPU21578<a name="npu-observation-codes-NPU21578"> </a></td><td>U—Nitrit; arb.k.(proc.) = ?</td><td>active</td><td>2025-06-28</td></tr><tr><td style="white-space:nowrap">NPU04207<a name="npu-observation-codes-NPU04207"> </a></td><td>U—Glucose; arb.k.(proc.) = ?</td><td>active</td><td>2025-06-28</td></tr><tr><td style="white-space:nowrap">NPU03987<a name="npu-observation-codes-NPU03987"> </a></td><td>U—Leukocytter; arb.k.(proc.) = ?</td><td>active</td><td>2025-06-28</td></tr><tr><td style="white-space:nowrap">NPU04208<a name="npu-observation-codes-NPU04208"> </a></td><td>U—Hæmoglobin; arb.k.(proc.) = ?</td><td>active</td><td>2025-06-28</td></tr><tr><td style="white-space:nowrap">NPU10504<a name="npu-observation-codes-NPU10504"> </a></td><td>U—Acetoacetat; arb.k.(proc.) = ?</td><td>active</td><td>2025-06-28</td></tr><tr><td style="white-space:nowrap">NPU16328<a name="npu-observation-codes-NPU16328"> </a></td><td>U(midtstråle)—Bacterium+fungus; taxon(proc.) = ?</td><td>active</td><td>2025-06-28</td></tr><tr><td style="white-space:nowrap">NPU18542<a name="npu-observation-codes-NPU18542"> </a></td><td>U(spec.)—Bacterium+fungus; taxon(proc.) = ?</td><td>active</td><td>2025-06-28</td></tr><tr><td style="white-space:nowrap">NPU16271<a name="npu-observation-codes-NPU16271"> </a></td><td>Ex—Bacterium+fungus; taxon(proc.) = ?</td><td>active</td><td>2025-06-28</td></tr><tr><td style="white-space:nowrap">NPU03794<a name="npu-observation-codes-NPU03794"> </a></td><td>Pt—Legeme; højde = ? m</td><td>active</td><td>2025-06-28</td></tr><tr><td style="white-space:nowrap">NPU03804<a name="npu-observation-codes-NPU03804"> </a></td><td>Pt—Legeme; masse = ? kg</td><td>active</td><td>2025-06-28</td></tr><tr><td style="white-space:nowrap">NPU03963<a name="npu-observation-codes-NPU03963"> </a></td><td>U—Erythrocytter; arb.k.(proc.) = ?</td><td>active</td><td>2025-11-18</td></tr></table></div></text><url value="urn:oid:1.2.208.176.2.1"/><version value="1.1.0"/><name value="NPUObservationCodes"/><title value="NPUObservationCodes"/><status value="active"/><date value="2025-11-18"/><publisher value="MedCom"/><contact><name value="MedCom"/><telecom><system value="url"/><value value="http://www.medcom.dk"/></telecom></contact><description value="CodeSystem with NPU observation codes"/><jurisdiction><coding><system value="urn:iso:std:iso:3166"/><code value="DK"/><display value="Denmark"/></coding></jurisdiction><caseSensitive value="false"/><content value="complete"/><count value="36"/><property><code value="status"/><uri value="http://hl7.org/fhir/concept-properties#status"/><description value="A property that indicates the status of the concept. One of experimental, active, deprecated, retired. Find Governance for MedCom Terminology in the 'Home' tab."/><type value="code"/></property><property><code value="effectiveDate"/><uri value="http://hl7.org/fhir/concept-properties#effectiveDate"/><description value="The date at which the code status was last changed."/><type value="dateTime"/></property><concept><code value="DNK05473"/><display value="Arm—Blodtryk(diastolisk); tryk =? mmHg"/><property><code value="status"/><valueCode value="active"/></property><property><code value="effectiveDate"/><valueDateTime value="2025-06-28"/></property></concept><concept><code value="DNK05472"/><display value="Arm—Blodtryk(systolisk); tryk = ? mmHg"/><property><code value="status"/><valueCode value="active"/></property><property><code value="effectiveDate"/><valueDateTime value="2025-06-28"/></property></concept><concept><code value="NPU21692"/><display value="Hjerte—Systole; frekv. = ? × 1/min"/><property><code value="status"/><valueCode value="active"/></property><property><code value="effectiveDate"/><valueDateTime value="2025-06-28"/></property></concept><concept><code value="NPU10197"/><display value="Hb(Fe; O2-bind.; kB)—Oxygen(O2); mætn. = ?"/><property><code value="status"/><valueCode value="active"/></property><property><code value="effectiveDate"/><valueDateTime value="2025-06-28"/></property></concept><concept><code value="NPU08676"/><display value="Pt—Legeme; temp. = ? °C"/><property><code value="status"/><valueCode value="active"/></property><property><code value="effectiveDate"/><valueDateTime value="2025-06-28"/></property></concept><concept><code value="NPU19748"/><display value="P—C-reaktivt protein; massek. = ? mg/L"/><property><code value="status"/><valueCode value="active"/></property><property><code value="effectiveDate"/><valueDateTime value="2025-06-28"/></property></concept><concept><code value="NPU02593"/><display value="B—Leukocytter; antalk. = ? × 10^9/L"/><property><code value="status"/><valueCode value="active"/></property><property><code value="effectiveDate"/><valueDateTime value="2025-06-28"/></property></concept><concept><code value="NPU02636"/><display value="B—Lymfocytter; antalk. = ? × 10^9/L"/><property><code value="status"/><valueCode value="active"/></property><property><code value="effectiveDate"/><valueDateTime value="2025-11-18"/></property></concept><concept><code value="NPU02840"/><display value="B—Monocytter; antalk. = ? × 10^9/L"/><property><code value="status"/><valueCode value="active"/></property><property><code value="effectiveDate"/><valueDateTime value="2025-06-28"/></property></concept><concept><code value="NPU02902"/><display value="B—Neutrophilocytter; antalk. = ? × 10^9/L"/><property><code value="status"/><valueCode value="active"/></property><property><code value="effectiveDate"/><valueDateTime value="2025-06-28"/></property></concept><concept><code value="NPU01933"/><display value="B—Eosinophilocytter; antalk. = ? × 10^9/L"/><property><code value="status"/><valueCode value="active"/></property><property><code value="effectiveDate"/><valueDateTime value="2025-06-28"/></property></concept><concept><code value="NPU01349"/><display value="B—Basophilocytter; antalk. = ? × 10^9/L"/><property><code value="status"/><valueCode value="active"/></property><property><code value="effectiveDate"/><valueDateTime value="2025-06-28"/></property></concept><concept><code value="NPU22089"/><display value="P(kB)—Glucose; stofk. = ? mmol/L"/><property><code value="status"/><valueCode value="active"/></property><property><code value="effectiveDate"/><valueDateTime value="2025-06-28"/></property></concept><concept><code value="NPU01685"/><display value="P—Koagulation, vævsfaktor-induceret; rel.tid(aktuel/norm; INR; IRP 67/40; proc.) = ?"/><property><code value="status"/><valueCode value="active"/></property><property><code value="effectiveDate"/><valueDateTime value="2025-06-28"/></property></concept><concept><code value="NPU03429"/><display value="P—Natrium-ion; stofk. = ? mmol/L"/><property><code value="status"/><valueCode value="active"/></property><property><code value="effectiveDate"/><valueDateTime value="2025-06-28"/></property></concept><concept><code value="NPU03230"/><display value="P—Kalium-ion; stofk. = ? mmol/L"/><property><code value="status"/><valueCode value="active"/></property><property><code value="effectiveDate"/><valueDateTime value="2025-06-28"/></property></concept><concept><code value="NPU01536"/><display value="P—Chlorid; stofk. = ? mmol/L"/><property><code value="status"/><valueCode value="active"/></property><property><code value="effectiveDate"/><valueDateTime value="2025-06-28"/></property></concept><concept><code value="NPU04144"/><display value="P—Calcium-ion(frit); stofk.(pH = 7,40; proc.) = ? mmol/L"/><property><code value="status"/><valueCode value="active"/></property><property><code value="effectiveDate"/><valueDateTime value="2025-06-28"/></property></concept><concept><code value="NPU02319"/><display value="B—Hæmoglobin(Fe); stofk. = ? mmol/L"/><property><code value="status"/><valueCode value="active"/></property><property><code value="effectiveDate"/><valueDateTime value="2025-06-28"/></property></concept><concept><code value="NPU02187"/><display value="B—Glucose; stofk. = ? mmol/L"/><property><code value="status"/><valueCode value="active"/></property><property><code value="effectiveDate"/><valueDateTime value="2025-06-28"/></property></concept><concept><code value="NPU21531"/><display value="P(vB)—Glucose; stofk. = ? mmol/L"/><property><code value="status"/><valueCode value="active"/></property><property><code value="effectiveDate"/><valueDateTime value="2025-06-28"/></property></concept><concept><code value="NPU01459"/><display value="P—Carbamid; stofk. = ? mmol/L"/><property><code value="status"/><valueCode value="active"/></property><property><code value="effectiveDate"/><valueDateTime value="2025-06-28"/></property></concept><concept><code value="NPU04998"/><display value="P—Creatininium; stofk.(enz.) = ? µmol/L"/><property><code value="status"/><valueCode value="active"/></property><property><code value="effectiveDate"/><valueDateTime value="2025-06-28"/></property></concept><concept><code value="NPU18016"/><display value="P—Creatininium; stofk. = ? µmol/L"/><property><code value="status"/><valueCode value="active"/></property><property><code value="effectiveDate"/><valueDateTime value="2025-06-28"/></property></concept><concept><code value="NPU04206"/><display value="U—Protein; arb.k.(proc.) = ?"/><property><code value="status"/><valueCode value="active"/></property><property><code value="effectiveDate"/><valueDateTime value="2025-06-28"/></property></concept><concept><code value="NPU21578"/><display value="U—Nitrit; arb.k.(proc.) = ?"/><property><code value="status"/><valueCode value="active"/></property><property><code value="effectiveDate"/><valueDateTime value="2025-06-28"/></property></concept><concept><code value="NPU04207"/><display value="U—Glucose; arb.k.(proc.) = ?"/><property><code value="status"/><valueCode value="active"/></property><property><code value="effectiveDate"/><valueDateTime value="2025-06-28"/></property></concept><concept><code value="NPU03987"/><display value="U—Leukocytter; arb.k.(proc.) = ?"/><property><code value="status"/><valueCode value="active"/></property><property><code value="effectiveDate"/><valueDateTime value="2025-06-28"/></property></concept><concept><code value="NPU04208"/><display value="U—Hæmoglobin; arb.k.(proc.) = ?"/><property><code value="status"/><valueCode value="active"/></property><property><code value="effectiveDate"/><valueDateTime value="2025-06-28"/></property></concept><concept><code value="NPU10504"/><display value="U—Acetoacetat; arb.k.(proc.) = ?"/><property><code value="status"/><valueCode value="active"/></property><property><code value="effectiveDate"/><valueDateTime value="2025-06-28"/></property></concept><concept><code value="NPU16328"/><display value="U(midtstråle)—Bacterium+fungus; taxon(proc.) = ?"/><property><code value="status"/><valueCode value="active"/></property><property><code value="effectiveDate"/><valueDateTime value="2025-06-28"/></property></concept><concept><code value="NPU18542"/><display value="U(spec.)—Bacterium+fungus; taxon(proc.) = ?"/><property><code value="status"/><valueCode value="active"/></property><property><code value="effectiveDate"/><valueDateTime value="2025-06-28"/></property></concept><concept><code value="NPU16271"/><display value="Ex—Bacterium+fungus; taxon(proc.) = ?"/><property><code value="status"/><valueCode value="active"/></property><property><code value="effectiveDate"/><valueDateTime value="2025-06-28"/></property></concept><concept><code value="NPU03794"/><display value="Pt—Legeme; højde = ? m"/><property><code value="status"/><valueCode value="active"/></property><property><code value="effectiveDate"/><valueDateTime value="2025-06-28"/></property></concept><concept><code value="NPU03804"/><display value="Pt—Legeme; masse = ? kg"/><property><code value="status"/><valueCode value="active"/></property><property><code value="effectiveDate"/><valueDateTime value="2025-06-28"/></property></concept><concept><code value="NPU03963"/><display value="U—Erythrocytter; arb.k.(proc.) = ?"/><property><code value="status"/><valueCode value="active"/></property><property><code value="effectiveDate"/><valueDateTime value="2025-11-18"/></property></concept></CodeSystem>