<?xml version="1.0" encoding="UTF-8"?>

<Communication xmlns="http://hl7.org/fhir">
  <id value="fe2eb07e-690f-11ed-9022-0242ac120002"/>
  <meta>
    <profile value="http://medcomfhir.dk/ig/carecommunication/StructureDefinition/medcom-careCommunication-communication"/>
  </meta>
  <text>
    <status value="generated"/><div xmlns="http://www.w3.org/1999/xhtml"><p><b>Generated Narrative: Communication</b><a name="fe2eb07e-690f-11ed-9022-0242ac120002"> </a></p><div style="display: inline-block; background-color: #d9e0e7; padding: 6px; margin: 4px; border: 1px solid #8da1b4; border-radius: 5px; line-height: 60%"><p style="margin-bottom: 0px">Resource Communication &quot;fe2eb07e-690f-11ed-9022-0242ac120002&quot; </p><p style="margin-bottom: 0px">Profile: <a href="StructureDefinition-medcom-careCommunication-communication.html">MedComCareCommunication</a></p></div><p><b>status</b>: unknown</p><p><b>category</b>: Care Coordination <span style="background: LightGoldenRodYellow; margin: 4px; border: 1px solid khaki"> (<a href="http://medcomfhir.dk/ig/terminology/1.3.0/CodeSystem-medcom-careCommunication-categoryCodes.html">MedComCareCommunicationCategories</a>#carecoordination)</span></p><p><b>subject</b>: <a href="Patient-1f697de4-551c-11ed-bdc3-0242ac120002.html">Patient/1f697de4-551c-11ed-bdc3-0242ac120002</a> &quot; ELMER&quot;</p><h3>Payloads</h3><table class="grid"><tr><td>-</td><td><b>Extension</b></td><td><b>Content[x]</b></td></tr><tr><td>*</td><td>, , </td><td>Regarding the rehabilitation plan, please notice that...</td></tr></table></div>
  </text>
  <status value="unknown"/>
  <category>
    <coding>
      <system value="http://medcomfhir.dk/ig/terminology/CodeSystem/medcom-careCommunication-categoryCodes"/>
      <code value="carecoordination"/>
    </coding>
  </category>
  <subject>
    <reference value="Patient/1f697de4-551c-11ed-bdc3-0242ac120002"/>
  </subject>
  <payload>
    <extension url="http://medcomfhir.dk/ig/carecommunication/StructureDefinition/medcom-carecommunication-datetime-extension">
      <valueDateTime value="2023-03-01T12:00:00+01:00"/>
    </extension>
    <extension url="http://medcomfhir.dk/ig/carecommunication/StructureDefinition/medcom-carecommunication-author-extension">
      <valueReference>
        <reference value="PractitionerRole/39d3af60-551c-11ed-bdc3-0242ac120002"/>
      </valueReference>
    </extension>
    <extension url="http://medcomfhir.dk/ig/carecommunication/StructureDefinition/medcom-carecommunication-author-contact-extension">
      <valueContactPoint>
        <system value="phone"/>
        <value value="38683868"/>
      </valueContactPoint>
    </extension>
    <contentString value="Regarding the rehabilitation plan, please notice that..."/>
  </payload>
</Communication>