<?xml version="1.0" encoding="UTF-8"?>

<PractitionerRole xmlns="http://hl7.org/fhir">
  <id value="8dc790ba-8d93-4585-b91c-af8225b0796d"/>
  <meta>
    <profile value="http://medcomfhir.dk/ig/core/StructureDefinition/medcom-core-practitionerrole"/>
  </meta>
  <text>
    <status value="generated"/><div xmlns="http://www.w3.org/1999/xhtml"><p><b>Generated Narrative: PractitionerRole</b><a name="8dc790ba-8d93-4585-b91c-af8225b0796d"> </a></p><div style="display: inline-block; background-color: #d9e0e7; padding: 6px; margin: 4px; border: 1px solid #8da1b4; border-radius: 5px; line-height: 60%"><p style="margin-bottom: 0px">Resource PractitionerRole &quot;8dc790ba-8d93-4585-b91c-af8225b0796d&quot; </p><p style="margin-bottom: 0px">Profile: <a href="http://medcomfhir.dk/ig/core/2.1.0/StructureDefinition-medcom-core-practitionerrole.html">MedComCorePractitionerRole</a></p></div><p><b>practitioner</b>: <a href="Practitioner-8659596f-6ef4-421c-9ecd-94b65e4d5ff8.html">Practitioner/8659596f-6ef4-421c-9ecd-94b65e4d5ff8</a> &quot; BURNS&quot;</p><p><b>code</b>: Sygeplejerske <span style="background: LightGoldenRodYellow; margin: 4px; border: 1px solid khaki"> (<a href="http://medcomfhir.dk/ig/terminology/1.3.0/CodeSystem-medcom-core-PractitionerRolesSKSadministrativ.html">MedComCorePractitionerRolesSKSadministrativ</a>#sygeplejerske)</span></p></div>
  </text>
  <practitioner>
    <reference value="Practitioner/8659596f-6ef4-421c-9ecd-94b65e4d5ff8"/>
  </practitioner>
  <code>
    <coding>
      <system value="http://medcomfhir.dk/ig/terminology/CodeSystem/medcom-core-PractitionerRolesSKSadministrativ"/>
      <code value="sygeplejerske"/>
    </coding>
  </code>
</PractitionerRole>