<?xml version="1.0" encoding="UTF-8"?><TestScript xmlns="http://hl7.org/fhir"><id value="acknowledgement-send-fatal-error-hospitalnotification"/><meta><profile value="http://touchstone.aegis.net/touchstone/fhir/testing/StructureDefinition/testscript"/></meta><url value="http://medcomfhir.dk/ig/acknowledgementtestscript/acknowledgement-send-fatal-error-hospitalnotification"/><version value="2.0.0"/><name value="AcknowledgementTestScript"/><title value="Send acknowledgement - Fatal Error"/><status value="active"/><date value="2023-05-25"/><publisher value="MedCom"/><contact><name value="MedCom"/><telecom><system value="email"/><value value="mailto:fhir@medcom.dk"/></telecom></contact><description value="Send acknowledgement - Fatal Error"/><copyright value="MedCom 2023"/><origin><index value="1"/><profile><system value="http://terminology.hl7.org/CodeSystem/testscript-profile-origin-types"/><code value="FHIR-Client"/></profile></origin><destination><index value="1"/><profile><system value="http://terminology.hl7.org/CodeSystem/testscript-profile-destination-types"/><code value="FHIR-Server"/></profile></destination><fixture id="create-STIN-01"><autocreate value="false"/><autodelete value="false"/><resource><reference value="/FHIRSandbox/MedCom/Acknowledgement/draft/Send/Fixtures/HospitalNotification-fixture-STIN-fatal-error.xml"/></resource></fixture><fixture id="create-fatal-error-02"><autocreate value="false"/><autodelete value="false"/><resource><reference value="/FHIRSandbox/MedCom/Acknowledgement/draft/Send/Fixtures/Acknowledgement-fixture.xml"/></resource></fixture><profile id="acknowledgement"><reference value="http://medcomfhir.dk/ig/acknowledgement/StructureDefinition/medcom-messaging-acknowledgement"/></profile><variable><name value="destinationUri-STIN"/><expression value="Bundle.entry.resource.ofType(MessageHeader).destination.endpoint"/><sourceId value="create-STIN-01"/></variable><variable><name value="bundleid-STIN-01"/><expression value="Bundle.id"/><sourceId value="create-STIN-01"/></variable><variable><name value="messageHeaderid-STIN"/><expression value="Bundle.entry[0].fullUrl"/><sourceId value="create-STIN-01"/></variable><setup><action><operation><type><system value="http://terminology.hl7.org/CodeSystem/testscript-operation-codes"/><code value="delete"/></type><resource value="Bundle"/><description value="System-generated search and delete operations from conditional delete on Bundle MessageHeader.destination.endpoint"/><accept value="xml"/><encodeRequestUrl value="true"/><params value="?message.destination-uri=${destinationUri-STIN}"/></operation></action><action><operation><type><system value="http://terminology.hl7.org/CodeSystem/testscript-operation-codes"/><code value="create"/></type><resource value="Bundle"/><description value="Create the Bundle resource in XML format on the destination server."/><accept value="xml"/><contentType value="xml"/><encodeRequestUrl value="true"/><sourceId value="create-STIN-01"/></operation></action><action><operation><type><system value="http://terminology.hl7.org/CodeSystem/testscript-operation-codes"/><code value="updateCreate"/></type><resource value="Bundle"/><description value="Update the Bundle.id in XML format on the destination server, so it corresponds to $bundleid-STIN-01."/><accept value="xml"/><contentType value="xml"/><encodeRequestUrl value="true"/><params value="/${bundleid-STIN-01}"/><sourceId value="create-STIN-01"/></operation></action><action><assert><description value="Confirm that the returned HTTP status is okay or created."/><direction value="response"/><operator value="in"/><responseCode value="200,201"/><warningOnly value="false"/></assert></action></setup><test id="message-read-STIN-01"><name value="Get a STIN message 01"/><description value="GET a message. The expected response is a 200(OK) with a payload of the message resource in XML format."/><action><operation><type><system value="http://terminology.hl7.org/CodeSystem/testscript-operation-codes"/><code value="read"/></type><resource value="Bundle"/><description value="Receive message"/><accept value="xml"/><destination value="1"/><encodeRequestUrl value="true"/><origin value="1"/><params value="/${bundleid-STIN-01}"/></operation></action><action><assert><description value="Confirm that the returned HTTP status is okay or created."/><direction value="response"/><operator value="in"/><responseCode value="200,201"/><warningOnly value="false"/></assert></action></test><test id="message-create-fatal-error-02"><name value="Create an Acknowledegment fatal-error Message 02"/><description value="Post Acknowledegment to the server."/><action><operation><type><system value="http://terminology.hl7.org/CodeSystem/testscript-operation-codes"/><code value="create"/></type><resource value="Bundle"/><description value="Post an Acknowledegment"/><destination value="1"/><encodeRequestUrl value="true"/><origin value="1"/><requestId value="create-message-fatal-error-02"/><sourceId value="create-fatal-error-02"/></operation></action><action><assert><description value="Confirm that the returned HTTP status is okay or created."/><direction value="response"/><operator value="in"/><responseCode value="200,201"/><warningOnly value="false"/></assert></action><action><assert><description value="Confirm that the client request payload contains a Bundle resource type."/><direction value="request"/><resource value="Bundle"/><warningOnly value="false"/></assert></action><action><assert><description value="Validates the bundle against http://medcomfhir.dk/ig/acknowledgement/StructureDefinition/medcom-messaging-acknowledgement"/><direction value="request"/><validateProfileId value="acknowledgement"/><warningOnly value="false"/></assert></action><action><assert><description value="Confirm that the previous MessageHeader fullURL is identical to Provenance.entity.what"/><direction value="request"/><expression value="Bundle.entry.resource.ofType(Provenance).where(entity.what.reference = '${messageHeaderid-STIN}').count() = 1"/><warningOnly value="false"/></assert></action><action><assert><description value="Confirm that the request resource contains the expected eventCoding.code."/><direction value="request"/><expression value="Bundle.entry.resource.ofType(MessageHeader).event.as(Coding).select(code = 'acknowledgement-message').allTrue()"/><warningOnly value="false"/></assert></action><action><assert><description value="Confirm that MessageHeader.responseCode equals to fatal-error"/><direction value="request"/><expression value="Bundle.entry.resource.ofType(MessageHeader).response.code = 'fatal-error'"/><warningOnly value="false"/></assert></action><action><assert><description value="Confirm that a OperationOutcome instance is included, when the responseCode is 'transient-error' or 'fatal-error'"/><direction value="request"/><expression value="Bundle.entry.resource.ofType(MessageHeader).response.code = 'ok' or ((Bundle.entry.resource.ofType(MessageHeader).response.code = 'transient-error' or Bundle.entry.resource.ofType(MessageHeader).response.code = 'fatal-error') and Bundle.entry.resource.ofType(OperationOutcome).exists())"/><warningOnly value="false"/></assert></action><action><assert><description value="Confirm that the role is set to revision. Not used when testing the first message in a stream"/><direction value="request"/><expression value="Bundle.entry.resource.ofType(Provenance).entity.role"/><operator value="equals"/><value value="revision"/><warningOnly value="false"/></assert></action><action><assert><description value="Confirm that the target reference in Provenance equals MessageHeader.id"/><direction value="request"/><expression value="Bundle.entry.resource.ofType(Provenance).where(target.reference = %resource.entry[0].fullUrl).exists()"/><warningOnly value="false"/></assert></action><action><assert><description value="Confirm that 2 Provenance instances exists."/><direction value="request"/><expression value="Bundle.entry.resource.ofType(Provenance).count() = 2"/><warningOnly value="false"/></assert></action><action><assert><description value="Confirm that the one Provenance instance contains the expected activity code."/><direction value="request"/><expression value="Bundle.entry.resource.ofType(Provenance).where(activity.coding.code = 'acknowledgement').count() = 1"/><warningOnly value="false"/></assert></action></test></TestScript>