<?xml version="1.0" encoding="UTF-8"?><TestScript xmlns="http://hl7.org/fhir"><id value="acknowledgement-receive-transient-error"/><meta><profile value="http://touchstone.aegis.net/touchstone/fhir/testing/StructureDefinition/testscript"/></meta><url value="http://medcomfhir.dk/ig/acknowledgementtestscript/acknowledgement-receive-transient-error"/><version value="2.0.0"/><name value="AcknowledgementTestScript"/><title value="Receive Acknowledgement - Transient Error"/><status value="active"/><date value="2023-05-25"/><publisher value="MedCom"/><contact><name value="MedCom"/><telecom><system value="email"/><value value="mailto:fhir@medcom.dk"/></telecom></contact><description value="Receive Acknowledgement - Transient Error"/><copyright value="MedCom 2023"/><origin><index value="1"/><profile><system value="http://terminology.hl7.org/CodeSystem/testscript-profile-origin-types"/><code value="FHIR-Client"/></profile></origin><destination><index value="1"/><profile><system value="http://terminology.hl7.org/CodeSystem/testscript-profile-destination-types"/><code value="FHIR-Server"/></profile></destination><fixture id="create-transient-error-01"><autocreate value="false"/><autodelete value="false"/><resource><reference value="/FHIRSandbox/MedCom/Acknowledgement/draft/Receive/Fixtures/Acknowledgement-fixture-transient-error.xml"/></resource></fixture><variable><name value="destinationUri-transient-error"/><expression value="Bundle.entry.resource.ofType(MessageHeader).destination.endpoint"/><sourceId value="create-transient-error-01"/></variable><variable><name value="bundleid-transient-error-01"/><expression value="Bundle.id"/><sourceId value="create-transient-error-01"/></variable><variable><name value="messageHeaderid-transient-error"/><expression value="Bundle.entry[0].fullUrl"/><sourceId value="create-transient-error-01"/></variable><setup><action><operation><type><system value="http://terminology.hl7.org/CodeSystem/testscript-operation-codes"/><code value="delete"/></type><resource value="Bundle"/><description value="System-generated search and delete operations from conditional delete on Bundle MessageHeader.destination.endpoint"/><accept value="xml"/><encodeRequestUrl value="true"/><params value="?message.destination-uri=${destinationUri-transient-error}"/></operation></action><action><operation><type><system value="http://terminology.hl7.org/CodeSystem/testscript-operation-codes"/><code value="create"/></type><resource value="Bundle"/><description value="Create the Bundle resource in XML format on the destination server."/><accept value="xml"/><contentType value="xml"/><encodeRequestUrl value="true"/><sourceId value="create-transient-error-01"/></operation></action><action><operation><type><system value="http://terminology.hl7.org/CodeSystem/testscript-operation-codes"/><code value="updateCreate"/></type><resource value="Bundle"/><description value="Update the Bundle.id in XML format on the destination server, so it corresponds to $bundleid-transient-error-01."/><accept value="xml"/><contentType value="xml"/><encodeRequestUrl value="true"/><params value="/${bundleid-transient-error-01}"/><sourceId value="create-transient-error-01"/></operation></action><action><assert><description value="Confirm that the returned HTTP status is okay or created."/><direction value="response"/><operator value="in"/><responseCode value="200,201"/><warningOnly value="false"/></assert></action></setup><test id="message-read-transient-error-01"><name value="Get a transient-error message 01"/><description value="GET a message. The expected response is a 200(OK) with a payload of the message resource in XML format."/><action><operation><type><system value="http://terminology.hl7.org/CodeSystem/testscript-operation-codes"/><code value="read"/></type><resource value="Bundle"/><description value="Receive message"/><accept value="xml"/><destination value="1"/><encodeRequestUrl value="true"/><origin value="1"/><params value="/${bundleid-transient-error-01}"/></operation></action><action><assert><description value="Confirm that the returned HTTP status is okay or created."/><direction value="response"/><operator value="in"/><responseCode value="200,201"/><warningOnly value="false"/></assert></action></test></TestScript>