{"resourceType":"CodeSystem","id":"medcom-core-PractitionerRolesAutorisationsregistret","text":{"status":"generated","div":"<div xmlns=\"http://www.w3.org/1999/xhtml\"><p class=\"res-header-id\"><b>Generated Narrative: CodeSystem medcom-core-PractitionerRolesAutorisationsregistret</b></p><a name=\"medcom-core-PractitionerRolesAutorisationsregistret\"> </a><a name=\"hcmedcom-core-PractitionerRolesAutorisationsregistret\"> </a><p><b>Properties</b></p><p><b>This code system defines the following properties for its concepts</b></p><table class=\"grid\"><tr><td><b>Name</b></td><td><b>Code</b></td><td><b>URI</b></td><td><b>Type</b></td><td><b>Description</b></td></tr><tr><td>status</td><td>status</td><td>http://hl7.org/fhir/concept-properties#status</td><td>code</td><td>A property that indicates the status of the concept. One of active, experimental, deprecated, or retired.</td></tr><tr><td>effectiveDate</td><td>effectiveDate</td><td>http://hl7.org/fhir/concept-properties#effectiveDate</td><td>dateTime</td><td>The date at which the concept status was last changed.</td></tr></table><p><b>Concepts</b></p><p>This case-insensitive code system <code>http://medcomfhir.dk/ig/terminology/CodeSystem/medcom-core-PractitionerRolesAutorisationsregistret</code> defines the following codes:</p><table class=\"codes\"><tr><td style=\"white-space:nowrap\"><b>Code</b></td><td><b>Display</b></td><td><b>status</b></td><td><b>effectiveDate</b></td></tr><tr><td style=\"white-space:nowrap\">ambulancebehandler<a name=\"medcom-core-PractitionerRolesAutorisationsregistret-ambulancebehandler\"> </a></td><td>Ambulancebehandler</td><td>active</td><td>2022-10-05</td></tr><tr><td style=\"white-space:nowrap\">bandagist<a name=\"medcom-core-PractitionerRolesAutorisationsregistret-bandagist\"> </a></td><td>Bandagist</td><td>active</td><td>2022-10-05</td></tr><tr><td style=\"white-space:nowrap\">behandlerfarmaceut<a name=\"medcom-core-PractitionerRolesAutorisationsregistret-behandlerfarmaceut\"> </a></td><td>Behandlerfarmaceut</td><td>active</td><td>2022-10-05</td></tr><tr><td style=\"white-space:nowrap\">bioanalytiker<a name=\"medcom-core-PractitionerRolesAutorisationsregistret-bioanalytiker\"> </a></td><td>Bioanalytiker</td><td>active</td><td>2022-10-05</td></tr><tr><td style=\"white-space:nowrap\">ergoterapeut<a name=\"medcom-core-PractitionerRolesAutorisationsregistret-ergoterapeut\"> </a></td><td>Ergoterapeut</td><td>active</td><td>2022-10-05</td></tr><tr><td style=\"white-space:nowrap\">fodterapeut<a name=\"medcom-core-PractitionerRolesAutorisationsregistret-fodterapeut\"> </a></td><td>Fodterapeut</td><td>active</td><td>2022-10-05</td></tr><tr><td style=\"white-space:nowrap\">fysioterapeut<a name=\"medcom-core-PractitionerRolesAutorisationsregistret-fysioterapeut\"> </a></td><td>Fysioterapeut</td><td>active</td><td>2022-10-05</td></tr><tr><td style=\"white-space:nowrap\">jordemoder<a name=\"medcom-core-PractitionerRolesAutorisationsregistret-jordemoder\"> </a></td><td>Jordemoder</td><td>active</td><td>2022-10-05</td></tr><tr><td style=\"white-space:nowrap\">kiropraktor<a name=\"medcom-core-PractitionerRolesAutorisationsregistret-kiropraktor\"> </a></td><td>Kiropraktor</td><td>active</td><td>2022-10-05</td></tr><tr><td style=\"white-space:nowrap\">kliniskdiaetist<a name=\"medcom-core-PractitionerRolesAutorisationsregistret-kliniskdiaetist\"> </a></td><td>Kliniskdiætist</td><td>active</td><td>2022-10-05</td></tr><tr><td style=\"white-space:nowrap\">klinisktandtekniker<a name=\"medcom-core-PractitionerRolesAutorisationsregistret-klinisktandtekniker\"> </a></td><td>Klinisktandkliniker</td><td>active</td><td>2022-10-05</td></tr><tr><td style=\"white-space:nowrap\">laege<a name=\"medcom-core-PractitionerRolesAutorisationsregistret-laege\"> </a></td><td>Læge</td><td>active</td><td>2022-10-05</td></tr><tr><td style=\"white-space:nowrap\">optikerogoptometrist<a name=\"medcom-core-PractitionerRolesAutorisationsregistret-optikerogoptometrist\"> </a></td><td>Optiker og Optometrist</td><td>active</td><td>2022-10-05</td></tr><tr><td style=\"white-space:nowrap\">osteopat<a name=\"medcom-core-PractitionerRolesAutorisationsregistret-osteopat\"> </a></td><td>Osteopat</td><td>active</td><td>2022-10-05</td></tr><tr><td style=\"white-space:nowrap\">radiograf<a name=\"medcom-core-PractitionerRolesAutorisationsregistret-radiograf\"> </a></td><td>Radiograf</td><td>active</td><td>2022-10-05</td></tr><tr><td style=\"white-space:nowrap\">socialogsundhedsassistent<a name=\"medcom-core-PractitionerRolesAutorisationsregistret-socialogsundhedsassistent\"> </a></td><td>Social- og sundhedsassistent</td><td>active</td><td>2022-10-05</td></tr><tr><td style=\"white-space:nowrap\">sygeplejerske<a name=\"medcom-core-PractitionerRolesAutorisationsregistret-sygeplejerske\"> </a></td><td>Sygeplejerske</td><td>active</td><td>2022-10-05</td></tr><tr><td style=\"white-space:nowrap\">tandlaege<a name=\"medcom-core-PractitionerRolesAutorisationsregistret-tandlaege\"> </a></td><td>Tandlæge</td><td>active</td><td>2022-10-05</td></tr><tr><td style=\"white-space:nowrap\">tandplejer<a name=\"medcom-core-PractitionerRolesAutorisationsregistret-tandplejer\"> </a></td><td>Tandplejer</td><td>active</td><td>2022-10-05</td></tr></table></div>"},"url":"http://medcomfhir.dk/ig/terminology/CodeSystem/medcom-core-PractitionerRolesAutorisationsregistret","version":"1.8.1","name":"MedComCorePractitionerRolesAutorisationsregistret","title":"MedComCorePractitionerRolesAutorisationsregistret","status":"active","experimental":false,"date":"2025-09-22","publisher":"MedCom","contact":[{"name":"MedCom","telecom":[{"system":"url","value":"http://www.medcom.dk"}]}],"description":"CodeSystem containing codes for practionerroles (Danish:Stillingsbetegnelser) from [autorisationsregistret](https://stps.dk/da/autorisation/opslagautreg/) ","jurisdiction":[{"coding":[{"system":"urn:iso:std:iso:3166","code":"DK","display":"Denmark"}]}],"caseSensitive":false,"content":"complete","count":19,"property":[{"code":"status","uri":"http://hl7.org/fhir/concept-properties#status","description":"A property that indicates the status of the concept. One of active, experimental, deprecated, or retired.","type":"code"},{"code":"effectiveDate","uri":"http://hl7.org/fhir/concept-properties#effectiveDate","description":"The date at which the concept status was last changed.","type":"dateTime"}],"concept":[{"code":"ambulancebehandler","display":"Ambulancebehandler","property":[{"code":"status","valueCode":"active"},{"code":"effectiveDate","valueDateTime":"2022-10-05"}]},{"code":"bandagist","display":"Bandagist","property":[{"code":"status","valueCode":"active"},{"code":"effectiveDate","valueDateTime":"2022-10-05"}]},{"code":"behandlerfarmaceut","display":"Behandlerfarmaceut","property":[{"code":"status","valueCode":"active"},{"code":"effectiveDate","valueDateTime":"2022-10-05"}]},{"code":"bioanalytiker","display":"Bioanalytiker","property":[{"code":"status","valueCode":"active"},{"code":"effectiveDate","valueDateTime":"2022-10-05"}]},{"code":"ergoterapeut","display":"Ergoterapeut","property":[{"code":"status","valueCode":"active"},{"code":"effectiveDate","valueDateTime":"2022-10-05"}]},{"code":"fodterapeut","display":"Fodterapeut","property":[{"code":"status","valueCode":"active"},{"code":"effectiveDate","valueDateTime":"2022-10-05"}]},{"code":"fysioterapeut","display":"Fysioterapeut","property":[{"code":"status","valueCode":"active"},{"code":"effectiveDate","valueDateTime":"2022-10-05"}]},{"code":"jordemoder","display":"Jordemoder","property":[{"code":"status","valueCode":"active"},{"code":"effectiveDate","valueDateTime":"2022-10-05"}]},{"code":"kiropraktor","display":"Kiropraktor","property":[{"code":"status","valueCode":"active"},{"code":"effectiveDate","valueDateTime":"2022-10-05"}]},{"code":"kliniskdiaetist","display":"Kliniskdiætist","property":[{"code":"status","valueCode":"active"},{"code":"effectiveDate","valueDateTime":"2022-10-05"}]},{"code":"klinisktandtekniker","display":"Klinisktandkliniker","property":[{"code":"status","valueCode":"active"},{"code":"effectiveDate","valueDateTime":"2022-10-05"}]},{"code":"laege","display":"Læge","property":[{"code":"status","valueCode":"active"},{"code":"effectiveDate","valueDateTime":"2022-10-05"}]},{"code":"optikerogoptometrist","display":"Optiker og Optometrist","property":[{"code":"status","valueCode":"active"},{"code":"effectiveDate","valueDateTime":"2022-10-05"}]},{"code":"osteopat","display":"Osteopat","property":[{"code":"status","valueCode":"active"},{"code":"effectiveDate","valueDateTime":"2022-10-05"}]},{"code":"radiograf","display":"Radiograf","property":[{"code":"status","valueCode":"active"},{"code":"effectiveDate","valueDateTime":"2022-10-05"}]},{"code":"socialogsundhedsassistent","display":"Social- og sundhedsassistent","property":[{"code":"status","valueCode":"active"},{"code":"effectiveDate","valueDateTime":"2022-10-05"}]},{"code":"sygeplejerske","display":"Sygeplejerske","property":[{"code":"status","valueCode":"active"},{"code":"effectiveDate","valueDateTime":"2022-10-05"}]},{"code":"tandlaege","display":"Tandlæge","property":[{"code":"status","valueCode":"active"},{"code":"effectiveDate","valueDateTime":"2022-10-05"}]},{"code":"tandplejer","display":"Tandplejer","property":[{"code":"status","valueCode":"active"},{"code":"effectiveDate","valueDateTime":"2022-10-05"}]}]}