{"resourceType":"ValueSet","id":"npu-observation-codes-valueset","text":{"status":"generated","div":"<div xmlns=\"http://www.w3.org/1999/xhtml\"><p class=\"res-header-id\"><b>Generated Narrative: ValueSet npu-observation-codes-valueset</b></p><a name=\"npu-observation-codes-valueset\"> </a><a name=\"hcnpu-observation-codes-valueset\"> </a><ul><li>Include all codes defined in <a href=\"CodeSystem-npu-observation-codes.html\"><code>urn:oid:1.2.208.176.2.1</code></a></li></ul></div>"},"url":"http://medcomfhir.dk/ig/terminology/ValueSet/npu-observation-codes-valueset","version":"1.0.0","name":"NPUObservationCodesValueSet","title":"NPUObservationCodesValueSet","status":"draft","date":"2025-06-28","publisher":"MedCom","contact":[{"name":"MedCom","telecom":[{"system":"url","value":"http://www.medcom.dk"}]}],"description":"ValuseSet with NPU observations Codes","jurisdiction":[{"coding":[{"system":"urn:iso:std:iso:3166","code":"DK","display":"Denmark"}]}],"compose":{"include":[{"system":"urn:oid:1.2.208.176.2.1"}]}}