{
  "resourceType" : "CodeSystem",
  "id" : "66f0880c-d5eb-4829-9dbb-3f3455ae914b-15",
  "url" : "http://hl7.org/fhir/comparison/CodeSystem/66f0880c-d5eb-4829-9dbb-3f3455ae914b-15",
  "name" : "IntersectionMedComMessagingDesinationUseCodesAndMedComMessagingDesinationUseCodes",
  "title" : "Intersection of MedComMessagingDestinationUse And MedComMessagingDestinationUse",
  "status" : "active",
  "date" : "2024-02-14T09:11:58+01:00",
  "jurisdiction" : [{
    "coding" : [{
      "system" : "urn:iso:std:iso:3166",
      "code" : "DK",
      "display" : "Denmark"
    }]
  }],
  "concept" : [{
    "code" : "primary",
    "display" : "Primary destination"
  },
  {
    "code" : "cc",
    "display" : "Carbon-copy destination"
  }]
}