{
  "resourceType" : "ValueSet",
  "id" : "66f0880c-d5eb-4829-9dbb-3f3455ae914b-29",
  "url" : "http://hl7.org/fhir/comparison/ValueSet/66f0880c-d5eb-4829-9dbb-3f3455ae914b-29",
  "name" : "UnionMedComCareCommunicationCategoriesAndMedComCareCommunicationCategories",
  "title" : "Union of MedComCareCommunicationCategoryCodes And MedComCareCommunicationCategoryCodes",
  "status" : "active",
  "date" : "2024-02-14T09:11:58+01:00",
  "jurisdiction" : [{
    "coding" : [{
      "system" : "urn:iso:std:iso:3166",
      "code" : "DK",
      "display" : "Denmark"
    }]
  }]
}