{
  "resourceType" : "ValueSet",
  "id" : "66f0880c-d5eb-4829-9dbb-3f3455ae914b-39",
  "url" : "http://hl7.org/fhir/comparison/ValueSet/66f0880c-d5eb-4829-9dbb-3f3455ae914b-39",
  "name" : "IntersectionMedComCoreAttachmentMimeTypesAndMedComCoreAttachmentMimeTypes",
  "title" : "Intersection of MedComCoreAttachmentMimeTypes And MedComCoreAttachmentMimeTypes",
  "status" : "active",
  "date" : "2024-02-14T09:11:58+01:00",
  "jurisdiction" : [{
    "coding" : [{
      "system" : "urn:iso:std:iso:3166",
      "code" : "DK",
      "display" : "Denmark"
    }]
  }],
  "compose" : {
    "include" : [{
      "concept" : [{
        "code" : "application/pdf",
        "display" : "Adobe Portable Document Format"
      },
      {
        "code" : "image/gif",
        "display" : "Graphics Interchange Format"
      },
      {
        "code" : "image/jpeg",
        "display" : "JPEG Image"
      },
      {
        "code" : "image/png",
        "display" : "Portable Network Graphics (PNG)"
      }]
    }]
  }
}