{
  "resourceType" : "ValueSet",
  "id" : "66f0880c-d5eb-4829-9dbb-3f3455ae914b-36",
  "url" : "http://hl7.org/fhir/comparison/ValueSet/66f0880c-d5eb-4829-9dbb-3f3455ae914b-36",
  "name" : "IntersectionMedComCareCommunicationRequestPriorityAndMedComCareCommunicationRequestPriority",
  "title" : "Intersection of MedComCareCommunicationRequestPriorityCodes And MedComCareCommunicationRequestPriorityCodes",
  "status" : "active",
  "date" : "2024-02-14T09:11:58+01:00",
  "jurisdiction" : [{
    "coding" : [{
      "system" : "urn:iso:std:iso:3166",
      "code" : "DK",
      "display" : "Denmark"
    }]
  }],
  "compose" : {
    "include" : [{
      "concept" : [{
        "code" : "routine",
        "display" : "Routine"
      },
      {
        "code" : "asap",
        "display" : "ASAP"
      }]
    }]
  }
}