<?xml version="1.0" encoding="UTF-8"?>

<PractitionerRole xmlns="http://hl7.org/fhir">
  <id value="3b1f7d8c-540e-474c-b079-89284c2de621"/>
  <meta>
    <profile value="http://medcomfhir.dk/ig/core/StructureDefinition/medcom-core-practitionerrole"/>
  </meta>
  <text>
    <status value="generated"/><div xmlns="http://www.w3.org/1999/xhtml"><p><b>Generated Narrative: PractitionerRole</b><a name="3b1f7d8c-540e-474c-b079-89284c2de621"> </a></p><div style="display: inline-block; background-color: #d9e0e7; padding: 6px; margin: 4px; border: 1px solid #8da1b4; border-radius: 5px; line-height: 60%"><p style="margin-bottom: 0px">Resource PractitionerRole &quot;3b1f7d8c-540e-474c-b079-89284c2de621&quot; </p><p style="margin-bottom: 0px">Profile: <a href="http://medcomfhir.dk/ig/core/2.2.0/StructureDefinition-medcom-core-practitionerrole.html">MedComCorePractitionerRole</a></p></div><p><b>practitioner</b>: <a href="Practitioner-6397c13d-7cb2-4834-871c-47f528bb79cf.html">Practitioner/6397c13d-7cb2-4834-871c-47f528bb79cf</a> &quot; BURNS&quot;</p><p><b>code</b>: Sygeplejerske <span style="background: LightGoldenRodYellow; margin: 4px; border: 1px solid khaki"> (<a href="http://medcomfhir.dk/ig/terminology/1.4.0/CodeSystem-medcom-core-PractitionerRolesSKSadministrativ.html">MedComCorePractitionerRolesSKSadministrativ</a>#sygeplejerske)</span></p></div>
  </text>
  <practitioner>
    <reference value="Practitioner/6397c13d-7cb2-4834-871c-47f528bb79cf"/>
  </practitioner>
  <code>
    <coding>
      <system value="http://medcomfhir.dk/ig/terminology/CodeSystem/medcom-core-PractitionerRolesSKSadministrativ"/>
      <code value="sygeplejerske"/>
    </coding>
  </code>
</PractitionerRole>