{"resourceType":"CodeSystem","id":"medcom-messaging-destinationUse","text":{"status":"generated","div":"<div xmlns=\"http://www.w3.org/1999/xhtml\"><p>This case-insensitive code system <code>http://medcomfhir.dk/ig/terminology/CodeSystem/medcom-messaging-destinationUse</code> defines the following codes:</p><table class=\"codes\"><tr><td style=\"white-space:nowrap\"><b>Code</b></td><td><b>Display</b></td></tr><tr><td style=\"white-space:nowrap\">primary<a name=\"medcom-messaging-destinationUse-primary\"> </a></td><td>Primary destination</td></tr><tr><td style=\"white-space:nowrap\">cc<a name=\"medcom-messaging-destinationUse-cc\"> </a></td><td>Carbon-copy destination</td></tr></table></div>"},"url":"http://medcomfhir.dk/ig/terminology/CodeSystem/medcom-messaging-destinationUse","version":"1.7.0","name":"MedComMessagingDesinationUseCodes","title":"MedComMessagingDestinationUse","status":"active","experimental":false,"date":"2022-09-01","publisher":"MedCom","contact":[{"name":"MedCom","telecom":[{"system":"url","value":"http://www.medcom.dk"}]}],"description":"Codes indicatin whether the use of a destination in a MedCom message header is as a primary or a carbon copy recipient of the message","jurisdiction":[{"coding":[{"system":"urn:iso:std:iso:3166","code":"DK","display":"Denmark"}]}],"caseSensitive":false,"content":"complete","count":2,"concept":[{"code":"primary","display":"Primary destination"},{"code":"cc","display":"Carbon-copy destination"}]}