{"resourceType":"ValueSet","id":"medcom-obs-responseGroup","text":{"status":"generated","div":"<div xmlns=\"http://www.w3.org/1999/xhtml\"><p class=\"res-header-id\"><b>Generated Narrative: ValueSet medcom-obs-responseGroup</b></p><a name=\"medcom-obs-responseGroup\"> </a><a name=\"hcmedcom-obs-responseGroup\"> </a><a name=\"hcmedcom-obs-responseGroup-da-DK\"> </a><ul><li>Include these codes as defined in <a href=\"CodeSystem-medcom-observation-resultGroup.html\"><code>http://medcomfhir.dk/ig/terminology/CodeSystem/medcom-observation-resultGroup</code></a><table class=\"none\"><tr><td style=\"white-space:nowrap\"><b>Code</b></td><td><b>Display</b></td></tr><tr><td><a href=\"CodeSystem-medcom-observation-resultGroup.html#medcom-observation-resultGroup-5\">5</a></td><td style=\"color: #cccccc\">Hæmatologi</td></tr><tr><td><a href=\"CodeSystem-medcom-observation-resultGroup.html#medcom-observation-resultGroup-10\">10</a></td><td style=\"color: #cccccc\">Væske- og elektrolytbalance</td></tr><tr><td><a href=\"CodeSystem-medcom-observation-resultGroup.html#medcom-observation-resultGroup-15\">15</a></td><td style=\"color: #cccccc\">Syre/base- og oxygenstatus</td></tr><tr><td><a href=\"CodeSystem-medcom-observation-resultGroup.html#medcom-observation-resultGroup-20\">20</a></td><td style=\"color: #cccccc\">Hæmostase</td></tr><tr><td><a href=\"CodeSystem-medcom-observation-resultGroup.html#medcom-observation-resultGroup-25\">25</a></td><td style=\"color: #cccccc\">Organmarkører</td></tr><tr><td><a href=\"CodeSystem-medcom-observation-resultGroup.html#medcom-observation-resultGroup-30\">30</a></td><td style=\"color: #cccccc\">Metabolisme</td></tr><tr><td><a href=\"CodeSystem-medcom-observation-resultGroup.html#medcom-observation-resultGroup-35\">35</a></td><td style=\"color: #cccccc\">Endokrinologi</td></tr><tr><td><a href=\"CodeSystem-medcom-observation-resultGroup.html#medcom-observation-resultGroup-40\">40</a></td><td style=\"color: #cccccc\">Tumormarkører</td></tr><tr><td><a href=\"CodeSystem-medcom-observation-resultGroup.html#medcom-observation-resultGroup-45\">45</a></td><td style=\"color: #cccccc\">Immunologi og inflammation</td></tr><tr><td><a href=\"CodeSystem-medcom-observation-resultGroup.html#medcom-observation-resultGroup-50\">50</a></td><td style=\"color: #cccccc\">Autoantistoffer</td></tr><tr><td><a href=\"CodeSystem-medcom-observation-resultGroup.html#medcom-observation-resultGroup-55\">55</a></td><td style=\"color: #cccccc\">Allergi</td></tr><tr><td><a href=\"CodeSystem-medcom-observation-resultGroup.html#medcom-observation-resultGroup-60\">60</a></td><td style=\"color: #cccccc\">Farmakologi</td></tr><tr><td><a href=\"CodeSystem-medcom-observation-resultGroup.html#medcom-observation-resultGroup-65\">65</a></td><td style=\"color: #cccccc\">Sporstoffer og vitaminer</td></tr><tr><td><a href=\"CodeSystem-medcom-observation-resultGroup.html#medcom-observation-resultGroup-70\">70</a></td><td style=\"color: #cccccc\">Infektion og smittemarkører</td></tr><tr><td><a href=\"CodeSystem-medcom-observation-resultGroup.html#medcom-observation-resultGroup-75\">75</a></td><td style=\"color: #cccccc\">Blodtyper og transfusion</td></tr><tr><td><a href=\"CodeSystem-medcom-observation-resultGroup.html#medcom-observation-resultGroup-80\">80</a></td><td style=\"color: #cccccc\">Vævstyper og transplantation</td></tr><tr><td><a href=\"CodeSystem-medcom-observation-resultGroup.html#medcom-observation-resultGroup-85\">85</a></td><td style=\"color: #cccccc\">Molekylær genetik</td></tr><tr><td><a href=\"CodeSystem-medcom-observation-resultGroup.html#medcom-observation-resultGroup-90\">90</a></td><td style=\"color: #cccccc\">Urin og fæces</td></tr><tr><td><a href=\"CodeSystem-medcom-observation-resultGroup.html#medcom-observation-resultGroup-95\">95</a></td><td style=\"color: #cccccc\">CSV-,led-og pleuravæske,ascites m.m</td></tr><tr><td><a href=\"CodeSystem-medcom-observation-resultGroup.html#medcom-observation-resultGroup-100\">100</a></td><td style=\"color: #cccccc\">Marv og andre biopsier</td></tr><tr><td><a href=\"CodeSystem-medcom-observation-resultGroup.html#medcom-observation-resultGroup-105\">105</a></td><td style=\"color: #cccccc\">Sæd</td></tr><tr><td><a href=\"CodeSystem-medcom-observation-resultGroup.html#medcom-observation-resultGroup-110\">110</a></td><td style=\"color: #cccccc\">Projektundersøgelser</td></tr><tr><td><a href=\"CodeSystem-medcom-observation-resultGroup.html#medcom-observation-resultGroup-115\">115</a></td><td style=\"color: #cccccc\">Andre undersøgelser</td></tr><tr><td><a href=\"CodeSystem-medcom-observation-resultGroup.html#medcom-observation-resultGroup-120\">120</a></td><td style=\"color: #cccccc\">Hjemmemåling</td></tr></table></li></ul></div>"},"url":"http://medcomfhir.dk/ig/terminology/ValueSet/medcom-obs-responseGroup","version":"1.7.0","name":"MedComObservarionResponesGroupValueSet","title":"MedComObservationResultGroupValueSet","status":"draft","experimental":true,"date":"2024-01-18","publisher":"MedCom","contact":[{"name":"MedCom","telecom":[{"system":"url","value":"http://www.medcom.dk"}]}],"description":"National response groups for observation results.","jurisdiction":[{"coding":[{"system":"urn:iso:std:iso:3166","code":"DK","display":"Denmark"}]}],"compose":{"include":[{"system":"http://medcomfhir.dk/ig/terminology/CodeSystem/medcom-observation-resultGroup","concept":[{"code":"5"},{"code":"10"},{"code":"15"},{"code":"20"},{"code":"25"},{"code":"30"},{"code":"35"},{"code":"40"},{"code":"45"},{"code":"50"},{"code":"55"},{"code":"60"},{"code":"65"},{"code":"70"},{"code":"75"},{"code":"80"},{"code":"85"},{"code":"90"},{"code":"95"},{"code":"100"},{"code":"105"},{"code":"110"},{"code":"115"},{"code":"120"}]}]}}