{"resourceType":"ValueSet","id":"medcom-hospitalNotification-encounterStatus","text":{"status":"extensions","div":"<div xmlns=\"http://www.w3.org/1999/xhtml\"><ul><li>Include these codes as defined in <a href=\"http://hl7.org/fhir/R4/codesystem-encounter-status.html\"><code>http://hl7.org/fhir/encounter-status</code></a><table class=\"none\"><tr><td style=\"white-space:nowrap\"><b>Code</b></td><td><b>Display</b></td><td><b>Definition</b></td></tr><tr><td><a href=\"http://hl7.org/fhir/R4/codesystem-encounter-status.html#encounter-status-in-progress\">in-progress</a></td><td style=\"color: #cccccc\">In Progress</td><td>The Encounter has begun and the patient is present / the practitioner and the patient are meeting.</td></tr><tr><td><a href=\"http://hl7.org/fhir/R4/codesystem-encounter-status.html#encounter-status-onleave\">onleave</a></td><td style=\"color: #cccccc\">On Leave</td><td>The Encounter has begun, but the patient is temporarily on leave.</td></tr><tr><td><a href=\"http://hl7.org/fhir/R4/codesystem-encounter-status.html#encounter-status-finished\">finished</a></td><td style=\"color: #cccccc\">Finished</td><td>The Encounter has ended.</td></tr><tr><td><a href=\"http://hl7.org/fhir/R4/codesystem-encounter-status.html#encounter-status-entered-in-error\">entered-in-error</a></td><td style=\"color: #cccccc\">Entered in Error</td><td>This instance should not have been part of this patient's medical record.</td></tr></table></li></ul></div>"},"url":"http://medcomfhir.dk/ig/terminology/ValueSet/medcom-hospitalNotification-encounterStatus","version":"1.7.0","name":"MedComHospitalNotificationEncounterStatus","title":"MedComHospitalNotificationEncounterStatusCodes","status":"active","experimental":false,"date":"2022-09-01","publisher":"MedCom","contact":[{"name":"MedCom","telecom":[{"system":"url","value":"http://www.medcom.dk"}]}],"description":"ValueSet containing status codes for hospital notification encounter","jurisdiction":[{"coding":[{"system":"urn:iso:std:iso:3166","code":"DK","display":"Denmark"}]}],"compose":{"include":[{"system":"http://hl7.org/fhir/encounter-status","concept":[{"code":"in-progress"},{"code":"onleave"},{"code":"finished"},{"code":"entered-in-error"}]}]}}