<?xml version="1.0" encoding="UTF-8"?>

<Provenance xmlns="http://hl7.org/fhir">
  <id value="4c284936-5454-4116-95fc-3c8eeeed2400"/>
  <meta>
    <profile value="http://medcomfhir.dk/ig/messaging/StructureDefinition/medcom-messaging-provenance"/>
  </meta>
  <text>
    <status value="generated"/><div xmlns="http://www.w3.org/1999/xhtml"><p><b>Generated Narrative: Provenance</b><a name="4c284936-5454-4116-95fc-3c8eeeed2400"> </a></p><div style="display: inline-block; background-color: #d9e0e7; padding: 6px; margin: 4px; border: 1px solid #8da1b4; border-radius: 5px; line-height: 60%"><p style="margin-bottom: 0px">Resource Provenance &quot;4c284936-5454-4116-95fc-3c8eeeed2400&quot; </p><p style="margin-bottom: 0px">Profile: <a href="http://medcomfhir.dk/ig/messaging/2.0.0/StructureDefinition-medcom-messaging-provenance.html">MedComMessagingProvenance</a></p></div><p><b>target</b>: <a href="MessageHeader-42cb9200-f421-4d08-8391-7d51a2503cb4.html">MessageHeader/42cb9200-f421-4d08-8391-7d51a2503cb4</a></p><p><b>occurred</b>: 2022-10-01 12:00:10+0000</p><p><b>recorded</b>: 01-10-2022 14:00:10</p><p><b>activity</b>: A new message has been sent <span style="background: LightGoldenRodYellow; margin: 4px; border: 1px solid khaki"> (<a href="http://medcomfhir.dk/ig/terminology/1.1.0/CodeSystem-medcom-messaging-activityCodes.html">MedComMessagingActivityCodes</a>#new-message)</span></p><h3>Agents</h3><table class="grid"><tr><td>-</td><td><b>Who</b></td></tr><tr><td>*</td><td><a href="Organization-o7056980-a8b2-42aa-8a0e-c1fc85d1f40d.html">Organization/o7056980-a8b2-42aa-8a0e-c1fc85d1f40d</a> &quot;Hjerteafdelingen på Herlev og Gentofte hospital&quot;</td></tr></table></div>
  </text>
  <target>
    <reference value="MessageHeader/42cb9200-f421-4d08-8391-7d51a2503cb4"/>
  </target>
  <occurredDateTime value="2022-10-01T12:00:10Z"/>
  <recorded value="2022-10-01T12:00:10Z"/>
  <activity>
    <coding>
      <system value="http://medcomfhir.dk/ig/terminology/CodeSystem/medcom-messaging-activityCodes"/>
      <code value="new-message"/>
    </coding>
  </activity>
  <agent>
    <who>
      <reference value="Organization/o7056980-a8b2-42aa-8a0e-c1fc85d1f40d"/>
    </who>
  </agent>
</Provenance>