<?xml version="1.0" encoding="UTF-8"?>

<Provenance xmlns="http://hl7.org/fhir">
  <id value="ee619a58-5519-11ed-bdc3-0242ac120002"/>
  <meta>
    <profile value="http://medcomfhir.dk/ig/messaging/StructureDefinition/medcom-messaging-provenance"/>
  </meta>
  <text>
    <status value="generated"/><div xmlns="http://www.w3.org/1999/xhtml"><p><b>Generated Narrative: Provenance</b><a name="ee619a58-5519-11ed-bdc3-0242ac120002"> </a></p><div style="display: inline-block; background-color: #d9e0e7; padding: 6px; margin: 4px; border: 1px solid #8da1b4; border-radius: 5px; line-height: 60%"><p style="margin-bottom: 0px">Resource Provenance &quot;ee619a58-5519-11ed-bdc3-0242ac120002&quot; </p><p style="margin-bottom: 0px">Profile: <a href="http://medcomfhir.dk/ig/messaging/2.0.0/StructureDefinition-medcom-messaging-provenance.html">MedComMessagingProvenance</a></p></div><p><b>target</b>: <a href="MessageHeader-dc04b8c2-5519-11ed-bdc3-0242ac120002.html">MessageHeader/dc04b8c2-5519-11ed-bdc3-0242ac120002</a></p><p><b>occurred</b>: 2022-10-01 12:00:11+0000</p><p><b>recorded</b>: 01-10-2022 14:00:11</p><p><b>activity</b>: A new message has been sent <span style="background: LightGoldenRodYellow; margin: 4px; border: 1px solid khaki"> (<a href="http://medcomfhir.dk/ig/terminology/1.1.0/CodeSystem-medcom-messaging-activityCodes.html">MedComMessagingActivityCodes</a>#new-message)</span></p><h3>Agents</h3><table class="grid"><tr><td>-</td><td><b>Who</b></td></tr><tr><td>*</td><td><a href="Organization-c5c393ee-5519-11ed-bdc3-0242ac120002.html">Organization/c5c393ee-5519-11ed-bdc3-0242ac120002</a> &quot;Hjerteafdelingen på Herlev og Gentofte hospital&quot;</td></tr></table></div>
  </text>
  <target>
    <reference value="MessageHeader/dc04b8c2-5519-11ed-bdc3-0242ac120002"/>
  </target>
  <occurredDateTime value="2022-10-01T12:00:11Z"/>
  <recorded value="2022-10-01T12:00:11Z"/>
  <activity>
    <coding>
      <system value="http://medcomfhir.dk/ig/terminology/CodeSystem/medcom-messaging-activityCodes"/>
      <code value="new-message"/>
    </coding>
  </activity>
  <agent>
    <who>
      <reference value="Organization/c5c393ee-5519-11ed-bdc3-0242ac120002"/>
    </who>
  </agent>
</Provenance>