{
  "codeSystems" : [
    {
      "url" : "http://medcomfhir.dk/ig/document/CodeSystem/MedCom-ihe-classcode-CS-TEMP",
      "version" : "2.0.0",
      "status" : "active",
      "name" : "MedComIHE_ClassCode_TEMP",
      "title" : "DK IHE ClassCode_TEMP",
      "description" : "_TEMP Danish Integrating the Healthcare Enterprise (IHE) metadata class codes"
    },
    {
      "url" : "http://medcomfhir.dk/ig/document/CodeSystem/MedCom-ihe-formatcode-CS-TEMP",
      "version" : "2.0.0",
      "status" : "active",
      "name" : "MedComIHE_FormatCode_TEMP",
      "title" : "DK IHE FormatCode_TEMP",
      "description" : "_TEMP Danish Integrating the Healthcare Enterprise (IHE) metadata format codes"
    },
    {
      "url" : "http://medcomfhir.dk/ig/document/CodeSystem/MedCom-ihe-homeCommunityId-CS-TEMP",
      "version" : "2.0.0",
      "status" : "active",
      "name" : "MedComIHE_HomeCommunityId_TEMP",
      "title" : "_TEMP IHE XDS Affinity Domain",
      "description" : "_TEMPIHE XDS Affinity Domains who has agreed to share healthcare related documents in Denmark"
    },
    {
      "url" : "http://medcomfhir.dk/ig/document/CodeSystem/MedCom-message-codes-CS-TEMP",
      "version" : "2.0.0",
      "status" : "active",
      "name" : "MedCom_Message_Codes_TEMP",
      "title" : "MedCom Message Codes_TEMP",
      "description" : "_TEMP MedCom Message Codes, which includes document type codes (Danish).",
      "oids" : ["1.2.208.184.100.1"]
    }
  ]
}
