<?xml version="1.0" encoding="UTF-8"?>

<ValueSet xmlns="http://hl7.org/fhir">
  <id value="MedCom-ihe-core-homeCommunityId-VS-TEMP"/>
  <text>
    <status value="generated"/><div xmlns="http://www.w3.org/1999/xhtml"><p class="res-header-id"><b>Generated Narrative: ValueSet MedCom-ihe-core-homeCommunityId-VS-TEMP</b></p><a name="MedCom-ihe-core-homeCommunityId-VS-TEMP"> </a><a name="hcMedCom-ihe-core-homeCommunityId-VS-TEMP"> </a><ul><li>Include these codes as defined in <a href="CodeSystem-MedCom-ihe-homeCommunityId-CS-TEMP.html"><code>http://medcomfhir.dk/ig/document/CodeSystem/MedCom-ihe-homeCommunityId-CS-TEMP</code></a><table class="none"><tr><td style="white-space:nowrap"><b>Code</b></td><td><b>Display</b></td></tr><tr><td><a href="CodeSystem-MedCom-ihe-homeCommunityId-CS-TEMP.html#MedCom-ihe-homeCommunityId-CS-TEMP-1.462.46208.46176.468.461">1.2.208.176.8.1</a></td><td>Common Danish IHE XDS domain. Integrating the Healthcare Enterprise (IHE) cross[X]-enterprise Document Sharing (XDS) domain</td></tr><tr><td><a href="CodeSystem-MedCom-ihe-homeCommunityId-CS-TEMP.html#MedCom-ihe-homeCommunityId-CS-TEMP-1.462.46208.46193.46100">1.2.208.193.100</a></td><td>Primary healthcare domain</td></tr></table></li></ul></div>
  </text>
  <url value="http://medcomfhir.dk/ig/document/ValueSet/MedCom-ihe-core-homeCommunityId-VS-TEMP"/>
  <version value="2.0.0"/>
  <name value="MedComIHE_CoreDkHomeCommunityId_TEMP"/>
  <title value="_TEMP IHE HomeCommunityId"/>
  <status value="active"/>
  <experimental value="false"/>
  <date value="2020-08-21"/>
  <publisher value="MedCom"/>
  <contact>
    <name value="MedCom"/>
    <telecom>
      <system value="url"/>
      <value value="http://www.medcom.dk"/>
    </telecom>
    <telecom>
      <system value="email"/>
      <value value="fhir@medcom.dk"/>
    </telecom>
  </contact>
  <description value="_TEMP List of operational and in production home communities (XCA) in Danish Document Sharing"/>
  <jurisdiction>
    <coding>
      <system value="urn:iso:std:iso:3166"/>
      <code value="DK"/>
      <display value="Denmark"/>
    </coding>
  </jurisdiction>
  <compose>
    <include>
      <system value="http://medcomfhir.dk/ig/document/CodeSystem/MedCom-ihe-homeCommunityId-CS-TEMP"/>
      <concept>
        <code value="1.2.208.176.8.1"/>
        <display value="Common Danish IHE XDS domain. Integrating the Healthcare Enterprise (IHE) cross[X]-enterprise Document Sharing (XDS) domain"/>
      </concept>
      <concept>
        <code value="1.2.208.193.100"/>
        <display value="Primary healthcare domain"/>
      </concept>
    </include>
  </compose>
</ValueSet>