{
  "resourceType" : "ValueSet",
  "id" : "MedCom-ihe-core-homeCommunityId-VS-TEMP",
  "text" : {
    "status" : "generated",
    "div" : "<div xmlns=\"http://www.w3.org/1999/xhtml\"><p class=\"res-header-id\"><b>Generated Narrative: ValueSet MedCom-ihe-core-homeCommunityId-VS-TEMP</b></p><a name=\"MedCom-ihe-core-homeCommunityId-VS-TEMP\"> </a><a name=\"hcMedCom-ihe-core-homeCommunityId-VS-TEMP\"> </a><ul><li>Include these codes as defined in <a href=\"CodeSystem-MedCom-ihe-homeCommunityId-CS-TEMP.html\"><code>http://medcomfhir.dk/ig/document/CodeSystem/MedCom-ihe-homeCommunityId-CS-TEMP</code></a><table class=\"none\"><tr><td style=\"white-space:nowrap\"><b>Code</b></td><td><b>Display</b></td></tr><tr><td><a href=\"CodeSystem-MedCom-ihe-homeCommunityId-CS-TEMP.html#MedCom-ihe-homeCommunityId-CS-TEMP-1.462.46208.46176.468.461\">1.2.208.176.8.1</a></td><td>Common Danish IHE XDS domain. Integrating the Healthcare Enterprise (IHE) cross[X]-enterprise Document Sharing (XDS) domain</td></tr><tr><td><a href=\"CodeSystem-MedCom-ihe-homeCommunityId-CS-TEMP.html#MedCom-ihe-homeCommunityId-CS-TEMP-1.462.46208.46193.46100\">1.2.208.193.100</a></td><td>Primary healthcare domain</td></tr></table></li></ul></div>"
  },
  "url" : "http://medcomfhir.dk/ig/document/ValueSet/MedCom-ihe-core-homeCommunityId-VS-TEMP",
  "version" : "2.0.0",
  "name" : "MedComIHE_CoreDkHomeCommunityId_TEMP",
  "title" : "_TEMP IHE HomeCommunityId",
  "status" : "active",
  "experimental" : false,
  "date" : "2020-08-21",
  "publisher" : "MedCom",
  "contact" : [{
    "name" : "MedCom",
    "telecom" : [{
      "system" : "url",
      "value" : "http://www.medcom.dk"
    },
    {
      "system" : "email",
      "value" : "fhir@medcom.dk"
    }]
  }],
  "description" : "_TEMP List of operational and in production home communities (XCA) in Danish Document Sharing",
  "jurisdiction" : [{
    "coding" : [{
      "system" : "urn:iso:std:iso:3166",
      "code" : "DK",
      "display" : "Denmark"
    }]
  }],
  "compose" : {
    "include" : [{
      "system" : "http://medcomfhir.dk/ig/document/CodeSystem/MedCom-ihe-homeCommunityId-CS-TEMP",
      "concept" : [{
        "code" : "1.2.208.176.8.1",
        "display" : "Common Danish IHE XDS domain. Integrating the Healthcare Enterprise (IHE) cross[X]-enterprise Document Sharing (XDS) domain"
      },
      {
        "code" : "1.2.208.193.100",
        "display" : "Primary healthcare domain"
      }]
    }]
  }
}