{
  "resourceType" : "MessageHeader",
  "id" : "d28b9cb4-8feb-11ec-b909-0242ac120002",
  "meta" : {
    "profile" : ["http://medcomfhir.dk/ig/messaging/StructureDefinition/medcom-messaging-messageHeader"]
  },
  "text" : {
    "status" : "generated",
    "div" : "<div xmlns=\"http://www.w3.org/1999/xhtml\"><p><b>Generated Narrative: MessageHeader</b><a name=\"d28b9cb4-8feb-11ec-b909-0242ac120002\"> </a></p><div style=\"display: inline-block; background-color: #d9e0e7; padding: 6px; margin: 4px; border: 1px solid #8da1b4; border-radius: 5px; line-height: 60%\"><p style=\"margin-bottom: 0px\">Resource MessageHeader &quot;d28b9cb4-8feb-11ec-b909-0242ac120002&quot; </p><p style=\"margin-bottom: 0px\">Profile: <a href=\"StructureDefinition-medcom-messaging-messageHeader.html\">MedComMessagingMessageHeader</a></p></div><p><b>event</b>: acknowledgment-message (Details: http://medcomfhir.dk/fhir/dk-medcom-terminology/CodeSystem/medcom-messaging-eventCodes code acknowledgment-message = 'acknowledgment-message', stated as 'null')</p><h3>Destinations</h3><table class=\"grid\"><tr><td style=\"display: none\">-</td><td><b>Extension</b></td><td><b>Endpoint</b></td><td><b>Receiver</b></td></tr><tr><td style=\"display: none\">*</td><td/><td><a href=\"http://medcomfhir.dk/unknown\">http://medcomfhir.dk/unknown</a></td><td><a href=\"Organization-74cdf292-abf3-4f5f-80ea-60a48013ff6d.html\">Organization/74cdf292-abf3-4f5f-80ea-60a48013ff6d</a> &quot;Receiver Organization&quot;</td></tr></table><p><b>sender</b>: <a href=\"Organization-d7056980-a8b2-42aa-8a0e-c1fc85d1f40d.html\">Organization/d7056980-a8b2-42aa-8a0e-c1fc85d1f40d</a> &quot;Sender Organization&quot;</p><h3>Sources</h3><table class=\"grid\"><tr><td style=\"display: none\">-</td><td><b>Endpoint</b></td></tr><tr><td style=\"display: none\">*</td><td><a href=\"http://medcomfhir.dk/unknown\">http://medcomfhir.dk/unknown</a></td></tr></table></div>"
  },
  "eventCoding" : {
    "system" : "http://medcomfhir.dk/fhir/dk-medcom-terminology/CodeSystem/medcom-messaging-eventCodes",
    "code" : "acknowledgment-message"
  },
  "destination" : [{
    "extension" : [{
      "url" : "http://medcomfhir.dk/ig/messaging/StructureDefinition/medcom-messaging-destinationUseExtension",
      "valueCoding" : {
        "system" : "http://medcomfhir.dk/fhir/dk-medcom-terminology/CodeSystem/medcom-messaging-destinationUse",
        "code" : "primary"
      }
    }],
    "endpoint" : "http://medcomfhir.dk/unknown",
    "receiver" : {
      "reference" : "Organization/74cdf292-abf3-4f5f-80ea-60a48013ff6d"
    }
  }],
  "sender" : {
    "reference" : "Organization/d7056980-a8b2-42aa-8a0e-c1fc85d1f40d"
  },
  "source" : {
    "endpoint" : "http://medcomfhir.dk/unknown"
  }
}