{
  "resourceType" : "Observation",
  "id" : "ba691ee4-6d38-4f5b-82f1-40b54e3b8ad1",
  "meta" : {
    "profile" : ["http://medcomfhir.dk/ig/homecareobservation/StructureDefinition/medcom-homecare-observation"]
  },
  "text" : {
    "status" : "generated",
    "div" : "<div xmlns=\"http://www.w3.org/1999/xhtml\"><p class=\"res-header-id\"><b>Generated Narrative: Observation ba691ee4-6d38-4f5b-82f1-40b54e3b8ad1</b></p><a name=\"ba691ee4-6d38-4f5b-82f1-40b54e3b8ad1\"> </a><a name=\"hcba691ee4-6d38-4f5b-82f1-40b54e3b8ad1\"> </a><a name=\"ba691ee4-6d38-4f5b-82f1-40b54e3b8ad1-da-DK\"> </a><div style=\"display: inline-block; background-color: #d9e0e7; padding: 6px; margin: 4px; border: 1px solid #8da1b4; border-radius: 5px; line-height: 60%\"><p style=\"margin-bottom: 0px\"/><p style=\"margin-bottom: 0px\">Profile: <a href=\"StructureDefinition-medcom-homecare-observation.html\">MedComHomeCareObservation</a></p></div><p><b>status</b>: Final</p><p><b>code</b>: <span title=\"Codes:{urn:oid:1.2.208.176.2.1 NPU21692}\">Hjerte—Systole; frekv. = ? × 1/min</span></p><p><b>subject</b>: <a href=\"Patient-bbcd4817-1c4b-4089-a712-346f65ec16f9.html\">Elmer (official) (no stated gender), DoB Unknown ( urn:oid:1.2.208.176.1.2#2509479989)</a></p><p><b>effective</b>: 2023-09-13 09:24:09+0200</p><p><b>value</b>: 92 1/min</p><p><b>interpretation</b>: <span title=\"Codes:{http://medcomfhir.dk/ig/terminology/CodeSystem/medcom-core-interpretation-codes NI}\">Not Interpreted</span></p><p><b>note</b>: Patienten har været ud og går lige inden målingen.</p></div>"
  },
  "status" : "final",
  "code" : {
    "coding" : [{
      "system" : "urn:oid:1.2.208.176.2.1",
      "code" : "NPU21692",
      "display" : "Hjerte—Systole; frekv. = ? × 1/min"
    }]
  },
  "subject" : {
    "reference" : "Patient/bbcd4817-1c4b-4089-a712-346f65ec16f9"
  },
  "effectiveDateTime" : "2023-09-13T09:24:09+02:00",
  "valueQuantity" : {
    "value" : 92,
    "unit" : "1/min"
  },
  "interpretation" : [{
    "coding" : [{
      "system" : "http://medcomfhir.dk/ig/terminology/CodeSystem/medcom-core-interpretation-codes",
      "code" : "NI",
      "display" : "Not Interpreted"
    }]
  }],
  "note" : [{
    "text" : "Patienten har været ud og går lige inden målingen."
  }]
}