{
  "resourceType" : "Practitioner",
  "id" : "b56708c6-2df3-4e4a-a110-2f924b9fc072",
  "meta" : {
    "profile" : ["http://medcomfhir.dk/ig/core/StructureDefinition/medcom-core-practitioner"]
  },
  "text" : {
    "status" : "generated",
    "div" : "<div xmlns=\"http://www.w3.org/1999/xhtml\"><p class=\"res-header-id\"><b>Generated Narrative: Practitioner b56708c6-2df3-4e4a-a110-2f924b9fc072</b></p><a name=\"b56708c6-2df3-4e4a-a110-2f924b9fc072\"> </a><a name=\"hcb56708c6-2df3-4e4a-a110-2f924b9fc072\"> </a><a name=\"b56708c6-2df3-4e4a-a110-2f924b9fc072-da-DK\"> </a><div style=\"display: inline-block; background-color: #d9e0e7; padding: 6px; margin: 4px; border: 1px solid #8da1b4; border-radius: 5px; line-height: 60%\"><p style=\"margin-bottom: 0px\"/><p style=\"margin-bottom: 0px\">Profile: <a href=\"http://medcomfhir.dk/ig/core/2.4.0/StructureDefinition-medcom-core-practitioner.html\">MedComCorePractitioner</a></p></div><p><b>name</b>: Mia </p><p><b>telecom</b>: <a href=\"tel:+4505577668\">+45 05577668</a></p></div>"
  },
  "name" : [{
    "given" : ["Mia"]
  }],
  "telecom" : [{
    "system" : "phone",
    "value" : "+45 05577668"
  }]
}