<?xml version="1.0" encoding="UTF-8"?>

<Bundle xmlns="http://hl7.org/fhir">
  <id value="96d37376-e176-4c6a-9c49-2b56e7aae665"/>
  <meta>
    <profile value="http://medcomfhir.dk/ig/conditionlist/StructureDefinition/medcom-conditionlist-bundle"/>
  </meta>
  <identifier>
    <system value="urn:ietf:rfc:3986"/>
    <value value="urn:uuid:221a5a00-6c45-439f-b78a-7fd5a720e70e"/>
  </identifier>
  <type value="document"/>
  <timestamp value="2024-07-10T12:50:00+01:00"/>
  <entry>
    <fullUrl value="http://medcomfhir.dk/ig/conditionlist/Composition/a2b5706a-17a2-4ad0-8a6b-059c71483036"/>
    <resource>
      <Composition>
        <id value="a2b5706a-17a2-4ad0-8a6b-059c71483036"/>
        <meta>
          <profile value="http://medcomfhir.dk/ig/conditionlist/StructureDefinition/medcom-conditionlist-composition"/>
        </meta>
        <language value="da"/>
        <text>
          <status value="generated"/><div xmlns="http://www.w3.org/1999/xhtml" xml:lang="da" lang="da"><a name="Composition_a2b5706a-17a2-4ad0-8a6b-059c71483036"> </a><p class="res-header-id"><b>Generated Narrative: Composition a2b5706a-17a2-4ad0-8a6b-059c71483036</b></p><a name="a2b5706a-17a2-4ad0-8a6b-059c71483036"> </a><a name="hca2b5706a-17a2-4ad0-8a6b-059c71483036"> </a><a name="a2b5706a-17a2-4ad0-8a6b-059c71483036-en-US"> </a><div style="display: inline-block; background-color: #d9e0e7; padding: 6px; margin: 4px; border: 1px solid #8da1b4; border-radius: 5px; line-height: 60%"><p style="margin-bottom: 0px">Language: da</p><p style="margin-bottom: 0px">Profile: <a href="StructureDefinition-medcom-conditionlist-composition.html">MedComConditionListComposition</a></p></div><p><b>status</b>: Final</p><p><b>type</b>: <span title="Codes:{http://loinc.org 11450-4}">Problem list - Reported</span></p><p><b>date</b>: 2024-07-10 12:50:00+0100</p><p><b>author</b>: <a href="Organization-8d5fa00a-fe4e-4c88-ab16-4458409621a9.html">Organization MedCom Testcenter</a></p><p><b>title</b>: Diagnoseoversigt for 2509479989</p><p><b>confidentiality</b>: normal</p></div>
        </text>
        <status value="final"/>
        <type>
          <coding>
            <system value="http://loinc.org"/>
            <code value="11450-4"/>
            <display value="Problem list - Reported"/>
          </coding>
        </type>
        <subject>
          <reference value="Patient/da0f8262-1be9-420c-98fb-ecc7b5a2333c"/>
        </subject>
        <date value="2024-07-10T12:50:00+01:00"/>
        <author>
          <reference value="Organization/8d5fa00a-fe4e-4c88-ab16-4458409621a9"/>
        </author>
        <title value="Diagnoseoversigt for 2509479989"/>
        <confidentiality value="N"/>
        <section>
          <text>
            <status value="generated"/><div xmlns="http://www.w3.org/1999/xhtml"><p class="res-header-id"><b>Generated Narrative: Condition ff9f7978-3995-4280-9956-1101861df51e</b></p><a name="ff9f7978-3995-4280-9956-1101861df51e"></a><a name="hcff9f7978-3995-4280-9956-1101861df51e"> </a><a name="ff9f7978-3995-4280-9956-1101861df51e-en-US"></a><p><b>subject</b>: <a href="Patient-da0f8262-1be9-420c-98fb-ecc7b5a2333c.html">Else Test Lauridsen (official) Female, DoB: 1991-01-02 ( urn:oid:1.2.208.176.1.2#0201919990)</a></p><p><b>recordedDate</b>: 2021-06-15</p></div>
          </text>
          <entry>
            <reference value="Condition/ff9f7978-3995-4280-9956-1101861df51e"/>
          </entry>
        </section>
      </Composition>
    </resource>
  </entry>
  <entry>
    <fullUrl value="http://medcomfhir.dk/ig/conditionlist/Patient/da0f8262-1be9-420c-98fb-ecc7b5a2333c"/>
    <resource>
      <Patient>
        <id value="da0f8262-1be9-420c-98fb-ecc7b5a2333c"/>
        <meta>
          <profile value="http://medcomfhir.dk/ig/document/StructureDefinition/medcom-document-patient"/>
        </meta>
        <text>
          <status value="generated"/><div xmlns="http://www.w3.org/1999/xhtml"><a name="Patient_da0f8262-1be9-420c-98fb-ecc7b5a2333c"> </a><p class="res-header-id"><b>Generated Narrative: Patient da0f8262-1be9-420c-98fb-ecc7b5a2333c</b></p><a name="da0f8262-1be9-420c-98fb-ecc7b5a2333c"> </a><a name="hcda0f8262-1be9-420c-98fb-ecc7b5a2333c"> </a><a name="da0f8262-1be9-420c-98fb-ecc7b5a2333c-en-US"> </a><div style="display: inline-block; background-color: #d9e0e7; padding: 6px; margin: 4px; border: 1px solid #8da1b4; border-radius: 5px; line-height: 60%"><p style="margin-bottom: 0px"/><p style="margin-bottom: 0px">Profile: <a href="http://medcomfhir.dk/ig/document/1.0.1/StructureDefinition-medcom-document-patient.html">MedComDocumentPatient</a></p></div><p style="border: 1px #661aff solid; background-color: #e6e6ff; padding: 10px;">Else Test Lauridsen (official) Female, DoB: 1991-01-02 ( urn:oid:1.2.208.176.1.2#0201919990)</p><hr/></div>
        </text>
        <identifier>
          <system value="urn:oid:1.2.208.176.1.2"/>
          <value value="0201919990"/>
        </identifier>
        <name>
          <use value="official"/>
          <family value="Lauridsen"/>
          <given value="Else"/>
          <given value="Test"/>
        </name>
        <gender value="female"/>
        <birthDate value="1991-01-02"/>
      </Patient>
    </resource>
  </entry>
  <entry>
    <fullUrl value="http://medcomfhir.dk/ig/conditionlist/Organization/8d5fa00a-fe4e-4c88-ab16-4458409621a9"/>
    <resource>
      <Organization>
        <id value="8d5fa00a-fe4e-4c88-ab16-4458409621a9"/>
        <meta>
          <profile value="http://medcomfhir.dk/ig/conditionlist/StructureDefinition/medcom-conditionlist-organization"/>
        </meta>
        <text>
          <status value="generated"/><div xmlns="http://www.w3.org/1999/xhtml"><a name="Organization_8d5fa00a-fe4e-4c88-ab16-4458409621a9"> </a><p class="res-header-id"><b>Generated Narrative: Organization 8d5fa00a-fe4e-4c88-ab16-4458409621a9</b></p><a name="8d5fa00a-fe4e-4c88-ab16-4458409621a9"> </a><a name="hc8d5fa00a-fe4e-4c88-ab16-4458409621a9"> </a><a name="8d5fa00a-fe4e-4c88-ab16-4458409621a9-en-US"> </a><div style="display: inline-block; background-color: #d9e0e7; padding: 6px; margin: 4px; border: 1px solid #8da1b4; border-radius: 5px; line-height: 60%"><p style="margin-bottom: 0px"/><p style="margin-bottom: 0px">Profile: <a href="StructureDefinition-medcom-conditionlist-organization.html">MedComConditionListOrganization</a></p></div><p><b>identifier</b>: <code>urn:oid:1.2.208.176.1.1</code>/325381000016008</p><p><b>name</b>: MedCom Testcenter</p></div>
        </text>
        <identifier>
          <system value="urn:oid:1.2.208.176.1.1"/>
          <value value="325381000016008"/>
        </identifier>
        <name value="MedCom Testcenter"/>
      </Organization>
    </resource>
  </entry>
  <entry>
    <fullUrl value="http://medcomfhir.dk/ig/conditionlist/Condition/ff9f7978-3995-4280-9956-1101861df51e"/>
    <resource>
      <Condition>
        <id value="ff9f7978-3995-4280-9956-1101861df51e"/>
        <meta>
          <profile value="http://medcomfhir.dk/ig/conditionlist/StructureDefinition/medcom-conditionlist-condition"/>
        </meta>
        <text>
          <status value="generated"/><div xmlns="http://www.w3.org/1999/xhtml"><a name="Condition_ff9f7978-3995-4280-9956-1101861df51e"> </a><p class="res-header-id"><b>Generated Narrative: Condition ff9f7978-3995-4280-9956-1101861df51e</b></p><a name="ff9f7978-3995-4280-9956-1101861df51e"> </a><a name="hcff9f7978-3995-4280-9956-1101861df51e"> </a><a name="ff9f7978-3995-4280-9956-1101861df51e-en-US"> </a><div style="display: inline-block; background-color: #d9e0e7; padding: 6px; margin: 4px; border: 1px solid #8da1b4; border-radius: 5px; line-height: 60%"><p style="margin-bottom: 0px"/><p style="margin-bottom: 0px">Profile: <a href="StructureDefinition-medcom-conditionlist-condition.html">MedComConditionListCondition</a></p></div><p><b>category</b>: <span title="Codes:{http://snomed.info/sct 15240007}">Current</span></p><p><b>subject</b>: <a href="Patient-da0f8262-1be9-420c-98fb-ecc7b5a2333c.html">Else Test Lauridsen (official) Female, DoB: 1991-01-02 ( urn:oid:1.2.208.176.1.2#0201919990)</a></p><p><b>recordedDate</b>: 2021-06-15</p></div>
        </text>
        <category>
          <coding>
            <system value="http://snomed.info/sct"/>
            <code value="15240007"/>
          </coding>
        </category>
        <subject>
          <reference value="Patient/da0f8262-1be9-420c-98fb-ecc7b5a2333c"/>
        </subject>
        <recordedDate value="2021-06-15"/>
      </Condition>
    </resource>
  </entry>
</Bundle>