<?xml version="1.0" encoding="UTF-8"?>

<Composition xmlns="http://hl7.org/fhir">
  <id value="72f2d9ad-cd73-4f63-950f-2ad178760a55"/>
  <meta>
    <profile value="http://medcomfhir.dk/ig/conditionlist/StructureDefinition/medcom-conditionlist-composition"/>
  </meta>
  <language value="da"/>
  <text>
    <status value="generated"/><div xmlns="http://www.w3.org/1999/xhtml" xml:lang="da" lang="da"><p class="res-header-id"><b>Generated Narrative: Composition 72f2d9ad-cd73-4f63-950f-2ad178760a55</b></p><a name="72f2d9ad-cd73-4f63-950f-2ad178760a55"> </a><a name="hc72f2d9ad-cd73-4f63-950f-2ad178760a55"> </a><a name="72f2d9ad-cd73-4f63-950f-2ad178760a55-en-US"> </a><div style="display: inline-block; background-color: #d9e0e7; padding: 6px; margin: 4px; border: 1px solid #8da1b4; border-radius: 5px; line-height: 60%"><p style="margin-bottom: 0px">Language: da</p><p style="margin-bottom: 0px">Profile: <a href="StructureDefinition-medcom-conditionlist-composition.html">MedComConditionListComposition</a></p></div><p><b>status</b>: Final</p><p><b>type</b>: <span title="Codes:{http://loinc.org 11450-4}">Problem list - Reported</span></p><p><b>date</b>: 2024-05-01 12:00:00+0100</p><p><b>author</b>: </p><ul><li><a href="Organization-fd3206c6-c265-49f9-82c3-8b4c96280403.html">Organization MedCom Testcenter</a></li><li><a href="Practitioner-1fcad31f-8967-4f49-b6af-7e64082e8fec.html">Practitioner Bo Test Vestergaard (official)</a></li></ul><p><b>title</b>: Diagnoseoversigt for 2509479989</p><p><b>confidentiality</b>: normal</p><h3>Attesters</h3><table class="grid"><tr><td style="display: none">-</td><td><b>Mode</b></td><td><b>Party</b></td></tr><tr><td style="display: none">*</td><td>Official</td><td><a href="Practitioner-1fcad31f-8967-4f49-b6af-7e64082e8fec.html">Practitioner Bo Test Vestergaard (official)</a></td></tr></table></div>
  </text>
  <status value="final"/>
  <type>
    <coding>
      <system value="http://loinc.org"/>
      <code value="11450-4"/>
      <display value="Problem list - Reported"/>
    </coding>
  </type>
  <subject>
    <reference value="Patient/69e475df-20c8-4f54-8cea-9843568205fd"/>
  </subject>
  <date value="2024-05-01T12:00:00+01:00"/>
  <author>
    <reference value="Organization/fd3206c6-c265-49f9-82c3-8b4c96280403"/>
  </author>
  <author>
    <reference value="Practitioner/1fcad31f-8967-4f49-b6af-7e64082e8fec"/>
  </author>
  <title value="Diagnoseoversigt for 2509479989"/>
  <confidentiality value="N"/>
  <attester>
    <mode value="official"/>
    <party>
      <reference value="Practitioner/1fcad31f-8967-4f49-b6af-7e64082e8fec"/>
    </party>
  </attester>
  <section>
    <text>
      <status value="generated"/><div xmlns="http://www.w3.org/1999/xhtml"><p class="res-header-id"><b>Generated Narrative: Condition 2f703d89-787d-418f-a804-b986aa181492</b></p><a name="2f703d89-787d-418f-a804-b986aa181492"></a><a name="hc2f703d89-787d-418f-a804-b986aa181492"> </a><a name="2f703d89-787d-418f-a804-b986aa181492-en-US"></a><p><b>category</b>: <span title="Codes:{http://terminology.hl7.org/CodeSystem/condition-category problem-list-item}">Problem List Item</span>, <span title="Codes:{http://snomed.info/sct 15240007}">Current</span></p><p><b>code</b>: <span title="Codes:{urn:oid:1.2.208.176.2.4.12 DE11}, {urn:oid:1.2.208.176.2.31 T90}">Type 2-diabetes</span></p><p><b>subject</b>: <a href="Patient-69e475df-20c8-4f54-8cea-9843568205fd.html">Elmer Test Hansen (official) Male, DoB: 1947-09-25 ( urn:oid:1.2.208.176.1.2#2509479989)</a></p><p><b>onset</b>: 2020-02-20</p><p><b>recordedDate</b>: 2023-03-15</p><p><b>note</b>: Patienten er særligt ramt af træthed grundet sygdommen.</p><p class="res-header-id"><b>Generated Narrative: Condition 9dd0e1c2-3c7d-423f-977c-29119c314fd1</b></p><a name="9dd0e1c2-3c7d-423f-977c-29119c314fd1"></a><a name="hc9dd0e1c2-3c7d-423f-977c-29119c314fd1"> </a><a name="9dd0e1c2-3c7d-423f-977c-29119c314fd1-en-US"></a><p><b>clinicalStatus</b>: <span title="Codes:">resolved</span></p><p><b>category</b>: <span title="Codes:{http://snomed.info/sct 723506003}">Resolved (qualifier value)</span>, <span title="Codes:{http://terminology.hl7.org/CodeSystem/condition-category encounter-diagnosis}">Encounter Diagnosis</span></p><p><b>code</b>: <span title="Codes:{urn:oid:1.2.208.176.2.4.12 DC43}, {urn:oid:1.2.208.176.2.31 S77}">Modermærkekræft</span></p><p><b>subject</b>: <a href="Patient-69e475df-20c8-4f54-8cea-9843568205fd.html">Elmer Test Hansen (official) Male, DoB: 1947-09-25 ( urn:oid:1.2.208.176.1.2#2509479989)</a></p><p><b>onset</b>: 2023-03-20</p><p><b>abatement</b>: 2023-06-07</p><p><b>recordedDate</b>: 2023-05-01</p><p><b>note</b>: Modermærkekræft på patientens venstre læg.</p><p class="res-header-id"><b>Generated Narrative: Condition f90a8472-6495-4865-be5d-fae6650a033e</b></p><a name="f90a8472-6495-4865-be5d-fae6650a033e"></a><a name="hcf90a8472-6495-4865-be5d-fae6650a033e"> </a><a name="f90a8472-6495-4865-be5d-fae6650a033e-en-US"></a><p><b>category</b>: <span title="Codes:{http://snomed.info/sct 15240007}">Current</span>, <span title="Codes:{http://terminology.hl7.org/CodeSystem/condition-category problem-list-item}">Problem List Item</span></p><p><b>code</b>: <span title="Codes:{urn:oid:1.2.208.176.2.4.12 DI109}, {urn:oid:1.2.208.176.2.31 K86}">Hypertensio arterialis essentialis</span></p><p><b>subject</b>: <a href="Patient-69e475df-20c8-4f54-8cea-9843568205fd.html">Elmer Test Hansen (official) Male, DoB: 1947-09-25 ( urn:oid:1.2.208.176.1.2#2509479989)</a></p><p><b>recordedDate</b>: 2024-01-17</p></div>
    </text>
    <entry>
      <reference value="Condition/2f703d89-787d-418f-a804-b986aa181492"/>
    </entry>
    <entry>
      <reference value="Condition/9dd0e1c2-3c7d-423f-977c-29119c314fd1"/>
    </entry>
    <entry>
      <reference value="Condition/f90a8472-6495-4865-be5d-fae6650a033e"/>
    </entry>
  </section>
</Composition>