{
  "resourceType" : "ValueSet",
  "id" : "medcom-message-definition-type-valueset",
  "text" : {
    "status" : "generated",
    "div" : "<div xmlns=\"http://www.w3.org/1999/xhtml\"><p class=\"res-header-id\"><b>Generated Narrative: ValueSet medcom-message-definition-type-valueset</b></p><a name=\"medcom-message-definition-type-valueset\"> </a><a name=\"hcmedcom-message-definition-type-valueset\"> </a><a name=\"medcom-message-definition-type-valueset-da-DK\"> </a><ul><li>Include all codes defined in <a href=\"CodeSystem-medcom-message-definition-type.html\"><code>http://medcomfhir.dk/ig/terminology/CodeSystem/medcom-message-definition-type</code></a></li></ul></div>"
  },
  "url" : "http://medcomfhir.dk/ig/terminology/ValueSet/medcom-message-definition-type-valueset",
  "version" : "2.0.0-draft",
  "name" : "MedComMessageDefinitionTypeVS",
  "title" : "MedComMessageDefinitionTypeValueset",
  "status" : "active",
  "experimental" : false,
  "date" : "2024-06-26",
  "publisher" : "MedCom",
  "contact" : [{
    "name" : "MedCom",
    "telecom" : [{
      "system" : "url",
      "value" : "http://www.medcom.dk"
    }]
  }],
  "description" : "MedComMessageDefinitionTypeVS for the messaging infrastructure",
  "jurisdiction" : [{
    "coding" : [{
      "system" : "urn:iso:std:iso:3166",
      "code" : "DK",
      "display" : "Denmark"
    }]
  }],
  "compose" : {
    "include" : [{
      "system" : "http://medcomfhir.dk/ig/terminology/CodeSystem/medcom-message-definition-type"
    }]
  }
}