<?xml version="1.0" encoding="UTF-8"?><ValueSet xmlns="http://hl7.org/fhir"><id value="medcom-message-definition-type-valueset"/><text><status value="generated"/><div xmlns="http://www.w3.org/1999/xhtml"><p class="res-header-id"><b>Generated Narrative: ValueSet medcom-message-definition-type-valueset</b></p><a name="medcom-message-definition-type-valueset"> </a><a name="hcmedcom-message-definition-type-valueset"> </a><a name="medcom-message-definition-type-valueset-da-DK"> </a><ul><li>Include all codes defined in <a href="CodeSystem-medcom-message-definition-type.html"><code>http://medcomfhir.dk/ig/terminology/CodeSystem/medcom-message-definition-type</code></a></li></ul></div></text><url value="http://medcomfhir.dk/ig/terminology/ValueSet/medcom-message-definition-type-valueset"/><version value="1.7.1"/><name value="MedComMessageDefinitionTypeVS"/><title value="MedComMessageDefinitionTypeValueset"/><status value="active"/><experimental value="false"/><date value="2024-06-26"/><publisher value="MedCom"/><contact><name value="MedCom"/><telecom><system value="url"/><value value="http://www.medcom.dk"/></telecom></contact><description value="MedComMessageDefinitionTypeVS for the messaging infrastructure"/><jurisdiction><coding><system value="urn:iso:std:iso:3166"/><code value="DK"/><display value="Denmark"/></coding></jurisdiction><compose><include><system value="http://medcomfhir.dk/ig/terminology/CodeSystem/medcom-message-definition-type"/></include></compose></ValueSet>