URL,Version,Status,OIDs,Name,Title,Descriptino,Uses,Used,Sources
http://medcomfhir.dk/ig/xdsmetadata/ValueSet/MedCom-ihe-core-HealthcareFacilityTypeCode-VS,1.0.0,active,,MedComIHE_CoreHealthcareFacilityTypeCode,IHE HealthcareFacilityTypeCode,"Value set for healthcare facility type code represents the type of organizational setting of the clinical encounter during which the documented act occurred.","StructureDefinition/medcom-documentreference","Other"
http://medcomfhir.dk/ig/xdsmetadata/ValueSet/MedCom-ihe-core-PracticeSettingCode-VS,1.0.0,active,,MedComIHE_CorePracticeSettingCode,IHE PracticeSettingCode,"Values used for the document metadata attribute practiceSettingCode, which is an attribute specifying the clinical specialty where the act that resulted in the document was performed (e.g., Family Practice, Laboratory, Radiology). The value set is based on a subset of the code list from the SOR lookup table 'SOR-Kliniske specialer' (https://sor.sum.dsdn.dk/lookupdata/#clinical_speciality, accessable on Sundhedsdatanettet (SDN)), which is based on SNOMED codes. ","StructureDefinition/medcom-documentreference","Other"
http://medcomfhir.dk/ig/xdsmetadata/ValueSet/MedCom-ihe-core-classcode-VS,1.0.0,active,,MedComIHE_CoreClassCode,IHE ClassCode,"Value set for the classCode attribute. classCode used in DK IHE Document sharing","StructureDefinition/medcom-documentreference","Other"
http://medcomfhir.dk/ig/xdsmetadata/ValueSet/MedCom-ihe-core-languagecode-VS,1.0.0,active,,MedComIHE_CoreLanguageCode,IHE LanguageCode,"Tags for the Identification of Languages (RFC 3066)","StructureDefinition/medcom-documentreference","Other"
http://medcomfhir.dk/ig/xdsmetadata/ValueSet/MedCom-ihe-core-mimetype-VS,1.0.0,active,,MedComIHE_CoreMimeType,IHE MimeType,"Values for the document metadata attribute mimeType","StructureDefinition/medcom-documentreference","Other"
