{"resourceType":"MessageDefinition","id":"MedComCareCommunicationMessageDefinition5.0","meta":{"profile":["http://medcomfhir.dk/ig/messagedefinitions/StructureDefinition/medcom-careCommunication-message-definition"]},"url":"http://medcomfhir.dk/ig/messagedefinitions/MessageDefinition/MedComCareCommunicationMessageDefinition5.0","identifier":[{"use":"official","type":{"coding":[{"system":"http://medcomfhir.dk/ig/terminology/CodeSystem/medcom-message-definition-type","code":"FHIR"}]},"value":"CareCommunication 5.0","period":{"start":"2025-08-29"}}],"version":"5.0","name":"CareCommunication_MessageDefinition_5.0","title":"CareCommunication 5.0","status":"active","date":"2025-05-30","publisher":"MedCom","contact":[{"name":"MedCom","telecom":[{"system":"url","value":"http://www.medcom.dk"}]},{"name":"MedCom FHIR Team","telecom":[{"system":"email","value":"fhir@medcom.dk","use":"work"}]}],"description":"DK: CareCommunication (RUSA Standardkatalog - Beskrivelse jf. §3stk2 i bekendtgørelsen)","useContext":[{"code":{"system":"http://terminology.hl7.org/CodeSystem/usage-context-type","code":"workflow"},"valueCodeableConcept":{"text":"DK: Alle sundhedsvæsnets parter der er involverede i behandling og omsorg af borgere eller patienter, herunder læger, hjemmepleje, fysioterapeuter, ergoterapeuter, plejeteam, sygeplejersker, psykologer, psykiater og mange flere. (Hvem skal anvende standarden jf. §3,3 i bekendtgørelsen)"}}],"jurisdiction":[{"coding":[{"system":"urn:iso:std:iso:3166","code":"DK","display":"Denmark"}]}],"purpose":"DK: Korrespondancemeddelelsen anvendes til sikker elektronisk kommunikation af personhenførbare oplysninger og anvendes typisk til ad hoc kommunikation. (RUSA Standardkatalog - Hvad skal standarden anvendes til jf. §3,2 i bekendtgørelsen)","copyright":"Copyright © 2025 MedCom","eventCoding":{"system":"http://medcomfhir.dk/ig/terminology/CodeSystem/medcom-messaging-eventCodes","code":"care-communication-message"},"category":"notification","responseRequired":"always","allowedResponse":[{"message":"http://medcomfhir.dk/ig/messagedefinitions/MessageDefinition/MedComAcknowledgementMessageDefinition2.0"},{"message":"http://medcomfhir.dk/ig/messagedefinitions/MessageDefinition/MedComCareCommunicationMessageDefinition5.0"}]}