{"resourceType":"MessageDefinition","id":"MedComHomeCareObservationMessageDefinitionV1.1","meta":{"profile":["http://medcomfhir.dk/ig/messagedefinitions/StructureDefinition/medcom-homecareobservation-message-definition"]},"url":"http://medcomfhir.dk/ig/messagedefinitions/MessageDefinition/MedComHomeCareObservationMessageDefinition","identifier":[{"use":"official","type":{"coding":[{"system":"http://medcomfhir.dk/ig/terminology/CodeSystem/medcom-message-definition-type","code":"FHIR"}]},"value":"HomeCareObservation 1.1","period":{"start":"2025-06-30"}}],"version":"1.1","name":"HomeCareObservation_MessageDefinition_1.1","title":"HomeCareObservation 1.1","status":"active","date":"2025-05-30","publisher":"MedCom","contact":[{"name":"MedCom","telecom":[{"system":"url","value":"http://www.medcom.dk"}]},{"name":"MedCom FHIR Team","telecom":[{"system":"email","value":"fhir@medcom.dk","use":"work"}]}],"description":"DK: HomeCareObservation (RUSA Standardkatalog - Beskrivelse jf. §3stk2 i bekendtgørelsen)","useContext":[{"code":{"system":"http://terminology.hl7.org/CodeSystem/usage-context-type","code":"workflow"},"valueCodeableConcept":{"text":"DK: kommuner og primærsektoren. (Hvem skal anvende standarden jf. §3,3 i bekendtgørelsen)"}}],"jurisdiction":[{"coding":[{"system":"urn:iso:std:iso:3166","code":"DK","display":"Denmark"}]}],"purpose":"DK: Sende sundhedsobservationer mellem kommuners akutsygepleje og en patients praktiserende læge (RUSA Standardkatalog - Hvad skal standarden anvendes til jf. §3,2 i bekendtgørelsen)","copyright":"Copyright © 2025 MedCom","eventCoding":{"system":"http://medcomfhir.dk/ig/terminology/CodeSystem/medcom-messaging-eventCodes","code":"homecareobservation-message"},"category":"notification","responseRequired":"always","allowedResponse":[{"message":"http://medcomfhir.dk/ig/messagedefinitions/MessageDefinition/MedComAcknowledgementMessageDefinition|2.0"}]}