<?xml version="1.0" encoding="UTF-8"?>

<Encounter xmlns="http://hl7.org/fhir">
  <id value="d56e9c54-23d2-43a4-816e-951d2a6e3281"/>
  <meta>
    <profile value="http://medcomfhir.dk/ig/hospitalnotification/StructureDefinition/medcom-hospitalNotification-encounter"/>
  </meta>
  <text>
    <status value="extensions"/><div xmlns="http://www.w3.org/1999/xhtml"><p><b>Generated Narrative: Encounter</b><a name="d56e9c54-23d2-43a4-816e-951d2a6e3281"> </a></p><div style="display: inline-block; background-color: #d9e0e7; padding: 6px; margin: 4px; border: 1px solid #8da1b4; border-radius: 5px; line-height: 60%"><p style="margin-bottom: 0px">Resource Encounter &quot;d56e9c54-23d2-43a4-816e-951d2a6e3281&quot; </p><p style="margin-bottom: 0px">Profile: <a href="StructureDefinition-medcom-hospitalNotification-encounter.html">MedComHospitalNotificationEncounter</a></p></div><p><b>MedComHospitalNotificationLeavePeriodExtension</b>: 2022-12-13 14:00:10+0200 --&gt; (ongoing)</p><p><b>status</b>: onleave</p><p><b>class</b>: inpatient encounter (Details: http://terminology.hl7.org/CodeSystem/v3-ActCode code IMP = 'inpatient encounter', stated as 'null')</p><p><b>subject</b>: <a href="Patient-97404d10-81c8-11ed-a1eb-0242ac120002.html">Patient/97404d10-81c8-11ed-a1eb-0242ac120002</a> &quot; ELMER&quot;</p><p><b>episodeOfCare</b>: <span/></p><p><b>period</b>: 2022-12-07 12:00:00+0200 --&gt; (ongoing)</p><p><b>serviceProvider</b>: <a href="Organization-b79a7914-81c8-11ed-a1eb-0242ac120002.html">Organization/b79a7914-81c8-11ed-a1eb-0242ac120002</a> &quot;Hjerteafdelingen på Herlev og Gentofte hospital&quot;</p></div>
  </text>
  <extension url="http://medcomfhir.dk/ig/hospitalnotification/StructureDefinition/medcom-hospitalnotifiation-leave-period-extension">
    <valuePeriod>
      <start value="2022-12-13T14:00:10+02:00"/>
    </valuePeriod>
  </extension>
  <status value="onleave"/>
  <class>
    <system value="http://terminology.hl7.org/CodeSystem/v3-ActCode"/>
    <code value="IMP"/>
  </class>
  <subject>
    <reference value="Patient/97404d10-81c8-11ed-a1eb-0242ac120002"/>
  </subject>
  <episodeOfCare>
    <identifier>
      <system value="https://sor2.sum.dsdn.dk/#id=265161000016000"/>
      <value value="bd481c38-a921-11ed-afa1-0242ac120002"/>
    </identifier>
  </episodeOfCare>
  <period>
    <start value="2022-12-07T12:00:00+02:00"/>
  </period>
  <serviceProvider>
    <reference value="Organization/b79a7914-81c8-11ed-a1eb-0242ac120002"/>
  </serviceProvider>
</Encounter>