<?xml version="1.0" encoding="UTF-8"?>

<Provenance xmlns="http://hl7.org/fhir">
  <id value="b5f7de8c-957a-11ec-b909-0242ac120002"/>
  <meta>
    <profile value="http://medcomfhir.dk/ig/messaging/StructureDefinition/medcom-messaging-provenance"/>
  </meta>
  <text>
    <status value="generated"/><div xmlns="http://www.w3.org/1999/xhtml"><p><b>Generated Narrative: Provenance</b><a name="b5f7de8c-957a-11ec-b909-0242ac120002"> </a></p><div style="display: inline-block; background-color: #d9e0e7; padding: 6px; margin: 4px; border: 1px solid #8da1b4; border-radius: 5px; line-height: 60%"><p style="margin-bottom: 0px">Resource Provenance &quot;b5f7de8c-957a-11ec-b909-0242ac120002&quot; </p><p style="margin-bottom: 0px">Profile: <a href="http://medcomfhir.dk/ig/messaging/2.0.0/StructureDefinition-medcom-messaging-provenance.html">MedComMessagingProvenance</a></p></div><p><b>target</b>: <a href="MessageHeader-cc47c1e2-78e6-4291-b071-f423a4f7fbfe.html">MessageHeader/cc47c1e2-78e6-4291-b071-f423a4f7fbfe</a></p><p><b>occurred</b>: 2022-12-07 14:00:02+0200</p><p><b>recorded</b>: 7. dec. 2022 13.00.02</p><p><b>activity</b>: Update of start hospital stay-admission <span style="background: LightGoldenRodYellow; margin: 4px; border: 1px solid khaki"> (<a href="http://medcomfhir.dk/ig/terminology/1.1.1/CodeSystem-medcom-messaging-activityCodes.html">MedComMessagingActivityCodes</a>#revise-admit-inpatient)</span></p><h3>Agents</h3><table class="grid"><tr><td>-</td><td><b>Who</b></td></tr><tr><td>*</td><td><a href="Organization-abb09e14-81c6-11ed-a1eb-0242ac120002.html">Organization/abb09e14-81c6-11ed-a1eb-0242ac120002</a> &quot;Hjerteafdelingen på Herlev og Gentofte hospital&quot;</td></tr></table><h3>Entities</h3><table class="grid"><tr><td>-</td><td><b>Role</b></td><td><b>What</b></td></tr><tr><td>*</td><td>revision</td><td><a href="MessageHeader-b9b4818e-02de-4cc4-b418-d20cbc7b5404.html">MessageHeader/b9b4818e-02de-4cc4-b418-d20cbc7b5404</a></td></tr></table></div>
  </text>
  <target>
    <reference value="MessageHeader/cc47c1e2-78e6-4291-b071-f423a4f7fbfe"/>
  </target>
  <occurredDateTime value="2022-12-07T14:00:02+02:00"/>
  <recorded value="2022-12-07T14:00:02+02:00"/>
  <activity>
    <coding>
      <system value="http://medcomfhir.dk/ig/terminology/CodeSystem/medcom-messaging-activityCodes"/>
      <code value="revise-admit-inpatient"/>
    </coding>
  </activity>
  <agent>
    <who>
      <reference value="Organization/abb09e14-81c6-11ed-a1eb-0242ac120002"/>
    </who>
  </agent>
  <entity>
    <role value="revision"/>
    <what>
      <reference value="MessageHeader/b9b4818e-02de-4cc4-b418-d20cbc7b5404"/>
    </what>
  </entity>
</Provenance>