{
  "codeSystems" : [
    {
      "url" : "http://hl7.org/fhir/diagnostic-report-status",
      "version" : "4.0.1",
      "status" : "draft",
      "name" : "DiagnosticReportStatus",
      "title" : "DiagnosticReportStatus",
      "description" : "The status of the diagnostic report.",
      "oids" : ["2.16.840.1.113883.4.642.4.236"],
      "uses" : {
      },
      "ValueSet-medcom-corediagnosticreport-status.html" : "MedComCoreDiagnosticReportStatus"
    },
    {
      "url" : "http://hl7.org/fhir/encounter-status",
      "version" : "4.0.1",
      "status" : "draft",
      "name" : "EncounterStatus",
      "title" : "EncounterStatus",
      "description" : "Current state of the encounter.",
      "oids" : ["2.16.840.1.113883.4.642.4.247"],
      "uses" : {
      },
      "ValueSet-medcom-hospitalNotification-encounterStatus.html" : "MedComHospitalNotificationEncounterStatusCodes"
    },
    {
      "url" : "http://hl7.org/fhir/observation-status",
      "version" : "4.0.1",
      "status" : "active",
      "name" : "ObservationStatus",
      "title" : "ObservationStatus",
      "description" : "Codes providing the status of an observation.",
      "oids" : ["2.16.840.1.113883.4.642.4.401"],
      "uses" : {
      },
      "ValueSet-medcom-core-observation-status.html" : "MedComCoreObservationStatus"
    },
    {
      "url" : "http://hl7.org/fhir/request-priority",
      "version" : "4.0.1",
      "status" : "draft",
      "name" : "RequestPriority",
      "title" : "RequestPriority",
      "description" : "Identifies the level of importance to be assigned to actioning the request.",
      "oids" : ["2.16.840.1.113883.4.642.4.116"],
      "uses" : {
      },
      "ValueSet-medcom-careCommunication-requestPriority.html" : "MedComCareCommunicationRequestPriorityCodes"
    },
    {
      "url" : "http://medcomfhir.dk/ig/terminology/CodeSystem/MedComDiagnosticReportCodes",
      "version" : "1.8.1",
      "status" : "draft",
      "name" : "MedComDiagnosticReportCodes",
      "title" : "MedComDiagnosticReportCodes",
      "description" : "Codes that represents the name of the diagnostic report",
      "uses" : {
      },
      "ValueSet-MedComDiagnosticReportCodesValueset.html" : "MedComDiagnosticReportCodesValueset"
    },
    {
      "url" : "http://medcomfhir.dk/ig/terminology/CodeSystem/MedComProducentID",
      "version" : "1.8.1",
      "status" : "draft",
      "name" : "MedComProducentID",
      "title" : "MedComProducentID",
      "description" : "ProducentD that describes who performed the observation",
      "uses" : {
      },
      "ValueSet-medcm-producentID-valueset.html" : "MedComProducentIDValueSet"
    },
    {
      "url" : "http://medcomfhir.dk/ig/terminology/CodeSystem/medcom-acknowledgement-error-codes",
      "version" : "1.8.1",
      "status" : "active",
      "name" : "MedComAcknowledgementErrorCodes",
      "title" : "MedComAcknowledgementErrorCodes",
      "description" : "CodeSystem including detailed error codes describtions. ",
      "uses" : {
      },
      "ValueSet-medcom-acknowledgement-issue-details.html" : "MedComAcknowledgementIssueDetailValues"
    },
    {
      "url" : "http://medcomfhir.dk/ig/terminology/CodeSystem/medcom-careCommunication-categoryCodes",
      "version" : "1.8.1",
      "status" : "active",
      "name" : "MedComCareCommunicationCategoryCodes",
      "title" : "MedComCareCommunicationCategories",
      "description" : "Category codes for care communication messages",
      "uses" : {
      },
      "ValueSet-medcom-careCommunication-categories.html" : "MedComCareCommunicationCategoryCodes"
    },
    {
      "url" : "http://medcomfhir.dk/ig/terminology/CodeSystem/medcom-core-PractitionerRolesAutorisationsregistret",
      "version" : "1.8.1",
      "status" : "active",
      "name" : "MedComCorePractitionerRolesAutorisationsregistret",
      "title" : "MedComCorePractitionerRolesAutorisationsregistret",
      "description" : "CodeSystem containing codes for practionerroles (Danish:Stillingsbetegnelser) from [autorisationsregistret](https://stps.dk/da/autorisation/opslagautreg/) ",
      "uses" : {
      },
      "ValueSet-medcom-core-PractitionerRoles.html" : "MedComCorePractitionerRoles"
    },
    {
      "url" : "http://medcomfhir.dk/ig/terminology/CodeSystem/medcom-core-PractitionerRolesSKSadministrativ",
      "version" : "1.8.1",
      "status" : "active",
      "name" : "MedComCorePractitionerRolesSKSadministrativ",
      "title" : "MedComCorePractitionerRolesSKSadministrativ",
      "description" : "CodeSystem containing codes for practionerroles (Danish:Stillingsbetegnelser) from [SKS Administrativt-Personaleklassifikation](https://medinfo.dk/sks/brows.php?s_nod=924) ",
      "uses" : {
      },
      "ValueSet-medcom-core-PractitionerRoles.html" : "MedComCorePractitionerRoles"
    },
    {
      "url" : "http://medcomfhir.dk/ig/terminology/CodeSystem/medcom-core-encounter-act-codes",
      "version" : "1.8.1",
      "status" : "active",
      "name" : "MedComCoreEncounterActCodes",
      "title" : "MedComCoreEncounterActCodes",
      "description" : "CodeSystem with code for classification of an encounter.",
      "uses" : {
      },
      "ValueSet-medcom-core-encounter-class.html" : "MedComCoreEncounterClassCodes"
    },
    {
      "url" : "http://medcomfhir.dk/ig/terminology/CodeSystem/medcom-core-interpretation-codes",
      "version" : "1.8.1",
      "status" : "active",
      "name" : "MedComCoreInterpretationCodes",
      "title" : "MedComCoreInterpretationCodes",
      "description" : "CodeSystem with code for interpretation of an observation",
      "uses" : {
      },
      "ValueSet-medcom-core-interpreation-valueset.html" : "MedComCoreInterpretationValueset"
    },
    {
      "url" : "http://medcomfhir.dk/ig/terminology/CodeSystem/medcom-message-definition-type",
      "version" : "1.8.1",
      "status" : "active",
      "name" : "MedComMessageDefinitionType",
      "title" : "MedComMessageDefinitionTypeCodeSystem",
      "description" : "MedComMessageDefinitionTypeCS for the messaging infrastructure",
      "uses" : {
      },
      "ValueSet-medcom-message-definition-type-valueset.html" : "MedComMessageDefinitionTypeValueset"
    },
    {
      "url" : "http://medcomfhir.dk/ig/terminology/CodeSystem/medcom-messagedefinition-identifer-system",
      "version" : "1.8.1",
      "status" : "active",
      "name" : "MedComMessageDefinitionIdentifierSystem",
      "title" : "MessageDefinitionIdentifierSystemCodeSystem",
      "description" : "MessageDefinitionIdentifierSystemCS for the messaging infrastructure",
      "uses" : {
      },
      "ValueSet-medcom-messagedefinition-identifer-system-valueset.html" : "MessageDefinitionIdentifierSystemValueset"
    },
    {
      "url" : "http://medcomfhir.dk/ig/terminology/CodeSystem/medcom-messaging-activityCodes",
      "version" : "1.8.1",
      "status" : "active",
      "name" : "MedComMessagingActivityCodes",
      "title" : "MedComMessagingActivityCodes",
      "description" : "CodeSystem containing codes for activities occuring in MedCom messages",
      "uses" : {
      },
      "ValueSet-medcom-messaging-activityCodes.html" : "MedComMessagingActivityCodes",
      "ValueSet-medcom-HomeCareObservation-messagingActivities.html" : "MedComHomeCareObservationMessageActivityCodes",
      "ValueSet-medcom-hospitalNotification-messageActivities.html" : "MedComHospitalNotificationMessageActivityCodes",
      "ValueSet-medcom-careCommunication-messagingActivities.html" : "MedComCareCommunicationMessageActivityCodes"
    },
    {
      "url" : "http://medcomfhir.dk/ig/terminology/CodeSystem/medcom-messaging-eventCodes",
      "version" : "1.8.1",
      "status" : "active",
      "name" : "MedComMessageEventCodes",
      "title" : "MedComMessagingEventCodes",
      "description" : "CodeSystem including all types of MedCom messages",
      "uses" : {
      },
      "ValueSet-medcom-messaging-messageTypes.html" : "MedComMessagingMessageTypes",
      "ConceptMap-medcom-messaging-mapFhirToSorEdi.html" : "MedComMessagingMapFhirToSorEdi"
    },
    {
      "url" : "http://medcomfhir.dk/ig/terminology/CodeSystem/medcom-messaging-sorEdiSystem",
      "version" : "1.8.1",
      "status" : "active",
      "name" : "MedComMessagingSorEdiSystem",
      "title" : "MedComMessagingSorEdiCodeSystem",
      "description" : "Codes for SOREDI message types",
      "uses" : {
      },
      "ConceptMap-medcom-messaging-mapFhirToSorEdi.html" : "MedComMessagingMapFhirToSorEdi",
      "ValueSet-medcom-messaging-sorEdiValues.html" : "MedComMessagingSorEdiValues"
    },
    {
      "url" : "http://medcomfhir.dk/ig/terminology/CodeSystem/medcom-observation-resultGroup",
      "version" : "1.8.1",
      "status" : "draft",
      "name" : "MedComObservationResultGroup",
      "title" : "MedCom Observation Result Group",
      "description" : "The observation result group are intende to be used to sort the individual analyzes.",
      "uses" : {
      },
      "ValueSet-medcom-obs-responseGroup.html" : "MedComObservationResultGroupValueSet"
    },
    {
      "url" : "http://snomed.info/sct",
      "version" : null,
      "status" : "active",
      "name" : "SNOMED_CT",
      "title" : "SNOMED CT (all versions)",
      "description" : "SNOMED CT is the most comprehensive and precise clinical health terminology product in the world, owned and distributed around the world by The International Health Terminology Standards Development Organisation (IHTSDO).",
      "oids" : ["2.16.840.1.113883.6.96"],
      "uses" : {
      },
      "ValueSet-medcom-conditionlist-status-valueset.html" : "MedComConditionListStatus"
    },
    {
      "url" : "http://terminology.hl7.org/CodeSystem/operation-outcome",
      "version" : "3.0.0",
      "status" : "draft",
      "name" : "OperationOutcomeCodes",
      "title" : "Operation Outcome Codes",
      "description" : "Operation Outcome codes used by FHIR test servers (see Implementation file translations.xml)",
      "oids" : ["2.16.840.1.113883.4.642.1.1127"],
      "uses" : {
      },
      "ValueSet-medcom-acknowledgement-issue-details.html" : "MedComAcknowledgementIssueDetailValues"
    },
    {
      "url" : "http://terminology.hl7.org/CodeSystem/usage-context-type",
      "version" : "2.0.1",
      "status" : "active",
      "name" : "UsageContextType",
      "title" : "UsageContextType",
      "description" : "A code that specifies a type of context being specified by a usage context.",
      "oids" : ["2.16.840.1.113883.4.642.1.1068"],
      "uses" : {
      },
      "ValueSet-medcom-messagedefinition-use-context-code-valueset.html" : "UseContextCodeSystemValueset"
    },
    {
      "url" : "http://terminology.hl7.org/CodeSystem/v3-ActCode",
      "version" : "9.0.0",
      "status" : "active",
      "name" : "ActCode",
      "title" : "ActCode",
      "description" : "A code specifying the particular kind of Act that the Act-instance represents within its class.\r\n\r\n*Constraints:* The kind of Act (e.g. physical examination, serum potassium, inpatient encounter, charge financial transaction, etc.) is specified with a code from one of several, typically external, coding systems. The coding system will depend on the class of Act, such as LOINC for observations, etc.\r\n\r\nConceptually, the Act.code must be a specialization of the Act.classCode. This is why the structure of ActClass domain should be reflected in the superstructure of the ActCode domain and then individual codes or externally referenced vocabularies subordinated under these domains that reflect the ActClass structure.\r\n\r\nAct.classCode and Act.code are not modifiers of each other but the Act.code concept should really imply the Act.classCode concept. For a negative example, it is not appropriate to use an Act.code \"potassium\" together with and Act.classCode for \"laboratory observation\" to somehow mean \"potassium laboratory observation\" and then use the same Act.code for \"potassium\" together with Act.classCode for \"medication\" to mean \"substitution of potassium\". This mutually modifying use of Act.code and Act.classCode is not permitted.",
      "oids" : ["2.16.840.1.113883.5.4"],
      "uses" : {
      },
      "ValueSet-medcom-hospitalNotification-encounterClass.html" : "MedComHospitalNotificationEncounterClassCodes",
      "ValueSet-medcom-core-encounter-class.html" : "MedComCoreEncounterClassCodes"
    },
    {
      "url" : "http://terminology.hl7.org/CodeSystem/v3-NullFlavor",
      "version" : "3.0.0",
      "status" : "active",
      "name" : "NullFlavor",
      "title" : "NullFlavor",
      "description" : "A collection of codes specifying why a valid value is not present.",
      "oids" : ["2.16.840.1.113883.5.1008"],
      "uses" : {
      },
      "ValueSet-medcom-core-PractitionerRoles.html" : "MedComCorePractitionerRoles"
    },
    {
      "url" : "http://terminology.hl7.org/CodeSystem/v3-ObservationInterpretation",
      "version" : "3.0.0",
      "status" : "active",
      "name" : "ObservationInterpretation",
      "title" : "ObservationInterpretation",
      "description" : "One or more codes providing a rough qualitative interpretation of the observation, such as \"normal\" / \"abnormal\", \"low\" / \"high\", \"better\" / \"worse\", \"resistant\" / \"susceptible\", \"expected\" / \"not expected\". The value set is intended to be for ANY use where coded representation of an interpretation is needed.",
      "oids" : ["2.16.840.1.113883.5.83"],
      "uses" : {
      },
      "ValueSet-medcom-core-interpreation-valueset.html" : "MedComCoreInterpretationValueset"
    }
  ]
}
