{
  "resourceType" : "ValueSet",
  "id" : "medcom-conditionlist-status-valueset",
  "text" : {
    "status" : "generated",
    "div" : "<div xmlns=\"http://www.w3.org/1999/xhtml\"><p class=\"res-header-id\"><b>Generated Narrative: ValueSet medcom-conditionlist-status-valueset</b></p><a name=\"medcom-conditionlist-status-valueset\"> </a><a name=\"hcmedcom-conditionlist-status-valueset\"> </a><ul><li>Include these codes as defined in <a href=\"http://www.snomed.org/\"><code>http://snomed.info/sct</code></a><table class=\"none\"><tr><td style=\"white-space:nowrap\"><b>Code</b></td><td><b>Display</b></td></tr><tr><td><a href=\"http://snomed.info/id/723506003\">723506003</a></td><td style=\"color: #cccccc\">Resolved (qualifier value)</td></tr><tr><td><a href=\"http://snomed.info/id/15240007\">15240007</a></td><td style=\"color: #cccccc\">Current</td></tr></table></li></ul></div>"
  },
  "url" : "http://medcomfhir.dk/ig/terminology/ValueSet/medcom-conditionlist-status-valueset",
  "version" : "1.0.0",
  "name" : "MedComConditionListStatus",
  "title" : "MedComConditionListStatus",
  "status" : "active",
  "experimental" : false,
  "date" : "2024-09-15",
  "publisher" : "MedCom",
  "contact" : [{
    "name" : "MedCom",
    "telecom" : [{
      "system" : "url",
      "value" : "http://www.medcom.dk"
    }]
  }],
  "description" : "MedComConditionListStatus used to define the status of a condition",
  "jurisdiction" : [{
    "coding" : [{
      "system" : "urn:iso:std:iso:3166",
      "code" : "DK",
      "display" : "Denmark"
    }]
  }],
  "compose" : {
    "include" : [{
      "system" : "http://snomed.info/sct",
      "concept" : [{
        "code" : "723506003"
      },
      {
        "code" : "15240007"
      }]
    }]
  }
}