{
  "resourceType" : "ValueSet",
  "id" : "medcom-hospitalNotification-messageActivities",
  "text" : {
    "status" : "generated",
    "div" : "<div xmlns=\"http://www.w3.org/1999/xhtml\"><p class=\"res-header-id\"><b>Generated Narrative: ValueSet medcom-hospitalNotification-messageActivities</b></p><a name=\"medcom-hospitalNotification-messageActivities\"> </a><a name=\"hcmedcom-hospitalNotification-messageActivities\"> </a><a name=\"medcom-hospitalNotification-messageActivities-da-DK\"> </a><ul><li>Include these codes as defined in <a href=\"CodeSystem-medcom-messaging-activityCodes.html\"><code>http://medcomfhir.dk/ig/terminology/CodeSystem/medcom-messaging-activityCodes</code></a><table class=\"none\"><tr><td style=\"white-space:nowrap\"><b>Code</b></td><td><b>Display</b></td><td><b>Dansk (Danish, da)</b></td></tr><tr><td><a href=\"CodeSystem-medcom-messaging-activityCodes.html#medcom-messaging-activityCodes-admit-emergency\">admit-emergency</a></td><td>Start hospital stay - acute ambulant</td><td>Start sygehusophold - akut ambulant</td></tr><tr><td><a href=\"CodeSystem-medcom-messaging-activityCodes.html#medcom-messaging-activityCodes-revise-admit-emergency\">revise-admit-emergency</a></td><td>Update Start hospital stay - acute ambulant</td><td>Rettelse Start sygehusophold - akut ambulant</td></tr><tr><td><a href=\"CodeSystem-medcom-messaging-activityCodes.html#medcom-messaging-activityCodes-cancel-admit-emergency\">cancel-admit-emergency</a></td><td>Cancellation Start hospital stay - acute ambulant</td><td>Annullering Start sygehusophold - akut ambulant</td></tr><tr><td><a href=\"CodeSystem-medcom-messaging-activityCodes.html#medcom-messaging-activityCodes-admit-inpatient\">admit-inpatient</a></td><td>Start hospital stay - admission</td><td>Start sygehusophold - indlagt</td></tr><tr><td><a href=\"CodeSystem-medcom-messaging-activityCodes.html#medcom-messaging-activityCodes-revise-admit-inpatient\">revise-admit-inpatient</a></td><td>Update Start hospital stay - admission</td><td>Rettelse Start sygehusophold - indlagt</td></tr><tr><td><a href=\"CodeSystem-medcom-messaging-activityCodes.html#medcom-messaging-activityCodes-cancel-admit-inpatient\">cancel-admit-inpatient</a></td><td>Cancellation Start hospital stay - admission</td><td>Annullering Start sygehusophold  - indlagt</td></tr><tr><td><a href=\"CodeSystem-medcom-messaging-activityCodes.html#medcom-messaging-activityCodes-start-leave-inpatient\">start-leave-inpatient</a></td><td>Start leave</td><td>Start orlov</td></tr><tr><td><a href=\"CodeSystem-medcom-messaging-activityCodes.html#medcom-messaging-activityCodes-revise-start-leave-inpatient\">revise-start-leave-inpatient</a></td><td>Update Start leave</td><td>Rettelse Start orlov</td></tr><tr><td><a href=\"CodeSystem-medcom-messaging-activityCodes.html#medcom-messaging-activityCodes-cancel-start-leave-inpatient\">cancel-start-leave-inpatient</a></td><td>Cancellation Start leave</td><td>Annullering Start orlov</td></tr><tr><td><a href=\"CodeSystem-medcom-messaging-activityCodes.html#medcom-messaging-activityCodes-end-leave-inpatient\">end-leave-inpatient</a></td><td>End leave</td><td>Slut orlov</td></tr><tr><td><a href=\"CodeSystem-medcom-messaging-activityCodes.html#medcom-messaging-activityCodes-revise-end-leave-inpatient\">revise-end-leave-inpatient</a></td><td>Update End leave</td><td>Rettelse Slut orlov</td></tr><tr><td><a href=\"CodeSystem-medcom-messaging-activityCodes.html#medcom-messaging-activityCodes-cancel-end-leave-inpatient\">cancel-end-leave-inpatient</a></td><td>Cancellation End leave</td><td>Annullering Slut orlov</td></tr><tr><td><a href=\"CodeSystem-medcom-messaging-activityCodes.html#medcom-messaging-activityCodes-discharge-emergency-home\">discharge-emergency-home</a></td><td>End hospital stay - patient completed to home/primary sector</td><td>Slut sygehusophold - afsluttet til hjemmet/primær sektor</td></tr><tr><td><a href=\"CodeSystem-medcom-messaging-activityCodes.html#medcom-messaging-activityCodes-revise-discharge-emergency-home\">revise-discharge-emergency-home</a></td><td>Update End hospital stay - patient completed to home/primary sector</td><td>Rettelse Slut sygehusophold - afsluttet til hjemmet/primær sektor</td></tr><tr><td><a href=\"CodeSystem-medcom-messaging-activityCodes.html#medcom-messaging-activityCodes-cancel-discharge-emergency-home\">cancel-discharge-emergency-home</a></td><td>Cancellation End hospital stay - patient completed to home/primary sector</td><td>Annullering Slut sygehusophold - afsluttet til hjemmet/primær sektor</td></tr><tr><td><a href=\"CodeSystem-medcom-messaging-activityCodes.html#medcom-messaging-activityCodes-discharge-inpatient-home\">discharge-inpatient-home</a></td><td>End hospital stay - patient completed to home/primary sector</td><td>Slut sygehusophold - afsluttet til hjemmet/primær sektor</td></tr><tr><td><a href=\"CodeSystem-medcom-messaging-activityCodes.html#medcom-messaging-activityCodes-revise-discharge-inpatient-home\">revise-discharge-inpatient-home</a></td><td>Update End hospital stay - patient completed to home/primary sector</td><td>Rettelse Slut sygehusophold - afsluttet til hjemmet/primær sektor</td></tr><tr><td><a href=\"CodeSystem-medcom-messaging-activityCodes.html#medcom-messaging-activityCodes-cancel-discharge-inpatient-home\">cancel-discharge-inpatient-home</a></td><td>Cancellation End hospital stay - patient completed to home/primary sector</td><td>Annullering Slut sygehusophold - afsluttet til hjemmet/primær sektor</td></tr></table></li></ul></div>"
  },
  "url" : "http://medcomfhir.dk/ig/terminology/ValueSet/medcom-hospitalNotification-messageActivities",
  "version" : "1.7.1",
  "name" : "MedComHospitalNotificationMessageActivities",
  "title" : "MedComHospitalNotificationMessageActivityCodes",
  "status" : "active",
  "experimental" : false,
  "date" : "2023-01-06",
  "publisher" : "MedCom",
  "contact" : [{
    "name" : "MedCom",
    "telecom" : [{
      "system" : "url",
      "value" : "http://www.medcom.dk"
    }]
  }],
  "description" : "ValueSet containg activity codes for hospital notification messages",
  "jurisdiction" : [{
    "coding" : [{
      "system" : "urn:iso:std:iso:3166",
      "code" : "DK",
      "display" : "Denmark"
    }]
  }],
  "compose" : {
    "include" : [{
      "system" : "http://medcomfhir.dk/ig/terminology/CodeSystem/medcom-messaging-activityCodes",
      "concept" : [{
        "code" : "admit-emergency",
        "display" : "Start hospital stay - acute ambulant",
        "designation" : [{
          "language" : "da",
          "value" : "Start sygehusophold - akut ambulant"
        }]
      },
      {
        "code" : "revise-admit-emergency",
        "display" : "Update Start hospital stay - acute ambulant",
        "designation" : [{
          "language" : "da",
          "value" : "Rettelse Start sygehusophold - akut ambulant"
        }]
      },
      {
        "code" : "cancel-admit-emergency",
        "display" : "Cancellation Start hospital stay - acute ambulant",
        "designation" : [{
          "language" : "da",
          "value" : "Annullering Start sygehusophold - akut ambulant"
        }]
      },
      {
        "code" : "admit-inpatient",
        "display" : "Start hospital stay - admission",
        "designation" : [{
          "language" : "da",
          "value" : "Start sygehusophold - indlagt"
        }]
      },
      {
        "code" : "revise-admit-inpatient",
        "display" : "Update Start hospital stay - admission",
        "designation" : [{
          "language" : "da",
          "value" : "Rettelse Start sygehusophold - indlagt"
        }]
      },
      {
        "code" : "cancel-admit-inpatient",
        "display" : "Cancellation Start hospital stay - admission",
        "designation" : [{
          "language" : "da",
          "value" : "Annullering Start sygehusophold  - indlagt"
        }]
      },
      {
        "code" : "start-leave-inpatient",
        "display" : "Start leave",
        "designation" : [{
          "language" : "da",
          "value" : "Start orlov"
        }]
      },
      {
        "code" : "revise-start-leave-inpatient",
        "display" : "Update Start leave",
        "designation" : [{
          "language" : "da",
          "value" : "Rettelse Start orlov"
        }]
      },
      {
        "code" : "cancel-start-leave-inpatient",
        "display" : "Cancellation Start leave",
        "designation" : [{
          "language" : "da",
          "value" : "Annullering Start orlov"
        }]
      },
      {
        "code" : "end-leave-inpatient",
        "display" : "End leave",
        "designation" : [{
          "language" : "da",
          "value" : "Slut orlov"
        }]
      },
      {
        "code" : "revise-end-leave-inpatient",
        "display" : "Update End leave",
        "designation" : [{
          "language" : "da",
          "value" : "Rettelse Slut orlov"
        }]
      },
      {
        "code" : "cancel-end-leave-inpatient",
        "display" : "Cancellation End leave",
        "designation" : [{
          "language" : "da",
          "value" : "Annullering Slut orlov"
        }]
      },
      {
        "code" : "discharge-emergency-home",
        "display" : "End hospital stay - patient completed to home/primary sector",
        "designation" : [{
          "language" : "da",
          "value" : "Slut sygehusophold - afsluttet til hjemmet/primær sektor"
        }]
      },
      {
        "code" : "revise-discharge-emergency-home",
        "display" : "Update End hospital stay - patient completed to home/primary sector",
        "designation" : [{
          "language" : "da",
          "value" : "Rettelse Slut sygehusophold - afsluttet til hjemmet/primær sektor"
        }]
      },
      {
        "code" : "cancel-discharge-emergency-home",
        "display" : "Cancellation End hospital stay - patient completed to home/primary sector",
        "designation" : [{
          "language" : "da",
          "value" : "Annullering Slut sygehusophold - afsluttet til hjemmet/primær sektor"
        }]
      },
      {
        "code" : "discharge-inpatient-home",
        "display" : "End hospital stay - patient completed to home/primary sector",
        "designation" : [{
          "language" : "da",
          "value" : "Slut sygehusophold - afsluttet til hjemmet/primær sektor"
        }]
      },
      {
        "code" : "revise-discharge-inpatient-home",
        "display" : "Update End hospital stay - patient completed to home/primary sector",
        "designation" : [{
          "language" : "da",
          "value" : "Rettelse Slut sygehusophold - afsluttet til hjemmet/primær sektor"
        }]
      },
      {
        "code" : "cancel-discharge-inpatient-home",
        "display" : "Cancellation End hospital stay - patient completed to home/primary sector",
        "designation" : [{
          "language" : "da",
          "value" : "Annullering Slut sygehusophold - afsluttet til hjemmet/primær sektor"
        }]
      }]
    }]
  }
}