{"resourceType":"ImplementationGuide","id":"medcom.fhir.dk.messaging","text":{"status":"extensions","div":"<div xmlns=\"http://www.w3.org/1999/xhtml\"><h2>MedComMessaging</h2><p>The official URL for this implementation guide is: </p><pre>http://medcomfhir.dk/ig/messaging/ImplementationGuide/medcom.fhir.dk.messaging</pre><div><p>The DK MedCom Messaging IG</p>\n</div></div>"},"url":"http://medcomfhir.dk/ig/messaging/ImplementationGuide/medcom.fhir.dk.messaging","version":"2.0.0","name":"MedComMessaging","title":"DK MedCom Messaging","status":"active","date":"2022-10-05T21:24:48+02:00","publisher":"MedCom","contact":[{"name":"MedCom","telecom":[{"system":"url","value":"http://www.medcom.dk"}]}],"description":"The DK MedCom Messaging IG","jurisdiction":[{"coding":[{"system":"urn:iso:std:iso:3166","code":"DK","display":"Denmark"}]}],"packageId":"medcom.fhir.dk.messaging","license":"CC0-1.0","fhirVersion":["4.0.1"],"dependsOn":[{"id":"higtools","uri":"http://hl7.org/fhir/tools/ImplementationGuide/hl7.fhir.uv.tools","packageId":"hl7.fhir.uv.tools","version":"current"},{"id":"hl7tx","uri":"http://terminology.hl7.org/ImplementationGuide/hl7.terminology","packageId":"hl7.terminology.r4","version":"4.0.0"},{"id":"hl7_fhir_dk_core","uri":"http://hl7.dk/fhir/core/ImplementationGuide/hl7.fhir.dk.core","packageId":"hl7.fhir.dk.core","version":"2.0.0"},{"id":"medcom_fhir_dk_core","uri":"http://medcomfhir.dk/ig/core/ImplementationGuide/medcom.fhir.dk.core","packageId":"medcom.fhir.dk.core","version":"2.0.0"}],"definition":{"extension":[{"extension":[{"url":"code","valueString":"copyrightyear"},{"url":"value","valueString":"2021+"}],"url":"http://hl7.org/fhir/tools/StructureDefinition/ig-parameter"},{"extension":[{"url":"code","valueString":"releaselabel"},{"url":"value","valueString":"release"}],"url":"http://hl7.org/fhir/tools/StructureDefinition/ig-parameter"},{"extension":[{"url":"code","valueString":"apply-contact"},{"url":"value","valueString":"true"}],"url":"http://hl7.org/fhir/tools/StructureDefinition/ig-parameter"},{"extension":[{"url":"code","valueString":"apply-juristiction"},{"url":"value","valueString":"true"}],"url":"http://hl7.org/fhir/tools/StructureDefinition/ig-parameter"},{"extension":[{"url":"code","valueString":"apply-publisher"},{"url":"value","valueString":"true"}],"url":"http://hl7.org/fhir/tools/StructureDefinition/ig-parameter"},{"extension":[{"url":"code","valueString":"autoload-resources"},{"url":"value","valueString":"true"}],"url":"http://hl7.org/fhir/tools/StructureDefinition/ig-parameter"},{"extension":[{"url":"code","valueString":"path-liquid"},{"url":"value","valueString":"template/liquid"}],"url":"http://hl7.org/fhir/tools/StructureDefinition/ig-parameter"},{"extension":[{"url":"code","valueString":"path-liquid"},{"url":"value","valueString":"input/liquid"}],"url":"http://hl7.org/fhir/tools/StructureDefinition/ig-parameter"},{"extension":[{"url":"code","valueString":"path-qa"},{"url":"value","valueString":"temp/qa"}],"url":"http://hl7.org/fhir/tools/StructureDefinition/ig-parameter"},{"extension":[{"url":"code","valueString":"path-temp"},{"url":"value","valueString":"temp/pages"}],"url":"http://hl7.org/fhir/tools/StructureDefinition/ig-parameter"},{"extension":[{"url":"code","valueString":"path-output"},{"url":"value","valueString":"output"}],"url":"http://hl7.org/fhir/tools/StructureDefinition/ig-parameter"},{"extension":[{"url":"code","valueString":"path-suppressed-warnings"},{"url":"value","valueString":"input/ignoreWarnings.txt"}],"url":"http://hl7.org/fhir/tools/StructureDefinition/ig-parameter"},{"extension":[{"url":"code","valueString":"path-history"},{"url":"value","valueString":"http://medcomfhir.dk/ig/messaging/history.html"}],"url":"http://hl7.org/fhir/tools/StructureDefinition/ig-parameter"},{"extension":[{"url":"code","valueString":"template-html"},{"url":"value","valueString":"template-page.html"}],"url":"http://hl7.org/fhir/tools/StructureDefinition/ig-parameter"},{"extension":[{"url":"code","valueString":"template-md"},{"url":"value","valueString":"template-page-md.html"}],"url":"http://hl7.org/fhir/tools/StructureDefinition/ig-parameter"},{"extension":[{"url":"code","valueString":"apply-context"},{"url":"value","valueString":"true"}],"url":"http://hl7.org/fhir/tools/StructureDefinition/ig-parameter"},{"extension":[{"url":"code","valueString":"apply-copyright"},{"url":"value","valueString":"true"}],"url":"http://hl7.org/fhir/tools/StructureDefinition/ig-parameter"},{"extension":[{"url":"code","valueString":"apply-jurisdiction"},{"url":"value","valueString":"true"}],"url":"http://hl7.org/fhir/tools/StructureDefinition/ig-parameter"},{"extension":[{"url":"code","valueString":"apply-license"},{"url":"value","valueString":"true"}],"url":"http://hl7.org/fhir/tools/StructureDefinition/ig-parameter"},{"extension":[{"url":"code","valueString":"apply-version"},{"url":"value","valueString":"true"}],"url":"http://hl7.org/fhir/tools/StructureDefinition/ig-parameter"},{"extension":[{"url":"code","valueString":"active-tables"},{"url":"value","valueString":"true"}],"url":"http://hl7.org/fhir/tools/StructureDefinition/ig-parameter"},{"extension":[{"url":"code","valueString":"fmm-definition"},{"url":"value","valueString":"http://hl7.org/fhir/versions.html#maturity"}],"url":"http://hl7.org/fhir/tools/StructureDefinition/ig-parameter"},{"extension":[{"url":"code","valueString":"propagate-status"},{"url":"value","valueString":"true"}],"url":"http://hl7.org/fhir/tools/StructureDefinition/ig-parameter"},{"extension":[{"url":"code","valueString":"excludelogbinaryformat"},{"url":"value","valueString":"true"}],"url":"http://hl7.org/fhir/tools/StructureDefinition/ig-parameter"}],"grouping":[{"id":"-str-profile","name":"Structures: Resource Profiles","description":"These define constraints on FHIR resources for systems conforming to this implementation guide"},{"id":"-str-extension","name":"Structures: Extension Definitions","description":"These define constraints on FHIR data types for systems conforming to this implementation guide"},{"id":"-ex-example","name":"Example: Example Instances","description":"These are example instances that show what data produced and consumed by systems conforming with this implementation guide might look like"}],"resource":[{"extension":[{"url":"http://hl7.org/fhir/StructureDefinition/implementationguide-page","valueUri":"StructureDefinition-medcom-messaging-message.html"}],"reference":{"reference":"StructureDefinition/medcom-messaging-message"},"name":"MedComMessagingMessage","description":"Base resource for all MedCom messages.","exampleBoolean":false,"groupingId":"-str-profile"},{"extension":[{"url":"http://hl7.org/fhir/StructureDefinition/implementationguide-page","valueUri":"StructureDefinition-medcom-messaging-messageHeader.html"}],"reference":{"reference":"StructureDefinition/medcom-messaging-messageHeader"},"name":"MedComMessagingMessageHeader","description":"MessageHeader for MedCom messages","exampleBoolean":false,"groupingId":"-str-profile"},{"extension":[{"url":"http://hl7.org/fhir/StructureDefinition/implementationguide-page","valueUri":"StructureDefinition-medcom-messaging-organization.html"}],"reference":{"reference":"StructureDefinition/medcom-messaging-organization"},"name":"MedComMessagingOrganization","description":"A formally recognized organizations registered for exchanging messages within Danish healthcare, registered with a SOR identifier issued by The Danish Health Data Authority","exampleBoolean":false,"groupingId":"-str-profile"},{"extension":[{"url":"http://hl7.org/fhir/StructureDefinition/implementationguide-page","valueUri":"StructureDefinition-medcom-messaging-provenance.html"}],"reference":{"reference":"StructureDefinition/medcom-messaging-provenance"},"name":"MedComMessagingProvenance","description":"Provenance information about the messages preceeding the current message","exampleBoolean":false,"groupingId":"-str-profile"},{"extension":[{"url":"http://hl7.org/fhir/StructureDefinition/implementationguide-page","valueUri":"StructureDefinition-medcom-messaging-destinationUseExtension.html"}],"reference":{"reference":"StructureDefinition/medcom-messaging-destinationUseExtension"},"name":"MedComDestinationUseExtension","description":"Indicates whether the use of a destination in a MedCom message header is as a primary or a carbon copy recipient of the message","exampleBoolean":false,"groupingId":"-str-extension"},{"extension":[{"url":"http://hl7.org/fhir/StructureDefinition/implementationguide-page","valueUri":"Organization-12ee0dde-a672-462f-820d-5efe832d73c9.html"}],"reference":{"reference":"Organization/12ee0dde-a672-462f-820d-5efe832d73c9"},"name":"Aros Burn Center","description":"A core organization with a SOR identifier.","exampleBoolean":true,"groupingId":"-ex-example"},{"extension":[{"url":"http://hl7.org/fhir/StructureDefinition/implementationguide-page","valueUri":"MessageHeader-3881874e-2042-4a00-aee8-23512799f512.html"}],"reference":{"reference":"MessageHeader/3881874e-2042-4a00-aee8-23512799f512"},"name":"MessageHeader for an empty message. Valid only if used in a bundle (message)","description":"MessageHeader for an empty message. Valid only if used in a bundle (message).","exampleCanonical":"http://medcomfhir.dk/ig/messaging/StructureDefinition/medcom-messaging-messageHeader","groupingId":"-ex-example"},{"extension":[{"url":"http://hl7.org/fhir/StructureDefinition/implementationguide-page","valueUri":"MessageHeader-42c01434-8feb-11ec-b909-0242ac120002.html"}],"reference":{"reference":"MessageHeader/42c01434-8feb-11ec-b909-0242ac120002"},"name":"MessageHeader for a CareCommunication message. Valid only if used in a bundle (message)","description":"MessageHeader for a CareCommunication message. Valid only if used in a bundle (message). NB: A CareCommunication message shall use a CareCommunicationMessageHeader, as some elements and invariants are missing.","exampleCanonical":"http://medcomfhir.dk/ig/messaging/StructureDefinition/medcom-messaging-messageHeader","groupingId":"-ex-example"},{"extension":[{"url":"http://hl7.org/fhir/StructureDefinition/implementationguide-page","valueUri":"Practitioner-58c811a5-4082-44eb-9d66-ccbb112d4973.html"}],"reference":{"reference":"Practitioner/58c811a5-4082-44eb-9d66-ccbb112d4973"},"name":"Simple practitioner with a name","description":"Simple practitioner with a name","exampleBoolean":true,"groupingId":"-ex-example"},{"extension":[{"url":"http://hl7.org/fhir/StructureDefinition/implementationguide-page","valueUri":"Patient-733cef33-3626-422b-955d-d506aaa65fe1.html"}],"reference":{"reference":"Patient/733cef33-3626-422b-955d-d506aaa65fe1"},"name":"Eric Flame","description":"Patient with a managing organization. Valid only if used in a bundle (message).","exampleBoolean":true,"groupingId":"-ex-example"},{"extension":[{"url":"http://hl7.org/fhir/StructureDefinition/implementationguide-page","valueUri":"Organization-74cdf292-abf3-4f5f-80ea-60a48013ff6d.html"}],"reference":{"reference":"Organization/74cdf292-abf3-4f5f-80ea-60a48013ff6d"},"name":"Example of a reciever organization with a SOR and an EAN identifier.","description":"Example of an organization with a SOR and an EAN identifier.","exampleCanonical":"http://medcomfhir.dk/ig/messaging/StructureDefinition/medcom-messaging-organization","groupingId":"-ex-example"},{"extension":[{"url":"http://hl7.org/fhir/StructureDefinition/implementationguide-page","valueUri":"Provenance-9c284936-5454-4116-95fc-3c8eeeed2400.html"}],"reference":{"reference":"Provenance/9c284936-5454-4116-95fc-3c8eeeed2400"},"name":"CareCommunication example. The Provenance instance is only valid if used in a bundle (message) - new message","description":"CareCommunication example. The Provenance instance is only valid if used in a bundle (message) - new message","exampleCanonical":"http://medcomfhir.dk/ig/messaging/StructureDefinition/medcom-messaging-provenance","groupingId":"-ex-example"},{"extension":[{"url":"http://hl7.org/fhir/StructureDefinition/implementationguide-page","valueUri":"Organization-bf839e87-4e44-4977-b38e-92b5a6f187b5.html"}],"reference":{"reference":"Organization/bf839e87-4e44-4977-b38e-92b5a6f187b5"},"name":"Example of a service provider organization with a SOR and an EAN identifier.","description":"Example of an organization with a SOR and an EAN identifier.","exampleCanonical":"http://medcomfhir.dk/ig/messaging/StructureDefinition/medcom-messaging-organization","groupingId":"-ex-example"},{"extension":[{"url":"http://hl7.org/fhir/StructureDefinition/implementationguide-page","valueUri":"MessageHeader-cb0b2ef0-8feb-11ec-b909-0242ac120002.html"}],"reference":{"reference":"MessageHeader/cb0b2ef0-8feb-11ec-b909-0242ac120002"},"name":"MessageHeader for a HospitalNotification message. Valid only if used in a bundle (message)","description":"MessageHeader for a HospitalNotification message. Valid only if used in a bundle (message). NB: A HospitalNotification message shall use a HospitalNotificationMessageHeader, as some elements and invariants are missing.","exampleCanonical":"http://medcomfhir.dk/ig/messaging/StructureDefinition/medcom-messaging-messageHeader","groupingId":"-ex-example"},{"extension":[{"url":"http://hl7.org/fhir/StructureDefinition/implementationguide-page","valueUri":"MessageHeader-d28b9cb4-8feb-11ec-b909-0242ac120002.html"}],"reference":{"reference":"MessageHeader/d28b9cb4-8feb-11ec-b909-0242ac120002"},"name":"MessageHeader for a Acknowledgement message. Valid only if used in a bundle (message)","description":"MessageHeader for a Acknowledgement message. Valid only if used in a bundle (message). NB: An Acknowledgement message shall use an AcknowledgementMessageHeader, as some elements and invariants are missing.","exampleCanonical":"http://medcomfhir.dk/ig/messaging/StructureDefinition/medcom-messaging-messageHeader","groupingId":"-ex-example"},{"extension":[{"url":"http://hl7.org/fhir/StructureDefinition/implementationguide-page","valueUri":"Organization-d7056980-a8b2-42aa-8a0e-c1fc85d1f40d.html"}],"reference":{"reference":"Organization/d7056980-a8b2-42aa-8a0e-c1fc85d1f40d"},"name":"Example of a sender organization with a SOR and an EAN identifier.","description":"Example of an organization with a SOR and an EAN identifier.","exampleCanonical":"http://medcomfhir.dk/ig/messaging/StructureDefinition/medcom-messaging-organization","groupingId":"-ex-example"},{"extension":[{"url":"http://hl7.org/fhir/StructureDefinition/implementationguide-page","valueUri":"Bundle-eb26be85-fdb7-454d-a980-95cba6d1745b.html"}],"reference":{"reference":"Bundle/eb26be85-fdb7-454d-a980-95cba6d1745b"},"name":"Bundle used in an empty message.","description":"Example of an empty message.","exampleCanonical":"http://medcomfhir.dk/ig/messaging/StructureDefinition/medcom-messaging-message","groupingId":"-ex-example"}],"page":{"extension":[{"url":"http://hl7.org/fhir/tools/StructureDefinition/ig-page-name","valueUrl":"toc.html"}],"nameUrl":"toc.html","title":"Table of Contents","generation":"html","page":[{"extension":[{"url":"http://hl7.org/fhir/tools/StructureDefinition/ig-page-name","valueUrl":"index.html"}],"nameUrl":"index.html","title":"Home","generation":"markdown"},{"extension":[{"url":"http://hl7.org/fhir/tools/StructureDefinition/ig-page-name","valueUrl":"downloads.html"}],"nameUrl":"downloads.html","title":"Downloads","generation":"markdown"},{"extension":[{"url":"http://hl7.org/fhir/tools/StructureDefinition/ig-page-name","valueUrl":"extensions.html"}],"nameUrl":"extensions.html","title":"Extensions","generation":"html"},{"extension":[{"url":"http://hl7.org/fhir/tools/StructureDefinition/ig-page-name","valueUrl":"profiles.html"}],"nameUrl":"profiles.html","title":"Profiles","generation":"html"},{"extension":[{"url":"http://hl7.org/fhir/tools/StructureDefinition/ig-page-name","valueUrl":"artifacts.html"}],"nameUrl":"artifacts.html","title":"Artifacts Summary","generation":"html","page":[{"extension":[{"url":"http://hl7.org/fhir/tools/StructureDefinition/ig-page-name","valueUrl":"StructureDefinition-medcom-messaging-message.html"}],"nameUrl":"StructureDefinition-medcom-messaging-message.html","title":"MedComMessagingMessage","generation":"generated"},{"extension":[{"url":"http://hl7.org/fhir/tools/StructureDefinition/ig-page-name","valueUrl":"StructureDefinition-medcom-messaging-messageHeader.html"}],"nameUrl":"StructureDefinition-medcom-messaging-messageHeader.html","title":"MedComMessagingMessageHeader","generation":"generated"},{"extension":[{"url":"http://hl7.org/fhir/tools/StructureDefinition/ig-page-name","valueUrl":"StructureDefinition-medcom-messaging-organization.html"}],"nameUrl":"StructureDefinition-medcom-messaging-organization.html","title":"MedComMessagingOrganization","generation":"generated"},{"extension":[{"url":"http://hl7.org/fhir/tools/StructureDefinition/ig-page-name","valueUrl":"StructureDefinition-medcom-messaging-provenance.html"}],"nameUrl":"StructureDefinition-medcom-messaging-provenance.html","title":"MedComMessagingProvenance","generation":"generated"},{"extension":[{"url":"http://hl7.org/fhir/tools/StructureDefinition/ig-page-name","valueUrl":"StructureDefinition-medcom-messaging-destinationUseExtension.html"}],"nameUrl":"StructureDefinition-medcom-messaging-destinationUseExtension.html","title":"MedComDestinationUseExtension","generation":"generated"},{"extension":[{"url":"http://hl7.org/fhir/tools/StructureDefinition/ig-page-name","valueUrl":"Organization-12ee0dde-a672-462f-820d-5efe832d73c9.html"}],"nameUrl":"Organization-12ee0dde-a672-462f-820d-5efe832d73c9.html","title":"Aros Burn Center","generation":"generated"},{"extension":[{"url":"http://hl7.org/fhir/tools/StructureDefinition/ig-page-name","valueUrl":"MessageHeader-3881874e-2042-4a00-aee8-23512799f512.html"}],"nameUrl":"MessageHeader-3881874e-2042-4a00-aee8-23512799f512.html","title":"MessageHeader for an empty message. Valid only if used in a bundle (message)","generation":"generated"},{"extension":[{"url":"http://hl7.org/fhir/tools/StructureDefinition/ig-page-name","valueUrl":"MessageHeader-42c01434-8feb-11ec-b909-0242ac120002.html"}],"nameUrl":"MessageHeader-42c01434-8feb-11ec-b909-0242ac120002.html","title":"MessageHeader for a CareCommunication message. Valid only if used in a bundle (message)","generation":"generated"},{"extension":[{"url":"http://hl7.org/fhir/tools/StructureDefinition/ig-page-name","valueUrl":"Practitioner-58c811a5-4082-44eb-9d66-ccbb112d4973.html"}],"nameUrl":"Practitioner-58c811a5-4082-44eb-9d66-ccbb112d4973.html","title":"Simple practitioner with a name","generation":"generated"},{"extension":[{"url":"http://hl7.org/fhir/tools/StructureDefinition/ig-page-name","valueUrl":"Patient-733cef33-3626-422b-955d-d506aaa65fe1.html"}],"nameUrl":"Patient-733cef33-3626-422b-955d-d506aaa65fe1.html","title":"Eric Flame","generation":"generated"},{"extension":[{"url":"http://hl7.org/fhir/tools/StructureDefinition/ig-page-name","valueUrl":"Organization-74cdf292-abf3-4f5f-80ea-60a48013ff6d.html"}],"nameUrl":"Organization-74cdf292-abf3-4f5f-80ea-60a48013ff6d.html","title":"Example of a reciever organization with a SOR and an EAN identifier.","generation":"generated"},{"extension":[{"url":"http://hl7.org/fhir/tools/StructureDefinition/ig-page-name","valueUrl":"Provenance-9c284936-5454-4116-95fc-3c8eeeed2400.html"}],"nameUrl":"Provenance-9c284936-5454-4116-95fc-3c8eeeed2400.html","title":"CareCommunication example. The Provenance instance is only valid if used in a bundle (message) - new message","generation":"generated"},{"extension":[{"url":"http://hl7.org/fhir/tools/StructureDefinition/ig-page-name","valueUrl":"Organization-bf839e87-4e44-4977-b38e-92b5a6f187b5.html"}],"nameUrl":"Organization-bf839e87-4e44-4977-b38e-92b5a6f187b5.html","title":"Example of a service provider organization with a SOR and an EAN identifier.","generation":"generated"},{"extension":[{"url":"http://hl7.org/fhir/tools/StructureDefinition/ig-page-name","valueUrl":"MessageHeader-cb0b2ef0-8feb-11ec-b909-0242ac120002.html"}],"nameUrl":"MessageHeader-cb0b2ef0-8feb-11ec-b909-0242ac120002.html","title":"MessageHeader for a HospitalNotification message. Valid only if used in a bundle (message)","generation":"generated"},{"extension":[{"url":"http://hl7.org/fhir/tools/StructureDefinition/ig-page-name","valueUrl":"MessageHeader-d28b9cb4-8feb-11ec-b909-0242ac120002.html"}],"nameUrl":"MessageHeader-d28b9cb4-8feb-11ec-b909-0242ac120002.html","title":"MessageHeader for a Acknowledgement message. Valid only if used in a bundle (message)","generation":"generated"},{"extension":[{"url":"http://hl7.org/fhir/tools/StructureDefinition/ig-page-name","valueUrl":"Organization-d7056980-a8b2-42aa-8a0e-c1fc85d1f40d.html"}],"nameUrl":"Organization-d7056980-a8b2-42aa-8a0e-c1fc85d1f40d.html","title":"Example of a sender organization with a SOR and an EAN identifier.","generation":"generated"},{"extension":[{"url":"http://hl7.org/fhir/tools/StructureDefinition/ig-page-name","valueUrl":"Bundle-eb26be85-fdb7-454d-a980-95cba6d1745b.html"}],"nameUrl":"Bundle-eb26be85-fdb7-454d-a980-95cba6d1745b.html","title":"Bundle used in an empty message.","generation":"generated"}]}]},"parameter":[{"code":"path-resource","value":"input/capabilities"},{"code":"path-resource","value":"input/examples"},{"code":"path-resource","value":"input/extensions"},{"code":"path-resource","value":"input/models"},{"code":"path-resource","value":"input/operations"},{"code":"path-resource","value":"input/profiles"},{"code":"path-resource","value":"input/resources"},{"code":"path-resource","value":"input/vocabulary"},{"code":"path-resource","value":"input/maps"},{"code":"path-resource","value":"input/testing"},{"code":"path-resource","value":"input/history"},{"code":"path-resource","value":"fsh-generated/resources"},{"code":"path-pages","value":"template/config"},{"code":"path-pages","value":"input/images"},{"code":"path-tx-cache","value":"input-cache/txcache"}]}}