<?xml version="1.0" encoding="UTF-8"?>

<MessageHeader xmlns="http://hl7.org/fhir">
  <id value="3076d9b0-5521-11ed-bdc3-0242ac120002"/>
  <meta>
    <profile value="http://medcomfhir.dk/ig/carecommunication/StructureDefinition/medcom-careCommunication-messageHeader"/>
  </meta>
  <text>
    <status value="generated"/><div xmlns="http://www.w3.org/1999/xhtml"><p class="res-header-id"><b>Generated Narrative: MessageHeader 3076d9b0-5521-11ed-bdc3-0242ac120002</b></p><a name="3076d9b0-5521-11ed-bdc3-0242ac120002"> </a><a name="hc3076d9b0-5521-11ed-bdc3-0242ac120002"> </a><a name="3076d9b0-5521-11ed-bdc3-0242ac120002-da-DK"> </a><p><b>event</b>: <a href="http://medcomfhir.dk/ig/terminology/1.7.0/CodeSystem-medcom-messaging-eventCodes.html#medcom-messaging-eventCodes-care-communication-message">MedComMessagingEventCodes care-communication-message</a>: Care Communication Message</p><h3>Destinations</h3><table class="grid"><tr><td style="display: none">-</td><td><b>Extension</b></td><td><b>Endpoint</b></td><td><b>Receiver</b></td></tr><tr><td style="display: none">*</td><td/><td><a href="https://sor2.sum.dsdn.dk/#id=953741000016009">https://sor2.sum.dsdn.dk/#id=953741000016009</a></td><td><a href="Organization-ae899cbd-933b-4581-9a16-bd2da73f06a0.html">Organization Plejecenter Herlev</a></td></tr></table><p><b>sender</b>: <a href="Organization-e17d03b8-e7fd-4654-bc9c-cb2eb5dda71f.html">Organization Hjerteafdelingen på Herlev og Gentofte hospital</a></p><h3>Sources</h3><table class="grid"><tr><td style="display: none">-</td><td><b>Endpoint</b></td></tr><tr><td style="display: none">*</td><td><a href="https://sor2.sum.dsdn.dk/#id=265161000016000">https://sor2.sum.dsdn.dk/#id=265161000016000</a></td></tr></table><p><b>focus</b>: <a href="Communication-f54efd18-5520-11ed-bdc3-0242ac120002.html">Communication: identifier = urn:uuid:59aac95e-ca57-4b04-b075-9880b7e6441c; status = unknown; category = Care Coordination</a></p><p><b>definition</b>: <code>http://medcomfhir.dk/ig/carecommunication/medcom-careCommunication-message-definition|4.0.0</code></p></div>
  </text>
  <eventCoding>
    <system value="http://medcomfhir.dk/ig/terminology/CodeSystem/medcom-messaging-eventCodes"/>
    <code value="care-communication-message"/>
  </eventCoding>
  <destination>
    <extension url="http://medcomfhir.dk/ig/messaging/StructureDefinition/medcom-messaging-destinationUseExtension">
      <valueCoding>
        <system value="http://medcomfhir.dk/ig/terminology/CodeSystem/medcom-messaging-destinationUse"/>
        <code value="primary"/>
      </valueCoding>
    </extension>
    <endpoint value="https://sor2.sum.dsdn.dk/#id=953741000016009"/>
    <receiver>
      <reference value="Organization/ae899cbd-933b-4581-9a16-bd2da73f06a0"/>
    </receiver>
  </destination>
  <sender>
    <reference value="Organization/e17d03b8-e7fd-4654-bc9c-cb2eb5dda71f"/>
  </sender>
  <source>
    <endpoint value="https://sor2.sum.dsdn.dk/#id=265161000016000"/>
  </source>
  <focus>
    <reference value="Communication/f54efd18-5520-11ed-bdc3-0242ac120002"/>
  </focus>
  <definition value="http://medcomfhir.dk/ig/carecommunication/medcom-careCommunication-message-definition|4.0.0"/>
</MessageHeader>