<?xml version="1.0" encoding="UTF-8"?>

<PractitionerRole xmlns="http://hl7.org/fhir">
  <id value="8dc790ba-8d93-4585-b91c-af8225b0796d"/>
  <meta>
    <profile value="http://medcomfhir.dk/ig/core/StructureDefinition/medcom-core-practitionerrole"/>
  </meta>
  <text>
    <status value="generated"/><div xmlns="http://www.w3.org/1999/xhtml"><p class="res-header-id"><b>Generated Narrative: PractitionerRole 8dc790ba-8d93-4585-b91c-af8225b0796d</b></p><a name="8dc790ba-8d93-4585-b91c-af8225b0796d"> </a><a name="hc8dc790ba-8d93-4585-b91c-af8225b0796d"> </a><a name="8dc790ba-8d93-4585-b91c-af8225b0796d-da-DK"> </a><p><b>practitioner</b>: <a href="Practitioner-8659596f-6ef4-421c-9ecd-94b65e4d5ff8.html">Practitioner Michael Burns </a></p><p><b>code</b>: <span title="Codes:{http://medcomfhir.dk/ig/terminology/CodeSystem/medcom-core-PractitionerRolesSKSadministrativ sygeplejerske}">Sygeplejerske</span></p></div>
  </text>
  <practitioner>
    <reference value="Practitioner/8659596f-6ef4-421c-9ecd-94b65e4d5ff8"/>
  </practitioner>
  <code>
    <coding>
      <system value="http://medcomfhir.dk/ig/terminology/CodeSystem/medcom-core-PractitionerRolesSKSadministrativ"/>
      <code value="sygeplejerske"/>
    </coding>
  </code>
</PractitionerRole>