<?xml version="1.0" encoding="UTF-8"?>

<Encounter xmlns="http://hl7.org/fhir">
  <id value="303b2782-e2bf-4780-a8a5-c4b02b0e1c66"/>
  <meta>
    <profile value="http://medcomfhir.dk/ig/core/StructureDefinition/medcom-core-encounter"/>
  </meta>
  <text>
    <status value="generated"/><div xmlns="http://www.w3.org/1999/xhtml"><p class="res-header-id"><b>Generated Narrative: Encounter 303b2782-e2bf-4780-a8a5-c4b02b0e1c66</b></p><a name="303b2782-e2bf-4780-a8a5-c4b02b0e1c66"> </a><a name="hc303b2782-e2bf-4780-a8a5-c4b02b0e1c66"> </a><a name="303b2782-e2bf-4780-a8a5-c4b02b0e1c66-da-DK"> </a><p><b>status</b>: In Progress</p><p><b>class</b>: <a href="http://terminology.hl7.org/5.5.0/CodeSystem-v3-ActCode.html#v3-ActCode-IMP">ActCode</a> IMP: inpatient encounter</p><p><b>subject</b>: <a href="Patient-23ebfcd8-e4f2-4ce8-908b-aa7cfb9ffef5.html">Elmer (official) (no stated gender), DoB Unknown ( urn:oid:1.2.208.176.1.2#2509479989)</a></p><p><b>episodeOfCare</b>: Identifier: <code>https://sor2.sum.dsdn.dk/#id=265161000016000</code>/fc60e762-b13b-5773-865e-67f3907bdcc7</p></div>
  </text>
  <status value="in-progress"/>
  <class>
    <system value="http://terminology.hl7.org/CodeSystem/v3-ActCode"/>
    <code value="IMP"/>
  </class>
  <subject>
    <reference value="Patient/23ebfcd8-e4f2-4ce8-908b-aa7cfb9ffef5"/>
  </subject>
  <episodeOfCare>
    <identifier>
      <system value="https://sor2.sum.dsdn.dk/#id=265161000016000"/>
      <value value="fc60e762-b13b-5773-865e-67f3907bdcc7"/>
    </identifier>
  </episodeOfCare>
</Encounter>