{
  "resourceType" : "CodeSystem",
  "id" : "086407d4-0449-4e12-acd0-c8d1c3c6a27d-48",
  "url" : "http://hl7.org/fhir/comparison/CodeSystem/086407d4-0449-4e12-acd0-c8d1c3c6a27d-48",
  "name" : "IntersectionMedComMessagingStatisticalCodesAndMedComMessagingStatisticalCodes",
  "title" : "Intersection of MedComMessagingStatisticalCodes And MedComMessagingStatisticalCodes",
  "status" : "active",
  "date" : "2025-10-28T14:16:39+00:00",
  "jurisdiction" : [{
    "coding" : [{
      "system" : "urn:iso:std:iso:3166",
      "code" : "DK",
      "display" : "Denmark"
    }]
  }],
  "property" : [{
    "code" : "status",
    "uri" : "http://hl7.org/fhir/concept-properties#status",
    "description" : "A property that indicates the status of the concept. One of active, experimental, deprecated, or retired.",
    "type" : "code"
  },
  {
    "code" : "effectiveDate",
    "uri" : "http://hl7.org/fhir/concept-properties#effectiveDate",
    "description" : "The date at which the concept status was last changed.",
    "type" : "dateTime"
  },
  {
    "code" : "status",
    "uri" : "http://hl7.org/fhir/concept-properties#status",
    "description" : "A property that indicates the status of the concept. One of active, experimental, deprecated, or retired.",
    "type" : "code"
  },
  {
    "code" : "effectiveDate",
    "uri" : "http://hl7.org/fhir/concept-properties#effectiveDate",
    "description" : "The date at which the concept status was last changed.",
    "type" : "dateTime"
  }],
  "concept" : [{
    "code" : "MCM:FDIS20#AcuteAmbulant",
    "display" : "Start hospital stay-acute ambulant",
    "property" : [{
      "code" : "status",
      "valueCode" : "active"
    },
    {
      "code" : "effectiveDate",
      "valueDateTime" : "2022-10-05"
    },
    {
      "code" : "status",
      "valueCode" : "active"
    },
    {
      "code" : "effectiveDate",
      "valueDateTime" : "2022-10-05"
    }]
  },
  {
    "code" : "MCM:FDIS20#AdmissionInpatient",
    "display" : "Start hospital stay-admission",
    "property" : [{
      "code" : "status",
      "valueCode" : "active"
    },
    {
      "code" : "effectiveDate",
      "valueDateTime" : "2022-10-05"
    },
    {
      "code" : "status",
      "valueCode" : "active"
    },
    {
      "code" : "effectiveDate",
      "valueDateTime" : "2022-10-05"
    }]
  },
  {
    "code" : "MCM:FDIS20#OnLeave",
    "display" : "Start leave",
    "property" : [{
      "code" : "status",
      "valueCode" : "active"
    },
    {
      "code" : "effectiveDate",
      "valueDateTime" : "2022-10-05"
    },
    {
      "code" : "status",
      "valueCode" : "active"
    },
    {
      "code" : "effectiveDate",
      "valueDateTime" : "2022-10-05"
    }]
  },
  {
    "code" : "MCM:FDIS20#EndOfLeave",
    "display" : "end leave",
    "property" : [{
      "code" : "status",
      "valueCode" : "active"
    },
    {
      "code" : "effectiveDate",
      "valueDateTime" : "2022-10-05"
    },
    {
      "code" : "status",
      "valueCode" : "active"
    },
    {
      "code" : "effectiveDate",
      "valueDateTime" : "2022-10-05"
    }]
  },
  {
    "code" : "MCM:FDIS20#EndHospitalStay",
    "display" : "End hospital Stay - patient discharged to home/primary sector",
    "property" : [{
      "code" : "status",
      "valueCode" : "active"
    },
    {
      "code" : "effectiveDate",
      "valueDateTime" : "2022-10-05"
    },
    {
      "code" : "status",
      "valueCode" : "active"
    },
    {
      "code" : "effectiveDate",
      "valueDateTime" : "2022-10-05"
    }]
  },
  {
    "code" : "MCM:FDIS91#outpatient",
    "display" : "Outpatient",
    "property" : [{
      "code" : "status",
      "valueCode" : "active"
    },
    {
      "code" : "effectiveDate",
      "valueDateTime" : "2022-10-05"
    },
    {
      "code" : "status",
      "valueCode" : "active"
    },
    {
      "code" : "effectiveDate",
      "valueDateTime" : "2022-10-05"
    }]
  },
  {
    "code" : "MCM:FDIS91#decease",
    "display" : "Decease",
    "property" : [{
      "code" : "status",
      "valueCode" : "active"
    },
    {
      "code" : "effectiveDate",
      "valueDateTime" : "2022-10-05"
    },
    {
      "code" : "status",
      "valueCode" : "active"
    },
    {
      "code" : "effectiveDate",
      "valueDateTime" : "2022-10-05"
    }]
  },
  {
    "code" : "MCM:FDIS91#carecoordination",
    "display" : "Care Coordination",
    "property" : [{
      "code" : "status",
      "valueCode" : "active"
    },
    {
      "code" : "effectiveDate",
      "valueDateTime" : "2022-10-05"
    },
    {
      "code" : "status",
      "valueCode" : "active"
    },
    {
      "code" : "effectiveDate",
      "valueDateTime" : "2022-10-05"
    }]
  },
  {
    "code" : "MCM:FDIS91#assistive-devices",
    "display" : "Assistive Devices",
    "property" : [{
      "code" : "status",
      "valueCode" : "active"
    },
    {
      "code" : "effectiveDate",
      "valueDateTime" : "2022-10-05"
    },
    {
      "code" : "status",
      "valueCode" : "active"
    },
    {
      "code" : "effectiveDate",
      "valueDateTime" : "2022-10-05"
    }]
  },
  {
    "code" : "MCM:FDIS91#medicine",
    "display" : "Medicine",
    "property" : [{
      "code" : "status",
      "valueCode" : "active"
    },
    {
      "code" : "effectiveDate",
      "valueDateTime" : "2022-10-05"
    },
    {
      "code" : "status",
      "valueCode" : "active"
    },
    {
      "code" : "effectiveDate",
      "valueDateTime" : "2022-10-05"
    }]
  },
  {
    "code" : "MCM:FDIS91#psychiatry-social-disability",
    "display" : "Psychiatry, Social, Disability",
    "property" : [{
      "code" : "status",
      "valueCode" : "active"
    },
    {
      "code" : "effectiveDate",
      "valueDateTime" : "2022-10-05"
    },
    {
      "code" : "status",
      "valueCode" : "active"
    },
    {
      "code" : "effectiveDate",
      "valueDateTime" : "2022-10-05"
    }]
  },
  {
    "code" : "MCM:FDIS91#healthcare",
    "display" : "Healthcare",
    "property" : [{
      "code" : "status",
      "valueCode" : "active"
    },
    {
      "code" : "effectiveDate",
      "valueDateTime" : "2022-10-05"
    },
    {
      "code" : "status",
      "valueCode" : "active"
    },
    {
      "code" : "effectiveDate",
      "valueDateTime" : "2022-10-05"
    }]
  },
  {
    "code" : "MCM:FDIS91#nursing",
    "display" : "Nursing",
    "property" : [{
      "code" : "status",
      "valueCode" : "active"
    },
    {
      "code" : "effectiveDate",
      "valueDateTime" : "2022-10-05"
    },
    {
      "code" : "status",
      "valueCode" : "active"
    },
    {
      "code" : "effectiveDate",
      "valueDateTime" : "2022-10-05"
    }]
  },
  {
    "code" : "MCM:FDIS91#telemedicine",
    "display" : "Telemedicine",
    "property" : [{
      "code" : "status",
      "valueCode" : "active"
    },
    {
      "code" : "effectiveDate",
      "valueDateTime" : "2022-10-05"
    },
    {
      "code" : "status",
      "valueCode" : "active"
    },
    {
      "code" : "effectiveDate",
      "valueDateTime" : "2022-10-05"
    }]
  },
  {
    "code" : "MCM:FDIS91#training",
    "display" : "Training",
    "property" : [{
      "code" : "status",
      "valueCode" : "active"
    },
    {
      "code" : "effectiveDate",
      "valueDateTime" : "2022-10-05"
    },
    {
      "code" : "status",
      "valueCode" : "active"
    },
    {
      "code" : "effectiveDate",
      "valueDateTime" : "2022-10-05"
    }]
  },
  {
    "code" : "MCM:FDIS91#discharge",
    "display" : "Discharge",
    "property" : [{
      "code" : "status",
      "valueCode" : "active"
    },
    {
      "code" : "effectiveDate",
      "valueDateTime" : "2022-10-05"
    },
    {
      "code" : "status",
      "valueCode" : "active"
    },
    {
      "code" : "effectiveDate",
      "valueDateTime" : "2022-10-05"
    }]
  },
  {
    "code" : "MCM:FDIS91#regarding-referral",
    "display" : "Regarding Referral",
    "property" : [{
      "code" : "status",
      "valueCode" : "active"
    },
    {
      "code" : "effectiveDate",
      "valueDateTime" : "2022-10-05"
    },
    {
      "code" : "status",
      "valueCode" : "active"
    },
    {
      "code" : "effectiveDate",
      "valueDateTime" : "2022-10-05"
    }]
  },
  {
    "code" : "MCM:FDIS91#assessment",
    "display" : "Assessment",
    "property" : [{
      "code" : "status",
      "valueCode" : "deprecated"
    },
    {
      "code" : "effectiveDate",
      "valueDateTime" : "2025-09-22"
    },
    {
      "code" : "status",
      "valueCode" : "deprecated"
    },
    {
      "code" : "effectiveDate",
      "valueDateTime" : "2025-09-22"
    }]
  },
  {
    "code" : "MCM:FDIS91#home-care-assessment",
    "display" : "Home Care Assessment",
    "property" : [{
      "code" : "status",
      "valueCode" : "active"
    },
    {
      "code" : "effectiveDate",
      "valueDateTime" : "2025-09-22"
    },
    {
      "code" : "status",
      "valueCode" : "active"
    },
    {
      "code" : "effectiveDate",
      "valueDateTime" : "2025-09-22"
    }]
  },
  {
    "code" : "MCM:FDIS91#examination-results",
    "display" : "Examination Results",
    "property" : [{
      "code" : "status",
      "valueCode" : "active"
    },
    {
      "code" : "effectiveDate",
      "valueDateTime" : "2022-10-05"
    },
    {
      "code" : "status",
      "valueCode" : "active"
    },
    {
      "code" : "effectiveDate",
      "valueDateTime" : "2022-10-05"
    }]
  },
  {
    "code" : "MCM:FDIS91#alcohol-and-drug-treatment",
    "display" : "Alcohol and Drug Treatment",
    "property" : [{
      "code" : "status",
      "valueCode" : "active"
    },
    {
      "code" : "effectiveDate",
      "valueDateTime" : "2025-09-22"
    },
    {
      "code" : "status",
      "valueCode" : "active"
    },
    {
      "code" : "effectiveDate",
      "valueDateTime" : "2025-09-22"
    }]
  },
  {
    "code" : "MCM:FDIS91#acute-ambulant",
    "display" : "Acute Ambulant",
    "property" : [{
      "code" : "status",
      "valueCode" : "active"
    },
    {
      "code" : "effectiveDate",
      "valueDateTime" : "2025-09-22"
    },
    {
      "code" : "status",
      "valueCode" : "active"
    },
    {
      "code" : "effectiveDate",
      "valueDateTime" : "2025-09-22"
    }]
  },
  {
    "code" : "MCM:FDIS91#extended-care-responsibility",
    "display" : "Extended Care Responsibility",
    "property" : [{
      "code" : "status",
      "valueCode" : "active"
    },
    {
      "code" : "effectiveDate",
      "valueDateTime" : "2025-09-22"
    },
    {
      "code" : "status",
      "valueCode" : "active"
    },
    {
      "code" : "effectiveDate",
      "valueDateTime" : "2025-09-22"
    }]
  },
  {
    "code" : "MCM:FDIS91#other",
    "display" : "Other",
    "property" : [{
      "code" : "status",
      "valueCode" : "active"
    },
    {
      "code" : "effectiveDate",
      "valueDateTime" : "2022-10-05"
    },
    {
      "code" : "status",
      "valueCode" : "active"
    },
    {
      "code" : "effectiveDate",
      "valueDateTime" : "2022-10-05"
    }]
  },
  {
    "code" : "MCM:FCTL#ok",
    "display" : "OK",
    "property" : [{
      "code" : "status",
      "valueCode" : "active"
    },
    {
      "code" : "effectiveDate",
      "valueDateTime" : "2025-09-22"
    },
    {
      "code" : "status",
      "valueCode" : "active"
    },
    {
      "code" : "effectiveDate",
      "valueDateTime" : "2025-09-22"
    }]
  },
  {
    "code" : "MCM:FCTL#transient-error",
    "display" : "Transient Error",
    "property" : [{
      "code" : "status",
      "valueCode" : "active"
    },
    {
      "code" : "effectiveDate",
      "valueDateTime" : "2025-09-22"
    },
    {
      "code" : "status",
      "valueCode" : "active"
    },
    {
      "code" : "effectiveDate",
      "valueDateTime" : "2025-09-22"
    }]
  },
  {
    "code" : "MCM:FCTL#fatal-error",
    "display" : "Fatal Error",
    "property" : [{
      "code" : "status",
      "valueCode" : "active"
    },
    {
      "code" : "effectiveDate",
      "valueDateTime" : "2025-09-22"
    },
    {
      "code" : "status",
      "valueCode" : "active"
    },
    {
      "code" : "effectiveDate",
      "valueDateTime" : "2025-09-22"
    }]
  }]
}