{
  "resourceType" : "CodeSystem",
  "id" : "086407d4-0449-4e12-acd0-c8d1c3c6a27d-44",
  "url" : "http://hl7.org/fhir/comparison/CodeSystem/086407d4-0449-4e12-acd0-c8d1c3c6a27d-44",
  "name" : "UnionMedComMessagingSorEdiSystemAndMedComMessagingSorEdiSystem",
  "title" : "Union of MedComMessagingSorEdiCodeSystem And MedComMessagingSorEdiCodeSystem",
  "status" : "active",
  "date" : "2025-10-28T14:16:39+00:00",
  "jurisdiction" : [{
    "coding" : [{
      "system" : "urn:iso:std:iso:3166",
      "code" : "DK",
      "display" : "Denmark"
    }]
  }],
  "property" : [{
    "code" : "status",
    "uri" : "http://hl7.org/fhir/concept-properties#status",
    "description" : "A property that indicates the status of the concept. One of active, experimental, deprecated, or retired.",
    "type" : "code"
  },
  {
    "code" : "effectiveDate",
    "uri" : "http://hl7.org/fhir/concept-properties#effectiveDate",
    "description" : "The date at which the concept status was last changed.",
    "type" : "dateTime"
  },
  {
    "code" : "status",
    "uri" : "http://hl7.org/fhir/concept-properties#status",
    "description" : "A property that indicates the status of the concept. One of active, experimental, deprecated, or retired.",
    "type" : "code"
  },
  {
    "code" : "effectiveDate",
    "uri" : "http://hl7.org/fhir/concept-properties#effectiveDate",
    "description" : "The date at which the concept status was last changed.",
    "type" : "dateTime"
  }],
  "concept" : [{
    "code" : "FDIS91",
    "display" : "Care Communication Message (Korrepondance meddelelse)",
    "property" : [{
      "code" : "status",
      "valueCode" : "active"
    },
    {
      "code" : "effectiveDate",
      "valueDateTime" : "2022-10-05"
    },
    {
      "code" : "status",
      "valueCode" : "active"
    },
    {
      "code" : "effectiveDate",
      "valueDateTime" : "2022-10-05"
    }]
  },
  {
    "code" : "FDIS20",
    "display" : "Hospital Notification Message (Advis om Sygehusophold)",
    "property" : [{
      "code" : "status",
      "valueCode" : "active"
    },
    {
      "code" : "effectiveDate",
      "valueDateTime" : "2022-10-05"
    },
    {
      "code" : "status",
      "valueCode" : "active"
    },
    {
      "code" : "effectiveDate",
      "valueDateTime" : "2022-10-05"
    }]
  },
  {
    "code" : "FCTL",
    "display" : "Acknowledgement Message (Kvittering)",
    "property" : [{
      "code" : "status",
      "valueCode" : "active"
    },
    {
      "code" : "effectiveDate",
      "valueDateTime" : "2022-10-05"
    },
    {
      "code" : "status",
      "valueCode" : "active"
    },
    {
      "code" : "effectiveDate",
      "valueDateTime" : "2022-10-05"
    }]
  }]
}