{
  "resourceType" : "CodeSystem",
  "id" : "086407d4-0449-4e12-acd0-c8d1c3c6a27d-24",
  "url" : "http://hl7.org/fhir/comparison/CodeSystem/086407d4-0449-4e12-acd0-c8d1c3c6a27d-24",
  "name" : "IntersectionMedComCoreInterpretationCodesAndMedComCoreInterpretationCodes",
  "title" : "Intersection of MedComCoreInterpretationCodes And MedComCoreInterpretationCodes",
  "status" : "active",
  "date" : "2025-10-28T14:16:39+00:00",
  "jurisdiction" : [{
    "coding" : [{
      "system" : "urn:iso:std:iso:3166",
      "code" : "DK",
      "display" : "Denmark"
    }]
  }],
  "concept" : [{
    "code" : "NI",
    "display" : "Not Interpreted"
  }]
}