{
  "resourceType" : "CodeSystem",
  "id" : "757045e0-b943-48a4-bd13-836a8a5b3f92-41",
  "url" : "http://hl7.org/fhir/comparison/CodeSystem/757045e0-b943-48a4-bd13-836a8a5b3f92-41",
  "name" : "UnionMedComMessageEventCodesAndMedComMessageEventCodes",
  "title" : "Union of MedComMessagingEventCodes And MedComMessagingEventCodes",
  "status" : "active",
  "date" : "2025-10-28T14:04:01+00:00",
  "jurisdiction" : [{
    "coding" : [{
      "system" : "urn:iso:std:iso:3166",
      "code" : "DK",
      "display" : "Denmark"
    }]
  }],
  "property" : [{
    "code" : "status",
    "uri" : "http://hl7.org/fhir/concept-properties#status",
    "description" : "A property that indicates the status of the concept. One of active, experimental, deprecated, or retired.",
    "type" : "code"
  },
  {
    "code" : "effectiveDate",
    "uri" : "http://hl7.org/fhir/concept-properties#effectiveDate",
    "description" : "The date at which the concept status was last changed.",
    "type" : "dateTime"
  },
  {
    "code" : "status",
    "uri" : "http://hl7.org/fhir/concept-properties#status",
    "description" : "A property that indicates the status of the concept. One of active, experimental, deprecated, or retired.",
    "type" : "code"
  },
  {
    "code" : "effectiveDate",
    "uri" : "http://hl7.org/fhir/concept-properties#effectiveDate",
    "description" : "The date at which the concept status was last changed.",
    "type" : "dateTime"
  }],
  "concept" : [{
    "code" : "empty-message",
    "display" : "Message with no content",
    "property" : [{
      "code" : "status",
      "valueCode" : "active"
    },
    {
      "code" : "effectiveDate",
      "valueDateTime" : "2022-10-05"
    },
    {
      "code" : "status",
      "valueCode" : "active"
    },
    {
      "code" : "effectiveDate",
      "valueDateTime" : "2022-10-05"
    }]
  },
  {
    "code" : "care-communication-message",
    "display" : "Care Communication Message",
    "property" : [{
      "code" : "status",
      "valueCode" : "active"
    },
    {
      "code" : "effectiveDate",
      "valueDateTime" : "2024-11-07"
    },
    {
      "code" : "status",
      "valueCode" : "active"
    },
    {
      "code" : "effectiveDate",
      "valueDateTime" : "2024-11-07"
    }]
  },
  {
    "code" : "hospital-notification-message",
    "display" : "Hospital Notification Message",
    "property" : [{
      "code" : "status",
      "valueCode" : "active"
    },
    {
      "code" : "effectiveDate",
      "valueDateTime" : "2022-10-05"
    },
    {
      "code" : "status",
      "valueCode" : "active"
    },
    {
      "code" : "effectiveDate",
      "valueDateTime" : "2022-10-05"
    }]
  },
  {
    "code" : "acknowledgement-message",
    "display" : "Acknowledgement Message",
    "property" : [{
      "code" : "status",
      "valueCode" : "active"
    },
    {
      "code" : "effectiveDate",
      "valueDateTime" : "2022-10-05"
    },
    {
      "code" : "status",
      "valueCode" : "active"
    },
    {
      "code" : "effectiveDate",
      "valueDateTime" : "2022-10-05"
    }]
  },
  {
    "code" : "homecareobservation-message",
    "display" : "HomeCare Observation Message",
    "property" : [{
      "code" : "status",
      "valueCode" : "active"
    },
    {
      "code" : "effectiveDate",
      "valueDateTime" : "2022-10-05"
    },
    {
      "code" : "status",
      "valueCode" : "active"
    },
    {
      "code" : "effectiveDate",
      "valueDateTime" : "2022-10-05"
    }]
  }]
}