{
  "resourceType" : "CodeSystem",
  "id" : "757045e0-b943-48a4-bd13-836a8a5b3f92-2",
  "url" : "http://hl7.org/fhir/comparison/CodeSystem/757045e0-b943-48a4-bd13-836a8a5b3f92-2",
  "name" : "UnionMedComDiagnosticReportCodesAndMedComDiagnosticReportCodes",
  "title" : "Union of MedComDiagnosticReportCodes And MedComDiagnosticReportCodes",
  "status" : "draft",
  "date" : "2025-10-28T14:04:01+00:00",
  "jurisdiction" : [{
    "coding" : [{
      "system" : "urn:iso:std:iso:3166",
      "code" : "DK",
      "display" : "Denmark"
    }]
  }],
  "concept" : [{
    "code" : "HomeCareReport",
    "display" : "HomeCareDiagnosticReport"
  }]
}