{
  "resourceType" : "CodeSystem",
  "id" : "ec709e46-d069-4876-9569-64482f4d0c68-12",
  "url" : "http://hl7.org/fhir/comparison/CodeSystem/ec709e46-d069-4876-9569-64482f4d0c68-12",
  "name" : "IntersectionMedComCareCommunicationCategoryCodesAndMedComCareCommunicationCategoryCodes",
  "title" : "Intersection of MedComCareCommunicationCategories And MedComCareCommunicationCategories",
  "status" : "active",
  "date" : "2025-10-28T13:33:10+00:00",
  "jurisdiction" : [{
    "coding" : [{
      "system" : "urn:iso:std:iso:3166",
      "code" : "DK",
      "display" : "Denmark"
    }]
  }],
  "property" : [{
    "code" : "status",
    "uri" : "http://hl7.org/fhir/concept-properties#status",
    "description" : "A property that indicates the status of the concept. One of active, experimental, deprecated, or retired.",
    "type" : "code"
  },
  {
    "code" : "effectiveDate",
    "uri" : "http://hl7.org/fhir/concept-properties#effectiveDate",
    "description" : "The date at which the concept status was last changed.",
    "type" : "dateTime"
  },
  {
    "code" : "status",
    "uri" : "http://hl7.org/fhir/concept-properties#status",
    "description" : "A property that indicates the status of the concept. One of active, experimental, deprecated, or retired.",
    "type" : "code"
  },
  {
    "code" : "effectiveDate",
    "uri" : "http://hl7.org/fhir/concept-properties#effectiveDate",
    "description" : "The date at which the concept status was last changed.",
    "type" : "dateTime"
  }],
  "concept" : [{
    "code" : "alcohol-and-drug-treatment",
    "display" : "Alcohol and drug treatment",
    "designation" : [{
      "language" : "da",
      "value" : "Rusmiddelbehandling"
    }],
    "property" : [{
      "code" : "status",
      "valueCode" : "active"
    },
    {
      "code" : "effectiveDate",
      "valueDateTime" : "2022-11-01"
    },
    {
      "code" : "status",
      "valueCode" : "active"
    },
    {
      "code" : "effectiveDate",
      "valueDateTime" : "2022-11-01"
    }]
  },
  {
    "code" : "assistive-devices",
    "display" : "Assistive technology",
    "designation" : [{
      "language" : "da",
      "value" : "Hjælpemidler"
    }],
    "property" : [{
      "code" : "status",
      "valueCode" : "active"
    },
    {
      "code" : "effectiveDate",
      "valueDateTime" : "2022-11-01"
    },
    {
      "code" : "status",
      "valueCode" : "active"
    },
    {
      "code" : "effectiveDate",
      "valueDateTime" : "2022-11-01"
    }]
  },
  {
    "code" : "carecoordination",
    "display" : "Care Coordination",
    "designation" : [{
      "language" : "da",
      "value" : "Forløbskoordinering"
    }],
    "property" : [{
      "code" : "status",
      "valueCode" : "active"
    },
    {
      "code" : "effectiveDate",
      "valueDateTime" : "2022-11-01"
    },
    {
      "code" : "status",
      "valueCode" : "active"
    },
    {
      "code" : "effectiveDate",
      "valueDateTime" : "2022-11-01"
    }]
  },
  {
    "code" : "decease",
    "display" : "Decease",
    "designation" : [{
      "language" : "da",
      "value" : "Dødsfald"
    }],
    "property" : [{
      "code" : "status",
      "valueCode" : "active"
    },
    {
      "code" : "effectiveDate",
      "valueDateTime" : "2022-11-01"
    },
    {
      "code" : "status",
      "valueCode" : "active"
    },
    {
      "code" : "effectiveDate",
      "valueDateTime" : "2022-11-01"
    }]
  },
  {
    "code" : "discharge",
    "display" : "Discharge",
    "designation" : [{
      "language" : "da",
      "value" : "Udskrivelse"
    }],
    "property" : [{
      "code" : "status",
      "valueCode" : "active"
    },
    {
      "code" : "effectiveDate",
      "valueDateTime" : "2022-11-01"
    },
    {
      "code" : "status",
      "valueCode" : "active"
    },
    {
      "code" : "effectiveDate",
      "valueDateTime" : "2022-11-01"
    }]
  },
  {
    "code" : "examination-results",
    "display" : "Examination Results",
    "designation" : [{
      "language" : "da",
      "value" : "Undersøgelsessvar"
    }],
    "property" : [{
      "code" : "status",
      "valueCode" : "active"
    },
    {
      "code" : "effectiveDate",
      "valueDateTime" : "2022-11-01"
    },
    {
      "code" : "status",
      "valueCode" : "active"
    },
    {
      "code" : "effectiveDate",
      "valueDateTime" : "2022-11-01"
    }]
  },
  {
    "code" : "healthcare",
    "display" : "Healthcare",
    "designation" : [{
      "language" : "da",
      "value" : "Sundhedspleje"
    }],
    "property" : [{
      "code" : "status",
      "valueCode" : "active"
    },
    {
      "code" : "effectiveDate",
      "valueDateTime" : "2022-11-01"
    },
    {
      "code" : "status",
      "valueCode" : "active"
    },
    {
      "code" : "effectiveDate",
      "valueDateTime" : "2022-11-01"
    }]
  },
  {
    "code" : "home-care-assessment",
    "display" : "Home care assessment",
    "designation" : [{
      "language" : "da",
      "value" : "Visitation"
    }],
    "property" : [{
      "code" : "status",
      "valueCode" : "active"
    },
    {
      "code" : "effectiveDate",
      "valueDateTime" : "2022-11-01"
    },
    {
      "code" : "status",
      "valueCode" : "active"
    },
    {
      "code" : "effectiveDate",
      "valueDateTime" : "2022-11-01"
    }]
  },
  {
    "code" : "medicine",
    "display" : "Medicine",
    "designation" : [{
      "language" : "da",
      "value" : "Medicin"
    }],
    "property" : [{
      "code" : "status",
      "valueCode" : "active"
    },
    {
      "code" : "effectiveDate",
      "valueDateTime" : "2022-11-01"
    },
    {
      "code" : "status",
      "valueCode" : "active"
    },
    {
      "code" : "effectiveDate",
      "valueDateTime" : "2022-11-01"
    }]
  },
  {
    "code" : "nursing",
    "display" : "Nursing",
    "designation" : [{
      "language" : "da",
      "value" : "Sygepleje"
    }],
    "property" : [{
      "code" : "status",
      "valueCode" : "active"
    },
    {
      "code" : "effectiveDate",
      "valueDateTime" : "2022-11-01"
    },
    {
      "code" : "status",
      "valueCode" : "active"
    },
    {
      "code" : "effectiveDate",
      "valueDateTime" : "2022-11-01"
    }]
  },
  {
    "code" : "outpatient",
    "display" : "Outpatient",
    "designation" : [{
      "language" : "da",
      "value" : "Ambulant"
    }],
    "property" : [{
      "code" : "status",
      "valueCode" : "active"
    },
    {
      "code" : "effectiveDate",
      "valueDateTime" : "2022-11-01"
    },
    {
      "code" : "status",
      "valueCode" : "active"
    },
    {
      "code" : "effectiveDate",
      "valueDateTime" : "2022-11-01"
    }]
  },
  {
    "code" : "psychiatry-social-disability",
    "display" : "Psychiatry, Social, Disability",
    "designation" : [{
      "language" : "da",
      "value" : "Psykiatri, social, handicap"
    }],
    "property" : [{
      "code" : "status",
      "valueCode" : "active"
    },
    {
      "code" : "effectiveDate",
      "valueDateTime" : "2022-11-01"
    },
    {
      "code" : "status",
      "valueCode" : "active"
    },
    {
      "code" : "effectiveDate",
      "valueDateTime" : "2022-11-01"
    }]
  },
  {
    "code" : "regarding-referral",
    "display" : "Regarding Referral",
    "designation" : [{
      "language" : "da",
      "value" : "Vedr. henvisning"
    }],
    "property" : [{
      "code" : "status",
      "valueCode" : "active"
    },
    {
      "code" : "effectiveDate",
      "valueDateTime" : "2022-11-01"
    },
    {
      "code" : "status",
      "valueCode" : "active"
    },
    {
      "code" : "effectiveDate",
      "valueDateTime" : "2022-11-01"
    }]
  },
  {
    "code" : "telemedicine",
    "display" : "Telemedicine",
    "designation" : [{
      "language" : "da",
      "value" : "Telemedicin"
    }],
    "property" : [{
      "code" : "status",
      "valueCode" : "active"
    },
    {
      "code" : "effectiveDate",
      "valueDateTime" : "2022-11-01"
    },
    {
      "code" : "status",
      "valueCode" : "active"
    },
    {
      "code" : "effectiveDate",
      "valueDateTime" : "2022-11-01"
    }]
  },
  {
    "code" : "training",
    "display" : "Training",
    "designation" : [{
      "language" : "da",
      "value" : "Træning"
    }],
    "property" : [{
      "code" : "status",
      "valueCode" : "active"
    },
    {
      "code" : "effectiveDate",
      "valueDateTime" : "2022-11-01"
    },
    {
      "code" : "status",
      "valueCode" : "active"
    },
    {
      "code" : "effectiveDate",
      "valueDateTime" : "2022-11-01"
    }]
  },
  {
    "code" : "acute-ambulant",
    "display" : "Acute ambulant",
    "designation" : [{
      "language" : "da",
      "value" : "Akut ambulant"
    }],
    "property" : [{
      "code" : "status",
      "valueCode" : "active"
    },
    {
      "code" : "effectiveDate",
      "valueDateTime" : "2025-09-22"
    },
    {
      "code" : "status",
      "valueCode" : "active"
    },
    {
      "code" : "effectiveDate",
      "valueDateTime" : "2025-09-22"
    }]
  },
  {
    "code" : "extended-care-responsibility",
    "display" : "Extended care responsibility",
    "designation" : [{
      "language" : "da",
      "value" : "Udvidet behandlingsansvar"
    }],
    "property" : [{
      "code" : "status",
      "valueCode" : "active"
    },
    {
      "code" : "effectiveDate",
      "valueDateTime" : "2025-09-22"
    },
    {
      "code" : "status",
      "valueCode" : "active"
    },
    {
      "code" : "effectiveDate",
      "valueDateTime" : "2025-09-22"
    }]
  },
  {
    "code" : "other",
    "display" : "Other",
    "designation" : [{
      "language" : "da",
      "value" : "Andet"
    }],
    "property" : [{
      "code" : "status",
      "valueCode" : "active"
    },
    {
      "code" : "effectiveDate",
      "valueDateTime" : "2022-11-01"
    },
    {
      "code" : "status",
      "valueCode" : "active"
    },
    {
      "code" : "effectiveDate",
      "valueDateTime" : "2022-11-01"
    }]
  }]
}