{
  "resourceType" : "CodeSystem",
  "id" : "757045e0-b943-48a4-bd13-836a8a5b3f92-27",
  "url" : "http://hl7.org/fhir/comparison/CodeSystem/757045e0-b943-48a4-bd13-836a8a5b3f92-27",
  "name" : "IntersectionMedComMessageDefinitionTypeAndMedComMessageDefinitionType",
  "title" : "Intersection of MedComMessageDefinitionTypeCodeSystem And MedComMessageDefinitionTypeCodeSystem",
  "status" : "active",
  "date" : "2025-10-28T14:04:01+00:00",
  "jurisdiction" : [{
    "coding" : [{
      "system" : "urn:iso:std:iso:3166",
      "code" : "DK",
      "display" : "Denmark"
    }]
  }],
  "concept" : [{
    "code" : "EDIFACT",
    "display" : "Edifact"
  },
  {
    "code" : "OIOXML",
    "display" : "OIOXML"
  },
  {
    "code" : "FHIR",
    "display" : "FHIR"
  },
  {
    "code" : "ENVELOPE",
    "display" : "Envelope"
  }]
}