{
  "resourceType" : "CodeSystem",
  "id" : "ec709e46-d069-4876-9569-64482f4d0c68-54",
  "url" : "http://hl7.org/fhir/comparison/CodeSystem/ec709e46-d069-4876-9569-64482f4d0c68-54",
  "name" : "IntersectionMedComObservationResultGroupAndMedComObservationResultGroup",
  "title" : "Intersection of MedComObservationResultGroup And MedComObservationResultGroup",
  "status" : "draft",
  "date" : "2025-10-28T13:33:10+00:00",
  "jurisdiction" : [{
    "coding" : [{
      "system" : "urn:iso:std:iso:3166",
      "code" : "DK",
      "display" : "Denmark"
    }]
  }],
  "concept" : [{
    "code" : "5",
    "display" : "Hæmatologi"
  },
  {
    "code" : "10",
    "display" : "Væske- og elektrolytbalance"
  },
  {
    "code" : "15",
    "display" : "Syre/base- og oxygenstatus"
  },
  {
    "code" : "20",
    "display" : "Hæmostase"
  },
  {
    "code" : "25",
    "display" : "Organmarkører"
  },
  {
    "code" : "30",
    "display" : "Metabolisme"
  },
  {
    "code" : "35",
    "display" : "Endokrinologi"
  },
  {
    "code" : "40",
    "display" : "Tumormarkører"
  },
  {
    "code" : "45",
    "display" : "Immunologi og inflammation"
  },
  {
    "code" : "50",
    "display" : "Autoantistoffer"
  },
  {
    "code" : "55",
    "display" : "Allergi"
  },
  {
    "code" : "60",
    "display" : "Farmakologi"
  },
  {
    "code" : "65",
    "display" : "Sporstoffer og vitaminer"
  },
  {
    "code" : "70",
    "display" : "Infektion og smittemarkører"
  },
  {
    "code" : "75",
    "display" : "Blodtyper og transfusion"
  },
  {
    "code" : "80",
    "display" : "Vævstyper og transplantation"
  },
  {
    "code" : "85",
    "display" : "Molekylær genetik"
  },
  {
    "code" : "90",
    "display" : "Urin og fæces"
  },
  {
    "code" : "95",
    "display" : "CSV-,led-og pleuravæske,ascites m.m"
  },
  {
    "code" : "100",
    "display" : "Marv og andre biopsier"
  },
  {
    "code" : "105",
    "display" : "Sæd"
  },
  {
    "code" : "110",
    "display" : "Projektundersøgelser"
  },
  {
    "code" : "115",
    "display" : "Andre undersøgelser"
  },
  {
    "code" : "120",
    "display" : "Hjemmemåling"
  }]
}