{
  "resourceType" : "ValueSet",
  "id" : "757045e0-b943-48a4-bd13-836a8a5b3f92-65",
  "url" : "http://hl7.org/fhir/comparison/ValueSet/757045e0-b943-48a4-bd13-836a8a5b3f92-65",
  "name" : "UnionMedComHomeCareObservationMessageActivitiesAndMedComHomeCareObservationMessageActivities",
  "title" : "Union of MedComHomeCareObservationMessageActivityCodes And MedComHomeCareObservationMessageActivityCodes",
  "status" : "draft",
  "date" : "2025-10-28T14:04:01+00:00",
  "jurisdiction" : [{
    "coding" : [{
      "system" : "urn:iso:std:iso:3166",
      "code" : "DK",
      "display" : "Denmark"
    }]
  }],
  "compose" : {
    "include" : [{
      "concept" : [{
        "code" : "new-message"
      },
      {
        "code" : "reply-message"
      },
      {
        "code" : "retract-message"
      },
      {
        "code" : "modified-message"
      }]
    }],
    "exclude" : [{
      "concept" : [{
        "code" : "carboncopy-message"
      }]
    }]
  }
}