{
  "resourceType" : "ValueSet",
  "id" : "ec709e46-d069-4876-9569-64482f4d0c68-111",
  "url" : "http://hl7.org/fhir/comparison/ValueSet/ec709e46-d069-4876-9569-64482f4d0c68-111",
  "name" : "IntersectionMedComMessageDefinitionTypeVSAndMedComMessageDefinitionTypeVS",
  "title" : "Intersection of MedComMessageDefinitionTypeValueset And MedComMessageDefinitionTypeValueset",
  "status" : "active",
  "date" : "2025-10-28T13:33:10+00:00",
  "jurisdiction" : [{
    "coding" : [{
      "system" : "urn:iso:std:iso:3166",
      "code" : "DK",
      "display" : "Denmark"
    }]
  }]
}