{
  "resourceType" : "ValueSet",
  "id" : "ec709e46-d069-4876-9569-64482f4d0c68-86",
  "url" : "http://hl7.org/fhir/comparison/ValueSet/ec709e46-d069-4876-9569-64482f4d0c68-86",
  "name" : "UnionMedComCoreAttachmentMimeTypesAndMedComCoreAttachmentMimeTypes",
  "title" : "Union of MedComCoreAttachmentMimeTypes And MedComCoreAttachmentMimeTypes",
  "status" : "active",
  "date" : "2025-10-28T13:33:10+00:00",
  "jurisdiction" : [{
    "coding" : [{
      "system" : "urn:iso:std:iso:3166",
      "code" : "DK",
      "display" : "Denmark"
    }]
  }],
  "compose" : {
    "include" : [{
      "concept" : [{
        "code" : "application/pdf"
      },
      {
        "code" : "image/gif"
      },
      {
        "code" : "image/jpeg"
      },
      {
        "code" : "image/png"
      },
      {
        "code" : "image/tiff"
      },
      {
        "code" : "image/bmp"
      }]
    }]
  }
}