{
  "resourceType" : "ValueSet",
  "id" : "757045e0-b943-48a4-bd13-836a8a5b3f92-110",
  "url" : "http://hl7.org/fhir/comparison/ValueSet/757045e0-b943-48a4-bd13-836a8a5b3f92-110",
  "name" : "UnionMedComMessageDefinitionTypeVSAndMedComMessageDefinitionTypeVS",
  "title" : "Union of MedComMessageDefinitionTypeValueset And MedComMessageDefinitionTypeValueset",
  "status" : "active",
  "date" : "2025-10-28T14:04:01+00:00",
  "jurisdiction" : [{
    "coding" : [{
      "system" : "urn:iso:std:iso:3166",
      "code" : "DK",
      "display" : "Denmark"
    }]
  }]
}