{
  "resourceType" : "ValueSet",
  "id" : "086407d4-0449-4e12-acd0-c8d1c3c6a27d-66",
  "url" : "http://hl7.org/fhir/comparison/ValueSet/086407d4-0449-4e12-acd0-c8d1c3c6a27d-66",
  "name" : "IntersectionMedComHomeCareObservationMessageActivitiesAndMedComHomeCareObservationMessageActivities",
  "title" : "Intersection of MedComHomeCareObservationMessageActivityCodes And MedComHomeCareObservationMessageActivityCodes",
  "status" : "draft",
  "date" : "2025-10-28T14:16:39+00:00",
  "jurisdiction" : [{
    "coding" : [{
      "system" : "urn:iso:std:iso:3166",
      "code" : "DK",
      "display" : "Denmark"
    }]
  }],
  "compose" : {
    "include" : [{
      "concept" : [{
        "code" : "new-message"
      },
      {
        "code" : "reply-message"
      },
      {
        "code" : "retract-message"
      },
      {
        "code" : "modified-message"
      }]
    }],
    "exclude" : [{
      "concept" : [{
        "code" : "carboncopy-message"
      }]
    }]
  }
}