{
  "resourceType" : "ValueSet",
  "id" : "757045e0-b943-48a4-bd13-836a8a5b3f92-98",
  "url" : "http://hl7.org/fhir/comparison/ValueSet/757045e0-b943-48a4-bd13-836a8a5b3f92-98",
  "name" : "UnionMedComCoreDiagnosticReportStatusAndMedComCoreDiagnosticReportStatus",
  "title" : "Union of MedComCoreDiagnosticReportStatus And MedComCoreDiagnosticReportStatus",
  "status" : "active",
  "date" : "2025-10-28T14:04:01+00:00",
  "jurisdiction" : [{
    "coding" : [{
      "system" : "urn:iso:std:iso:3166",
      "code" : "DK",
      "display" : "Denmark"
    }]
  }],
  "compose" : {
    "include" : [{
      "concept" : [{
        "code" : "registered",
        "display" : "Registered"
      },
      {
        "code" : "partial",
        "display" : "Partial"
      },
      {
        "code" : "final",
        "display" : "Final"
      },
      {
        "code" : "corrected",
        "display" : "Corrected"
      },
      {
        "code" : "cancelled",
        "display" : "Cancelled"
      }]
    }]
  }
}