{
  "resourceType" : "ValueSet",
  "id" : "757045e0-b943-48a4-bd13-836a8a5b3f92-102",
  "url" : "http://hl7.org/fhir/comparison/ValueSet/757045e0-b943-48a4-bd13-836a8a5b3f92-102",
  "name" : "IntersectionMedComHospitalNotificationEncounterClassAndMedComHospitalNotificationEncounterClass",
  "title" : "Intersection of MedComHospitalNotificationEncounterClassCodes And MedComHospitalNotificationEncounterClassCodes",
  "status" : "active",
  "date" : "2025-10-28T14:04:01+00:00",
  "jurisdiction" : [{
    "coding" : [{
      "system" : "urn:iso:std:iso:3166",
      "code" : "DK",
      "display" : "Denmark"
    }]
  }],
  "compose" : {
    "include" : [{
      "concept" : [{
        "code" : "EMER",
        "display" : "emergency"
      },
      {
        "code" : "IMP",
        "display" : "inpatient encounter"
      }]
    }]
  }
}