{
  "resourceType" : "ValueSet",
  "id" : "ec709e46-d069-4876-9569-64482f4d0c68-122",
  "url" : "http://hl7.org/fhir/comparison/ValueSet/ec709e46-d069-4876-9569-64482f4d0c68-122",
  "name" : "UnionMedComMessagingMessageTypesAndMedComMessagingMessageTypes",
  "title" : "Union of MedComMessagingMessageTypes And MedComMessagingMessageTypes",
  "status" : "active",
  "date" : "2025-10-28T13:33:10+00:00",
  "jurisdiction" : [{
    "coding" : [{
      "system" : "urn:iso:std:iso:3166",
      "code" : "DK",
      "display" : "Denmark"
    }]
  }],
  "compose" : {
    "include" : [{
      "concept" : [{
        "code" : "empty-message"
      },
      {
        "code" : "care-communication-message"
      },
      {
        "code" : "hospital-notification-message"
      },
      {
        "code" : "acknowledgement-message"
      },
      {
        "code" : "homecareobservation-message"
      }]
    }]
  }
}