<?xml version="1.0" encoding="UTF-8"?>

<Patient xmlns="http://hl7.org/fhir">
  <id value="733cef33-3626-422b-955d-d506aaa65fe1"/>
  <meta>
    <profile value="http://medcomfhir.dk/ig/core/StructureDefinition/medcom-core-patient"/>
  </meta>
  <text>
    <status value="generated"/><div xmlns="http://www.w3.org/1999/xhtml"><p class="res-header-id"><b>Generated Narrative: Patient 733cef33-3626-422b-955d-d506aaa65fe1</b></p><a name="733cef33-3626-422b-955d-d506aaa65fe1"> </a><a name="hc733cef33-3626-422b-955d-d506aaa65fe1"> </a><div style="display: inline-block; background-color: #d9e0e7; padding: 6px; margin: 4px; border: 1px solid #8da1b4; border-radius: 5px; line-height: 60%"><p style="margin-bottom: 0px"/><p style="margin-bottom: 0px">Profile: <a href="http://medcomfhir.dk/ig/core/2.0.1/StructureDefinition-medcom-core-patient.html">MedComCorePatient</a></p></div><p style="border: 1px #661aff solid; background-color: #e6e6ff; padding: 10px;">Eric Flame (official) (no stated gender), DoB Unknown ( urn:oid:1.2.208.176.1.2#0102030405)</p><hr/><table class="grid"><tr><td style="background-color: #f3f5da" title="Ways to contact the Patient">Contact Detail</td><td colspan="3"><ul><li>ph: 12345678(Mobile)</li><li>Flammesvinget 1 Aarhus 8000 C </li></ul></td></tr></table></div>
  </text>
  <identifier>
    <system value="urn:oid:1.2.208.176.1.2"/>
    <value value="0102030405"/>
  </identifier>
  <name>
    <use value="official"/>
    <family value="Flame"/>
    <given value="Eric"/>
  </name>
  <telecom>
    <system value="phone"/>
    <value value="12345678"/>
    <use value="mobile"/>
  </telecom>
  <address>
    <line value="Flammesvinget 1"/>
    <city value="Aarhus"/>
    <postalCode value="8000 C"/>
  </address>
</Patient>