<?xml version="1.0" encoding="UTF-8"?><CodeSystem xmlns="http://hl7.org/fhir"><id value="medcom-core-PractitionerRolesSKSadministrativ"/><text><status value="generated"/><div xmlns="http://www.w3.org/1999/xhtml"><p class="res-header-id"><b>Generated Narrative: CodeSystem medcom-core-PractitionerRolesSKSadministrativ</b></p><a name="medcom-core-PractitionerRolesSKSadministrativ"> </a><a name="hcmedcom-core-PractitionerRolesSKSadministrativ"> </a><a name="hcmedcom-core-PractitionerRolesSKSadministrativ-da-DK"> </a><p>This case-insensitive code system <code>http://medcomfhir.dk/ig/terminology/CodeSystem/medcom-core-PractitionerRolesSKSadministrativ</code> defines the following codes:</p><table class="codes"><tr><td style="white-space:nowrap"><b>Code</b></td><td><b>Display</b></td></tr><tr><td style="white-space:nowrap">speciallaege<a name="medcom-core-PractitionerRolesSKSadministrativ-speciallaege"> </a></td><td>Speciallæge</td></tr><tr><td style="white-space:nowrap">speciallaegeipraksis<a name="medcom-core-PractitionerRolesSKSadministrativ-speciallaegeipraksis"> </a></td><td>Speciallæge i praksis</td></tr><tr><td style="white-space:nowrap">cheflaege<a name="medcom-core-PractitionerRolesSKSadministrativ-cheflaege"> </a></td><td>Cheflæge</td></tr><tr><td style="white-space:nowrap">overlaege<a name="medcom-core-PractitionerRolesSKSadministrativ-overlaege"> </a></td><td>Overlæge</td></tr><tr><td style="white-space:nowrap">afdelingslaege<a name="medcom-core-PractitionerRolesSKSadministrativ-afdelingslaege"> </a></td><td>Afdelingslæge</td></tr><tr><td style="white-space:nowrap">sygehuslaege<a name="medcom-core-PractitionerRolesSKSadministrativ-sygehuslaege"> </a></td><td>Sygehuslæge</td></tr><tr><td style="white-space:nowrap">sygeplejerske<a name="medcom-core-PractitionerRolesSKSadministrativ-sygeplejerske"> </a></td><td>Sygeplejerske</td></tr><tr><td style="white-space:nowrap">sundhedsplejerske<a name="medcom-core-PractitionerRolesSKSadministrativ-sundhedsplejerske"> </a></td><td>Sundhedsplejerske</td></tr><tr><td style="white-space:nowrap">socialogsundhedsassistent<a name="medcom-core-PractitionerRolesSKSadministrativ-socialogsundhedsassistent"> </a></td><td>Social- og sundhedsassistent</td></tr><tr><td style="white-space:nowrap">socialogsundhedsmehjaelper<a name="medcom-core-PractitionerRolesSKSadministrativ-socialogsundhedsmehjaelper"> </a></td><td>Social- og sundhedsmedhjælper</td></tr><tr><td style="white-space:nowrap">sygehjaelper<a name="medcom-core-PractitionerRolesSKSadministrativ-sygehjaelper"> </a></td><td>Sygehjælper</td></tr><tr><td style="white-space:nowrap">plejer<a name="medcom-core-PractitionerRolesSKSadministrativ-plejer"> </a></td><td>Plejer</td></tr><tr><td style="white-space:nowrap">plejehjemsassistent<a name="medcom-core-PractitionerRolesSKSadministrativ-plejehjemsassistent"> </a></td><td>Plejehjemsassistent</td></tr><tr><td style="white-space:nowrap">tandlaege<a name="medcom-core-PractitionerRolesSKSadministrativ-tandlaege"> </a></td><td>Tandlæge</td></tr><tr><td style="white-space:nowrap">klinisktandtekniker<a name="medcom-core-PractitionerRolesSKSadministrativ-klinisktandtekniker"> </a></td><td>Klinisk tandtekniker</td></tr><tr><td style="white-space:nowrap">tandplejer<a name="medcom-core-PractitionerRolesSKSadministrativ-tandplejer"> </a></td><td>Tandplejer</td></tr><tr><td style="white-space:nowrap">farmaceut<a name="medcom-core-PractitionerRolesSKSadministrativ-farmaceut"> </a></td><td>Farmaceut</td></tr><tr><td style="white-space:nowrap">apoteker<a name="medcom-core-PractitionerRolesSKSadministrativ-apoteker"> </a></td><td>Apoteker</td></tr><tr><td style="white-space:nowrap">pyskolog<a name="medcom-core-PractitionerRolesSKSadministrativ-pyskolog"> </a></td><td>Psykolog</td></tr><tr><td style="white-space:nowrap">jordemoder<a name="medcom-core-PractitionerRolesSKSadministrativ-jordemoder"> </a></td><td>Jordemoder</td></tr><tr><td style="white-space:nowrap">fysioterapeut<a name="medcom-core-PractitionerRolesSKSadministrativ-fysioterapeut"> </a></td><td>Fysioterapeut</td></tr><tr><td style="white-space:nowrap">ergoterapeut<a name="medcom-core-PractitionerRolesSKSadministrativ-ergoterapeut"> </a></td><td>Ergoterapeut</td></tr><tr><td style="white-space:nowrap">bioanalytiker<a name="medcom-core-PractitionerRolesSKSadministrativ-bioanalytiker"> </a></td><td>Bioanalytiker</td></tr><tr><td style="white-space:nowrap">radiograf<a name="medcom-core-PractitionerRolesSKSadministrativ-radiograf"> </a></td><td>Radiograf</td></tr><tr><td style="white-space:nowrap">diaetist<a name="medcom-core-PractitionerRolesSKSadministrativ-diaetist"> </a></td><td>Diætist</td></tr><tr><td style="white-space:nowrap">diaetistassistent<a name="medcom-core-PractitionerRolesSKSadministrativ-diaetistassistent"> </a></td><td>Diætistassistent</td></tr><tr><td style="white-space:nowrap">audilogiassistent<a name="medcom-core-PractitionerRolesSKSadministrativ-audilogiassistent"> </a></td><td>Audilogiassistent</td></tr><tr><td style="white-space:nowrap">neurofysiologassistent<a name="medcom-core-PractitionerRolesSKSadministrativ-neurofysiologassistent"> </a></td><td>Neurofysiologassistent</td></tr><tr><td style="white-space:nowrap">kiropraktor<a name="medcom-core-PractitionerRolesSKSadministrativ-kiropraktor"> </a></td><td>Kiropraktor</td></tr><tr><td style="white-space:nowrap">zoneterapeut<a name="medcom-core-PractitionerRolesSKSadministrativ-zoneterapeut"> </a></td><td>Zoneterapeut</td></tr><tr><td style="white-space:nowrap">psykoterapeut<a name="medcom-core-PractitionerRolesSKSadministrativ-psykoterapeut"> </a></td><td>Psykoterapeut</td></tr><tr><td style="white-space:nowrap">audiologopaed<a name="medcom-core-PractitionerRolesSKSadministrativ-audiologopaed"> </a></td><td>Audiologopæd</td></tr><tr><td style="white-space:nowrap">laegesekretaer<a name="medcom-core-PractitionerRolesSKSadministrativ-laegesekretaer"> </a></td><td>Lægesekretær</td></tr><tr><td style="white-space:nowrap">ledendelaegesekretaer<a name="medcom-core-PractitionerRolesSKSadministrativ-ledendelaegesekretaer"> </a></td><td>Ledende lægesekretær</td></tr><tr><td style="white-space:nowrap">sygeplejesekretear<a name="medcom-core-PractitionerRolesSKSadministrativ-sygeplejesekretear"> </a></td><td>Sygeplejesekretær</td></tr><tr><td style="white-space:nowrap">fodterapeut<a name="medcom-core-PractitionerRolesSKSadministrativ-fodterapeut"> </a></td><td>Fodterapeut</td></tr><tr><td style="white-space:nowrap">socialraadgiver<a name="medcom-core-PractitionerRolesSKSadministrativ-socialraadgiver"> </a></td><td>Socialrådgiver</td></tr><tr><td style="white-space:nowrap">ledendesocialraadgiver<a name="medcom-core-PractitionerRolesSKSadministrativ-ledendesocialraadgiver"> </a></td><td>Ledende socialrådgiver</td></tr><tr><td style="white-space:nowrap">laerer<a name="medcom-core-PractitionerRolesSKSadministrativ-laerer"> </a></td><td>Lærer</td></tr><tr><td style="white-space:nowrap">paedagog<a name="medcom-core-PractitionerRolesSKSadministrativ-paedagog"> </a></td><td>Pædagog</td></tr><tr><td style="white-space:nowrap">beskaeftigelsesvejleder<a name="medcom-core-PractitionerRolesSKSadministrativ-beskaeftigelsesvejleder"> </a></td><td>Beskæftigelsesvejleder</td></tr><tr><td style="white-space:nowrap">bandagist<a name="medcom-core-PractitionerRolesSKSadministrativ-bandagist"> </a></td><td>Bandagist</td></tr><tr><td style="white-space:nowrap">skomager<a name="medcom-core-PractitionerRolesSKSadministrativ-skomager"> </a></td><td>Skomager</td></tr><tr><td style="white-space:nowrap">optiker<a name="medcom-core-PractitionerRolesSKSadministrativ-optiker"> </a></td><td>Optiker</td></tr></table></div></text><url value="http://medcomfhir.dk/ig/terminology/CodeSystem/medcom-core-PractitionerRolesSKSadministrativ"/><version value="1.7.0"/><name value="MedComCorePractitionerRolesSKSadministrativ"/><title value="MedComCorePractitionerRolesSKSadministrativ"/><status value="active"/><experimental value="false"/><date value="2023-10-31"/><publisher value="MedCom"/><contact><name value="MedCom"/><telecom><system value="url"/><value value="http://www.medcom.dk"/></telecom></contact><description value="CodeSystem containing codes for practionerroles (Danish:Stillingsbetegnelser) from [SKS Administrativt-Personaleklassifikation](https://medinfo.dk/sks/brows.php?s_nod=924) "/><jurisdiction><coding><system value="urn:iso:std:iso:3166"/><code value="DK"/><display value="Denmark"/></coding></jurisdiction><caseSensitive value="false"/><content value="complete"/><count value="44"/><concept><code value="speciallaege"/><display value="Speciallæge"/></concept><concept><code value="speciallaegeipraksis"/><display value="Speciallæge i praksis"/></concept><concept><code value="cheflaege"/><display value="Cheflæge"/></concept><concept><code value="overlaege"/><display value="Overlæge"/></concept><concept><code value="afdelingslaege"/><display value="Afdelingslæge"/></concept><concept><code value="sygehuslaege"/><display value="Sygehuslæge"/></concept><concept><code value="sygeplejerske"/><display value="Sygeplejerske"/></concept><concept><code value="sundhedsplejerske"/><display value="Sundhedsplejerske"/></concept><concept><code value="socialogsundhedsassistent"/><display value="Social- og sundhedsassistent"/></concept><concept><code value="socialogsundhedsmehjaelper"/><display value="Social- og sundhedsmedhjælper"/></concept><concept><code value="sygehjaelper"/><display value="Sygehjælper"/></concept><concept><code value="plejer"/><display value="Plejer"/></concept><concept><code value="plejehjemsassistent"/><display value="Plejehjemsassistent"/></concept><concept><code value="tandlaege"/><display value="Tandlæge"/></concept><concept><code value="klinisktandtekniker"/><display value="Klinisk tandtekniker"/></concept><concept><code value="tandplejer"/><display value="Tandplejer"/></concept><concept><code value="farmaceut"/><display value="Farmaceut"/></concept><concept><code value="apoteker"/><display value="Apoteker"/></concept><concept><code value="pyskolog"/><display value="Psykolog"/></concept><concept><code value="jordemoder"/><display value="Jordemoder"/></concept><concept><code value="fysioterapeut"/><display value="Fysioterapeut"/></concept><concept><code value="ergoterapeut"/><display value="Ergoterapeut"/></concept><concept><code value="bioanalytiker"/><display value="Bioanalytiker"/></concept><concept><code value="radiograf"/><display value="Radiograf"/></concept><concept><code value="diaetist"/><display value="Diætist"/></concept><concept><code value="diaetistassistent"/><display value="Diætistassistent"/></concept><concept><code value="audilogiassistent"/><display value="Audilogiassistent"/></concept><concept><code value="neurofysiologassistent"/><display value="Neurofysiologassistent"/></concept><concept><code value="kiropraktor"/><display value="Kiropraktor"/></concept><concept><code value="zoneterapeut"/><display value="Zoneterapeut"/></concept><concept><code value="psykoterapeut"/><display value="Psykoterapeut"/></concept><concept><code value="audiologopaed"/><display value="Audiologopæd"/></concept><concept><code value="laegesekretaer"/><display value="Lægesekretær"/></concept><concept><code value="ledendelaegesekretaer"/><display value="Ledende lægesekretær"/></concept><concept><code value="sygeplejesekretear"/><display value="Sygeplejesekretær"/></concept><concept><code value="fodterapeut"/><display value="Fodterapeut"/></concept><concept><code value="socialraadgiver"/><display value="Socialrådgiver"/></concept><concept><code value="ledendesocialraadgiver"/><display value="Ledende socialrådgiver"/></concept><concept><code value="laerer"/><display value="Lærer"/></concept><concept><code value="paedagog"/><display value="Pædagog"/></concept><concept><code value="beskaeftigelsesvejleder"/><display value="Beskæftigelsesvejleder"/></concept><concept><code value="bandagist"/><display value="Bandagist"/></concept><concept><code value="skomager"/><display value="Skomager"/></concept><concept><code value="optiker"/><display value="Optiker"/></concept></CodeSystem>