<?xml version="1.0" encoding="UTF-8"?><CodeSystem xmlns="http://hl7.org/fhir"><id value="medcom-observation-codes"/><language value="da-DK"/><text><status value="generated"/><div xmlns="http://www.w3.org/1999/xhtml" xml:lang="da-DK" lang="da-DK"><p class="res-header-id"><b>Generated Narrative: CodeSystem medcom-observation-codes</b></p><a name="medcom-observation-codes"> </a><a name="hcmedcom-observation-codes"> </a><a name="medcom-observation-codes-da-DK"> </a><div style="display: inline-block; background-color: #d9e0e7; padding: 6px; margin: 4px; border: 1px solid #8da1b4; border-radius: 5px; line-height: 60%"><p style="margin-bottom: 0px">Language: da-DK</p></div><p><b>Properties</b></p><p><b>This code system defines the following properties for its concepts</b></p><table class="grid"><tr><td><b>Name</b></td><td><b>Code</b></td><td><b>URI</b></td><td><b>Type</b></td><td><b>Description</b></td></tr><tr><td>status</td><td>status</td><td>http://hl7.org/fhir/concept-properties#status</td><td>code</td><td>A property that indicates the status of the concept. One of experimental, active, deprecated, retired. Find Governance for MedCom Terminology in the 'Home' tab.</td></tr><tr><td>effectiveDate</td><td>effectiveDate</td><td>http://hl7.org/fhir/concept-properties#effectiveDate</td><td>dateTime</td><td>The date at which the code status was last changed.</td></tr></table><p><b>Concepts</b></p><p>This case-insensitive code system <code>http://medcomfhir.dk/ig/terminology/CodeSystem/medcom-observation-codes</code> defines the following codes:</p><table class="codes"><tr><td style="white-space:nowrap"><b>Code</b></td><td><b>Display</b></td><td><b>status</b></td><td><b>effectiveDate</b></td></tr><tr><td style="white-space:nowrap">MCS88122<a name="medcom-observation-codes-MCS88122"> </a></td><td>Pt—Respiration; frekvens = ? X 1/min</td><td>experimental</td><td>2025-06-28</td></tr><tr><td style="white-space:nowrap">MCS88125<a name="medcom-observation-codes-MCS88125"> </a></td><td>Pt—Tidlig Opsporing af Begyndende Sygdom (TOBS) score; antal (værdi 0-15) = ?</td><td>experimental</td><td>2025-06-28</td></tr><tr><td style="white-space:nowrap">MCS88126<a name="medcom-observation-codes-MCS88126"> </a></td><td>Pt—Bevidsthedsniveau; arb.antal(værdi 0-3) = ?</td><td>experimental</td><td>2025-06-28</td></tr><tr><td style="white-space:nowrap">MCS88147<a name="medcom-observation-codes-MCS88147"> </a></td><td>Pt—Manniche VAS-score(total); antal(værdi 0-60) = ?</td><td>experimental</td><td>2025-06-28</td></tr></table></div></text><url value="http://medcomfhir.dk/ig/terminology/CodeSystem/medcom-observation-codes"/><version value="2.0.0-draft"/><name value="MedComObservationCodes"/><title value="MedComObservationCodes"/><status value="draft"/><experimental value="true"/><date value="2025-06-28"/><publisher value="MedCom"/><contact><name value="MedCom"/><telecom><system value="url"/><value value="http://www.medcom.dk"/></telecom></contact><description value="CodeSystem with observations codes used in HomeCareObservation"/><jurisdiction><coding><system value="urn:iso:std:iso:3166"/><code value="DK"/><display value="Denmark"/></coding></jurisdiction><caseSensitive value="false"/><content value="complete"/><count value="4"/><property><code value="status"/><uri value="http://hl7.org/fhir/concept-properties#status"/><description value="A property that indicates the status of the concept. One of experimental, active, deprecated, retired. Find Governance for MedCom Terminology in the 'Home' tab."/><type value="code"/></property><property><code value="effectiveDate"/><uri value="http://hl7.org/fhir/concept-properties#effectiveDate"/><description value="The date at which the code status was last changed."/><type value="dateTime"/></property><concept><code value="MCS88122"/><display value="Pt—Respiration; frekvens = ? X 1/min"/><designation><use><system value="http://snomed.info/sct"/><code value="900000000000013009"/></use><value value="Respirationsfrekvens;Pt"/></designation><designation><language value="da-DK"/><use><system value="http://terminology.hl7.org/CodeSystem/designation-usage"/><code value="display"/></use><value value="Pt—Respiration; frekvens = ? X 1/min"/></designation><property><code value="status"/><valueCode value="experimental"/></property><property><code value="effectiveDate"/><valueDateTime value="2025-06-28"/></property></concept><concept><code value="MCS88125"/><display value="Pt—Tidlig Opsporing af Begyndende Sygdom (TOBS) score; antal (værdi 0-15) = ?"/><designation><use><system value="http://snomed.info/sct"/><code value="900000000000013009"/></use><value value="TOBS score;Pt"/></designation><designation><language value="da-DK"/><use><system value="http://terminology.hl7.org/CodeSystem/designation-usage"/><code value="display"/></use><value value="Pt—Tidlig Opsporing af Begyndende Sygdom (TOBS) score; antal (værdi 0-15) = ?"/></designation><property><code value="status"/><valueCode value="experimental"/></property><property><code value="effectiveDate"/><valueDateTime value="2025-06-28"/></property></concept><concept><code value="MCS88126"/><display value="Pt—Bevidsthedsniveau; arb.antal(værdi 0-3) = ?"/><designation><use><system value="http://snomed.info/sct"/><code value="900000000000013009"/></use><value value="Bevidsthed;Pt"/></designation><designation><language value="da-DK"/><use><system value="http://terminology.hl7.org/CodeSystem/designation-usage"/><code value="display"/></use><value value="Pt—Bevidsthedsniveau; arb.antal(værdi 0-3) = ?"/></designation><property><code value="status"/><valueCode value="experimental"/></property><property><code value="effectiveDate"/><valueDateTime value="2025-06-28"/></property></concept><concept><code value="MCS88147"/><display value="Pt—Manniche VAS-score(total); antal(værdi 0-60) = ?"/><designation><use><system value="http://snomed.info/sct"/><code value="900000000000013009"/></use><value value="Manniche VAS-score(total);Pt"/></designation><designation><language value="da-DK"/><use><system value="http://terminology.hl7.org/CodeSystem/designation-usage"/><code value="display"/></use><value value="Pt—Manniche VAS-score(total); antal(værdi 0-60) = ?"/></designation><property><code value="status"/><valueCode value="experimental"/></property><property><code value="effectiveDate"/><valueDateTime value="2025-06-28"/></property></concept></CodeSystem>