<?xml version="1.0" encoding="UTF-8"?><CodeSystem xmlns="http://hl7.org/fhir"><id value="medcom-messagedefinition-identifer-system"/><text><status value="generated"/><div xmlns="http://www.w3.org/1999/xhtml"><p class="res-header-id"><b>Generated Narrative: CodeSystem medcom-messagedefinition-identifer-system</b></p><a name="medcom-messagedefinition-identifer-system"> </a><a name="hcmedcom-messagedefinition-identifer-system"> </a><a name="medcom-messagedefinition-identifer-system-da-DK"> </a><p>This case-sensitive code system <code>http://medcomfhir.dk/ig/terminology/CodeSystem/medcom-messagedefinition-identifer-system</code> defines the following codes:</p><table class="codes"><tr><td style="white-space:nowrap"><b>Code</b></td></tr><tr><td style="white-space:nowrap">urn:dk:healthcare:medcom:messaging:edifact<a name="medcom-messagedefinition-identifer-system-urn.58dk.58healthcare.58medcom.58messaging.58edifact"> </a></td></tr><tr><td style="white-space:nowrap">urn:dk:healthcare:medcom:messaging:fhir<a name="medcom-messagedefinition-identifer-system-urn.58dk.58healthcare.58medcom.58messaging.58fhir"> </a></td></tr><tr><td style="white-space:nowrap">urn:dk:healthcare:medcom:messaging:oioxml<a name="medcom-messagedefinition-identifer-system-urn.58dk.58healthcare.58medcom.58messaging.58oioxml"> </a></td></tr><tr><td style="white-space:nowrap">urn:dk:healthcare:medcom:messaging:envelope<a name="medcom-messagedefinition-identifer-system-urn.58dk.58healthcare.58medcom.58messaging.58envelope"> </a></td></tr></table></div></text><url value="http://medcomfhir.dk/ig/terminology/CodeSystem/medcom-messagedefinition-identifer-system"/><version value="1.8.1"/><name value="MedComMessageDefinitionIdentifierSystem"/><title value="MessageDefinitionIdentifierSystemCodeSystem"/><status value="active"/><experimental value="false"/><date value="2024-06-26"/><publisher value="MedCom"/><contact><name value="MedCom"/><telecom><system value="url"/><value value="http://www.medcom.dk"/></telecom></contact><description value="MessageDefinitionIdentifierSystemCS for the messaging infrastructure"/><jurisdiction><coding><system value="urn:iso:std:iso:3166"/><code value="DK"/><display value="Denmark"/></coding></jurisdiction><caseSensitive value="true"/><content value="complete"/><count value="4"/><concept><code value="urn:dk:healthcare:medcom:messaging:edifact"/><display value="urn:dk:healthcare:medcom:messaging:edifact"/><designation><use><system value="http://terminology.hl7.org/CodeSystem/designation-usage"/><code value="display"/></use><value value="urn:dk:healthcare:medcom:messaging:edifact"/></designation></concept><concept><code value="urn:dk:healthcare:medcom:messaging:fhir"/><display value="urn:dk:healthcare:medcom:messaging:fhir"/><designation><use><system value="http://terminology.hl7.org/CodeSystem/designation-usage"/><code value="display"/></use><value value="urn:dk:healthcare:medcom:messaging:fhir"/></designation></concept><concept><code value="urn:dk:healthcare:medcom:messaging:oioxml"/><display value="urn:dk:healthcare:medcom:messaging:oioxml"/><designation><use><system value="http://terminology.hl7.org/CodeSystem/designation-usage"/><code value="display"/></use><value value="urn:dk:healthcare:medcom:messaging:oioxml"/></designation></concept><concept><code value="urn:dk:healthcare:medcom:messaging:envelope"/><display value="urn:dk:healthcare:medcom:messaging:envelope"/><designation><use><system value="http://terminology.hl7.org/CodeSystem/designation-usage"/><code value="display"/></use><value value="urn:dk:healthcare:medcom:messaging:envelope"/></designation></concept></CodeSystem>