<?xml version="1.0" encoding="UTF-8"?><CodeSystem xmlns="http://hl7.org/fhir"><id value="medcom-observation-resultGroup"/><language value="da-DK"/><text><status value="generated"/><div xmlns="http://www.w3.org/1999/xhtml" xml:lang="da-DK" lang="da-DK"><p class="res-header-id"><b>Generated Narrative: CodeSystem medcom-observation-resultGroup</b></p><a name="medcom-observation-resultGroup"> </a><a name="hcmedcom-observation-resultGroup"> </a><div style="display: inline-block; background-color: #d9e0e7; padding: 6px; margin: 4px; border: 1px solid #8da1b4; border-radius: 5px; line-height: 60%"><p style="margin-bottom: 0px">Language: da-DK</p></div><p>This case-insensitive code system <code>http://medcomfhir.dk/ig/terminology/CodeSystem/medcom-observation-resultGroup</code> defines the following codes:</p><table class="codes"><tr><td style="white-space:nowrap"><b>Code</b></td><td><b>Display</b></td></tr><tr><td style="white-space:nowrap">5<a name="medcom-observation-resultGroup-5"> </a></td><td>Hæmatologi</td></tr><tr><td style="white-space:nowrap">10<a name="medcom-observation-resultGroup-10"> </a></td><td>Væske- og elektrolytbalance</td></tr><tr><td style="white-space:nowrap">15<a name="medcom-observation-resultGroup-15"> </a></td><td>Syre/base- og oxygenstatus</td></tr><tr><td style="white-space:nowrap">20<a name="medcom-observation-resultGroup-20"> </a></td><td>Hæmostase</td></tr><tr><td style="white-space:nowrap">25<a name="medcom-observation-resultGroup-25"> </a></td><td>Organmarkører</td></tr><tr><td style="white-space:nowrap">30<a name="medcom-observation-resultGroup-30"> </a></td><td>Metabolisme</td></tr><tr><td style="white-space:nowrap">35<a name="medcom-observation-resultGroup-35"> </a></td><td>Endokrinologi</td></tr><tr><td style="white-space:nowrap">40<a name="medcom-observation-resultGroup-40"> </a></td><td>Tumormarkører</td></tr><tr><td style="white-space:nowrap">45<a name="medcom-observation-resultGroup-45"> </a></td><td>Immunologi og inflammation</td></tr><tr><td style="white-space:nowrap">50<a name="medcom-observation-resultGroup-50"> </a></td><td>Autoantistoffer</td></tr><tr><td style="white-space:nowrap">55<a name="medcom-observation-resultGroup-55"> </a></td><td>Allergi</td></tr><tr><td style="white-space:nowrap">60<a name="medcom-observation-resultGroup-60"> </a></td><td>Farmakologi</td></tr><tr><td style="white-space:nowrap">65<a name="medcom-observation-resultGroup-65"> </a></td><td>Sporstoffer og vitaminer</td></tr><tr><td style="white-space:nowrap">70<a name="medcom-observation-resultGroup-70"> </a></td><td>Infektion og smittemarkører</td></tr><tr><td style="white-space:nowrap">75<a name="medcom-observation-resultGroup-75"> </a></td><td>Blodtyper og transfusion</td></tr><tr><td style="white-space:nowrap">80<a name="medcom-observation-resultGroup-80"> </a></td><td>Vævstyper og transplantation</td></tr><tr><td style="white-space:nowrap">85<a name="medcom-observation-resultGroup-85"> </a></td><td>Molekylær genetik</td></tr><tr><td style="white-space:nowrap">90<a name="medcom-observation-resultGroup-90"> </a></td><td>Urin og fæces</td></tr><tr><td style="white-space:nowrap">95<a name="medcom-observation-resultGroup-95"> </a></td><td>CSV-,led-og pleuravæske,ascites m.m</td></tr><tr><td style="white-space:nowrap">100<a name="medcom-observation-resultGroup-100"> </a></td><td>Marv og andre biopsier</td></tr><tr><td style="white-space:nowrap">105<a name="medcom-observation-resultGroup-105"> </a></td><td>Sæd</td></tr><tr><td style="white-space:nowrap">110<a name="medcom-observation-resultGroup-110"> </a></td><td>Projektundersøgelser</td></tr><tr><td style="white-space:nowrap">115<a name="medcom-observation-resultGroup-115"> </a></td><td>Andre undersøgelser</td></tr><tr><td style="white-space:nowrap">120<a name="medcom-observation-resultGroup-120"> </a></td><td>Hjemmemåling</td></tr></table></div></text><url value="http://medcomfhir.dk/ig/terminology/CodeSystem/medcom-observation-resultGroup"/><version value="1.8.1"/><name value="MedComObservationResultGroup"/><title value="MedComObservationResultGroup"/><status value="draft"/><experimental value="true"/><date value="2024-01-18"/><publisher value="MedCom"/><contact><name value="MedCom"/><telecom><system value="url"/><value value="http://www.medcom.dk"/></telecom></contact><description value="The observation result group are intended to be used to sort the individual analyzes."/><jurisdiction><coding><system value="urn:iso:std:iso:3166"/><code value="DK"/><display value="Denmark"/></coding></jurisdiction><caseSensitive value="false"/><content value="complete"/><count value="24"/><concept><code value="5"/><display value="Hæmatologi"/></concept><concept><code value="10"/><display value="Væske- og elektrolytbalance"/></concept><concept><code value="15"/><display value="Syre/base- og oxygenstatus"/></concept><concept><code value="20"/><display value="Hæmostase"/></concept><concept><code value="25"/><display value="Organmarkører"/></concept><concept><code value="30"/><display value="Metabolisme"/></concept><concept><code value="35"/><display value="Endokrinologi"/></concept><concept><code value="40"/><display value="Tumormarkører"/></concept><concept><code value="45"/><display value="Immunologi og inflammation"/></concept><concept><code value="50"/><display value="Autoantistoffer"/></concept><concept><code value="55"/><display value="Allergi"/></concept><concept><code value="60"/><display value="Farmakologi"/></concept><concept><code value="65"/><display value="Sporstoffer og vitaminer"/></concept><concept><code value="70"/><display value="Infektion og smittemarkører"/></concept><concept><code value="75"/><display value="Blodtyper og transfusion"/></concept><concept><code value="80"/><display value="Vævstyper og transplantation"/></concept><concept><code value="85"/><display value="Molekylær genetik"/></concept><concept><code value="90"/><display value="Urin og fæces"/></concept><concept><code value="95"/><display value="CSV-,led-og pleuravæske,ascites m.m"/></concept><concept><code value="100"/><display value="Marv og andre biopsier"/></concept><concept><code value="105"/><display value="Sæd"/></concept><concept><code value="110"/><display value="Projektundersøgelser"/></concept><concept><code value="115"/><display value="Andre undersøgelser"/></concept><concept><code value="120"/><display value="Hjemmemåling"/></concept></CodeSystem>