<?xml version="1.0" encoding="UTF-8"?><ValueSet xmlns="http://hl7.org/fhir"><id value="medcom-messaging-activityCodes"/><text><status value="generated"/><div xmlns="http://www.w3.org/1999/xhtml"><p class="res-header-id"><b>Generated Narrative: ValueSet medcom-messaging-activityCodes</b></p><a name="medcom-messaging-activityCodes"> </a><a name="hcmedcom-messaging-activityCodes"> </a><a name="medcom-messaging-activityCodes-da-DK"> </a><ul><li>Include these codes as defined in <a href="CodeSystem-medcom-messaging-activityCodes.html"><code>http://medcomfhir.dk/ig/terminology/CodeSystem/medcom-messaging-activityCodes</code></a><table class="none"><tr><td style="white-space:nowrap"><b>Code</b></td><td><b>Display</b></td></tr><tr><td><a href="CodeSystem-medcom-messaging-activityCodes.html#medcom-messaging-activityCodes-new-message">new-message</a></td><td style="color: #cccccc">A new message has been sent</td></tr><tr><td><a href="CodeSystem-medcom-messaging-activityCodes.html#medcom-messaging-activityCodes-forward-message">forward-message</a></td><td style="color: #cccccc">A message has been forwarded and potentially changed</td></tr><tr><td><a href="CodeSystem-medcom-messaging-activityCodes.html#medcom-messaging-activityCodes-reply-message">reply-message</a></td><td style="color: #cccccc">A message has been replied to</td></tr><tr><td><a href="CodeSystem-medcom-messaging-activityCodes.html#medcom-messaging-activityCodes-retract-message">retract-message</a></td><td style="color: #cccccc">A message has been retracted/cancelled</td></tr><tr><td><a href="CodeSystem-medcom-messaging-activityCodes.html#medcom-messaging-activityCodes-modified-message">modified-message</a></td><td style="color: #cccccc">A message has been modified</td></tr><tr><td><a href="CodeSystem-medcom-messaging-activityCodes.html#medcom-messaging-activityCodes-admit-emergency">admit-emergency</a></td><td style="color: #cccccc">Start hospital stay - acute ambulant</td></tr><tr><td><a href="CodeSystem-medcom-messaging-activityCodes.html#medcom-messaging-activityCodes-carboncopy-message">carboncopy-message</a></td><td style="color: #cccccc">An exact copy of a message to a primary receiver has been sent to a carbon copy receiver</td></tr><tr><td><a href="CodeSystem-medcom-messaging-activityCodes.html#medcom-messaging-activityCodes-revise-admit-emergency">revise-admit-emergency</a></td><td style="color: #cccccc">Update Start hospital stay - acute ambulant</td></tr><tr><td><a href="CodeSystem-medcom-messaging-activityCodes.html#medcom-messaging-activityCodes-cancel-admit-emergency">cancel-admit-emergency</a></td><td style="color: #cccccc">Cancellation Start hospital stay - acute ambulant</td></tr><tr><td><a href="CodeSystem-medcom-messaging-activityCodes.html#medcom-messaging-activityCodes-admit-inpatient">admit-inpatient</a></td><td style="color: #cccccc">Start hospital stay - admitted</td></tr><tr><td><a href="CodeSystem-medcom-messaging-activityCodes.html#medcom-messaging-activityCodes-revise-admit-inpatient">revise-admit-inpatient</a></td><td style="color: #cccccc">Update Start hospital stay - admitted</td></tr><tr><td><a href="CodeSystem-medcom-messaging-activityCodes.html#medcom-messaging-activityCodes-cancel-admit-inpatient">cancel-admit-inpatient</a></td><td style="color: #cccccc">Cancellation Start hospital stay - admitted</td></tr><tr><td><a href="CodeSystem-medcom-messaging-activityCodes.html#medcom-messaging-activityCodes-start-leave-inpatient">start-leave-inpatient</a></td><td style="color: #cccccc">Start leave</td></tr><tr><td><a href="CodeSystem-medcom-messaging-activityCodes.html#medcom-messaging-activityCodes-revise-start-leave-inpatient">revise-start-leave-inpatient</a></td><td style="color: #cccccc">Update Start leave</td></tr><tr><td><a href="CodeSystem-medcom-messaging-activityCodes.html#medcom-messaging-activityCodes-cancel-start-leave-inpatient">cancel-start-leave-inpatient</a></td><td style="color: #cccccc">Cancellation Start leave</td></tr><tr><td><a href="CodeSystem-medcom-messaging-activityCodes.html#medcom-messaging-activityCodes-end-leave-inpatient">end-leave-inpatient</a></td><td style="color: #cccccc">End leave</td></tr><tr><td><a href="CodeSystem-medcom-messaging-activityCodes.html#medcom-messaging-activityCodes-revise-end-leave-inpatient">revise-end-leave-inpatient</a></td><td style="color: #cccccc">Update End leave</td></tr><tr><td><a href="CodeSystem-medcom-messaging-activityCodes.html#medcom-messaging-activityCodes-cancel-end-leave-inpatient">cancel-end-leave-inpatient</a></td><td style="color: #cccccc">Cancellation End leave</td></tr><tr><td><a href="CodeSystem-medcom-messaging-activityCodes.html#medcom-messaging-activityCodes-discharge-emergency-home">discharge-emergency-home</a></td><td style="color: #cccccc">End hospital stay - patient completed to home/primary sector</td></tr><tr><td><a href="CodeSystem-medcom-messaging-activityCodes.html#medcom-messaging-activityCodes-discharge-inpatient-home">discharge-inpatient-home</a></td><td style="color: #cccccc">End hospital stay - patient completed to home/primary sector</td></tr><tr><td><a href="CodeSystem-medcom-messaging-activityCodes.html#medcom-messaging-activityCodes-revise-discharge-emergency-home">revise-discharge-emergency-home</a></td><td style="color: #cccccc">Update End hospital stay - patient completed to home/primary sector</td></tr><tr><td><a href="CodeSystem-medcom-messaging-activityCodes.html#medcom-messaging-activityCodes-revise-discharge-inpatient-home">revise-discharge-inpatient-home</a></td><td style="color: #cccccc">Update End hospital stay - patient completed to home/primary sector</td></tr><tr><td><a href="CodeSystem-medcom-messaging-activityCodes.html#medcom-messaging-activityCodes-cancel-discharge-emergency-home">cancel-discharge-emergency-home</a></td><td style="color: #cccccc">Cancellation End hospital stay - patient completed to home/primary sector</td></tr><tr><td><a href="CodeSystem-medcom-messaging-activityCodes.html#medcom-messaging-activityCodes-cancel-discharge-inpatient-home">cancel-discharge-inpatient-home</a></td><td style="color: #cccccc">Cancellation End hospital stay - patient completed to home/primary sector</td></tr><tr><td><a href="CodeSystem-medcom-messaging-activityCodes.html#medcom-messaging-activityCodes-acknowledgement">acknowledgement</a></td><td style="color: #cccccc">Acknowledgement message has been sent</td></tr></table></li></ul></div></text><url value="http://medcomfhir.dk/ig/terminology/ValueSet/medcom-messaging-activityCodes"/><version value="1.8.1"/><name value="MedComMessagingActivityCodes"/><title value="MedComMessagingActivityCodes"/><status value="active"/><experimental value="false"/><date value="2023-01-06"/><publisher value="MedCom"/><contact><name value="MedCom"/><telecom><system value="url"/><value value="http://www.medcom.dk"/></telecom></contact><description value="ValueSet containing codes for activities occuring in MedCom messages"/><jurisdiction><coding><system value="urn:iso:std:iso:3166"/><code value="DK"/><display value="Denmark"/></coding></jurisdiction><compose><include><system value="http://medcomfhir.dk/ig/terminology/CodeSystem/medcom-messaging-activityCodes"/><concept><code value="new-message"/></concept><concept><code value="forward-message"/></concept><concept><code value="reply-message"/></concept><concept><code value="retract-message"/></concept><concept><code value="modified-message"/></concept><concept><code value="admit-emergency"/></concept><concept><code value="carboncopy-message"/></concept><concept><code value="revise-admit-emergency"/></concept><concept><code value="cancel-admit-emergency"/></concept><concept><code value="admit-inpatient"/></concept><concept><code value="revise-admit-inpatient"/></concept><concept><code value="cancel-admit-inpatient"/></concept><concept><code value="start-leave-inpatient"/></concept><concept><code value="revise-start-leave-inpatient"/></concept><concept><code value="cancel-start-leave-inpatient"/></concept><concept><code value="end-leave-inpatient"/></concept><concept><code value="revise-end-leave-inpatient"/></concept><concept><code value="cancel-end-leave-inpatient"/></concept><concept><code value="discharge-emergency-home"/></concept><concept><code value="discharge-inpatient-home"/></concept><concept><code value="revise-discharge-emergency-home"/></concept><concept><code value="revise-discharge-inpatient-home"/></concept><concept><code value="cancel-discharge-emergency-home"/></concept><concept><code value="cancel-discharge-inpatient-home"/></concept><concept><code value="acknowledgement"/></concept></include></compose></ValueSet>