<?xml version="1.0" encoding="UTF-8"?><ValueSet xmlns="http://hl7.org/fhir"><id value="medcom-messagedefinition-identifer-system-valueset"/><text><status value="generated"/><div xmlns="http://www.w3.org/1999/xhtml"><p class="res-header-id"><b>Generated Narrative: ValueSet medcom-messagedefinition-identifer-system-valueset</b></p><a name="medcom-messagedefinition-identifer-system-valueset"> </a><a name="hcmedcom-messagedefinition-identifer-system-valueset"> </a><a name="medcom-messagedefinition-identifer-system-valueset-da-DK"> </a><ul><li>Include all codes defined in <a href="CodeSystem-medcom-messagedefinition-identifer-system.html"><code>http://medcomfhir.dk/ig/terminology/CodeSystem/medcom-messagedefinition-identifer-system</code></a></li></ul></div></text><url value="http://medcomfhir.dk/ig/terminology/ValueSet/medcom-messagedefinition-identifer-system-valueset"/><version value="1.8.1"/><name value="MedComMessageDefinitionIdentifierSystemVS"/><title value="MessageDefinitionIdentifierSystemValueset"/><status value="active"/><experimental value="false"/><date value="2024-06-26"/><publisher value="MedCom"/><contact><name value="MedCom"/><telecom><system value="url"/><value value="http://www.medcom.dk"/></telecom></contact><description value="MessageDefinitionIdentifierSystemVS for the messaging infrastructure"/><jurisdiction><coding><system value="urn:iso:std:iso:3166"/><code value="DK"/><display value="Denmark"/></coding></jurisdiction><compose><include><system value="http://medcomfhir.dk/ig/terminology/CodeSystem/medcom-messagedefinition-identifer-system"/></include></compose></ValueSet>