<?xml version="1.0" encoding="UTF-8"?><ValueSet xmlns="http://hl7.org/fhir"><id value="medcom-acknowledgement-issue-details"/><text><status value="generated"/><div xmlns="http://www.w3.org/1999/xhtml"><p class="res-header-id"><b>Generated Narrative: ValueSet medcom-acknowledgement-issue-details</b></p><a name="medcom-acknowledgement-issue-details"> </a><a name="hcmedcom-acknowledgement-issue-details"> </a><a name="medcom-acknowledgement-issue-details-da-DK"> </a><p>This value set includes codes based on the following rules:</p><ul><li>Include these codes as defined in <a href="http://terminology.hl7.org/6.4.0/CodeSystem-operation-outcome.html"><code>http://terminology.hl7.org/CodeSystem/operation-outcome</code></a><table class="none"><tr><td style="white-space:nowrap"><b>Code</b></td><td><b>Display</b></td></tr><tr><td><a href="http://terminology.hl7.org/6.4.0/CodeSystem-operation-outcome.html#operation-outcome-MSG_ID_INVALID">MSG_ID_INVALID</a></td><td style="color: #cccccc">Id &quot;%s&quot; has an invalid character &quot;%s&quot;</td></tr><tr><td><a href="http://terminology.hl7.org/6.4.0/CodeSystem-operation-outcome.html#operation-outcome-MSG_ID_TOO_LONG">MSG_ID_TOO_LONG</a></td><td style="color: #cccccc">Id &quot;%s&quot; too long (length limit 36)</td></tr><tr><td><a href="http://terminology.hl7.org/6.4.0/CodeSystem-operation-outcome.html#operation-outcome-MSG_BAD_FORMAT">MSG_BAD_FORMAT</a></td><td style="color: #cccccc">Bad Syntax: &quot;%s&quot; must be a %s'</td></tr><tr><td><a href="http://terminology.hl7.org/6.4.0/CodeSystem-operation-outcome.html#operation-outcome-MSG_BAD_SYNTAX">MSG_BAD_SYNTAX</a></td><td style="color: #cccccc">Bad Syntax in %s</td></tr><tr><td><a href="http://terminology.hl7.org/6.4.0/CodeSystem-operation-outcome.html#operation-outcome-MSG_DATE_FORMAT">MSG_DATE_FORMAT</a></td><td style="color: #cccccc">The Date value %s is not in the correct format (Xml Date Format required)</td></tr><tr><td><a href="http://terminology.hl7.org/6.4.0/CodeSystem-operation-outcome.html#operation-outcome-MSG_DUPLICATE_ID">MSG_DUPLICATE_ID</a></td><td style="color: #cccccc">Duplicate Id %s for resource type %s</td></tr><tr><td><a href="http://terminology.hl7.org/6.4.0/CodeSystem-operation-outcome.html#operation-outcome-MSG_INVALID_ID">MSG_INVALID_ID</a></td><td style="color: #cccccc">Id not accepted</td></tr><tr><td><a href="http://terminology.hl7.org/6.4.0/CodeSystem-operation-outcome.html#operation-outcome-MSG_JSON_OBJECT">MSG_JSON_OBJECT</a></td><td style="color: #cccccc">Json Source for a resource should start with an object</td></tr><tr><td><a href="http://terminology.hl7.org/6.4.0/CodeSystem-operation-outcome.html#operation-outcome-MSG_LOCAL_FAIL">MSG_LOCAL_FAIL</a></td><td style="color: #cccccc">Unable to resolve local reference to resource %s</td></tr><tr><td><a href="http://terminology.hl7.org/6.4.0/CodeSystem-operation-outcome.html#operation-outcome-MSG_NO_MATCH">MSG_NO_MATCH</a></td><td style="color: #cccccc">No Resource found matching the query &quot;%s&quot;</td></tr><tr><td><a href="http://terminology.hl7.org/6.4.0/CodeSystem-operation-outcome.html#operation-outcome-MSG_NO_EXIST">MSG_NO_EXIST</a></td><td style="color: #cccccc">Resource Id &quot;%s&quot; does not exist</td></tr><tr><td><a href="http://terminology.hl7.org/6.4.0/CodeSystem-operation-outcome.html#operation-outcome-MSG_NO_SUMMARY">MSG_NO_SUMMARY</a></td><td style="color: #cccccc">No Summary for this resource</td></tr><tr><td><a href="http://terminology.hl7.org/6.4.0/CodeSystem-operation-outcome.html#operation-outcome-MSG_PARAM_INVALID">MSG_PARAM_INVALID</a></td><td style="color: #cccccc">Parameter &quot;%s&quot; content is invalid</td></tr><tr><td><a href="http://terminology.hl7.org/6.4.0/CodeSystem-operation-outcome.html#operation-outcome-MSG_PARAM_NO_REPEAT">MSG_PARAM_NO_REPEAT</a></td><td style="color: #cccccc">Parameter &quot;%s&quot; is not allowed to repeat</td></tr><tr><td><a href="http://terminology.hl7.org/6.4.0/CodeSystem-operation-outcome.html#operation-outcome-MSG_PARAM_UNKNOWN">MSG_PARAM_UNKNOWN</a></td><td style="color: #cccccc">Parameter &quot;%s&quot; not understood</td></tr><tr><td><a href="http://terminology.hl7.org/6.4.0/CodeSystem-operation-outcome.html#operation-outcome-MSG_RESOURCE_ID_MISMATCH">MSG_RESOURCE_ID_MISMATCH</a></td><td style="color: #cccccc">Resource Id Mismatch</td></tr><tr><td><a href="http://terminology.hl7.org/6.4.0/CodeSystem-operation-outcome.html#operation-outcome-MSG_RESOURCE_ID_FAIL">MSG_RESOURCE_ID_FAIL</a></td><td style="color: #cccccc">unable to allocate resource id</td></tr><tr><td><a href="http://terminology.hl7.org/6.4.0/CodeSystem-operation-outcome.html#operation-outcome-MSG_RESOURCE_ID_MISSING">MSG_RESOURCE_ID_MISSING</a></td><td style="color: #cccccc">Resource Id Missing</td></tr><tr><td><a href="http://terminology.hl7.org/6.4.0/CodeSystem-operation-outcome.html#operation-outcome-MSG_RESOURCE_NOT_ALLOWED">MSG_RESOURCE_NOT_ALLOWED</a></td><td style="color: #cccccc">Not allowed to submit a resource for this operation</td></tr><tr><td><a href="http://terminology.hl7.org/6.4.0/CodeSystem-operation-outcome.html#operation-outcome-MSG_RESOURCE_REQUIRED">MSG_RESOURCE_REQUIRED</a></td><td style="color: #cccccc">A resource is required</td></tr><tr><td><a href="http://terminology.hl7.org/6.4.0/CodeSystem-operation-outcome.html#operation-outcome-MSG_RESOURCE_TYPE_MISMATCH">MSG_RESOURCE_TYPE_MISMATCH</a></td><td style="color: #cccccc">Resource Type Mismatch</td></tr><tr><td><a href="http://terminology.hl7.org/6.4.0/CodeSystem-operation-outcome.html#operation-outcome-MSG_TRANSACTION_DUPLICATE_ID">MSG_TRANSACTION_DUPLICATE_ID</a></td><td style="color: #cccccc">Duplicate Identifier in transaction: %s</td></tr><tr><td><a href="http://terminology.hl7.org/6.4.0/CodeSystem-operation-outcome.html#operation-outcome-MSG_TRANSACTION_MISSING_ID">MSG_TRANSACTION_MISSING_ID</a></td><td style="color: #cccccc">Missing Identifier in transaction - an entry.id must be provided</td></tr><tr><td><a href="http://terminology.hl7.org/6.4.0/CodeSystem-operation-outcome.html#operation-outcome-MSG_UNKNOWN_TYPE">MSG_UNKNOWN_TYPE</a></td><td style="color: #cccccc">Resource Type &quot;%s&quot; not recognised</td></tr><tr><td><a href="http://terminology.hl7.org/6.4.0/CodeSystem-operation-outcome.html#operation-outcome-MSG_VERSION_AWARE">MSG_VERSION_AWARE</a></td><td style="color: #cccccc">Version aware updates are required for this resource</td></tr><tr><td><a href="http://terminology.hl7.org/6.4.0/CodeSystem-operation-outcome.html#operation-outcome-MSG_VERSION_AWARE_CONFLICT">MSG_VERSION_AWARE_CONFLICT</a></td><td style="color: #cccccc">Update Conflict (server current version = &quot;%s&quot;, client version referenced = &quot;%s&quot;)</td></tr><tr><td><a href="http://terminology.hl7.org/6.4.0/CodeSystem-operation-outcome.html#operation-outcome-MSG_VERSION_AWARE_URL">MSG_VERSION_AWARE_URL</a></td><td style="color: #cccccc">Version specific URL not recognised</td></tr><tr><td><a href="http://terminology.hl7.org/6.4.0/CodeSystem-operation-outcome.html#operation-outcome-MSG_WRONG_NS">MSG_WRONG_NS</a></td><td style="color: #cccccc">This does not appear to be a FHIR element or resource (wrong namespace &quot;%s&quot;)</td></tr></table></li><li>Include these codes as defined in <a href="CodeSystem-medcom-acknowledgement-error-codes.html"><code>http://medcomfhir.dk/ig/terminology/CodeSystem/medcom-acknowledgement-error-codes</code></a><table class="none"><tr><td style="white-space:nowrap"><b>Code</b></td><td><b>Display</b></td></tr><tr><td><a href="CodeSystem-medcom-acknowledgement-error-codes.html#medcom-acknowledgement-error-codes-MSG_Receiver_Identifier_UNKNOWN">MSG_Receiver_Identifier_UNKNOWN</a></td><td style="color: #cccccc">Receiver identifier unknown</td></tr><tr><td><a href="CodeSystem-medcom-acknowledgement-error-codes.html#medcom-acknowledgement-error-codes-MSG_Receiver_Identifier_MISSING">MSG_Receiver_Identifier_MISSING</a></td><td style="color: #cccccc">Receiver identifier missing</td></tr><tr><td><a href="CodeSystem-medcom-acknowledgement-error-codes.html#medcom-acknowledgement-error-codes-MSG_RECEIVER_UNABLE_TO_RECEIVE_MSG_TYPE">MSG_RECEIVER_UNABLE_TO_RECEIVE_MSG_TYPE</a></td><td style="color: #cccccc">Receiver unable to receive this message type</td></tr><tr><td><a href="CodeSystem-medcom-acknowledgement-error-codes.html#medcom-acknowledgement-error-codes-MSG_VALUESET_VALUE_UNKNOWN">MSG_VALUESET_VALUE_UNKNOWN</a></td><td style="color: #cccccc">The value provided is not in the valueSet</td></tr><tr><td><a href="CodeSystem-medcom-acknowledgement-error-codes.html#medcom-acknowledgement-error-codes-MSG_CodeSystem_VALUE_UNKNOWN">MSG_CodeSystem_VALUE_UNKNOWN</a></td><td style="color: #cccccc">The value provided is not in the CodeSystem</td></tr><tr><td><a href="CodeSystem-medcom-acknowledgement-error-codes.html#medcom-acknowledgement-error-codes-MSG_Element_To_Long">MSG_Element_To_Long</a></td><td style="color: #cccccc">The value of the element is to long</td></tr><tr><td><a href="CodeSystem-medcom-acknowledgement-error-codes.html#medcom-acknowledgement-error-codes-MSG_Datatype_Wrong">MSG_Datatype_Wrong</a></td><td style="color: #cccccc">The data type is wrong</td></tr><tr><td><a href="CodeSystem-medcom-acknowledgement-error-codes.html#medcom-acknowledgement-error-codes-MSG_Mailbox_Out_Of_Operation">MSG_Mailbox_Out_Of_Operation</a></td><td style="color: #cccccc">The mailbox is temporary out of operation</td></tr><tr><td><a href="CodeSystem-medcom-acknowledgement-error-codes.html#medcom-acknowledgement-error-codes-MSG_Damaged_durin_transport">MSG_Damaged_durin_transport</a></td><td style="color: #cccccc">The message has been damaged during trasport</td></tr></table></li></ul></div></text><url value="http://medcomfhir.dk/ig/terminology/ValueSet/medcom-acknowledgement-issue-details"/><version value="2.0.0-draft"/><name value="MedComAcknowledgementIssueDetailValues"/><title value="MedComAcknowledgementIssueDetailValues"/><status value="active"/><experimental value="false"/><date value="2024-01-18"/><publisher value="MedCom"/><contact><name value="MedCom"/><telecom><system value="url"/><value value="http://www.medcom.dk"/></telecom></contact><description value="ValueSet including detailed issues describtions."/><jurisdiction><coding><system value="urn:iso:std:iso:3166"/><code value="DK"/><display value="Denmark"/></coding></jurisdiction><compose><include><system value="http://terminology.hl7.org/CodeSystem/operation-outcome"/><concept><code value="MSG_ID_INVALID"/></concept><concept><code value="MSG_ID_TOO_LONG"/></concept><concept><code value="MSG_BAD_FORMAT"/></concept><concept><code value="MSG_BAD_SYNTAX"/></concept><concept><code value="MSG_DATE_FORMAT"/></concept><concept><code value="MSG_DUPLICATE_ID"/></concept><concept><code value="MSG_INVALID_ID"/></concept><concept><code value="MSG_JSON_OBJECT"/></concept><concept><code value="MSG_LOCAL_FAIL"/></concept><concept><code value="MSG_NO_MATCH"/></concept><concept><code value="MSG_NO_EXIST"/></concept><concept><code value="MSG_NO_SUMMARY"/></concept><concept><code value="MSG_PARAM_INVALID"/></concept><concept><code value="MSG_PARAM_NO_REPEAT"/></concept><concept><code value="MSG_PARAM_UNKNOWN"/></concept><concept><code value="MSG_RESOURCE_ID_MISMATCH"/></concept><concept><code value="MSG_RESOURCE_ID_FAIL"/></concept><concept><code value="MSG_RESOURCE_ID_MISSING"/></concept><concept><code value="MSG_RESOURCE_NOT_ALLOWED"/></concept><concept><code value="MSG_RESOURCE_REQUIRED"/></concept><concept><code value="MSG_RESOURCE_TYPE_MISMATCH"/></concept><concept><code value="MSG_TRANSACTION_DUPLICATE_ID"/></concept><concept><code value="MSG_TRANSACTION_MISSING_ID"/></concept><concept><code value="MSG_UNKNOWN_TYPE"/></concept><concept><code value="MSG_VERSION_AWARE"/></concept><concept><code value="MSG_VERSION_AWARE_CONFLICT"/></concept><concept><code value="MSG_VERSION_AWARE_URL"/></concept><concept><code value="MSG_WRONG_NS"/></concept></include><include><system value="http://medcomfhir.dk/ig/terminology/CodeSystem/medcom-acknowledgement-error-codes"/><concept><code value="MSG_Receiver_Identifier_UNKNOWN"/></concept><concept><code value="MSG_Receiver_Identifier_MISSING"/></concept><concept><code value="MSG_RECEIVER_UNABLE_TO_RECEIVE_MSG_TYPE"/></concept><concept><code value="MSG_VALUESET_VALUE_UNKNOWN"/></concept><concept><code value="MSG_CodeSystem_VALUE_UNKNOWN"/></concept><concept><code value="MSG_Element_To_Long"/></concept><concept><code value="MSG_Datatype_Wrong"/></concept><concept><code value="MSG_Mailbox_Out_Of_Operation"/></concept><concept><code value="MSG_Damaged_durin_transport"/></concept></include></compose></ValueSet>