<?xml version="1.0" encoding="UTF-8"?><ValueSet xmlns="http://hl7.org/fhir"><id value="medcom-core-PractitionerRoles"/><text><status value="extensions"/><div xmlns="http://www.w3.org/1999/xhtml"><p class="res-header-id"><b>Generated Narrative: ValueSet medcom-core-PractitionerRoles</b></p><a name="medcom-core-PractitionerRoles"> </a><a name="hcmedcom-core-PractitionerRoles"> </a><p>This value set includes codes based on the following rules:</p><ul><li>Include these codes as defined in <a href="CodeSystem-medcom-core-PractitionerRolesAutorisationsregistret.html"><code>http://medcomfhir.dk/ig/terminology/CodeSystem/medcom-core-PractitionerRolesAutorisationsregistret</code></a><table class="none"><tr><td style="white-space:nowrap"><b>Code</b></td><td><b>Display</b></td></tr><tr><td><a href="CodeSystem-medcom-core-PractitionerRolesAutorisationsregistret.html#medcom-core-PractitionerRolesAutorisationsregistret-ambulancebehandler">ambulancebehandler</a></td><td style="color: #cccccc">Ambulancebehandler</td></tr><tr><td><a href="CodeSystem-medcom-core-PractitionerRolesAutorisationsregistret.html#medcom-core-PractitionerRolesAutorisationsregistret-laege">laege</a></td><td style="color: #cccccc">Læge</td></tr><tr><td><a href="CodeSystem-medcom-core-PractitionerRolesAutorisationsregistret.html#medcom-core-PractitionerRolesAutorisationsregistret-osteopat">osteopat</a></td><td style="color: #cccccc">Osteopat</td></tr></table></li><li>Include these codes as defined in <a href="CodeSystem-medcom-core-PractitionerRolesSKSadministrativ.html"><code>http://medcomfhir.dk/ig/terminology/CodeSystem/medcom-core-PractitionerRolesSKSadministrativ</code></a><table class="none"><tr><td style="white-space:nowrap"><b>Code</b></td><td><b>Display</b></td></tr><tr><td><a href="CodeSystem-medcom-core-PractitionerRolesSKSadministrativ.html#medcom-core-PractitionerRolesSKSadministrativ-speciallaege">speciallaege</a></td><td style="color: #cccccc">Speciallæge</td></tr><tr><td><a href="CodeSystem-medcom-core-PractitionerRolesSKSadministrativ.html#medcom-core-PractitionerRolesSKSadministrativ-speciallaegeipraksis">speciallaegeipraksis</a></td><td style="color: #cccccc">Speciallæge i praksis</td></tr><tr><td><a href="CodeSystem-medcom-core-PractitionerRolesSKSadministrativ.html#medcom-core-PractitionerRolesSKSadministrativ-cheflaege">cheflaege</a></td><td style="color: #cccccc">Cheflæge</td></tr><tr><td><a href="CodeSystem-medcom-core-PractitionerRolesSKSadministrativ.html#medcom-core-PractitionerRolesSKSadministrativ-overlaege">overlaege</a></td><td style="color: #cccccc">Overlæge</td></tr><tr><td><a href="CodeSystem-medcom-core-PractitionerRolesSKSadministrativ.html#medcom-core-PractitionerRolesSKSadministrativ-afdelingslaege">afdelingslaege</a></td><td style="color: #cccccc">Afdelingslæge</td></tr><tr><td><a href="CodeSystem-medcom-core-PractitionerRolesSKSadministrativ.html#medcom-core-PractitionerRolesSKSadministrativ-sygehuslaege">sygehuslaege</a></td><td style="color: #cccccc">Sygehuslæge</td></tr><tr><td><a href="CodeSystem-medcom-core-PractitionerRolesSKSadministrativ.html#medcom-core-PractitionerRolesSKSadministrativ-sygeplejerske">sygeplejerske</a></td><td style="color: #cccccc">Sygeplejerske</td></tr><tr><td><a href="CodeSystem-medcom-core-PractitionerRolesSKSadministrativ.html#medcom-core-PractitionerRolesSKSadministrativ-sundhedsplejerske">sundhedsplejerske</a></td><td style="color: #cccccc">Sundhedsplejerske</td></tr><tr><td><a href="CodeSystem-medcom-core-PractitionerRolesSKSadministrativ.html#medcom-core-PractitionerRolesSKSadministrativ-socialogsundhedsassistent">socialogsundhedsassistent</a></td><td style="color: #cccccc">Social- og sundhedsassistent</td></tr><tr><td><a href="CodeSystem-medcom-core-PractitionerRolesSKSadministrativ.html#medcom-core-PractitionerRolesSKSadministrativ-socialogsundhedsmedhjaelper">socialogsundhedsmedhjaelper</a></td><td style="color: #cccccc">Social- og sundhedsmedhjælper</td></tr><tr><td><a href="CodeSystem-medcom-core-PractitionerRolesSKSadministrativ.html#medcom-core-PractitionerRolesSKSadministrativ-socialogsundhedsmehjaelper">socialogsundhedsmehjaelper</a></td><td style="color: #cccccc">Social- og sundhedsmedhjælper</td></tr><tr><td><a href="CodeSystem-medcom-core-PractitionerRolesSKSadministrativ.html#medcom-core-PractitionerRolesSKSadministrativ-sygehjaelper">sygehjaelper</a></td><td style="color: #cccccc">Sygehjælper</td></tr><tr><td><a href="CodeSystem-medcom-core-PractitionerRolesSKSadministrativ.html#medcom-core-PractitionerRolesSKSadministrativ-plejer">plejer</a></td><td style="color: #cccccc">Plejer</td></tr><tr><td><a href="CodeSystem-medcom-core-PractitionerRolesSKSadministrativ.html#medcom-core-PractitionerRolesSKSadministrativ-plejehjemsassistent">plejehjemsassistent</a></td><td style="color: #cccccc">Plejehjemsassistent</td></tr><tr><td><a href="CodeSystem-medcom-core-PractitionerRolesSKSadministrativ.html#medcom-core-PractitionerRolesSKSadministrativ-tandlaege">tandlaege</a></td><td style="color: #cccccc">Tandlæge</td></tr><tr><td><a href="CodeSystem-medcom-core-PractitionerRolesSKSadministrativ.html#medcom-core-PractitionerRolesSKSadministrativ-klinisktandtekniker">klinisktandtekniker</a></td><td style="color: #cccccc">Klinisk tandtekniker</td></tr><tr><td><a href="CodeSystem-medcom-core-PractitionerRolesSKSadministrativ.html#medcom-core-PractitionerRolesSKSadministrativ-tandplejer">tandplejer</a></td><td style="color: #cccccc">Tandplejer</td></tr><tr><td><a href="CodeSystem-medcom-core-PractitionerRolesSKSadministrativ.html#medcom-core-PractitionerRolesSKSadministrativ-farmaceut">farmaceut</a></td><td style="color: #cccccc">Farmaceut</td></tr><tr><td><a href="CodeSystem-medcom-core-PractitionerRolesSKSadministrativ.html#medcom-core-PractitionerRolesSKSadministrativ-apoteker">apoteker</a></td><td style="color: #cccccc">Apoteker</td></tr><tr><td><a href="CodeSystem-medcom-core-PractitionerRolesSKSadministrativ.html#medcom-core-PractitionerRolesSKSadministrativ-psykolog">psykolog</a></td><td style="color: #cccccc">Psykolog</td></tr><tr><td><a href="CodeSystem-medcom-core-PractitionerRolesSKSadministrativ.html#medcom-core-PractitionerRolesSKSadministrativ-pyskolog">pyskolog</a></td><td style="color: #cccccc">Psykolog</td></tr><tr><td><a href="CodeSystem-medcom-core-PractitionerRolesSKSadministrativ.html#medcom-core-PractitionerRolesSKSadministrativ-jordemoder">jordemoder</a></td><td style="color: #cccccc">Jordemoder</td></tr><tr><td><a href="CodeSystem-medcom-core-PractitionerRolesSKSadministrativ.html#medcom-core-PractitionerRolesSKSadministrativ-fysioterapeut">fysioterapeut</a></td><td style="color: #cccccc">Fysioterapeut</td></tr><tr><td><a href="CodeSystem-medcom-core-PractitionerRolesSKSadministrativ.html#medcom-core-PractitionerRolesSKSadministrativ-ergoterapeut">ergoterapeut</a></td><td style="color: #cccccc">Ergoterapeut</td></tr><tr><td><a href="CodeSystem-medcom-core-PractitionerRolesSKSadministrativ.html#medcom-core-PractitionerRolesSKSadministrativ-bioanalytiker">bioanalytiker</a></td><td style="color: #cccccc">Bioanalytiker</td></tr><tr><td><a href="CodeSystem-medcom-core-PractitionerRolesSKSadministrativ.html#medcom-core-PractitionerRolesSKSadministrativ-radiograf">radiograf</a></td><td style="color: #cccccc">Radiograf</td></tr><tr><td><a href="CodeSystem-medcom-core-PractitionerRolesSKSadministrativ.html#medcom-core-PractitionerRolesSKSadministrativ-diaetist">diaetist</a></td><td style="color: #cccccc">Diætist</td></tr><tr><td><a href="CodeSystem-medcom-core-PractitionerRolesSKSadministrativ.html#medcom-core-PractitionerRolesSKSadministrativ-diaetistassistent">diaetistassistent</a></td><td style="color: #cccccc">Diætistassistent</td></tr><tr><td><a href="CodeSystem-medcom-core-PractitionerRolesSKSadministrativ.html#medcom-core-PractitionerRolesSKSadministrativ-audilogiassistent">audilogiassistent</a></td><td style="color: #cccccc">Audilogiassistent</td></tr><tr><td><a href="CodeSystem-medcom-core-PractitionerRolesSKSadministrativ.html#medcom-core-PractitionerRolesSKSadministrativ-neurofysiologassistent">neurofysiologassistent</a></td><td style="color: #cccccc">Neurofysiologassistent</td></tr><tr><td><a href="CodeSystem-medcom-core-PractitionerRolesSKSadministrativ.html#medcom-core-PractitionerRolesSKSadministrativ-kiropraktor">kiropraktor</a></td><td style="color: #cccccc">Kiropraktor</td></tr><tr><td><a href="CodeSystem-medcom-core-PractitionerRolesSKSadministrativ.html#medcom-core-PractitionerRolesSKSadministrativ-zoneterapeut">zoneterapeut</a></td><td style="color: #cccccc">Zoneterapeut</td></tr><tr><td><a href="CodeSystem-medcom-core-PractitionerRolesSKSadministrativ.html#medcom-core-PractitionerRolesSKSadministrativ-psykoterapeut">psykoterapeut</a></td><td style="color: #cccccc">Psykoterapeut</td></tr><tr><td><a href="CodeSystem-medcom-core-PractitionerRolesSKSadministrativ.html#medcom-core-PractitionerRolesSKSadministrativ-audiologopaed">audiologopaed</a></td><td style="color: #cccccc">Audiologopæd</td></tr><tr><td><a href="CodeSystem-medcom-core-PractitionerRolesSKSadministrativ.html#medcom-core-PractitionerRolesSKSadministrativ-laegesekretaer">laegesekretaer</a></td><td style="color: #cccccc">Lægesekretær</td></tr><tr><td><a href="CodeSystem-medcom-core-PractitionerRolesSKSadministrativ.html#medcom-core-PractitionerRolesSKSadministrativ-ledendelaegesekretaer">ledendelaegesekretaer</a></td><td style="color: #cccccc">Ledende lægesekretær</td></tr><tr><td><a href="CodeSystem-medcom-core-PractitionerRolesSKSadministrativ.html#medcom-core-PractitionerRolesSKSadministrativ-sygeplejesekretaer">sygeplejesekretaer</a></td><td style="color: #cccccc">Sygeplejesekretær</td></tr><tr><td><a href="CodeSystem-medcom-core-PractitionerRolesSKSadministrativ.html#medcom-core-PractitionerRolesSKSadministrativ-sygeplejesekretear">sygeplejesekretear</a></td><td style="color: #cccccc">Sygeplejesekretær</td></tr><tr><td><a href="CodeSystem-medcom-core-PractitionerRolesSKSadministrativ.html#medcom-core-PractitionerRolesSKSadministrativ-fodterapeut">fodterapeut</a></td><td style="color: #cccccc">Fodterapeut</td></tr><tr><td><a href="CodeSystem-medcom-core-PractitionerRolesSKSadministrativ.html#medcom-core-PractitionerRolesSKSadministrativ-socialraadgiver">socialraadgiver</a></td><td style="color: #cccccc">Socialrådgiver</td></tr><tr><td><a href="CodeSystem-medcom-core-PractitionerRolesSKSadministrativ.html#medcom-core-PractitionerRolesSKSadministrativ-ledendesocialraadgiver">ledendesocialraadgiver</a></td><td style="color: #cccccc">Ledende socialrådgiver</td></tr><tr><td><a href="CodeSystem-medcom-core-PractitionerRolesSKSadministrativ.html#medcom-core-PractitionerRolesSKSadministrativ-laerer">laerer</a></td><td style="color: #cccccc">Lærer</td></tr><tr><td><a href="CodeSystem-medcom-core-PractitionerRolesSKSadministrativ.html#medcom-core-PractitionerRolesSKSadministrativ-paedagog">paedagog</a></td><td style="color: #cccccc">Pædagog</td></tr><tr><td><a href="CodeSystem-medcom-core-PractitionerRolesSKSadministrativ.html#medcom-core-PractitionerRolesSKSadministrativ-beskaeftigelsesvejleder">beskaeftigelsesvejleder</a></td><td style="color: #cccccc">Beskæftigelsesvejleder</td></tr><tr><td><a href="CodeSystem-medcom-core-PractitionerRolesSKSadministrativ.html#medcom-core-PractitionerRolesSKSadministrativ-bandagist">bandagist</a></td><td style="color: #cccccc">Bandagist</td></tr><tr><td><a href="CodeSystem-medcom-core-PractitionerRolesSKSadministrativ.html#medcom-core-PractitionerRolesSKSadministrativ-skomager">skomager</a></td><td style="color: #cccccc">Skomager</td></tr><tr><td><a href="CodeSystem-medcom-core-PractitionerRolesSKSadministrativ.html#medcom-core-PractitionerRolesSKSadministrativ-optiker">optiker</a></td><td style="color: #cccccc">Optiker</td></tr></table></li><li>Include these codes as defined in <a href="http://terminology.hl7.org/6.5.0/CodeSystem-v3-NullFlavor.html"><code>http://terminology.hl7.org/CodeSystem/v3-NullFlavor</code></a><table class="none"><tr><td style="white-space:nowrap"><b>Code</b></td><td><b>Display</b></td><td><b>Definition</b></td></tr><tr><td><a href="http://terminology.hl7.org/6.5.0/CodeSystem-v3-NullFlavor.html#v3-NullFlavor-NAVU">NAVU</a></td><td style="color: #cccccc">Not available</td><td>Information is not available at this time (with no expectation regarding whether it will or will not be available in the future).</td></tr></table></li></ul></div></text><url value="http://medcomfhir.dk/ig/terminology/ValueSet/medcom-core-PractitionerRoles"/><version value="2.0.0"/><name value="MedComCorePractitionerRoles"/><title value="MedComCorePractitionerRoles"/><status value="active"/><experimental value="false"/><date value="2025-09-22"/><publisher value="MedCom"/><contact><name value="MedCom"/><telecom><system value="url"/><value value="http://www.medcom.dk"/></telecom></contact><description value="ValueSet containing codes for practionerroles (Danish: Stillingsbetegnelser) from MedCom."/><jurisdiction><coding><system value="urn:iso:std:iso:3166"/><code value="DK"/><display value="Denmark"/></coding></jurisdiction><compose><include><system value="http://medcomfhir.dk/ig/terminology/CodeSystem/medcom-core-PractitionerRolesAutorisationsregistret"/><concept><code value="ambulancebehandler"/></concept><concept><code value="laege"/></concept><concept><code value="osteopat"/></concept></include><include><system value="http://medcomfhir.dk/ig/terminology/CodeSystem/medcom-core-PractitionerRolesSKSadministrativ"/><concept><code value="speciallaege"/></concept><concept><code value="speciallaegeipraksis"/></concept><concept><code value="cheflaege"/></concept><concept><code value="overlaege"/></concept><concept><code value="afdelingslaege"/></concept><concept><code value="sygehuslaege"/></concept><concept><code value="sygeplejerske"/></concept><concept><code value="sundhedsplejerske"/></concept><concept><code value="socialogsundhedsassistent"/></concept><concept><code value="socialogsundhedsmedhjaelper"/></concept><concept><code value="socialogsundhedsmehjaelper"/></concept><concept><code value="sygehjaelper"/></concept><concept><code value="plejer"/></concept><concept><code value="plejehjemsassistent"/></concept><concept><code value="tandlaege"/></concept><concept><code value="klinisktandtekniker"/></concept><concept><code value="tandplejer"/></concept><concept><code value="farmaceut"/></concept><concept><code value="apoteker"/></concept><concept><code value="psykolog"/></concept><concept><code value="pyskolog"/></concept><concept><code value="jordemoder"/></concept><concept><code value="fysioterapeut"/></concept><concept><code value="ergoterapeut"/></concept><concept><code value="bioanalytiker"/></concept><concept><code value="radiograf"/></concept><concept><code value="diaetist"/></concept><concept><code value="diaetistassistent"/></concept><concept><code value="audilogiassistent"/></concept><concept><code value="neurofysiologassistent"/></concept><concept><code value="kiropraktor"/></concept><concept><code value="zoneterapeut"/></concept><concept><code value="psykoterapeut"/></concept><concept><code value="audiologopaed"/></concept><concept><code value="laegesekretaer"/></concept><concept><code value="ledendelaegesekretaer"/></concept><concept><code value="sygeplejesekretaer"/></concept><concept><code value="sygeplejesekretear"/></concept><concept><code value="fodterapeut"/></concept><concept><code value="socialraadgiver"/></concept><concept><code value="ledendesocialraadgiver"/></concept><concept><code value="laerer"/></concept><concept><code value="paedagog"/></concept><concept><code value="beskaeftigelsesvejleder"/></concept><concept><code value="bandagist"/></concept><concept><code value="skomager"/></concept><concept><code value="optiker"/></concept></include><include><system value="http://terminology.hl7.org/CodeSystem/v3-NullFlavor"/><concept><code value="NAVU"/></concept></include></compose></ValueSet>