<?xml version="1.0" encoding="UTF-8"?><ValueSet xmlns="http://hl7.org/fhir"><id value="medcom-observation-valueset"/><text><status value="generated"/><div xmlns="http://www.w3.org/1999/xhtml"><p class="res-header-id"><b>Generated Narrative: ValueSet medcom-observation-valueset</b></p><a name="medcom-observation-valueset"> </a><a name="hcmedcom-observation-valueset"> </a><ul><li>Include all codes defined in <a href="CodeSystem-medcom-observation-codes.html"><code>http://medcomfhir.dk/ig/terminology/CodeSystem/medcom-observation-codes</code></a></li></ul></div></text><url value="http://medcomfhir.dk/ig/terminology/ValueSet/medcom-observation-valueset"/><version value="1.8.2"/><name value="MedComObservationValueSet"/><title value="MedComObservationValueSet"/><status value="active"/><date value="2025-11-18"/><publisher value="MedCom"/><contact><name value="MedCom"/><telecom><system value="url"/><value value="http://www.medcom.dk"/></telecom></contact><description value="Valuesets for Observation defined by MedCom"/><jurisdiction><coding><system value="urn:iso:std:iso:3166"/><code value="DK"/><display value="Denmark"/></coding></jurisdiction><compose><include><system value="http://medcomfhir.dk/ig/terminology/CodeSystem/medcom-observation-codes"/></include></compose></ValueSet>