<?xml version="1.0" encoding="UTF-8"?>

<Bundle xmlns="http://hl7.org/fhir">
  <id value="260f76f2-d986-4ba1-8049-2369b1b164ce"/>
  <meta>
    <profile value="http://medcomfhir.dk/ig/carecommunication/StructureDefinition/medcom-careCommunication-message"/>
  </meta>
  <type value="message"/>
  <timestamp value="2024-08-27T15:20:00+01:00"/>
  <entry>
    <fullUrl value="https://medcomfhir.dk/ig/carecommunication/MessageHeader/6550cb10-06e1-44fa-a66d-72f3f60c7c55"/>
    <resource>
      <MessageHeader>
        <id value="6550cb10-06e1-44fa-a66d-72f3f60c7c55"/>
        <meta>
          <profile value="http://medcomfhir.dk/ig/carecommunication/StructureDefinition/medcom-careCommunication-messageHeader"/>
        </meta>
        <text>
          <status value="generated"/><div xmlns="http://www.w3.org/1999/xhtml"><a name="MessageHeader_6550cb10-06e1-44fa-a66d-72f3f60c7c55"> </a><p class="res-header-id"><b>Generated Narrative: MessageHeader 6550cb10-06e1-44fa-a66d-72f3f60c7c55</b></p><a name="6550cb10-06e1-44fa-a66d-72f3f60c7c55"> </a><a name="hc6550cb10-06e1-44fa-a66d-72f3f60c7c55"> </a><a name="6550cb10-06e1-44fa-a66d-72f3f60c7c55-da-DK"> </a><p><b>event</b>: <a href="http://medcomfhir.dk/ig/terminology/1.7.0/CodeSystem-medcom-messaging-eventCodes.html#medcom-messaging-eventCodes-care-communication-message">MedComMessagingEventCodes care-communication-message</a>: Care Communication Message</p><h3>Destinations</h3><table class="grid"><tr><td style="display: none">-</td><td><b>Extension</b></td><td><b>Endpoint</b></td><td><b>Receiver</b></td></tr><tr><td style="display: none">*</td><td/><td><a href="https://sor2.sum.dsdn.dk/#id=441211000016000">https://sor2.sum.dsdn.dk/#id=441211000016000</a></td><td><a href="Organization-fe92c210-7725-4749-8045-37ed53878f26.html">Organization Klinik for Ældresygdomme, AUH, Skejby</a></td></tr></table><p><b>sender</b>: <a href="Organization-74fb6fce-089e-444d-bca3-7d2673c6901f.html">Organization Lægeklinik Ølgod</a></p><h3>Sources</h3><table class="grid"><tr><td style="display: none">-</td><td><b>Endpoint</b></td></tr><tr><td style="display: none">*</td><td><a href="https://sor2.sum.dsdn.dk/#id=1339531000016004">https://sor2.sum.dsdn.dk/#id=1339531000016004</a></td></tr></table><p><b>focus</b>: <a href="Communication-bc0c3901-87d3-4d90-ba32-9b02cc631de8.html">Communication: identifier = urn:uuid:f3eb2617-5388-4210-ad77-fc1da77f9108; status = unknown; category = Examination Results</a></p><p><b>definition</b>: <code>http://medcomfhir.dk/ig/carecommunication/medcom-careCommunication-message-definition|4.0.0</code></p></div>
        </text>
        <eventCoding>
          <system value="http://medcomfhir.dk/ig/terminology/CodeSystem/medcom-messaging-eventCodes"/>
          <code value="care-communication-message"/>
        </eventCoding>
        <destination>
          <extension url="http://medcomfhir.dk/ig/messaging/StructureDefinition/medcom-messaging-destinationUseExtension">
            <valueCoding>
              <system value="http://medcomfhir.dk/ig/terminology/CodeSystem/medcom-messaging-destinationUse"/>
              <code value="primary"/>
            </valueCoding>
          </extension>
          <endpoint value="https://sor2.sum.dsdn.dk/#id=441211000016000"/>
          <receiver>
            <reference value="Organization/fe92c210-7725-4749-8045-37ed53878f26"/>
          </receiver>
        </destination>
        <sender>
          <reference value="Organization/74fb6fce-089e-444d-bca3-7d2673c6901f"/>
        </sender>
        <source>
          <endpoint value="https://sor2.sum.dsdn.dk/#id=1339531000016004"/>
        </source>
        <focus>
          <reference value="Communication/bc0c3901-87d3-4d90-ba32-9b02cc631de8"/>
        </focus>
        <definition value="http://medcomfhir.dk/ig/carecommunication/medcom-careCommunication-message-definition|4.0.0"/>
      </MessageHeader>
    </resource>
  </entry>
  <entry>
    <fullUrl value="https://medcomfhir.dk/ig/carecommunication/Patient/aa6fad12-1876-4c7d-a955-06b78f85eb52"/>
    <resource>
      <Patient>
        <id value="aa6fad12-1876-4c7d-a955-06b78f85eb52"/>
        <meta>
          <profile value="http://medcomfhir.dk/ig/core/StructureDefinition/medcom-core-patient"/>
        </meta>
        <text>
          <status value="generated"/><div xmlns="http://www.w3.org/1999/xhtml"><a name="Patient_aa6fad12-1876-4c7d-a955-06b78f85eb52"> </a><p class="res-header-id"><b>Generated Narrative: Patient aa6fad12-1876-4c7d-a955-06b78f85eb52</b></p><a name="aa6fad12-1876-4c7d-a955-06b78f85eb52"> </a><a name="hcaa6fad12-1876-4c7d-a955-06b78f85eb52"> </a><a name="aa6fad12-1876-4c7d-a955-06b78f85eb52-da-DK"> </a><p style="border: 1px #661aff solid; background-color: #e6e6ff; padding: 10px;">Bruno Test Elmer (official) (no stated gender), DoB Unknown ( urn:oid:1.2.208.176.1.2#2509479989)</p><hr/><table class="grid"><tr><td style="background-color: #f3f5da" title="Ways to contact the Patient">Contact Detail</td><td colspan="3"><ul><li>ph: 47899878(Mobile)</li><li>Testpark Allé 48 Hillerød 3400 </li></ul></td></tr></table></div>
        </text>
        <identifier>
          <system value="urn:oid:1.2.208.176.1.2"/>
          <value value="2509479989"/>
        </identifier>
        <name>
          <use value="official"/>
          <family value="Elmer"/>
          <given value="Bruno"/>
          <given value="Test"/>
        </name>
        <telecom>
          <system value="phone"/>
          <value value="47899878"/>
          <use value="mobile"/>
        </telecom>
        <address>
          <line value="Testpark Allé 48"/>
          <city value="Hillerød"/>
          <postalCode value="3400"/>
        </address>
      </Patient>
    </resource>
  </entry>
  <entry>
    <fullUrl value="https://medcomfhir.dk/ig/carecommunication/Communication/bc0c3901-87d3-4d90-ba32-9b02cc631de8"/>
    <resource>
      <Communication>
        <id value="bc0c3901-87d3-4d90-ba32-9b02cc631de8"/>
        <meta>
          <profile value="http://medcomfhir.dk/ig/carecommunication/StructureDefinition/medcom-careCommunication-communication"/>
        </meta>
        <text>
          <status value="extensions"/><div xmlns="http://www.w3.org/1999/xhtml"><a name="Communication_bc0c3901-87d3-4d90-ba32-9b02cc631de8"> </a><p class="res-header-id"><b>Generated Narrative: Communication bc0c3901-87d3-4d90-ba32-9b02cc631de8</b></p><a name="bc0c3901-87d3-4d90-ba32-9b02cc631de8"> </a><a name="hcbc0c3901-87d3-4d90-ba32-9b02cc631de8"> </a><a name="bc0c3901-87d3-4d90-ba32-9b02cc631de8-da-DK"> </a><p><b>identifier</b>: urn:uuid:f3eb2617-5388-4210-ad77-fc1da77f9108</p><p><b>status</b>: Unknown</p><p><b>category</b>: <span title="Codes:{http://medcomfhir.dk/ig/terminology/CodeSystem/medcom-careCommunication-categoryCodes examination-results}">Examination Results</span></p><p><b>subject</b>: <a href="Patient-aa6fad12-1876-4c7d-a955-06b78f85eb52.html">Bruno Test Elmer (official) (no stated gender), DoB Unknown ( urn:oid:1.2.208.176.1.2#2509479989)</a></p><blockquote><p><b>payload</b></p><p><b>DateTimeExtension</b>: 2024-08-27 15:20:00+0100</p><p><b>IdentifierExtension</b>: ?ngen-9?</p><p><b>PractitionerExtension</b>: <a href="PractitionerRole-fb1abc8a-3238-4292-97dc-327291bf8573.html">PractitionerRole Lægesekretær</a></p><p><b>ContactExtension</b>: <a href="tel:+4512345789">+4512345789</a></p><p><b>content</b>: Jeg håber denne besked er korrekt, hvis ikke, send da en negativ kvittering, tak. Vi ønsker information om de seneste undersøgelser udført på Bruno. På forhånd tak. Hilsen Michael</p></blockquote></div>
        </text>
        <identifier>
          <value value="urn:uuid:f3eb2617-5388-4210-ad77-fc1da77f9108"/>
        </identifier>
        <status value="unknown"/>
        <category>
          <coding>
            <system value="http://medcomfhir.dk/ig/terminology/CodeSystem/medcom-careCommunication-categoryCodes"/>
            <code value="examination-results"/>
          </coding>
        </category>
        <subject>
          <reference value="Patient/aa6fad12-1876-4c7d-a955-06b78f85eb52"/>
        </subject>
        <payload>
          <extension url="http://medcomfhir.dk/ig/core/StructureDefinition/medcom-core-datetime-extension">
            <valueDateTime value="2024-08-27T15:20:00+01:00"/>
          </extension>
          <extension url="http://medcomfhir.dk/ig/core/StructureDefinition/medcom-core-identifier-extension">
            <valueIdentifier>
              <assigner>
                <reference value="Organization/fe92c210-7725-4749-8045-37ed53878f26"/>
              </assigner>
            </valueIdentifier>
          </extension>
          <extension url="http://medcomfhir.dk/ig/core/StructureDefinition/medcom-core-practitioner-extension">
            <valueReference>
              <reference value="PractitionerRole/fb1abc8a-3238-4292-97dc-327291bf8573"/>
            </valueReference>
          </extension>
          <extension url="http://medcomfhir.dk/ig/core/StructureDefinition/medcom-core-contact-extension">
            <valueContactPoint>
              <system value="phone"/>
              <value value="+4512345789"/>
            </valueContactPoint>
          </extension>
          <contentString value="Jeg håber denne besked er korrekt, hvis ikke, send da en negativ kvittering, tak. Vi ønsker information om de seneste undersøgelser udført på Bruno. På forhånd tak. Hilsen Michael"/>
        </payload>
      </Communication>
    </resource>
  </entry>
  <entry>
    <fullUrl value="https://medcomfhir.dk/ig/carecommunication/PractitionerRole/fb1abc8a-3238-4292-97dc-327291bf8573"/>
    <resource>
      <PractitionerRole>
        <id value="fb1abc8a-3238-4292-97dc-327291bf8573"/>
        <meta>
          <profile value="http://medcomfhir.dk/ig/core/StructureDefinition/medcom-core-practitionerrole"/>
        </meta>
        <text>
          <status value="generated"/><div xmlns="http://www.w3.org/1999/xhtml"><a name="PractitionerRole_fb1abc8a-3238-4292-97dc-327291bf8573"> </a><p class="res-header-id"><b>Generated Narrative: PractitionerRole fb1abc8a-3238-4292-97dc-327291bf8573</b></p><a name="fb1abc8a-3238-4292-97dc-327291bf8573"> </a><a name="hcfb1abc8a-3238-4292-97dc-327291bf8573"> </a><a name="fb1abc8a-3238-4292-97dc-327291bf8573-da-DK"> </a><p><b>practitioner</b>: <a href="Practitioner-3835f51b-869e-4b52-b76d-ab2f906bdbe9.html">Practitioner Michael Burns </a></p><p><b>code</b>: <span title="Codes:{http://medcomfhir.dk/ig/terminology/CodeSystem/medcom-core-PractitionerRolesSKSadministrativ laegesekretaer}">Lægesekretær</span></p></div>
        </text>
        <practitioner>
          <reference value="Practitioner/3835f51b-869e-4b52-b76d-ab2f906bdbe9"/>
        </practitioner>
        <code>
          <coding>
            <system value="http://medcomfhir.dk/ig/terminology/CodeSystem/medcom-core-PractitionerRolesSKSadministrativ"/>
            <code value="laegesekretaer"/>
          </coding>
        </code>
      </PractitionerRole>
    </resource>
  </entry>
  <entry>
    <fullUrl value="https://medcomfhir.dk/ig/carecommunication/Practitioner/3835f51b-869e-4b52-b76d-ab2f906bdbe9"/>
    <resource>
      <Practitioner>
        <id value="3835f51b-869e-4b52-b76d-ab2f906bdbe9"/>
        <meta>
          <profile value="http://medcomfhir.dk/ig/core/StructureDefinition/medcom-core-practitioner"/>
        </meta>
        <text>
          <status value="generated"/><div xmlns="http://www.w3.org/1999/xhtml"><a name="Practitioner_3835f51b-869e-4b52-b76d-ab2f906bdbe9"> </a><p class="res-header-id"><b>Generated Narrative: Practitioner 3835f51b-869e-4b52-b76d-ab2f906bdbe9</b></p><a name="3835f51b-869e-4b52-b76d-ab2f906bdbe9"> </a><a name="hc3835f51b-869e-4b52-b76d-ab2f906bdbe9"> </a><a name="3835f51b-869e-4b52-b76d-ab2f906bdbe9-da-DK"> </a><p><b>name</b>: Michael Burns </p></div>
        </text>
        <name>
          <family value="Burns"/>
          <given value="Michael"/>
        </name>
      </Practitioner>
    </resource>
  </entry>
  <entry>
    <fullUrl value="https://medcomfhir.dk/ig/carecommunication/Organization/fe92c210-7725-4749-8045-37ed53878f26"/>
    <resource>
      <Organization>
        <id value="fe92c210-7725-4749-8045-37ed53878f26"/>
        <meta>
          <profile value="http://medcomfhir.dk/ig/messaging/StructureDefinition/medcom-messaging-organization"/>
        </meta>
        <text>
          <status value="generated"/><div xmlns="http://www.w3.org/1999/xhtml"><a name="Organization_fe92c210-7725-4749-8045-37ed53878f26"> </a><p class="res-header-id"><b>Generated Narrative: Organization fe92c210-7725-4749-8045-37ed53878f26</b></p><a name="fe92c210-7725-4749-8045-37ed53878f26"> </a><a name="hcfe92c210-7725-4749-8045-37ed53878f26"> </a><a name="fe92c210-7725-4749-8045-37ed53878f26-da-DK"> </a><p><b>identifier</b>: <code>https://www.gs1.org/gln</code>/5790001987244, <code>urn:oid:1.2.208.176.1.1</code>/441211000016000</p><p><b>name</b>: Klinik for Ældresygdomme, AUH, Skejby</p></div>
        </text>
        <identifier>
          <system value="https://www.gs1.org/gln"/>
          <value value="5790001987244"/>
        </identifier>
        <identifier>
          <system value="urn:oid:1.2.208.176.1.1"/>
          <value value="441211000016000"/>
        </identifier>
        <name value="Klinik for Ældresygdomme, AUH, Skejby"/>
      </Organization>
    </resource>
  </entry>
  <entry>
    <fullUrl value="https://medcomfhir.dk/ig/carecommunication/Organization/74fb6fce-089e-444d-bca3-7d2673c6901f"/>
    <resource>
      <Organization>
        <id value="74fb6fce-089e-444d-bca3-7d2673c6901f"/>
        <meta>
          <profile value="http://medcomfhir.dk/ig/messaging/StructureDefinition/medcom-messaging-organization"/>
        </meta>
        <text>
          <status value="generated"/><div xmlns="http://www.w3.org/1999/xhtml"><a name="Organization_74fb6fce-089e-444d-bca3-7d2673c6901f"> </a><p class="res-header-id"><b>Generated Narrative: Organization 74fb6fce-089e-444d-bca3-7d2673c6901f</b></p><a name="74fb6fce-089e-444d-bca3-7d2673c6901f"> </a><a name="hc74fb6fce-089e-444d-bca3-7d2673c6901f"> </a><a name="74fb6fce-089e-444d-bca3-7d2673c6901f-da-DK"> </a><p><b>identifier</b>: <code>https://www.gs1.org/gln</code>/5790002626814, <code>urn:oid:1.2.208.176.1.1</code>/1339531000016004</p><p><b>name</b>: Lægeklinik Ølgod</p></div>
        </text>
        <identifier>
          <system value="https://www.gs1.org/gln"/>
          <value value="5790002626814"/>
        </identifier>
        <identifier>
          <system value="urn:oid:1.2.208.176.1.1"/>
          <value value="1339531000016004"/>
        </identifier>
        <name value="Lægeklinik Ølgod"/>
      </Organization>
    </resource>
  </entry>
  <entry>
    <fullUrl value="https://medcomfhir.dk/ig/carecommunication/Provenance/ac6c0a2a-5586-411b-b54d-d2ae20b101ef"/>
    <resource>
      <Provenance>
        <id value="ac6c0a2a-5586-411b-b54d-d2ae20b101ef"/>
        <meta>
          <profile value="http://medcomfhir.dk/ig/carecommunication/StructureDefinition/medcom-careCommunication-provenance"/>
        </meta>
        <text>
          <status value="generated"/><div xmlns="http://www.w3.org/1999/xhtml"><a name="Provenance_ac6c0a2a-5586-411b-b54d-d2ae20b101ef"> </a><p class="res-header-id"><b>Generated Narrative: Provenance ac6c0a2a-5586-411b-b54d-d2ae20b101ef</b></p><a name="ac6c0a2a-5586-411b-b54d-d2ae20b101ef"> </a><a name="hcac6c0a2a-5586-411b-b54d-d2ae20b101ef"> </a><a name="ac6c0a2a-5586-411b-b54d-d2ae20b101ef-da-DK"> </a><p>Provenance for <a href="MessageHeader-6550cb10-06e1-44fa-a66d-72f3f60c7c55.html">MessageHeader: event[x] = Care Communication Message (MedComMessagingEventCodes#care-communication-message); definition = http://medcomfhir.dk/ig/carecommunication/medcom-careCommunication-message-definition|4.0.0</a></p><p>Summary</p><table class="grid"><tr><td>Occurrence</td><td>2024-08-27 15:20:00+0100</td></tr><tr><td>Recorded</td><td>2024-08-27 15:20:00+0100</td></tr><tr><td>Activity</td><td><span title="Codes:{http://medcomfhir.dk/ig/terminology/CodeSystem/medcom-messaging-activityCodes new-message}">A new message has been sent</span></td></tr></table><p><b>Agents</b></p><table class="grid"><tr><td><b>who</b></td></tr><tr><td><a href="Organization-fe92c210-7725-4749-8045-37ed53878f26.html">Organization Klinik for Ældresygdomme, AUH, Skejby</a></td></tr></table></div>
        </text>
        <target>
          <reference value="MessageHeader/6550cb10-06e1-44fa-a66d-72f3f60c7c55"/>
        </target>
        <occurredDateTime value="2024-08-27T15:20:00+01:00"/>
        <recorded value="2024-08-27T15:20:00+01:00"/>
        <activity>
          <coding>
            <system value="http://medcomfhir.dk/ig/terminology/CodeSystem/medcom-messaging-activityCodes"/>
            <code value="new-message"/>
          </coding>
        </activity>
        <agent>
          <who>
            <reference value="Organization/fe92c210-7725-4749-8045-37ed53878f26"/>
          </who>
        </agent>
        <entity>
          <role value="source"/>
          <what>
            <identifier>
              <value value="urn:uuid:69badd84-ec6d-475f-bedf-d6671b11865d"/>
            </identifier>
          </what>
        </entity>
      </Provenance>
    </resource>
  </entry>
</Bundle>