{
  "resourceType" : "ValueSet",
  "id" : "medcom-core-PractitionerRoles",
  "text" : {
    "status" : "extensions",
    "div" : "<div xmlns=\"http://www.w3.org/1999/xhtml\"><p>This value set includes codes based on the following rules:</p><ul><li>Include these codes as defined in <a href=\"CodeSystem-medcom-core-PractitionerRolesAutorisationsregistret.html\"><code>http://medcomfhir.dk/ig/terminology/CodeSystem/medcom-core-PractitionerRolesAutorisationsregistret</code></a><table class=\"none\"><tr><td style=\"white-space:nowrap\"><b>Code</b></td><td><b>Display</b></td></tr><tr><td><a href=\"CodeSystem-medcom-core-PractitionerRolesAutorisationsregistret.html#medcom-core-PractitionerRolesAutorisationsregistret-ambulancebehandler\">ambulancebehandler</a></td><td style=\"color: #cccccc\">Ambulancebehandler</td></tr><tr><td><a href=\"CodeSystem-medcom-core-PractitionerRolesAutorisationsregistret.html#medcom-core-PractitionerRolesAutorisationsregistret-laege\">laege</a></td><td style=\"color: #cccccc\">Læge</td></tr><tr><td><a href=\"CodeSystem-medcom-core-PractitionerRolesAutorisationsregistret.html#medcom-core-PractitionerRolesAutorisationsregistret-osteopat\">osteopat</a></td><td style=\"color: #cccccc\">Osteopat</td></tr></table></li><li>Include these codes as defined in <a href=\"CodeSystem-medcom-core-PractitionerRolesSKSadministrativ.html\"><code>http://medcomfhir.dk/ig/terminology/CodeSystem/medcom-core-PractitionerRolesSKSadministrativ</code></a><table class=\"none\"><tr><td style=\"white-space:nowrap\"><b>Code</b></td><td><b>Display</b></td></tr><tr><td><a href=\"CodeSystem-medcom-core-PractitionerRolesSKSadministrativ.html#medcom-core-PractitionerRolesSKSadministrativ-speciallaege\">speciallaege</a></td><td style=\"color: #cccccc\">Speciallæge</td></tr><tr><td><a href=\"CodeSystem-medcom-core-PractitionerRolesSKSadministrativ.html#medcom-core-PractitionerRolesSKSadministrativ-speciallaegeipraksis\">speciallaegeipraksis</a></td><td style=\"color: #cccccc\">Speciallæge i praksis</td></tr><tr><td><a href=\"CodeSystem-medcom-core-PractitionerRolesSKSadministrativ.html#medcom-core-PractitionerRolesSKSadministrativ-cheflaege\">cheflaege</a></td><td style=\"color: #cccccc\">Cheflæge</td></tr><tr><td><a href=\"CodeSystem-medcom-core-PractitionerRolesSKSadministrativ.html#medcom-core-PractitionerRolesSKSadministrativ-overlaege\">overlaege</a></td><td style=\"color: #cccccc\">Overlæge</td></tr><tr><td><a href=\"CodeSystem-medcom-core-PractitionerRolesSKSadministrativ.html#medcom-core-PractitionerRolesSKSadministrativ-afdelingslaege\">afdelingslaege</a></td><td style=\"color: #cccccc\">Afdelingslæge</td></tr><tr><td><a href=\"CodeSystem-medcom-core-PractitionerRolesSKSadministrativ.html#medcom-core-PractitionerRolesSKSadministrativ-sygehuslaege\">sygehuslaege</a></td><td style=\"color: #cccccc\">Sygehuslæge</td></tr><tr><td><a href=\"CodeSystem-medcom-core-PractitionerRolesSKSadministrativ.html#medcom-core-PractitionerRolesSKSadministrativ-sygeplejerske\">sygeplejerske</a></td><td style=\"color: #cccccc\">Sygeplejerske</td></tr><tr><td><a href=\"CodeSystem-medcom-core-PractitionerRolesSKSadministrativ.html#medcom-core-PractitionerRolesSKSadministrativ-sundhedsplejerske\">sundhedsplejerske</a></td><td style=\"color: #cccccc\">Sundhedsplejerske</td></tr><tr><td><a href=\"CodeSystem-medcom-core-PractitionerRolesSKSadministrativ.html#medcom-core-PractitionerRolesSKSadministrativ-socialogsundhedsassistent\">socialogsundhedsassistent</a></td><td style=\"color: #cccccc\">Social- og sundhedsassistent</td></tr><tr><td><a href=\"CodeSystem-medcom-core-PractitionerRolesSKSadministrativ.html#medcom-core-PractitionerRolesSKSadministrativ-socialogsundhedsmehjaelper\">socialogsundhedsmehjaelper</a></td><td style=\"color: #cccccc\">Social- og sundhedsmedhjælper</td></tr><tr><td><a href=\"CodeSystem-medcom-core-PractitionerRolesSKSadministrativ.html#medcom-core-PractitionerRolesSKSadministrativ-sygehjaelper\">sygehjaelper</a></td><td style=\"color: #cccccc\">Sygehjælper</td></tr><tr><td><a href=\"CodeSystem-medcom-core-PractitionerRolesSKSadministrativ.html#medcom-core-PractitionerRolesSKSadministrativ-plejer\">plejer</a></td><td style=\"color: #cccccc\">Plejer</td></tr><tr><td><a href=\"CodeSystem-medcom-core-PractitionerRolesSKSadministrativ.html#medcom-core-PractitionerRolesSKSadministrativ-plejehjemsassistent\">plejehjemsassistent</a></td><td style=\"color: #cccccc\">Plejehjemsassistent</td></tr><tr><td><a href=\"CodeSystem-medcom-core-PractitionerRolesSKSadministrativ.html#medcom-core-PractitionerRolesSKSadministrativ-tandlaege\">tandlaege</a></td><td style=\"color: #cccccc\">Tandlæge</td></tr><tr><td><a href=\"CodeSystem-medcom-core-PractitionerRolesSKSadministrativ.html#medcom-core-PractitionerRolesSKSadministrativ-klinisktandtekniker\">klinisktandtekniker</a></td><td style=\"color: #cccccc\">Klinisk tandtekniker</td></tr><tr><td><a href=\"CodeSystem-medcom-core-PractitionerRolesSKSadministrativ.html#medcom-core-PractitionerRolesSKSadministrativ-tandplejer\">tandplejer</a></td><td style=\"color: #cccccc\">Tandplejer</td></tr><tr><td><a href=\"CodeSystem-medcom-core-PractitionerRolesSKSadministrativ.html#medcom-core-PractitionerRolesSKSadministrativ-farmaceut\">farmaceut</a></td><td style=\"color: #cccccc\">Farmaceut</td></tr><tr><td><a href=\"CodeSystem-medcom-core-PractitionerRolesSKSadministrativ.html#medcom-core-PractitionerRolesSKSadministrativ-apoteker\">apoteker</a></td><td style=\"color: #cccccc\">Apoteker</td></tr><tr><td><a href=\"CodeSystem-medcom-core-PractitionerRolesSKSadministrativ.html#medcom-core-PractitionerRolesSKSadministrativ-pyskolog\">pyskolog</a></td><td style=\"color: #cccccc\">Psykolog</td></tr><tr><td><a href=\"CodeSystem-medcom-core-PractitionerRolesSKSadministrativ.html#medcom-core-PractitionerRolesSKSadministrativ-jordemoder\">jordemoder</a></td><td style=\"color: #cccccc\">Jordemoder</td></tr><tr><td><a href=\"CodeSystem-medcom-core-PractitionerRolesSKSadministrativ.html#medcom-core-PractitionerRolesSKSadministrativ-fysioterapeut\">fysioterapeut</a></td><td style=\"color: #cccccc\">Fysioterapeut</td></tr><tr><td><a href=\"CodeSystem-medcom-core-PractitionerRolesSKSadministrativ.html#medcom-core-PractitionerRolesSKSadministrativ-ergoterapeut\">ergoterapeut</a></td><td style=\"color: #cccccc\">Ergoterapeut</td></tr><tr><td><a href=\"CodeSystem-medcom-core-PractitionerRolesSKSadministrativ.html#medcom-core-PractitionerRolesSKSadministrativ-bioanalytiker\">bioanalytiker</a></td><td style=\"color: #cccccc\">Bioanalytiker</td></tr><tr><td><a href=\"CodeSystem-medcom-core-PractitionerRolesSKSadministrativ.html#medcom-core-PractitionerRolesSKSadministrativ-radiograf\">radiograf</a></td><td style=\"color: #cccccc\">Radiograf</td></tr><tr><td><a href=\"CodeSystem-medcom-core-PractitionerRolesSKSadministrativ.html#medcom-core-PractitionerRolesSKSadministrativ-diaetist\">diaetist</a></td><td style=\"color: #cccccc\">Diætist</td></tr><tr><td><a href=\"CodeSystem-medcom-core-PractitionerRolesSKSadministrativ.html#medcom-core-PractitionerRolesSKSadministrativ-diaetistassistent\">diaetistassistent</a></td><td style=\"color: #cccccc\">Diætistassistent</td></tr><tr><td><a href=\"CodeSystem-medcom-core-PractitionerRolesSKSadministrativ.html#medcom-core-PractitionerRolesSKSadministrativ-audilogiassistent\">audilogiassistent</a></td><td style=\"color: #cccccc\">Audilogiassistent</td></tr><tr><td><a href=\"CodeSystem-medcom-core-PractitionerRolesSKSadministrativ.html#medcom-core-PractitionerRolesSKSadministrativ-neurofysiologassistent\">neurofysiologassistent</a></td><td style=\"color: #cccccc\">Neurofysiologassistent</td></tr><tr><td><a href=\"CodeSystem-medcom-core-PractitionerRolesSKSadministrativ.html#medcom-core-PractitionerRolesSKSadministrativ-kiropraktor\">kiropraktor</a></td><td style=\"color: #cccccc\">Kiropraktor</td></tr><tr><td><a href=\"CodeSystem-medcom-core-PractitionerRolesSKSadministrativ.html#medcom-core-PractitionerRolesSKSadministrativ-zoneterapeut\">zoneterapeut</a></td><td style=\"color: #cccccc\">Zoneterapeut</td></tr><tr><td><a href=\"CodeSystem-medcom-core-PractitionerRolesSKSadministrativ.html#medcom-core-PractitionerRolesSKSadministrativ-psykoterapeut\">psykoterapeut</a></td><td style=\"color: #cccccc\">Psykoterapeut</td></tr><tr><td><a href=\"CodeSystem-medcom-core-PractitionerRolesSKSadministrativ.html#medcom-core-PractitionerRolesSKSadministrativ-audiologopaed\">audiologopaed</a></td><td style=\"color: #cccccc\">Audiologopæd</td></tr><tr><td><a href=\"CodeSystem-medcom-core-PractitionerRolesSKSadministrativ.html#medcom-core-PractitionerRolesSKSadministrativ-laegesekretaer\">laegesekretaer</a></td><td style=\"color: #cccccc\">Lægesekretær</td></tr><tr><td><a href=\"CodeSystem-medcom-core-PractitionerRolesSKSadministrativ.html#medcom-core-PractitionerRolesSKSadministrativ-ledendelaegesekretaer\">ledendelaegesekretaer</a></td><td style=\"color: #cccccc\">Ledende lægesekretær</td></tr><tr><td><a href=\"CodeSystem-medcom-core-PractitionerRolesSKSadministrativ.html#medcom-core-PractitionerRolesSKSadministrativ-sygeplejesekretear\">sygeplejesekretear</a></td><td style=\"color: #cccccc\">Sygeplejesekretær</td></tr><tr><td><a href=\"CodeSystem-medcom-core-PractitionerRolesSKSadministrativ.html#medcom-core-PractitionerRolesSKSadministrativ-fodterapeut\">fodterapeut</a></td><td style=\"color: #cccccc\">Fodterapeut</td></tr><tr><td><a href=\"CodeSystem-medcom-core-PractitionerRolesSKSadministrativ.html#medcom-core-PractitionerRolesSKSadministrativ-socialraadgiver\">socialraadgiver</a></td><td style=\"color: #cccccc\">Socialrådgiver</td></tr><tr><td><a href=\"CodeSystem-medcom-core-PractitionerRolesSKSadministrativ.html#medcom-core-PractitionerRolesSKSadministrativ-ledendesocialraadgiver\">ledendesocialraadgiver</a></td><td style=\"color: #cccccc\">Ledende socialrådgiver</td></tr><tr><td><a href=\"CodeSystem-medcom-core-PractitionerRolesSKSadministrativ.html#medcom-core-PractitionerRolesSKSadministrativ-laerer\">laerer</a></td><td style=\"color: #cccccc\">Lærer</td></tr><tr><td><a href=\"CodeSystem-medcom-core-PractitionerRolesSKSadministrativ.html#medcom-core-PractitionerRolesSKSadministrativ-paedagog\">paedagog</a></td><td style=\"color: #cccccc\">Pædagog</td></tr><tr><td><a href=\"CodeSystem-medcom-core-PractitionerRolesSKSadministrativ.html#medcom-core-PractitionerRolesSKSadministrativ-beskaeftigelsesvejleder\">beskaeftigelsesvejleder</a></td><td style=\"color: #cccccc\">Beskæftigelsesvejleder</td></tr><tr><td><a href=\"CodeSystem-medcom-core-PractitionerRolesSKSadministrativ.html#medcom-core-PractitionerRolesSKSadministrativ-bandagist\">bandagist</a></td><td style=\"color: #cccccc\">Bandagist</td></tr><tr><td><a href=\"CodeSystem-medcom-core-PractitionerRolesSKSadministrativ.html#medcom-core-PractitionerRolesSKSadministrativ-skomager\">skomager</a></td><td style=\"color: #cccccc\">Skomager</td></tr><tr><td><a href=\"CodeSystem-medcom-core-PractitionerRolesSKSadministrativ.html#medcom-core-PractitionerRolesSKSadministrativ-optiker\">optiker</a></td><td style=\"color: #cccccc\">Optiker</td></tr></table></li><li>Include these codes as defined in <a href=\"http://terminology.hl7.org/5.5.0/CodeSystem-v3-NullFlavor.html\"><code>http://terminology.hl7.org/CodeSystem/v3-NullFlavor</code></a><table class=\"none\"><tr><td style=\"white-space:nowrap\"><b>Code</b></td><td><b>Display</b></td><td><b>Definition</b></td></tr><tr><td><a href=\"http://terminology.hl7.org/5.5.0/CodeSystem-v3-NullFlavor.html#v3-NullFlavor-NAVU\">NAVU</a></td><td style=\"color: #cccccc\">Not available</td><td>Information is not available at this time (with no expectation regarding whether it will or will not be available in the future).</td></tr></table></li></ul></div>"
  },
  "url" : "http://medcomfhir.dk/ig/terminology/ValueSet/medcom-core-PractitionerRoles",
  "version" : "1.7.0",
  "name" : "MedComCorePractitionerRoles",
  "title" : "MedComCorePractitionerRoles",
  "status" : "active",
  "experimental" : false,
  "date" : "2023-10-31",
  "publisher" : "MedCom",
  "contact" : [{
    "name" : "MedCom",
    "telecom" : [{
      "system" : "url",
      "value" : "http://www.medcom.dk"
    }]
  }],
  "description" : "ValueSet containing codes for practionerroles (Danish: Stillingsbetegnelser) from MedCom",
  "jurisdiction" : [{
    "coding" : [{
      "system" : "urn:iso:std:iso:3166",
      "code" : "DK",
      "display" : "Denmark"
    }]
  }],
  "compose" : {
    "include" : [{
      "system" : "http://medcomfhir.dk/ig/terminology/CodeSystem/medcom-core-PractitionerRolesAutorisationsregistret",
      "concept" : [{
        "code" : "ambulancebehandler"
      },
      {
        "code" : "laege"
      },
      {
        "code" : "osteopat"
      }]
    },
    {
      "system" : "http://medcomfhir.dk/ig/terminology/CodeSystem/medcom-core-PractitionerRolesSKSadministrativ",
      "concept" : [{
        "code" : "speciallaege"
      },
      {
        "code" : "speciallaegeipraksis"
      },
      {
        "code" : "cheflaege"
      },
      {
        "code" : "overlaege"
      },
      {
        "code" : "afdelingslaege"
      },
      {
        "code" : "sygehuslaege"
      },
      {
        "code" : "sygeplejerske"
      },
      {
        "code" : "sundhedsplejerske"
      },
      {
        "code" : "socialogsundhedsassistent"
      },
      {
        "code" : "socialogsundhedsmehjaelper"
      },
      {
        "code" : "sygehjaelper"
      },
      {
        "code" : "plejer"
      },
      {
        "code" : "plejehjemsassistent"
      },
      {
        "code" : "tandlaege"
      },
      {
        "code" : "klinisktandtekniker"
      },
      {
        "code" : "tandplejer"
      },
      {
        "code" : "farmaceut"
      },
      {
        "code" : "apoteker"
      },
      {
        "code" : "pyskolog"
      },
      {
        "code" : "jordemoder"
      },
      {
        "code" : "fysioterapeut"
      },
      {
        "code" : "ergoterapeut"
      },
      {
        "code" : "bioanalytiker"
      },
      {
        "code" : "radiograf"
      },
      {
        "code" : "diaetist"
      },
      {
        "code" : "diaetistassistent"
      },
      {
        "code" : "audilogiassistent"
      },
      {
        "code" : "neurofysiologassistent"
      },
      {
        "code" : "kiropraktor"
      },
      {
        "code" : "zoneterapeut"
      },
      {
        "code" : "psykoterapeut"
      },
      {
        "code" : "audiologopaed"
      },
      {
        "code" : "laegesekretaer"
      },
      {
        "code" : "ledendelaegesekretaer"
      },
      {
        "code" : "sygeplejesekretear"
      },
      {
        "code" : "fodterapeut"
      },
      {
        "code" : "socialraadgiver"
      },
      {
        "code" : "ledendesocialraadgiver"
      },
      {
        "code" : "laerer"
      },
      {
        "code" : "paedagog"
      },
      {
        "code" : "beskaeftigelsesvejleder"
      },
      {
        "code" : "bandagist"
      },
      {
        "code" : "skomager"
      },
      {
        "code" : "optiker"
      }]
    },
    {
      "system" : "http://terminology.hl7.org/CodeSystem/v3-NullFlavor",
      "concept" : [{
        "code" : "NAVU"
      }]
    }]
  }
}