{
  "package": "medcom.fhir.dk.messagedefinitions",
  "version": "1.0.1-trial-use",
  "fhirVersion": "4.0.1",
  "jurisdiction": "DK",
  "extensions": [],
  "profiles": {
    "MessageDefinition": [
      {
        "url": "http://medcomfhir.dk/ig/messagedefinitions/StructureDefinition/medcom-acknowledgement-message-definition",
        "title": "MedComAcknowledgementMessageDefinition"
      },
      {
        "url": "http://medcomfhir.dk/ig/messagedefinitions/StructureDefinition/medcom-careCommunication-message-definition",
        "title": "MedComCareCommunicationMessageDefinition"
      },
      {
        "url": "http://medcomfhir.dk/ig/messagedefinitions/StructureDefinition/medcom-homecareobservation-message-definition",
        "title": "MedComHomeCareObservationMessageDefinition"
      },
      {
        "url": "http://medcomfhir.dk/ig/messagedefinitions/StructureDefinition/medcom-messaging-messagedefinition",
        "title": "MedComMessagingMessageDefinition"
      },
      {
        "url": "http://medcomfhir.dk/ig/messagedefinitions/StructureDefinition/medcom-messaging-messagedefinition-fhir",
        "title": "MedComMessagingMessageDefinitionFhir"
      }
    ]
  },
  "usage": {
    "http://hl7.org/fhir/StructureDefinition/elementdefinition-bestpractice": [
      "StructureDefinition.snapshot.element.constraint"
    ],
    "http://hl7.org/fhir/StructureDefinition/elementdefinition-bestpractice-explanation": [
      "StructureDefinition.snapshot.element.constraint"
    ],
    "http://hl7.org/fhir/StructureDefinition/elementdefinition-bindingName": [
      "StructureDefinition.snapshot.element.binding"
    ],
    "http://hl7.org/fhir/StructureDefinition/elementdefinition-maxValueSet": [
      "StructureDefinition.snapshot.element.binding"
    ],
    "http://hl7.org/fhir/StructureDefinition/elementdefinition-translatable": [
      "StructureDefinition.snapshot.element"
    ],
    "http://hl7.org/fhir/StructureDefinition/regex": [
      "StructureDefinition.snapshot.element.type"
    ],
    "http://hl7.org/fhir/StructureDefinition/structuredefinition-fhir-type": [
      "StructureDefinition.snapshot.element.type"
    ],
    "http://hl7.org/fhir/tools/StructureDefinition/ig-internal-dependency": [
      "ImplementationGuide.definition"
    ],
    "http://hl7.org/fhir/tools/StructureDefinition/ig-page-name": [
      "ImplementationGuide.definition.page",
      "ImplementationGuide.definition.page.page"
    ],
    "http://hl7.org/fhir/tools/StructureDefinition/ig-parameter": [
      "ImplementationGuide.definition"
    ],
    "http://hl7.org/fhir/tools/StructureDefinition/implementationguide-dependency-comment": [
      "ImplementationGuide.dependsOn"
    ],
    "http://hl7.org/fhir/tools/StructureDefinition/resource-information": [
      "ImplementationGuide.definition.resource"
    ],
    "http://hl7.org/fhir/tools/StructureDefinition/snapshot-base-version": [
      "StructureDefinition.snapshot"
    ]
  }
}