{
  "resourceType": "Communication",
  "id": "fe2eb07e-690f-11ed-9022-0242ac120002",
  "meta": {
    "profile": [
      "http://medcomfhir.dk/ig/carecommunication/StructureDefinition/medcom-careCommunication-communication"
    ]
  },
  "text": {
    "status": "generated",
    "div": "<div xmlns=\"http://www.w3.org/1999/xhtml\"><p><b>Generated Narrative: Communication</b><a name=\"fe2eb07e-690f-11ed-9022-0242ac120002\"> </a></p><div style=\"display: inline-block; background-color: #d9e0e7; padding: 6px; margin: 4px; border: 1px solid #8da1b4; border-radius: 5px; line-height: 60%\"><p style=\"margin-bottom: 0px\">Resource Communication &quot;fe2eb07e-690f-11ed-9022-0242ac120002&quot; </p><p style=\"margin-bottom: 0px\">Profile: <a href=\"StructureDefinition-medcom-careCommunication-communication.html\">MedComCareCommunication</a></p></div><p><b>status</b>: unknown</p><p><b>category</b>: Care Coordination <span style=\"background: LightGoldenRodYellow; margin: 4px; border: 1px solid khaki\"> (<a href=\"http://medcomfhir.dk/ig/terminology/1.1.0/CodeSystem-medcom-careCommunication-categoryCodes.html\">MedComCareCommunicationCategories</a>#carecoordination)</span></p><p><b>subject</b>: <a href=\"Patient-1f697de4-551c-11ed-bdc3-0242ac120002.html\">Patient/1f697de4-551c-11ed-bdc3-0242ac120002</a> &quot; ELMER&quot;</p><h3>Payloads</h3><table class=\"grid\"><tr><td>-</td><td><b>Extension</b></td><td><b>Content[x]</b></td></tr><tr><td>*</td><td>, , </td><td>Regarding the rehabilitation plan, please notice that...</td></tr></table></div>"
  },
  "status": "unknown",
  "category": [
    {
      "coding": [
        {
          "system": "http://medcomfhir.dk/ig/terminology/CodeSystem/medcom-careCommunication-categoryCodes",
          "code": "carecoordination"
        }
      ]
    }
  ],
  "subject": {
    "reference": "Patient/1f697de4-551c-11ed-bdc3-0242ac120002"
  },
  "payload": [
    {
      "extension": [
        {
          "url": "http://medcomfhir.dk/ig/carecommunication/StructureDefinition/medcom-carecommunication-datetime-extension",
          "valueDateTime": "2022-10-01T12:00:05Z"
        },
        {
          "url": "http://medcomfhir.dk/ig/carecommunication/StructureDefinition/medcom-carecommunication-author-extension",
          "valueReference": {
            "reference": "PractitionerRole/39d3af60-551c-11ed-bdc3-0242ac120002"
          }
        },
        {
          "url": "http://medcomfhir.dk/ig/carecommunication/StructureDefinition/medcom-carecommunication-author-contact-extension",
          "valueContactPoint": {
            "system": "phone",
            "value": "38683868"
          }
        }
      ],
      "contentString": "Regarding the rehabilitation plan, please notice that..."
    }
  ]
}