{
  "resourceType": "PractitionerRole",
  "id": "7cae09e0-5501-11ed-bdc3-0242ac120002",
  "meta": {
    "profile": [
      "http://medcomfhir.dk/ig/core/StructureDefinition/medcom-core-practitionerrole"
    ]
  },
  "text": {
    "status": "generated",
    "div": "<div xmlns=\"http://www.w3.org/1999/xhtml\"><p><b>Generated Narrative: PractitionerRole</b><a name=\"7cae09e0-5501-11ed-bdc3-0242ac120002\"> </a></p><div style=\"display: inline-block; background-color: #d9e0e7; padding: 6px; margin: 4px; border: 1px solid #8da1b4; border-radius: 5px; line-height: 60%\"><p style=\"margin-bottom: 0px\">Resource PractitionerRole &quot;7cae09e0-5501-11ed-bdc3-0242ac120002&quot; </p><p style=\"margin-bottom: 0px\">Profile: <a href=\"http://medcomfhir.dk/ig/core/2.1.0/StructureDefinition-medcom-core-practitionerrole.html\">MedComCorePractitionerRole</a></p></div><p><b>practitioner</b>: <a href=\"Practitioner-ad055a3d-16b6-41f9-891a-7dd73eecaf03.html\">Practitioner/ad055a3d-16b6-41f9-891a-7dd73eecaf03</a> &quot; WATERS&quot;</p><p><b>code</b>: Sygeplejerske <span style=\"background: LightGoldenRodYellow; margin: 4px; border: 1px solid khaki\"> (<a href=\"http://medcomfhir.dk/ig/terminology/1.1.0/CodeSystem-medcom-core-PractitionerRolesSKSadministrativ.html\">MedComCorePractitionerRolesSKSadministrativ</a>#sygeplejerske)</span></p></div>"
  },
  "practitioner": {
    "reference": "Practitioner/ad055a3d-16b6-41f9-891a-7dd73eecaf03"
  },
  "code": [
    {
      "coding": [
        {
          "system": "http://medcomfhir.dk/ig/terminology/CodeSystem/medcom-core-PractitionerRolesSKSadministrativ",
          "code": "sygeplejerske"
        }
      ]
    }
  ]
}