{
  "resourceType" : "Encounter",
  "id" : "303b2782-e2bf-4780-a8a5-c4b02b0e1c66",
  "meta" : {
    "profile" : ["http://medcomfhir.dk/ig/core/StructureDefinition/medcom-core-encounter"]
  },
  "text" : {
    "status" : "generated",
    "div" : "<div xmlns=\"http://www.w3.org/1999/xhtml\"><p class=\"res-header-id\"><b>Generated Narrative: Encounter 303b2782-e2bf-4780-a8a5-c4b02b0e1c66</b></p><a name=\"303b2782-e2bf-4780-a8a5-c4b02b0e1c66\"> </a><a name=\"hc303b2782-e2bf-4780-a8a5-c4b02b0e1c66\"> </a><div style=\"display: inline-block; background-color: #d9e0e7; padding: 6px; margin: 4px; border: 1px solid #8da1b4; border-radius: 5px; line-height: 60%\"><p style=\"margin-bottom: 0px\"/><p style=\"margin-bottom: 0px\">Profile: <a href=\"http://medcomfhir.dk/ig/core/3.0.0/StructureDefinition-medcom-core-encounter.html\">MedComCoreEncounter</a></p></div><p><b>status</b>: In Progress</p><p><b>class</b>: <a href=\"http://terminology.hl7.org/6.5.0/CodeSystem-v3-ActCode.html#v3-ActCode-IMP\">ActCode IMP</a>: inpatient encounter</p><p><b>subject</b>: <a href=\"Patient-23ebfcd8-e4f2-4ce8-908b-aa7cfb9ffef5.html\">Elmer (official) (no stated gender), DoB Unknown ( urn:oid:1.2.208.176.1.2#2509479989)</a></p><p><b>episodeOfCare</b>: Identifier: <code>https://sor2.sum.dsdn.dk/#id=265161000016000</code>/fc60e762-b13b-5773-865e-67f3907bdcc7</p></div>"
  },
  "status" : "in-progress",
  "class" : {
    "system" : "http://terminology.hl7.org/CodeSystem/v3-ActCode",
    "code" : "IMP"
  },
  "subject" : {
    "reference" : "Patient/23ebfcd8-e4f2-4ce8-908b-aa7cfb9ffef5"
  },
  "episodeOfCare" : [{
    "identifier" : {
      "system" : "https://sor2.sum.dsdn.dk/#id=265161000016000",
      "value" : "fc60e762-b13b-5773-865e-67f3907bdcc7"
    }
  }]
}