<?xml version="1.0" encoding="UTF-8"?><TestScript xmlns="http://hl7.org/fhir"><id value="carecommunication-send-new-attachment-gif"/><meta><profile value="http://touchstone.aegis.net/touchstone/fhir/testing/StructureDefinition/testscript"/></meta><url value="http://medcomfhir.dk/ig/carecommunicationtestscript/carecommunication-send-new-attachment-gif"/><version value="4.0.1"/><name value="CareCommunicationTestScript"/><title value="Send CareCommunication with a gif as an attached file. Receiver is expected to be 'Sundhedsplejen, Aabenraa kommune' with SOR-id: 330461000016004."/><status value="active"/><date value="2024-07-15"/><contact><name value="MedCom"/><telecom><system value="email"/><value value="mailto:fhir@medcom.dk"/></telecom></contact><description value="Send CareCommunication with a gif as an attached file. Receiver is expected to be 'Sundhedsplejen, Aabenraa kommune' with SOR-id: 330461000016004."/><copyright value="MedCom 2023"/><origin><index value="1"/><profile><system value="http://terminology.hl7.org/CodeSystem/testscript-profile-origin-types"/><code value="FHIR-Client"/></profile></origin><destination><index value="1"/><profile><system value="http://terminology.hl7.org/CodeSystem/testscript-profile-destination-types"/><code value="FHIR-Server"/></profile></destination><fixture id="create-new-message-01"><autocreate value="false"/><autodelete value="false"/><resource><reference value="/Fixtures/CareCommunication-fixture.xml"/></resource></fixture><profile id="carecommunication"><reference value="http://medcomfhir.dk/ig/carecommunication/StructureDefinition/medcom-careCommunication-message"/></profile><variable><name value="messageHeaderid-new-message-01"/><expression value="Bundle.entry[0].resource.id"/><sourceId value="create-message-new-message-01"/></variable><variable><name value="searchParamIdentifier-new-message"/><expression value="Bundle.entry.resource.ofType(MessageHeader).id"/><sourceId value="create-message-new-message"/></variable><test id="carecommunication-create-new-message-01"><name value="Create a CareCommunication new-message Message 01"/><description value="Post CareCommunication to the server."/><action><operation><type><system value="http://terminology.hl7.org/CodeSystem/testscript-operation-codes"/><code value="create"/></type><resource value="Bundle"/><description value="Post a carecommunication"/><destination value="1"/><encodeRequestUrl value="true"/><origin value="1"/><requestId value="create-message-new-message-01"/><sourceId value="create-new-message-01"/></operation></action><action><assert><description value="Validates the bundle against http://medcomfhir.dk/ig/carecommunication/ImplementationGuide/dk.fhir.ig.dk-medcom-carecommunication"/><direction value="request"/><validateProfileId value="carecommunication"/><warningOnly value="false"/></assert></action><action><assert><description value="Confirm that the returned HTTP status is okay or created."/><direction value="response"/><operator value="in"/><responseCode value="200,201"/><warningOnly value="false"/></assert></action><action><assert><description value="Confirm that the client request payload contains a Bundle resource type."/><direction value="request"/><resource value="Bundle"/><warningOnly value="false"/></assert></action><action><assert><description value="Confirm that the request resource contains the expected eventCoding.code."/><direction value="request"/><expression value="Bundle.entry.resource.ofType(MessageHeader).event.as(Coding).select(code = 'care-communication-message').allTrue()"/><warningOnly value="false"/></assert></action><action><assert><description value="Confirm that the request resource contains the expected activity code."/><direction value="request"/><expression value="Bundle.entry.resource.ofType(Provenance).where(activity.coding.code = 'new-message').exists()"/><warningOnly value="false"/></assert></action><action><assert><description value="Confirm that the target reference in Provenance equals MessageHeader.id"/><direction value="request"/><expression value="Bundle.entry.resource.ofType(Provenance).where(target.reference.contains(%resource.entry[0].resource.id)).exists()"/><warningOnly value="false"/></assert></action><action><assert><description value="Confirm that the Communication.identifier is a UUID v4."/><direction value="request"/><expression value="Bundle.entry.resource.ofType(Communication).identifier.value.matches('urn:uuid:[0-9a-f]{8}-[0-9a-f]{4}-[0-9a-f]{4}-[0-9a-f]{4}-[0-9a-f]{12}')"/><warningOnly value="false"/></assert></action><action><assert><description value="Confirm that an attachment of the type 'image/gif' is included"/><direction value="request"/><expression value="Bundle.entry.resource.ofType(Communication).payload.content.where(contentType = 'image/gif').data.exists()"/><warningOnly value="false"/></assert></action><action><assert><description value="Confirm that the receiver EAN-number is 5790001353308"/><direction value="request"/><expression value="Bundle.entry.resource.ofType(MessageHeader).destination.receiver.reference.resolve().identifier.where(system = 'https://www.gs1.org/gln').value = '5790001353308'"/><warningOnly value="false"/></assert></action><action><assert><description value="Confirm that the receiver SOR-id is 330461000016004"/><direction value="request"/><expression value="Bundle.entry.resource.ofType(MessageHeader).destination.receiver.reference.resolve().identifier.where(system = 'urn:oid:1.2.208.176.1.1').value = '330461000016004'"/><warningOnly value="false"/></assert></action></test></TestScript>