<?xml version="1.0" encoding="UTF-8"?><ValueSet xmlns="http://hl7.org/fhir"><id value="MedCom-ihe-core-classcode-VS-TEMP"/><text><status value="generated"/><div xmlns="http://www.w3.org/1999/xhtml"><p class="res-header-id"><b>Generated Narrative: ValueSet MedCom-ihe-core-classcode-VS-TEMP</b></p><a name="MedCom-ihe-core-classcode-VS-TEMP"> </a><a name="hcMedCom-ihe-core-classcode-VS-TEMP"> </a><ul><li>Include these codes as defined in <a href="CodeSystem-MedCom-ihe-classcode-CS-TEMP.html"><code>http://medcomfhir.dk/ig/document/CodeSystem/MedCom-ihe-classcode-CS-TEMP</code></a><table class="none"><tr><td style="white-space:nowrap"><b>Code</b></td><td><b>Display</b></td></tr><tr><td><a href="CodeSystem-MedCom-ihe-classcode-CS-TEMP.html#MedCom-ihe-classcode-CS-TEMP-001">001</a></td><td style="color: #cccccc">Klinisk rapport</td></tr></table></li></ul></div></text><url value="http://medcomfhir.dk/ig/document/ValueSet/MedCom-ihe-core-classcode-VS-TEMP"/><version value="2.0.0"/><name value="MedComIHE_CoreClassCode_TEMP"/><title value="IHE ClassCode_TEMP"/><status value="active"/><experimental value="false"/><date value="2022-01-26"/><publisher value="MedCom"/><contact><name value="MedCom"/><telecom><system value="url"/><value value="http://www.medcom.dk"/></telecom><telecom><system value="email"/><value value="fhir@medcom.dk"/></telecom></contact><description value="_TEMP Value set for the classCode attribute. classCode used in DK IHE Document sharing"/><jurisdiction><coding><system value="urn:iso:std:iso:3166"/><code value="DK"/><display value="Denmark"/></coding></jurisdiction><compose><include><system value="http://medcomfhir.dk/ig/document/CodeSystem/MedCom-ihe-classcode-CS-TEMP"/><concept><code value="001"/></concept></include></compose></ValueSet>