<?xml version="1.0" encoding="UTF-8"?><ValueSet xmlns="http://hl7.org/fhir"><id value="MedCom-ihe-core-formatcode-VS-TEMP"/><text><status value="generated"/><div xmlns="http://www.w3.org/1999/xhtml"><p class="res-header-id"><b>Generated Narrative: ValueSet MedCom-ihe-core-formatcode-VS-TEMP</b></p><a name="MedCom-ihe-core-formatcode-VS-TEMP"> </a><a name="hcMedCom-ihe-core-formatcode-VS-TEMP"> </a><ul><li>Include all codes defined in <a href="CodeSystem-MedCom-ihe-formatcode-CS-TEMP.html"><code>http://medcomfhir.dk/ig/document/CodeSystem/MedCom-ihe-formatcode-CS-TEMP</code></a></li></ul></div></text><url value="http://medcomfhir.dk/ig/document/ValueSet/MedCom-ihe-core-formatcode-VS-TEMP"/><version value="2.0.0"/><name value="MedComIHE_CoreFormatCode_VS_TEMP"/><title value="IHE FormatCode_TEMP"/><status value="active"/><experimental value="false"/><date value="2026-01-01"/><publisher value="MedCom"/><contact><name value="MedCom"/><telecom><system value="url"/><value value="http://www.medcom.dk"/></telecom><telecom><system value="email"/><value value="fhir@medcom.dk"/></telecom></contact><description value="_TEMP ValueSet containing FormatCodes defines by MedCom."/><jurisdiction><coding><system value="urn:iso:std:iso:3166"/><code value="DK"/><display value="Denmark"/></coding></jurisdiction><compose><include><system value="http://medcomfhir.dk/ig/document/CodeSystem/MedCom-ihe-formatcode-CS-TEMP"/></include></compose></ValueSet>