URL,Version,Status,OIDs,Name,Title,Descriptino,Uses,Used,Sources
http://medcomfhir.dk/ig/terminology/ValueSet/MedComDiagnosticReportCodesValueset,1.6.0,draft,,MedComDiagnosticReportCodesValueset,MedComDiagnosticReportCodesValueset,"ValueSet with codes that represents the name of the diagnostic report.",,"Internal"
http://medcomfhir.dk/ig/terminology/ValueSet/MedComObservationValueSet,1.6.0,draft,,MedComObservationValueSet,MedCom Observation ValueSet,"Valuesets for Observation defined by MedCom",,"Other"
http://medcomfhir.dk/ig/terminology/ValueSet/NPUObservationCodesValueSet,1.6.0,active,"1.2.208.176.2.1",NPUObservationCodesValueSet,NPUObservationCodesValueSet,"ValuseSet with NPU observations Codes",,"Other"
http://medcomfhir.dk/ig/terminology/ValueSet/medcm-producentID-valueset,1.6.0,draft,,MedComProducentIDValueSet,MedComProducentIDValueSet,"ProducentID",,"Internal"
http://medcomfhir.dk/ig/terminology/ValueSet/medcom-HomeCareObservation-messagingActivities,1.6.0,draft,,MedComHomeCareObservationMessageActivities,MedComHomeCareObservationMessageActivityCodes,"ValueSet containg activity codes for HomeCareObservation messages",,"Internal"
http://medcomfhir.dk/ig/terminology/ValueSet/medcom-acknowledgement-issue-details,1.6.0,active,,MedComAcknowledgementIssueDetailValues,MedComAcknowledgementIssueDetailValues,"ValueSet including detailed issues describtions.",,"Internal,THO"
http://medcomfhir.dk/ig/terminology/ValueSet/medcom-careCommunication-categories,1.6.0,active,,MedComCareCommunicationCategories,MedComCareCommunicationCategoryCodes,"ValueSet containing category codes for care communication messages",,"Internal"
http://medcomfhir.dk/ig/terminology/ValueSet/medcom-careCommunication-messagingActivities,1.6.0,active,,MedComCareCommunicationMessageActivities,MedComCareCommunicationMessageActivityCodes,"ValueSet containg activity codes for care communication messages",,"Internal"
http://medcomfhir.dk/ig/terminology/ValueSet/medcom-careCommunication-requestPriority,1.6.0,active,,MedComCareCommunicationRequestPriority,MedComCareCommunicationRequestPriorityCodes,"ValueSet containg priority codes for care communication messages",,"hl7.fhir.r4.core"
http://medcomfhir.dk/ig/terminology/ValueSet/medcom-core-PractitionerRoles,1.6.0,active,,MedComCorePractitionerRoles,MedComCorePractitionerRoles,"ValueSet containing codes for practionerroles (Danish: Stillingsbetegnelser) from MedCom",,"THO (V3),Internal"
http://medcomfhir.dk/ig/terminology/ValueSet/medcom-core-attachmentMimeTypes,1.6.0,active,,MedComCoreAttachmentMimeTypes,MedComCoreAttachmentMimeTypes,"ValueSet containing allowed mime types for MedCom messages",,"Other"
http://medcomfhir.dk/ig/terminology/ValueSet/medcom-core-ecpr-values,1.6.0,active,,MedComCoreECPRValues,MedComCoreECPRValues,"ValueSet containing systems used to represent the origin of a Danish replacement person identifier (eCPR).",,"Internal"
http://medcomfhir.dk/ig/terminology/ValueSet/medcom-core-encounter-class,1.6.0,active,,MedComCoreEncounterClass,MedComCoreEncounterClassCodes,"ValueSet containing classification codes for MedComCoreEncounter.",,"THO (V3),Internal"
http://medcomfhir.dk/ig/terminology/ValueSet/medcom-core-interpreation-valueset,1.6.0,active,,MedComCoreInterpretationCodesValueset,MedComCoreInterpretationValueset,"Valueset with code for interpretation of an observation",,"THO (V3),Internal"
http://medcomfhir.dk/ig/terminology/ValueSet/medcom-core-observation-status,1.6.0,active,,MedComCoreObservationStatus,MedComCoreObservationStatus,"ValueSet containing status codes for MedCom Core Observation",,"hl7.fhir.r4.core"
http://medcomfhir.dk/ig/terminology/ValueSet/medcom-corediagnosticreport-status,1.6.0,active,,MedComCoreDiagnosticReportStatus,MedComCoreDiagnosticReportStatus,"ValueSet containing status codes for MedCom DiagnosticReport",,"hl7.fhir.r4.core"
http://medcomfhir.dk/ig/terminology/ValueSet/medcom-hospitalNotification-encounterClass,1.6.0,active,,MedComHospitalNotificationEncounterClass,MedComHospitalNotificationEncounterClassCodes,"ValueSet containg class codes for hospital notification encounter",,"THO (V3)"
http://medcomfhir.dk/ig/terminology/ValueSet/medcom-hospitalNotification-encounterStatus,1.6.0,active,,MedComHospitalNotificationEncounterStatus,MedComHospitalNotificationEncounterStatusCodes,"ValueSet containing status codes for hospital notification encounter",,"hl7.fhir.r4.core"
http://medcomfhir.dk/ig/terminology/ValueSet/medcom-messaging-activityCodes,1.6.0,active,,MedComMessagingActivityCodes,MedComMessagingActivityCodes,"ValueSet containing codes for activities occuring in MedCom messages",,"Internal"
http://medcomfhir.dk/ig/terminology/ValueSet/medcom-messaging-messageTypes,1.6.0,active,,MedComMessagingMessageTypes,MedComMessagingMessageTypes,"All message types of MedCom messages","ConceptMap/medcom-messaging-mapFhirToSorEdi","Internal"
http://medcomfhir.dk/ig/terminology/ValueSet/medcom-messaging-sorEdiValues,1.6.0,active,,MedComMessagingSorEdiValues,MedComMessagingSorEdiValues,"Values for SOREDI message types","ConceptMap/medcom-messaging-mapFhirToSorEdi","Internal"
http://medcomfhir.dk/ig/terminology/ValueSet/medcom-obs-responseGroup,1.6.0,draft,,MedComObservarionResponesGroupValueSet,MedComObservarionResultGroupValueSet,"National response groups for observation results.",,"Internal"
https://medcomfhir.dk/ig/terminology/ValueSet/medcom-hospitalNotification-messageActivities,1.6.0,active,,MedComHospitalNotificationMessageActivities,MedComHospitalNotificationMessageActivityCodes,"ValueSet containg activity codes for hospital notification messages",,"Internal"
