<?xml version="1.0" encoding="UTF-8"?>

<PractitionerRole xmlns="http://hl7.org/fhir">
  <id value="bb6fa4e1-f8b1-4bf4-b77e-bb03b2cc9820"/>
  <meta>
    <profile value="http://medcomfhir.dk/ig/document/StructureDefinition/medcom-document-practitionerrole"/>
  </meta>
  <text>
    <status value="generated"/><div xmlns="http://www.w3.org/1999/xhtml"><p class="res-header-id"><b>Generated Narrative: PractitionerRole bb6fa4e1-f8b1-4bf4-b77e-bb03b2cc9820</b></p><a name="bb6fa4e1-f8b1-4bf4-b77e-bb03b2cc9820"> </a><a name="hcbb6fa4e1-f8b1-4bf4-b77e-bb03b2cc9820"> </a><div style="display: inline-block; background-color: #d9e0e7; padding: 6px; margin: 4px; border: 1px solid #8da1b4; border-radius: 5px; line-height: 60%"><p style="margin-bottom: 0px"/><p style="margin-bottom: 0px">Profile: <a href="StructureDefinition-medcom-document-practitionerrole.html">MedComDocumentPractitionerRole</a></p></div><p><b>identifier</b>: <a href="http://terminology.hl7.org/6.2.0/NamingSystem-uri.html" title="As defined by RFC 3986 (http://www.ietf.org/rfc/rfc3986.txt)(with many schemes defined in many RFCs). For OIDs and UUIDs, use the URN form (urn:oid:(note: lowercase) and urn:uuid:). See http://www.ietf.org/rfc/rfc3001.txt and http://www.ietf.org/rfc/rfc4122.txt 

This oid is used as an identifier II.root to indicate the the extension is an absolute URI (technically, an IRI). Typically, this is used for OIDs and GUIDs. Note that when this OID is used with OIDs and GUIDs, the II.extension should start with urn:oid or urn:uuid: 

Note that this OID is created to aid with interconversion between CDA and FHIR - FHIR uses urn:ietf:rfc:3986 as equivalent to this OID. URIs as identifiers appear more commonly in FHIR.

This OID may also be used in CD.codeSystem.">Uniform Resource Identifier (URI)</a>/urn:uuid:9a6fb982-ba4a-41d0-ac09-f04cc51c8f38</p><p><b>practitioner</b>: <a href="Practitioner-48ed6310-3095-44da-9e34-d1cd6bd830c9.html">Practitioner Sidsel Andersen </a></p><p><b>organization</b>: <a href="Organization-f8d0eb07-5336-4005-9081-b065f9a82663.html">Organization Lægerne Hasseris Bymidte</a></p><p><b>code</b>: <span title="Codes:{http://medcomfhir.dk/ig/terminology/CodeSystem/medcom-core-PractitionerRolesSKSadministrativ sygeplejerske}">Sygeplejerske</span></p></div>
  </text>
  <identifier>
    <system value="urn:ietf:rfc:3986"/>
    <value value="urn:uuid:9a6fb982-ba4a-41d0-ac09-f04cc51c8f38"/>
  </identifier>
  <practitioner>
    <reference value="Practitioner/48ed6310-3095-44da-9e34-d1cd6bd830c9"/>
  </practitioner>
  <organization>
    <reference value="Organization/f8d0eb07-5336-4005-9081-b065f9a82663"/>
  </organization>
  <code>
    <coding>
      <system value="http://medcomfhir.dk/ig/terminology/CodeSystem/medcom-core-PractitionerRolesSKSadministrativ"/>
      <code value="sygeplejerske"/>
    </coding>
  </code>
</PractitionerRole>