<?xml version="1.0" encoding="UTF-8"?>

<Practitioner xmlns="http://hl7.org/fhir">
  <id value="42cb9200-f421-4d08-8391-7d51a2503cb4"/>
  <meta>
    <profile value="http://medcomfhir.dk/ig/document/StructureDefinition/medcom-document-practitioner"/>
  </meta>
  <text>
    <status value="generated"/><div xmlns="http://www.w3.org/1999/xhtml"><p class="res-header-id"><b>Generated Narrative: Practitioner 42cb9200-f421-4d08-8391-7d51a2503cb4</b></p><a name="42cb9200-f421-4d08-8391-7d51a2503cb4"> </a><a name="hc42cb9200-f421-4d08-8391-7d51a2503cb4"> </a><a name="42cb9200-f421-4d08-8391-7d51a2503cb4-en-US"> </a><p><b>name</b>: Sidsel Andersen </p></div>
  </text>
  <name>
    <family value="Andersen"/>
    <given value="Sidsel"/>
  </name>
</Practitioner>