[
  {
    "id" : "MedCom-ihe-classcode-CS",
    "type" : "CodeSystem",
    "url" : "http://medcomfhir.dk/ig/xdsmetadata/CodeSystem/MedCom-ihe-classcode-CS",
    "version" : "1.0.0",
    "name" : "MedComIHE_ClassCode"
  },
  {
    "id" : "MedCom-ihe-formatcode-CS",
    "type" : "CodeSystem",
    "url" : "http://medcomfhir.dk/ig/xdsmetadata/CodeSystem/MedCom-ihe-formatcode-CS",
    "version" : "1.0.0",
    "name" : "MedComIHE_FormatCode"
  },
  {
    "id" : "MedCom-ihe-homeCommunityId-CS",
    "type" : "CodeSystem",
    "url" : "http://medcomfhir.dk/ig/xdsmetadata/CodeSystem/MedCom-ihe-homeCommunityId-CS",
    "version" : "1.0.0",
    "name" : "MedComIHE_HomeCommunityId"
  },
  {
    "id" : "MedCom-ihe-typecode-CS",
    "type" : "CodeSystem",
    "url" : "http://medcomfhir.dk/ig/xdsmetadata/CodeSystem/MedCom-ihe-typecode-CS",
    "version" : "1.0.0",
    "name" : "MedComIHE_TypeCode"
  },
  {
    "id" : "medcom.fhir.dk.xdsmetadata",
    "type" : "ImplementationGuide",
    "url" : "http://medcomfhir.dk/ig/xdsmetadata/ImplementationGuide/medcom.fhir.dk.xdsmetadata",
    "version" : "1.0.0",
    "name" : "TerminologyforXDSMetadata"
  },
  {
    "id" : "MedCom-dk-ihe-plr-typecode-VS",
    "type" : "ValueSet",
    "url" : "http://medcomfhir.dk/ig/xdsmetadata/ValueSet/MedCom-dk-ihe-plr-typecode-VS",
    "version" : "1.0.0",
    "name" : "PLR_DK_IHE_TypeCode"
  },
  {
    "id" : "MedCom-ihe-core-HealthcareFacilityTypeCode-VS",
    "type" : "ValueSet",
    "url" : "http://medcomfhir.dk/ig/xdsmetadata/ValueSet/MedCom-ihe-core-HealthcareFacilityTypeCode-VS",
    "version" : "1.0.0",
    "name" : "MedComIHE_CoreHealthcareFacilityTypeCode"
  },
  {
    "id" : "MedCom-ihe-core-PracticeSettingCode-VS",
    "type" : "ValueSet",
    "url" : "http://medcomfhir.dk/ig/xdsmetadata/ValueSet/MedCom-ihe-core-PracticeSettingCode-VS",
    "version" : "1.0.0",
    "name" : "MedComIHE_CorePracticeSettingCode"
  },
  {
    "id" : "MedCom-ihe-core-classcode-VS",
    "type" : "ValueSet",
    "url" : "http://medcomfhir.dk/ig/xdsmetadata/ValueSet/MedCom-ihe-core-classcode-VS",
    "version" : "1.0.0",
    "name" : "MedComIHE_CoreClassCode"
  },
  {
    "id" : "MedCom-ihe-core-confidentialitycode-VS",
    "type" : "ValueSet",
    "url" : "http://medcomfhir.dk/ig/xdsmetadata/ValueSet/MedCom-ihe-core-confidentialitycode-VS",
    "version" : "1.0.0",
    "name" : "MedComIHE_ConfidentialityCode"
  },
  {
    "id" : "MedCom-ihe-core-eventcodelist-VS",
    "type" : "ValueSet",
    "url" : "http://medcomfhir.dk/ig/xdsmetadata/ValueSet/MedCom-ihe-core-eventcodelist-VS",
    "version" : "1.0.0",
    "name" : "MedComIHE_CoreEventCodeLists"
  },
  {
    "id" : "MedCom-ihe-core-formatcode-VS",
    "type" : "ValueSet",
    "url" : "http://medcomfhir.dk/ig/xdsmetadata/ValueSet/MedCom-ihe-core-formatcode-VS",
    "version" : "1.0.0",
    "name" : "MedComIHE_CoreFormatCode"
  },
  {
    "id" : "MedCom-ihe-core-homeCommunityId-VS",
    "type" : "ValueSet",
    "url" : "http://medcomfhir.dk/ig/xdsmetadata/ValueSet/MedCom-ihe-core-homeCommunityId-VS",
    "version" : "1.0.0",
    "name" : "MedComIHE_CoreDkHomeCommunityId"
  },
  {
    "id" : "MedCom-ihe-core-languagecode-VS",
    "type" : "ValueSet",
    "url" : "http://medcomfhir.dk/ig/xdsmetadata/ValueSet/MedCom-ihe-core-languagecode-VS",
    "version" : "1.0.0",
    "name" : "MedComIHE_CoreLanguageCode"
  },
  {
    "id" : "MedCom-ihe-core-mimetype-VS",
    "type" : "ValueSet",
    "url" : "http://medcomfhir.dk/ig/xdsmetadata/ValueSet/MedCom-ihe-core-mimetype-VS",
    "version" : "1.0.0",
    "name" : "MedComIHE_CoreMimeType"
  },
  {
    "id" : "MedCom-ihe-core-typecode-VS",
    "type" : "ValueSet",
    "url" : "http://medcomfhir.dk/ig/xdsmetadata/ValueSet/MedCom-ihe-core-typecode-VS",
    "version" : "1.0.0",
    "name" : "MedComIHE_CoreTypeCode"
  },
  {
    "id" : "MedCom-ihe-plr-formatcode-VS",
    "type" : "ValueSet",
    "url" : "http://medcomfhir.dk/ig/xdsmetadata/ValueSet/MedCom-ihe-plr-formatcode-VS",
    "version" : "1.0.0",
    "name" : "MedComIHE_PLR_DK_FormatCode"
  }
]
