<?xml version="1.0" encoding="UTF-8"?>

<ValueSet xmlns="http://hl7.org/fhir">
  <id value="medcom-messaging-messageTypes"/>
  <text>
    <status value="generated"/><div xmlns="http://www.w3.org/1999/xhtml"><p class="res-header-id"><b>Generated Narrative: ValueSet medcom-messaging-messageTypes</b></p><a name="medcom-messaging-messageTypes"> </a><a name="hcmedcom-messaging-messageTypes"> </a><ul><li>Include these codes as defined in <a href="CodeSystem-medcom-messaging-eventCodes.html"><code>http://medcomfhir.dk/ig/terminology/CodeSystem/medcom-messaging-eventCodes</code></a><table class="none"><tr><td style="white-space:nowrap"><b>Code</b></td><td><b>Display</b></td><td><b><a href="ValueSet-medcom-messaging-sorEdiValues.html">MedComMessagingMapFhirToSorEdi</a></b></td></tr><tr><td><a href="CodeSystem-medcom-messaging-eventCodes.html#medcom-messaging-eventCodes-empty-message">empty-message</a></td><td style="color: #cccccc">Message with no content</td><td/></tr><tr><td><a href="CodeSystem-medcom-messaging-eventCodes.html#medcom-messaging-eventCodes-care-communication-message">care-communication-message</a></td><td style="color: #cccccc">Care Communication Message</td><td><span title="EQUIVALENT">~</span><a href="CodeSystem-medcom-messaging-sorEdiSystem.html#medcom-messaging-sorEdiSystem-FDIS91">FDIS91</a></td></tr><tr><td><a href="CodeSystem-medcom-messaging-eventCodes.html#medcom-messaging-eventCodes-hospital-notification-message">hospital-notification-message</a></td><td style="color: #cccccc">Hospital Notification Message</td><td><span title="EQUIVALENT">~</span><a href="CodeSystem-medcom-messaging-sorEdiSystem.html#medcom-messaging-sorEdiSystem-FDIS20">FDIS20</a></td></tr><tr><td><a href="CodeSystem-medcom-messaging-eventCodes.html#medcom-messaging-eventCodes-acknowledgement-message">acknowledgement-message</a></td><td style="color: #cccccc">Acknowledgement Message</td><td><span title="EQUIVALENT">~</span><a href="CodeSystem-medcom-messaging-sorEdiSystem.html#medcom-messaging-sorEdiSystem-FCTL">FCTL</a></td></tr><tr><td><a href="CodeSystem-medcom-messaging-eventCodes.html#medcom-messaging-eventCodes-homecareobservation-message">homecareobservation-message</a></td><td style="color: #cccccc">HomeCare Observation Message</td><td/></tr></table></li></ul></div>
  </text>
  <url value="http://medcomfhir.dk/ig/terminology/ValueSet/medcom-messaging-messageTypes"/>
  <version value="1.1.1"/>
  <name value="MedComMessagingMessageTypes"/>
  <title value="MedComMessagingMessageTypes"/>
  <status value="active"/>
  <experimental value="false"/>
  <date value="2025-09-22"/>
  <publisher value="MedCom"/>
  <contact>
    <name value="MedCom"/>
    <telecom>
      <system value="url"/>
      <value value="http://www.medcom.dk"/>
    </telecom>
  </contact>
  <description value="All message types of MedCom messages"/>
  <jurisdiction>
    <coding>
      <system value="urn:iso:std:iso:3166"/>
      <code value="DK"/>
      <display value="Denmark"/>
    </coding>
  </jurisdiction>
  <compose>
    <include>
      <system value="http://medcomfhir.dk/ig/terminology/CodeSystem/medcom-messaging-eventCodes"/>
      <concept>
        <code value="empty-message"/>
      </concept>
      <concept>
        <code value="care-communication-message"/>
      </concept>
      <concept>
        <code value="hospital-notification-message"/>
      </concept>
      <concept>
        <code value="acknowledgement-message"/>
      </concept>
      <concept>
        <code value="homecareobservation-message"/>
      </concept>
    </include>
  </compose>
</ValueSet>