<?xml version="1.0" encoding="UTF-8"?><ValueSet xmlns="http://hl7.org/fhir"><id value="medcom-core-attachmentMimeTypes"/><text><status value="generated"/><div xmlns="http://www.w3.org/1999/xhtml"><p class="res-header-id"><b>Generated Narrative: ValueSet medcom-core-attachmentMimeTypes</b></p><a name="medcom-core-attachmentMimeTypes"> </a><a name="hcmedcom-core-attachmentMimeTypes"> </a><ul><li>Include these codes as defined in <code>urn:ietf:bcp:13</code><table class="none"><tr><td style="white-space:nowrap"><b>Code</b></td><td><b>Display</b></td></tr><tr><td>application/pdf</td><td style="color: #cccccc">application/pdf</td></tr><tr><td>image/gif</td><td style="color: #cccccc">image/gif</td></tr><tr><td>image/jpeg</td><td style="color: #cccccc">image/jpeg</td></tr><tr><td>image/png</td><td style="color: #cccccc">image/png</td></tr><tr><td>image/tiff</td><td style="color: #cccccc">image/tiff</td></tr><tr><td>image/bmp</td><td style="color: #cccccc">image/bmp</td></tr></table></li></ul></div></text><url value="http://medcomfhir.dk/ig/terminology/ValueSet/medcom-core-attachmentMimeTypes"/><version value="1.1.0"/><name value="MedComCoreAttachmentMimeTypes"/><title value="MedComCoreAttachmentMimeTypes"/><status value="active"/><experimental value="false"/><date value="2024-01-18"/><publisher value="MedCom"/><contact><name value="MedCom"/><telecom><system value="url"/><value value="http://www.medcom.dk"/></telecom></contact><description value="ValueSet containing allowed mime types for MedCom messages"/><jurisdiction><coding><system value="urn:iso:std:iso:3166"/><code value="DK"/><display value="Denmark"/></coding></jurisdiction><compose><include><system value="urn:ietf:bcp:13"/><concept><code value="application/pdf"/></concept><concept><code value="image/gif"/></concept><concept><code value="image/jpeg"/></concept><concept><code value="image/png"/></concept><concept><code value="image/tiff"/></concept><concept><code value="image/bmp"/></concept></include></compose></ValueSet>