<?xml version="1.0" encoding="UTF-8"?>

<CodeSystem xmlns="http://hl7.org/fhir">
  <id value="medcom-messaging-activityCodes"/>
  <text>
    <status value="generated"/><div xmlns="http://www.w3.org/1999/xhtml"><p>This case-insensitive code system <code>http://medcomfhir.dk/ig/terminology/CodeSystem/medcom-messaging-activityCodes</code> defines the following codes:</p><table class="codes"><tr><td style="white-space:nowrap"><b>Code</b></td><td><b>Display</b></td></tr><tr><td style="white-space:nowrap">new-message<a name="medcom-messaging-activityCodes-new-message"> </a></td><td>A new message has been sent</td></tr><tr><td style="white-space:nowrap">forward-message<a name="medcom-messaging-activityCodes-forward-message"> </a></td><td>A message has been forwarded and potentially changed</td></tr><tr><td style="white-space:nowrap">reply-message<a name="medcom-messaging-activityCodes-reply-message"> </a></td><td>A message has been replied to</td></tr><tr><td style="white-space:nowrap">retract-message<a name="medcom-messaging-activityCodes-retract-message"> </a></td><td>A message has been retracted/cancelled</td></tr><tr><td style="white-space:nowrap">modified-message<a name="medcom-messaging-activityCodes-modified-message"> </a></td><td>A message has been modified</td></tr><tr><td style="white-space:nowrap">carboncopy-message<a name="medcom-messaging-activityCodes-carboncopy-message"> </a></td><td>An exact copy of a message to a primary receiver has been sent to a carbon copy receiver</td></tr><tr><td style="white-space:nowrap">admit-emergency<a name="medcom-messaging-activityCodes-admit-emergency"> </a></td><td>Start hospital stay - acute ambulant</td></tr><tr><td style="white-space:nowrap">revise-admit-emergency<a name="medcom-messaging-activityCodes-revise-admit-emergency"> </a></td><td>Update Start hospital stay - acute ambulant</td></tr><tr><td style="white-space:nowrap">cancel-admit-emergency<a name="medcom-messaging-activityCodes-cancel-admit-emergency"> </a></td><td>Cancellation Start hospital stay - acute ambulant</td></tr><tr><td style="white-space:nowrap">admit-inpatient<a name="medcom-messaging-activityCodes-admit-inpatient"> </a></td><td>Start hospital stay - admitted</td></tr><tr><td style="white-space:nowrap">revise-admit-inpatient<a name="medcom-messaging-activityCodes-revise-admit-inpatient"> </a></td><td>Update Start hospital stay - admitted</td></tr><tr><td style="white-space:nowrap">cancel-admit-inpatient<a name="medcom-messaging-activityCodes-cancel-admit-inpatient"> </a></td><td>Cancellation Start hospital stay - admitted</td></tr><tr><td style="white-space:nowrap">start-leave-inpatient<a name="medcom-messaging-activityCodes-start-leave-inpatient"> </a></td><td>Start leave</td></tr><tr><td style="white-space:nowrap">revise-start-leave-inpatient<a name="medcom-messaging-activityCodes-revise-start-leave-inpatient"> </a></td><td>Update Start leave</td></tr><tr><td style="white-space:nowrap">cancel-start-leave-inpatient<a name="medcom-messaging-activityCodes-cancel-start-leave-inpatient"> </a></td><td>Cancellation Start leave</td></tr><tr><td style="white-space:nowrap">end-leave-inpatient<a name="medcom-messaging-activityCodes-end-leave-inpatient"> </a></td><td>End leave</td></tr><tr><td style="white-space:nowrap">revise-end-leave-inpatient<a name="medcom-messaging-activityCodes-revise-end-leave-inpatient"> </a></td><td>Update End leave</td></tr><tr><td style="white-space:nowrap">cancel-end-leave-inpatient<a name="medcom-messaging-activityCodes-cancel-end-leave-inpatient"> </a></td><td>Cancellation End leave</td></tr><tr><td style="white-space:nowrap">discharge-emergency-home<a name="medcom-messaging-activityCodes-discharge-emergency-home"> </a></td><td>End hospital stay - patient completed to home/primary sector</td></tr><tr><td style="white-space:nowrap">discharge-inpatient-home<a name="medcom-messaging-activityCodes-discharge-inpatient-home"> </a></td><td>End hospital stay - patient completed to home/primary sector</td></tr><tr><td style="white-space:nowrap">revise-discharge-emergency-home<a name="medcom-messaging-activityCodes-revise-discharge-emergency-home"> </a></td><td>Update End hospital stay - patient completed to home/primary sector</td></tr><tr><td style="white-space:nowrap">revise-discharge-inpatient-home<a name="medcom-messaging-activityCodes-revise-discharge-inpatient-home"> </a></td><td>Update End hospital stay - patient completed to home/primary sector</td></tr><tr><td style="white-space:nowrap">cancel-discharge-emergency-home<a name="medcom-messaging-activityCodes-cancel-discharge-emergency-home"> </a></td><td>Cancellation End hospital stay - patient completed to home/primary sector</td></tr><tr><td style="white-space:nowrap">cancel-discharge-inpatient-home<a name="medcom-messaging-activityCodes-cancel-discharge-inpatient-home"> </a></td><td>Cancellation End hospital stay - patient completed to home/primary sector</td></tr><tr><td style="white-space:nowrap">acknowledgement<a name="medcom-messaging-activityCodes-acknowledgement"> </a></td><td>Acknowledgement message has been sent</td></tr></table></div>
  </text>
  <url value="http://medcomfhir.dk/ig/terminology/CodeSystem/medcom-messaging-activityCodes"/>
  <version value="1.6.0"/>
  <name value="MedComMessagingActivityCodes"/>
  <title value="MedComMessagingActivityCodes"/>
  <status value="active"/>
  <experimental value="false"/>
  <date value="2023-01-06"/>
  <publisher value="MedCom"/>
  <contact>
    <name value="MedCom"/>
    <telecom>
      <system value="url"/>
      <value value="http://www.medcom.dk"/>
    </telecom>
  </contact>
  <description value="CodeSystem containing codes for activities occuring in MedCom messages"/>
  <jurisdiction>
    <coding>
      <system value="urn:iso:std:iso:3166"/>
      <code value="DK"/>
      <display value="Denmark"/>
    </coding>
  </jurisdiction>
  <caseSensitive value="false"/>
  <content value="complete"/>
  <count value="25"/>
  <concept>
    <code value="new-message"/>
    <display value="A new message has been sent"/>
  </concept>
  <concept>
    <code value="forward-message"/>
    <display value="A message has been forwarded and potentially changed"/>
  </concept>
  <concept>
    <code value="reply-message"/>
    <display value="A message has been replied to"/>
  </concept>
  <concept>
    <code value="retract-message"/>
    <display value="A message has been retracted/cancelled"/>
  </concept>
  <concept>
    <code value="modified-message"/>
    <display value="A message has been modified"/>
  </concept>
  <concept>
    <code value="carboncopy-message"/>
    <display value="An exact copy of a message to a primary receiver has been sent to a carbon copy receiver"/>
  </concept>
  <concept>
    <code value="admit-emergency"/>
    <display value="Start hospital stay - acute ambulant"/>
  </concept>
  <concept>
    <code value="revise-admit-emergency"/>
    <display value="Update Start hospital stay - acute ambulant"/>
  </concept>
  <concept>
    <code value="cancel-admit-emergency"/>
    <display value="Cancellation Start hospital stay - acute ambulant"/>
  </concept>
  <concept>
    <code value="admit-inpatient"/>
    <display value="Start hospital stay - admitted"/>
  </concept>
  <concept>
    <code value="revise-admit-inpatient"/>
    <display value="Update Start hospital stay - admitted"/>
  </concept>
  <concept>
    <code value="cancel-admit-inpatient"/>
    <display value="Cancellation Start hospital stay - admitted"/>
  </concept>
  <concept>
    <code value="start-leave-inpatient"/>
    <display value="Start leave"/>
  </concept>
  <concept>
    <code value="revise-start-leave-inpatient"/>
    <display value="Update Start leave"/>
  </concept>
  <concept>
    <code value="cancel-start-leave-inpatient"/>
    <display value="Cancellation Start leave"/>
  </concept>
  <concept>
    <code value="end-leave-inpatient"/>
    <display value="End leave"/>
  </concept>
  <concept>
    <code value="revise-end-leave-inpatient"/>
    <display value="Update End leave"/>
  </concept>
  <concept>
    <code value="cancel-end-leave-inpatient"/>
    <display value="Cancellation End leave"/>
  </concept>
  <concept>
    <code value="discharge-emergency-home"/>
    <display value="End hospital stay - patient completed to home/primary sector"/>
  </concept>
  <concept>
    <code value="discharge-inpatient-home"/>
    <display value="End hospital stay - patient completed to home/primary sector"/>
  </concept>
  <concept>
    <code value="revise-discharge-emergency-home"/>
    <display value="Update End hospital stay - patient completed to home/primary sector"/>
  </concept>
  <concept>
    <code value="revise-discharge-inpatient-home"/>
    <display value="Update End hospital stay - patient completed to home/primary sector"/>
  </concept>
  <concept>
    <code value="cancel-discharge-emergency-home"/>
    <display value="Cancellation End hospital stay - patient completed to home/primary sector"/>
  </concept>
  <concept>
    <code value="cancel-discharge-inpatient-home"/>
    <display value="Cancellation End hospital stay - patient completed to home/primary sector"/>
  </concept>
  <concept>
    <code value="acknowledgement"/>
    <display value="Acknowledgement message has been sent"/>
  </concept>
</CodeSystem>