<?xml version="1.0" encoding="UTF-8"?>

<Provenance xmlns="http://hl7.org/fhir">
  <id value="if89e89e-f8a3-4a88-b605-765008d1cb44"/>
  <meta>
    <profile value="http://medcomfhir.dk/ig/messaging/StructureDefinition/medcom-messaging-provenance"/>
  </meta>
  <text>
    <status value="generated"/><div xmlns="http://www.w3.org/1999/xhtml"><p><b>Generated Narrative: Provenance</b><a name="if89e89e-f8a3-4a88-b605-765008d1cb44"> </a></p><div style="display: inline-block; background-color: #d9e0e7; padding: 6px; margin: 4px; border: 1px solid #8da1b4; border-radius: 5px; line-height: 60%"><p style="margin-bottom: 0px">Resource Provenance "if89e89e-f8a3-4a88-b605-765008d1cb44" </p><p style="margin-bottom: 0px">Profile: <a href="http://medcomfhir.dk/ig/messaging/2.0.0/StructureDefinition-medcom-messaging-provenance.html">MedComMessagingProvenance</a></p></div><p><b>target</b>: <a href="MessageHeader-k06f2487-7aab-4e35-9a80-70431060a7e8.html">MessageHeader/k06f2487-7aab-4e35-9a80-70431060a7e8</a></p><p><b>occurred</b>: 2022-10-01 12:00:30+0000</p><p><b>recorded</b>: 1 Oct 2022, 14.00.30</p><p><b>activity</b>: Update of Start hospital stay-acute ambulant <span style="background: LightGoldenRodYellow; margin: 4px; border: 1px solid khaki"> (<a href="http://medcomfhir.dk/ig/terminology/1.0.0/CodeSystem-medcom-messaging-activityCodes.html">MedComMessagingActivityCodes</a>#revise-admit-emergency)</span></p><h3>Agents</h3><table class="grid"><tr><td>-</td><td><b>Who</b></td></tr><tr><td>*</td><td><a href="Organization-o7056980-a8b2-42aa-8a0e-c1fc85d1f40d.html">Organization/o7056980-a8b2-42aa-8a0e-c1fc85d1f40d</a> "Sender Organization"</td></tr></table><h3>Entities</h3><table class="grid"><tr><td>-</td><td><b>Role</b></td><td><b>What</b></td></tr><tr><td>*</td><td>revision</td><td><a href="MessageHeader-i50fc5fe-2d11-4ef3-acac-2e2e5c6c0029.html">MessageHeader/i50fc5fe-2d11-4ef3-acac-2e2e5c6c0029</a></td></tr></table></div>
  </text>
  <target>
    <reference value="MessageHeader/k06f2487-7aab-4e35-9a80-70431060a7e8"/>
  </target>
  <occurredDateTime value="2022-10-01T12:00:30Z"/>
  <recorded value="2022-10-01T12:00:30Z"/>
  <activity>
    <coding>
      <system value="http://medcomfhir.dk/ig/terminology/CodeSystem/medcom-messaging-activityCodes"/>
      <code value="revise-admit-emergency"/>
    </coding>
  </activity>
  <agent>
    <who>
      <reference value="Organization/o7056980-a8b2-42aa-8a0e-c1fc85d1f40d"/>
    </who>
  </agent>
  <entity>
    <role value="revision"/>
    <what>
      <reference value="MessageHeader/i50fc5fe-2d11-4ef3-acac-2e2e5c6c0029"/>
    </what>
  </entity>
</Provenance>