<?xml version="1.0" encoding="UTF-8"?>

<Provenance xmlns="http://hl7.org/fhir">
  <id value="h60bd482-9c47-43c5-9b77-1134eaa2d5f0"/>
  <meta>
    <profile value="http://medcomfhir.dk/ig/messaging/StructureDefinition/medcom-messaging-provenance"/>
  </meta>
  <text>
    <status value="generated"/><div xmlns="http://www.w3.org/1999/xhtml"><p><b>Generated Narrative: Provenance</b><a name="h60bd482-9c47-43c5-9b77-1134eaa2d5f0"> </a></p><div style="display: inline-block; background-color: #d9e0e7; padding: 6px; margin: 4px; border: 1px solid #8da1b4; border-radius: 5px; line-height: 60%"><p style="margin-bottom: 0px">Resource Provenance "h60bd482-9c47-43c5-9b77-1134eaa2d5f0" </p><p style="margin-bottom: 0px">Profile: <a href="http://medcomfhir.dk/ig/messaging/2.0.0/StructureDefinition-medcom-messaging-provenance.html">MedComMessagingProvenance</a></p></div><p><b>target</b>: <a href="MessageHeader-i50fc5fe-2d11-4ef3-acac-2e2e5c6c0029.html">MessageHeader/i50fc5fe-2d11-4ef3-acac-2e2e5c6c0029</a></p><p><b>occurred</b>: 2022-10-01 10:00:30+0000</p><p><b>recorded</b>: 1 Oct 2022, 12.00.30</p><p><b>activity</b>: Start hospital stay-acute ambulant <span style="background: LightGoldenRodYellow; margin: 4px; border: 1px solid khaki"> (<a href="http://medcomfhir.dk/ig/terminology/1.0.0/CodeSystem-medcom-messaging-activityCodes.html">MedComMessagingActivityCodes</a>#admit-emergency)</span></p><h3>Agents</h3><table class="grid"><tr><td>-</td><td><b>Who</b></td></tr><tr><td>*</td><td><a href="Organization-o7056980-a8b2-42aa-8a0e-c1fc85d1f40d.html">Organization/o7056980-a8b2-42aa-8a0e-c1fc85d1f40d</a> "Sender Organization"</td></tr></table></div>
  </text>
  <target>
    <reference value="MessageHeader/i50fc5fe-2d11-4ef3-acac-2e2e5c6c0029"/>
  </target>
  <occurredDateTime value="2022-10-01T10:00:30Z"/>
  <recorded value="2022-10-01T10:00:30Z"/>
  <activity>
    <coding>
      <system value="http://medcomfhir.dk/ig/terminology/CodeSystem/medcom-messaging-activityCodes"/>
      <code value="admit-emergency"/>
    </coding>
  </activity>
  <agent>
    <who>
      <reference value="Organization/o7056980-a8b2-42aa-8a0e-c1fc85d1f40d"/>
    </who>
  </agent>
</Provenance>