{
  "codeSystems" : [
    {
      "url" : "http://hl7.dk/fhir/core/ValueSet/dk-core-MunicipalityCodes",
      "version" : "2.0.0",
      "status" : "draft",
      "name" : "MunicipalityCodes",
      "title" : null,
      "description" : "Municipality codes used in Denmark",
      "systems" : [
        "http://hl7.dk/fhir/core/CodeSystem/dk-core-municipality-codes",
        "http://hl7.dk/fhir/core/CodeSystem/dk-core-municipality-codes-greenland"
      ],
      "uses" : {
      },
      "StructureDefinition-medcom-messaging-organization.html" : "MedComMessagingOrganization"
    },
    {
      "url" : "http://hl7.dk/fhir/core/ValueSet/sor-organization-type",
      "version" : "2.0.0",
      "status" : "active",
      "name" : "SorOrganizationType",
      "title" : null,
      "description" : "Value set used for indicating the organization type for organizations from SOR",
      "systems" : ["http://snomed.info/sct"],
      "uses" : {
      },
      "StructureDefinition-medcom-messaging-organization.html" : "MedComMessagingOrganization"
    },
    {
      "url" : "http://hl7.org/fhir/ValueSet/bundle-type",
      "version" : "4.0.1",
      "status" : "active",
      "name" : "BundleType",
      "title" : "BundleType",
      "description" : "Indicates the purpose of a bundle - how it is intended to be used.",
      "systems" : ["http://hl7.org/fhir/bundle-type"],
      "oids" : ["2.16.840.1.113883.4.642.3.620"],
      "sources" : ["2.16.840.1.113883.4.642.3.620"],
      "uses" : {
      },
      "StructureDefinition-medcom-messaging-message.html" : "MedComMessagingMessage"
    },
    {
      "url" : "http://hl7.org/fhir/ValueSet/contactentity-type",
      "version" : "4.0.1",
      "status" : "draft",
      "name" : "ContactEntityType",
      "title" : "Contact entity type",
      "description" : "This example value set defines a set of codes that can be used to indicate the purpose for which you would contact a contact party.",
      "systems" : ["http://terminology.hl7.org/CodeSystem/contactentity-type"],
      "oids" : ["2.16.840.1.113883.4.642.3.416"],
      "sources" : ["2.16.840.1.113883.4.642.3.416"],
      "uses" : {
      },
      "StructureDefinition-medcom-messaging-organization.html" : "MedComMessagingOrganization"
    },
    {
      "url" : "http://hl7.org/fhir/ValueSet/http-verb",
      "version" : "4.0.1",
      "status" : "active",
      "name" : "HTTPVerb",
      "title" : "HTTPVerb",
      "description" : "HTTP verbs (in the HTTP command line). See [HTTP rfc](https://tools.ietf.org/html/rfc7231) for details.",
      "systems" : ["http://hl7.org/fhir/http-verb"],
      "oids" : ["2.16.840.1.113883.4.642.3.624"],
      "sources" : ["2.16.840.1.113883.4.642.3.624"],
      "uses" : {
      },
      "StructureDefinition-medcom-messaging-message.html" : "MedComMessagingMessage"
    },
    {
      "url" : "http://hl7.org/fhir/ValueSet/identifier-type",
      "version" : "4.0.1",
      "status" : "active",
      "name" : "Identifier Type Codes",
      "title" : "IdentifierType",
      "description" : "A coded type for an identifier that can be used to determine which identifier to use for a specific purpose.",
      "systems" : ["http://terminology.hl7.org/CodeSystem/v2-0203"],
      "oids" : ["2.16.840.1.113883.4.642.3.45"],
      "sources" : ["2.16.840.1.113883.4.642.3.45"],
      "uses" : {
      },
      "StructureDefinition-medcom-messaging-organization.html" : "MedComMessagingOrganization"
    },
    {
      "url" : "http://hl7.org/fhir/ValueSet/identifier-use",
      "version" : "4.0.1",
      "status" : "active",
      "name" : "IdentifierUse",
      "title" : "IdentifierUse",
      "description" : "Identifies the purpose for this identifier, if known .",
      "systems" : ["http://hl7.org/fhir/identifier-use"],
      "oids" : ["2.16.840.1.113883.4.642.3.57"],
      "sources" : ["2.16.840.1.113883.4.642.3.57"],
      "uses" : {
      },
      "StructureDefinition-medcom-messaging-organization.html" : "MedComMessagingOrganization"
    },
    {
      "url" : "http://hl7.org/fhir/ValueSet/languages",
      "version" : "4.0.1",
      "status" : "draft",
      "name" : "CommonLanguages",
      "title" : "Common Languages",
      "description" : "This value set includes common codes from BCP-47 (http://tools.ietf.org/html/bcp47)",
      "systems" : ["urn:ietf:bcp:47"],
      "oids" : ["2.16.840.1.113883.4.642.3.20"],
      "sources" : ["2.16.840.1.113883.4.642.3.20"],
      "uses" : {
      },
      "StructureDefinition-medcom-messaging-messageHeader.html" : "MedComMessagingMessageHeader",
      "StructureDefinition-medcom-messaging-message.html" : "MedComMessagingMessage",
      "StructureDefinition-medcom-messaging-organization.html" : "MedComMessagingOrganization",
      "StructureDefinition-medcom-messaging-provenance.html" : "MedComMessagingProvenance"
    },
    {
      "url" : "http://hl7.org/fhir/ValueSet/message-reason-encounter",
      "version" : "4.0.1",
      "status" : "draft",
      "name" : "ExampleMessageReasonCodes",
      "title" : "Example Message Reason Codes",
      "description" : "Example Message Reasons. These are the set of codes that might be used an updating an encounter using admin-update.",
      "systems" : [
        "http://terminology.hl7.org/CodeSystem/message-reasons-encounter"
      ],
      "oids" : ["2.16.840.1.113883.4.642.3.378"],
      "sources" : ["2.16.840.1.113883.4.642.3.378"],
      "uses" : {
      },
      "StructureDefinition-medcom-messaging-messageHeader.html" : "MedComMessagingMessageHeader"
    },
    {
      "url" : "http://hl7.org/fhir/ValueSet/provenance-agent-type",
      "version" : "4.0.1",
      "status" : "draft",
      "name" : "ProvenanceParticipantType",
      "title" : "Provenance participant type",
      "description" : "The type of participation a provenance participant.",
      "systems" : [
        "http://terminology.hl7.org/CodeSystem/provenance-participant-type"
      ],
      "oids" : ["2.16.840.1.113883.4.642.3.1003"],
      "sources" : ["2.16.840.1.113883.4.642.3.1003"],
      "uses" : {
      },
      "StructureDefinition-medcom-messaging-provenance.html" : "MedComMessagingProvenance"
    },
    {
      "url" : "http://hl7.org/fhir/ValueSet/provenance-entity-role",
      "version" : "4.0.1",
      "status" : "draft",
      "name" : "ProvenanceEntityRole",
      "title" : "ProvenanceEntityRole",
      "description" : "How an entity was used in an activity.",
      "systems" : ["http://hl7.org/fhir/provenance-entity-role"],
      "oids" : ["2.16.840.1.113883.4.642.3.436"],
      "sources" : ["2.16.840.1.113883.4.642.3.436"],
      "uses" : {
      },
      "StructureDefinition-medcom-messaging-provenance.html" : "MedComMessagingProvenance"
    },
    {
      "url" : "http://hl7.org/fhir/ValueSet/resource-types",
      "version" : "4.0.1",
      "status" : "active",
      "name" : "ResourceType",
      "title" : "ResourceType",
      "description" : "One of the resource types defined as part of this version of FHIR.",
      "systems" : ["http://hl7.org/fhir/resource-types"],
      "oids" : ["2.16.840.1.113883.4.642.3.27"],
      "sources" : ["2.16.840.1.113883.4.642.3.27"],
      "uses" : {
      },
      "StructureDefinition-medcom-messaging-provenance.html" : "MedComMessagingProvenance"
    },
    {
      "url" : "http://hl7.org/fhir/ValueSet/response-code",
      "version" : "4.0.1",
      "status" : "draft",
      "name" : "ResponseType",
      "title" : "ResponseType",
      "description" : "The kind of response to a message.",
      "systems" : ["http://hl7.org/fhir/response-code"],
      "oids" : ["2.16.840.1.113883.4.642.3.380"],
      "sources" : ["2.16.840.1.113883.4.642.3.380"],
      "uses" : {
      },
      "StructureDefinition-medcom-messaging-messageHeader.html" : "MedComMessagingMessageHeader"
    },
    {
      "url" : "http://hl7.org/fhir/ValueSet/search-entry-mode",
      "version" : "4.0.1",
      "status" : "active",
      "name" : "SearchEntryMode",
      "title" : "SearchEntryMode",
      "description" : "Why an entry is in the result set - whether it's included as a match or because of an _include requirement, or to convey information or warning information about the search process.",
      "systems" : ["http://hl7.org/fhir/search-entry-mode"],
      "oids" : ["2.16.840.1.113883.4.642.3.622"],
      "sources" : ["2.16.840.1.113883.4.642.3.622"],
      "uses" : {
      },
      "StructureDefinition-medcom-messaging-message.html" : "MedComMessagingMessage"
    },
    {
      "url" : "http://hl7.org/fhir/ValueSet/security-role-type",
      "version" : "4.0.1",
      "status" : "draft",
      "name" : "SecurityRoleType",
      "title" : "SecurityRoleType",
      "description" : "This example FHIR value set is comprised of example Actor Type codes, which can be used to value FHIR agents, actors, and other role         elements such as those specified in financial transactions. The FHIR Actor value set is based on    DICOM Audit Message, C402;   ASTM Standard, E1762-95 [2013]; selected codes and          derived actor roles from HL7 RoleClass OID 2.16.840.1.113883.5.110;    HL7 Role Code 2.16.840.1.113883.5.111, including AgentRoleType;          HL7 ParticipationType OID: 2.16.840.1.113883.5.90; and    HL7 ParticipationFunction codes OID: 2.16.840.1.113883.5.88.           This value set includes, by reference, role codes from external code systems: NUCC Health Care Provider Taxonomy OID: 2.16.840.1.113883.6.101;          North American Industry Classification System [NAICS]OID: 2.16.840.1.113883.6.85; IndustryClassificationSystem 2.16.840.1.113883.1.11.16039;          and US Census Occupation Code OID: 2.16.840.1.113883.6.243 for relevant recipient or custodian codes not included in this value set.            If no source is indicated in the definition comments, then these are example FHIR codes.          It can be extended with appropriate roles described by SNOMED as well as those described in the HL7 Role Based Access Control Catalog and the          HL7 Healthcare (Security and Privacy) Access Control Catalog.            In Role-Based Access Control (RBAC), permissions are operations on an object that a user wishes to access. Permissions are grouped into roles.          A role characterizes the functions a user is allowed to perform. Roles are assigned to users. If the user's role has the appropriate permissions          to access an object, then that user is granted access to the object. FHIR readily enables RBAC, as FHIR Resources are object types and the CRUDE          events (the FHIR equivalent to permissions in the RBAC scheme) are operations on those objects.          In Attribute-Based Access Control (ABAC), a user requests to perform operations on objects. That user's access request is granted or denied          based on a set of access control policies that are specified in terms of attributes and conditions. FHIR readily enables ABAC, as instances of          a Resource in FHIR (again, Resources are object types) can have attributes associated with them. These attributes include security tags,          environment conditions, and a host of user and object characteristics, which are the same attributes as those used in ABAC. Attributes help          define the access control policies that determine the operations a user may perform on a Resource (in FHIR) or object (in ABAC). For example,          a tag (or attribute) may specify that the identified Resource (object) is not to be further disclosed without explicit consent from the patient.",
      "systems" : [
        "http://terminology.hl7.org/CodeSystem/extra-security-role-type",
        "http://terminology.hl7.org/CodeSystem/v3-RoleCode",
        "http://terminology.hl7.org/CodeSystem/v3-RoleClass",
        "http://terminology.hl7.org/CodeSystem/v3-ParticipationFunction",
        "http://terminology.hl7.org/CodeSystem/contractsignertypecodes",
        "http://terminology.hl7.org/CodeSystem/v3-ParticipationType",
        "http://dicom.nema.org/resources/ontology/DCM"
      ],
      "oids" : ["2.16.840.1.113883.4.642.3.978"],
      "sources" : ["2.16.840.1.113883.4.642.3.978"],
      "uses" : {
      },
      "StructureDefinition-medcom-messaging-provenance.html" : "MedComMessagingProvenance"
    },
    {
      "url" : "http://terminology.hl7.org/ValueSet/v3-PurposeOfUse",
      "version" : "3.1.0",
      "status" : "active",
      "name" : "PurposeOfUse",
      "title" : "PurposeOfUse",
      "description" : "Supports communication of purpose of use at a general level.",
      "systems" : ["http://terminology.hl7.org/CodeSystem/v3-ActReason"],
      "oids" : ["2.16.840.1.113883.1.11.20448"],
      "sources" : ["2.16.840.1.113883.1.11.20448"],
      "uses" : {
      },
      "StructureDefinition-medcom-messaging-provenance.html" : "MedComMessagingProvenance"
    }
  ]
}
