{"resourceType":"TestScript","id":"acknowledgement-send-fatal-error-hospitalnotification","meta":{"profile":["http://touchstone.aegis.net/touchstone/fhir/testing/StructureDefinition/testscript"]},"url":"http://medcomfhir.dk/ig/acknowledgementtestscript/acknowledgement-send-fatal-error-hospitalnotification","version":"2.0.0","name":"AcknowledgementTestScript","title":"Send acknowledgement - Fatal Error","status":"active","date":"2023-05-25","publisher":"MedCom","contact":[{"name":"MedCom","telecom":[{"system":"email","value":"mailto:fhir@medcom.dk"}]}],"description":"Send acknowledgement - Fatal Error","copyright":"MedCom 2023","origin":[{"index":1,"profile":{"system":"http://terminology.hl7.org/CodeSystem/testscript-profile-origin-types","code":"FHIR-Client"}}],"destination":[{"index":1,"profile":{"system":"http://terminology.hl7.org/CodeSystem/testscript-profile-destination-types","code":"FHIR-Server"}}],"fixture":[{"id":"create-STIN-01","autocreate":false,"autodelete":false,"resource":{"reference":"/FHIRSandbox/MedCom/Acknowledgement/draft/Send/Fixtures/HospitalNotification-fixture-STIN-fatal-error.xml"}},{"id":"create-fatal-error-02","autocreate":false,"autodelete":false,"resource":{"reference":"/FHIRSandbox/MedCom/Acknowledgement/draft/Send/Fixtures/Acknowledgement-fixture.xml"}}],"profile":[{"id":"acknowledgement","reference":"http://medcomfhir.dk/ig/acknowledgement/StructureDefinition/medcom-messaging-acknowledgement"}],"variable":[{"name":"destinationUri-STIN","expression":"Bundle.entry.resource.ofType(MessageHeader).destination.endpoint","sourceId":"create-STIN-01"},{"name":"bundleid-STIN-01","expression":"Bundle.id","sourceId":"create-STIN-01"},{"name":"messageHeaderid-STIN","expression":"Bundle.entry[0].fullUrl","sourceId":"create-STIN-01"}],"setup":{"action":[{"operation":{"type":{"system":"http://terminology.hl7.org/CodeSystem/testscript-operation-codes","code":"delete"},"resource":"Bundle","description":"System-generated search and delete operations from conditional delete on Bundle MessageHeader.destination.endpoint","accept":"xml","encodeRequestUrl":true,"params":"?message.destination-uri=${destinationUri-STIN}"}},{"operation":{"type":{"system":"http://terminology.hl7.org/CodeSystem/testscript-operation-codes","code":"create"},"resource":"Bundle","description":"Create the Bundle resource in XML format on the destination server.","accept":"xml","contentType":"xml","encodeRequestUrl":true,"sourceId":"create-STIN-01"}},{"operation":{"type":{"system":"http://terminology.hl7.org/CodeSystem/testscript-operation-codes","code":"updateCreate"},"resource":"Bundle","description":"Update the Bundle.id in XML format on the destination server, so it corresponds to $bundleid-STIN-01.","accept":"xml","contentType":"xml","encodeRequestUrl":true,"params":"/${bundleid-STIN-01}","sourceId":"create-STIN-01"}},{"assert":{"description":"Confirm that the returned HTTP status is okay or created.","direction":"response","operator":"in","responseCode":"200,201","warningOnly":false}}]},"test":[{"id":"message-read-STIN-01","name":"Get a STIN message 01","description":"GET a message. The expected response is a 200(OK) with a payload of the message resource in XML format.","action":[{"operation":{"type":{"system":"http://terminology.hl7.org/CodeSystem/testscript-operation-codes","code":"read"},"resource":"Bundle","description":"Receive message","accept":"xml","destination":1,"encodeRequestUrl":true,"origin":1,"params":"/${bundleid-STIN-01}"}},{"assert":{"description":"Confirm that the returned HTTP status is okay or created.","direction":"response","operator":"in","responseCode":"200,201","warningOnly":false}}]},{"id":"message-create-fatal-error-02","name":"Create an Acknowledegment fatal-error Message 02","description":"Post Acknowledegment to the server.","action":[{"operation":{"type":{"system":"http://terminology.hl7.org/CodeSystem/testscript-operation-codes","code":"create"},"resource":"Bundle","description":"Post an Acknowledegment","destination":1,"encodeRequestUrl":true,"origin":1,"requestId":"create-message-fatal-error-02","sourceId":"create-fatal-error-02"}},{"assert":{"description":"Confirm that the returned HTTP status is okay or created.","direction":"response","operator":"in","responseCode":"200,201","warningOnly":false}},{"assert":{"description":"Confirm that the client request payload contains a Bundle resource type.","direction":"request","resource":"Bundle","warningOnly":false}},{"assert":{"description":"Validates the bundle against http://medcomfhir.dk/ig/acknowledgement/StructureDefinition/medcom-messaging-acknowledgement","direction":"request","validateProfileId":"acknowledgement","warningOnly":false}},{"assert":{"description":"Confirm that the previous MessageHeader fullURL is identical to Provenance.entity.what","direction":"request","expression":"Bundle.entry.resource.ofType(Provenance).where(entity.what.reference = '${messageHeaderid-STIN}').count() = 1","warningOnly":false}},{"assert":{"description":"Confirm that the request resource contains the expected eventCoding.code.","direction":"request","expression":"Bundle.entry.resource.ofType(MessageHeader).event.as(Coding).select(code = 'acknowledgement-message').allTrue()","warningOnly":false}},{"assert":{"description":"Confirm that MessageHeader.responseCode equals to fatal-error","direction":"request","expression":"Bundle.entry.resource.ofType(MessageHeader).response.code = 'fatal-error'","warningOnly":false}},{"assert":{"description":"Confirm that a OperationOutcome instance is included, when the responseCode is 'transient-error' or 'fatal-error'","direction":"request","expression":"Bundle.entry.resource.ofType(MessageHeader).response.code = 'ok' or ((Bundle.entry.resource.ofType(MessageHeader).response.code = 'transient-error' or Bundle.entry.resource.ofType(MessageHeader).response.code = 'fatal-error') and Bundle.entry.resource.ofType(OperationOutcome).exists())","warningOnly":false}},{"assert":{"description":"Confirm that the role is set to revision. Not used when testing the first message in a stream","direction":"request","expression":"Bundle.entry.resource.ofType(Provenance).entity.role","operator":"equals","value":"revision","warningOnly":false}},{"assert":{"description":"Confirm that the target reference in Provenance equals MessageHeader.id","direction":"request","expression":"Bundle.entry.resource.ofType(Provenance).where(target.reference = %resource.entry[0].fullUrl).exists()","warningOnly":false}},{"assert":{"description":"Confirm that 2 Provenance instances exists.","direction":"request","expression":"Bundle.entry.resource.ofType(Provenance).count() = 2","warningOnly":false}},{"assert":{"description":"Confirm that the one Provenance instance contains the expected activity code.","direction":"request","expression":"Bundle.entry.resource.ofType(Provenance).where(activity.coding.code = 'acknowledgement').count() = 1","warningOnly":false}}]}]}