{"resourceType":"TestScript","id":"acknowledgement-receive-fatal-error-duplicate","meta":{"profile":["http://touchstone.aegis.net/touchstone/fhir/testing/StructureDefinition/testscript"]},"url":"http://medcomfhir.dk/ig/acknowledgementtestscript/acknowledgement-receive-fatal-error-duplicate","version":"2.0.0","name":"AcknowledgementTestScript","title":"Receive duplicate acknowledgement - Fatal Error","status":"active","date":"2023-05-25","publisher":"MedCom","contact":[{"name":"MedCom","telecom":[{"system":"email","value":"mailto:fhir@medcom.dk"}]}],"description":"Receive duplicate acknowledgement - Fatal Error","copyright":"MedCom 2023","origin":[{"index":1,"profile":{"system":"http://terminology.hl7.org/CodeSystem/testscript-profile-origin-types","code":"FHIR-Client"}}],"destination":[{"index":1,"profile":{"system":"http://terminology.hl7.org/CodeSystem/testscript-profile-destination-types","code":"FHIR-Server"}}],"fixture":[{"id":"create-fatal-error-01","autocreate":false,"autodelete":false,"resource":{"reference":"/FHIRSandbox/MedCom/Acknowledgement/draft/Receive/Fixtures/Acknowledgement-fixture-fatal-error.xml"}},{"id":"create-fatal-error2-02","autocreate":false,"autodelete":false,"resource":{"reference":"/FHIRSandbox/MedCom/Acknowledgement/draft/Receive/Fixtures/Acknowledgement-fixture-fatal-error.xml"}}],"variable":[{"name":"destinationUri-fatal-error","expression":"Bundle.entry.resource.ofType(MessageHeader).destination.endpoint","sourceId":"create-fatal-error-01"},{"name":"bundleid-fatal-error-01","expression":"Bundle.id","sourceId":"create-fatal-error-01"},{"name":"messageHeaderid-fatal-error","expression":"Bundle.entry[0].fullUrl","sourceId":"create-fatal-error-01"},{"name":"destinationUri-fatal-error2","expression":"Bundle.entry.resource.ofType(MessageHeader).destination.endpoint","sourceId":"create-fatal-error2-02"},{"name":"bundleid-fatal-error2-02","expression":"Bundle.id","sourceId":"create-fatal-error2-02"},{"name":"messageHeaderid-fatal-error2","expression":"Bundle.entry[0].fullUrl","sourceId":"create-fatal-error2-02"}],"setup":{"action":[{"operation":{"type":{"system":"http://terminology.hl7.org/CodeSystem/testscript-operation-codes","code":"delete"},"resource":"Bundle","description":"System-generated search and delete operations from conditional delete on Bundle MessageHeader.destination.endpoint","accept":"xml","encodeRequestUrl":true,"params":"?message.destination-uri=${destinationUri-fatal-error}"}},{"operation":{"type":{"system":"http://terminology.hl7.org/CodeSystem/testscript-operation-codes","code":"create"},"resource":"Bundle","description":"Create the Bundle resource in XML format on the destination server.","accept":"xml","contentType":"xml","encodeRequestUrl":true,"sourceId":"create-fatal-error-01"}},{"operation":{"type":{"system":"http://terminology.hl7.org/CodeSystem/testscript-operation-codes","code":"updateCreate"},"resource":"Bundle","description":"Update the Bundle.id in XML format on the destination server, so it corresponds to $bundleid-fatal-error-01.","accept":"xml","contentType":"xml","encodeRequestUrl":true,"params":"/${bundleid-fatal-error-01}","sourceId":"create-fatal-error-01"}},{"assert":{"description":"Confirm that the returned HTTP status is okay or created.","direction":"response","operator":"in","responseCode":"200,201","warningOnly":false}},{"operation":{"type":{"system":"http://terminology.hl7.org/CodeSystem/testscript-operation-codes","code":"create"},"resource":"Bundle","description":"Create the Bundle resource in XML format on the destination server.","accept":"xml","contentType":"xml","encodeRequestUrl":true,"sourceId":"create-fatal-error2-02"}},{"operation":{"type":{"system":"http://terminology.hl7.org/CodeSystem/testscript-operation-codes","code":"updateCreate"},"resource":"Bundle","description":"Update the Bundle.id in XML format on the destination server, so it corresponds to $bundleid-fatal-error2-02.","accept":"xml","contentType":"xml","encodeRequestUrl":true,"params":"/${bundleid-fatal-error2-02}","sourceId":"create-fatal-error2-02"}},{"assert":{"description":"Confirm that the returned HTTP status is okay or created.","direction":"response","operator":"in","responseCode":"200,201","warningOnly":false}}]},"test":[{"id":"message-read-fatal-error-01","name":"Get a fatal-error message 01","description":"GET a message. The expected response is a 200(OK) with a payload of the message resource in XML format.","action":[{"operation":{"type":{"system":"http://terminology.hl7.org/CodeSystem/testscript-operation-codes","code":"read"},"resource":"Bundle","description":"Receive message","accept":"xml","destination":1,"encodeRequestUrl":true,"origin":1,"params":"/${bundleid-fatal-error-01}"}},{"assert":{"description":"Confirm that the returned HTTP status is okay or created.","direction":"response","operator":"in","responseCode":"200,201","warningOnly":false}}]},{"id":"message-read-fatal-error2-02","name":"Get a fatal-error2 message 02","description":"GET a message. The expected response is a 200(OK) with a payload of the message resource in XML format.","action":[{"operation":{"type":{"system":"http://terminology.hl7.org/CodeSystem/testscript-operation-codes","code":"read"},"resource":"Bundle","description":"Receive message","accept":"xml","destination":1,"encodeRequestUrl":true,"origin":1,"params":"/${bundleid-fatal-error2-02}"}},{"assert":{"description":"Confirm that the returned HTTP status is okay or created.","direction":"response","operator":"in","responseCode":"200,201","warningOnly":false}}]}]}