<?xml version="1.0" encoding="UTF-8"?>

<MessageHeader xmlns="http://hl7.org/fhir">
  <id value="4dff3695-218d-4878-838a-5f23cbba6f82"/>
  <meta>
    <profile value="http://medcomfhir.dk/ig/carecommunication/StructureDefinition/medcom-careCommunication-messageHeader"/>
  </meta>
  <text>
    <status value="generated"/><div xmlns="http://www.w3.org/1999/xhtml"><p class="res-header-id"><b>Generated Narrative: MessageHeader 4dff3695-218d-4878-838a-5f23cbba6f82</b></p><a name="4dff3695-218d-4878-838a-5f23cbba6f82"> </a><a name="hc4dff3695-218d-4878-838a-5f23cbba6f82"> </a><a name="4dff3695-218d-4878-838a-5f23cbba6f82-da-DK"> </a><p><b>event</b>: <a href="http://medcomfhir.dk/ig/terminology/1.7.0/CodeSystem-medcom-messaging-eventCodes.html#medcom-messaging-eventCodes-care-communication-message">MedComMessagingEventCodes care-communication-message</a>: Care Communication Message</p><h3>Destinations</h3><table class="grid"><tr><td style="display: none">-</td><td><b>Extension</b></td><td><b>Endpoint</b></td><td><b>Receiver</b></td></tr><tr><td style="display: none">*</td><td/><td><a href="https://sor2.sum.dsdn.dk/#id=953741000016009">https://sor2.sum.dsdn.dk/#id=953741000016009</a></td><td><a href="Organization-f20f31cd-5dd2-4a80-ab00-97f7109864a7.html">Organization Plejecenter Herlev</a></td></tr></table><p><b>sender</b>: <a href="Organization-82210440-6826-44fc-9fc8-2a29bab6a5c2.html">Organization Hjerteafdelingen på Herlev og Gentofte hospital</a></p><h3>Sources</h3><table class="grid"><tr><td style="display: none">-</td><td><b>Endpoint</b></td></tr><tr><td style="display: none">*</td><td><a href="https://sor2.sum.dsdn.dk/#id=265161000016000">https://sor2.sum.dsdn.dk/#id=265161000016000</a></td></tr></table><p><b>focus</b>: <a href="Communication-d2b79da8-acda-4985-a8ad-5ed7ec9a2800.html">Communication: identifier = urn:uuid:b2eb3d0e-5de5-4de9-b2a3-0ff321ad1c3a; status = unknown; category = Examination Results; topic = </a></p><p><b>definition</b>: <code>http://medcomfhir.dk/ig/carecommunication/medcom-careCommunication-message-definition|4.0.0</code></p></div>
  </text>
  <eventCoding>
    <system value="http://medcomfhir.dk/ig/terminology/CodeSystem/medcom-messaging-eventCodes"/>
    <code value="care-communication-message"/>
  </eventCoding>
  <destination>
    <extension url="http://medcomfhir.dk/ig/messaging/StructureDefinition/medcom-messaging-destinationUseExtension">
      <valueCoding>
        <system value="http://medcomfhir.dk/ig/terminology/CodeSystem/medcom-messaging-destinationUse"/>
        <code value="primary"/>
      </valueCoding>
    </extension>
    <endpoint value="https://sor2.sum.dsdn.dk/#id=953741000016009"/>
    <receiver>
      <reference value="Organization/f20f31cd-5dd2-4a80-ab00-97f7109864a7"/>
    </receiver>
  </destination>
  <sender>
    <reference value="Organization/82210440-6826-44fc-9fc8-2a29bab6a5c2"/>
  </sender>
  <source>
    <endpoint value="https://sor2.sum.dsdn.dk/#id=265161000016000"/>
  </source>
  <focus>
    <reference value="Communication/d2b79da8-acda-4985-a8ad-5ed7ec9a2800"/>
  </focus>
  <definition value="http://medcomfhir.dk/ig/carecommunication/medcom-careCommunication-message-definition|4.0.0"/>
</MessageHeader>