{
  "resourceType" : "ValueSet",
  "id" : "77d4b82a-9d7d-42fb-bbaf-0785bcef9aaf-50",
  "url" : "http://hl7.org/fhir/comparison/ValueSet/77d4b82a-9d7d-42fb-bbaf-0785bcef9aaf-50",
  "name" : "UnionSNOMEDCTClinicalFindingsAndSNOMEDCTClinicalFindings",
  "title" : "Union of SNOMED CT Clinical Findings And SNOMED CT Clinical Findings",
  "status" : "draft",
  "date" : "2025-09-29T07:40:24+00:00",
  "compose" : {
    "include" : [{
      "filter" : [{
        "property" : "concept",
        "op" : "is-a",
        "value" : "404684003"
      }]
    }]
  }
}