{
  "resourceType" : "ValueSet",
  "id" : "77d4b82a-9d7d-42fb-bbaf-0785bcef9aaf-72",
  "url" : "http://hl7.org/fhir/comparison/ValueSet/77d4b82a-9d7d-42fb-bbaf-0785bcef9aaf-72",
  "name" : "IntersectionMedComCareCommunicationMessageActivitiesAndMedComCareCommunicationMessageActivities",
  "title" : "Intersection of MedComCareCommunicationMessageActivityCodes And MedComCareCommunicationMessageActivityCodes",
  "status" : "active",
  "date" : "2025-09-29T07:40:24+00:00",
  "jurisdiction" : [{
    "coding" : [{
      "system" : "urn:iso:std:iso:3166",
      "code" : "DK",
      "display" : "Denmark"
    }]
  }],
  "compose" : {
    "include" : [{
      "concept" : [{
        "code" : "new-message"
      },
      {
        "code" : "reply-message"
      },
      {
        "code" : "forward-message"
      }]
    }]
  }
}