{
  "resourceType" : "ValueSet",
  "id" : "1d00adef-d6c6-4af7-a8a6-a137daa287b1-18",
  "url" : "http://hl7.org/fhir/comparison/ValueSet/1d00adef-d6c6-4af7-a8a6-a137daa287b1-18",
  "name" : "IntersectionParticipationModeAndParticipationMode",
  "title" : "Intersection of ParticipationMode And ParticipationMode",
  "status" : "active",
  "date" : "2025-09-29T07:16:22+00:00",
  "compose" : {
    "include" : [{
      "concept" : [{
        "code" : "PHYSICAL"
      },
      {
        "code" : "REMOTE"
      }]
    },
    {
      "valueSet" : ["http://terminology.hl7.org/ValueSet/v3-ParticipationModeVerbal"]
    },
    {
      "valueSet" : ["http://terminology.hl7.org/ValueSet/v3-ParticipationModeWritten"]
    },
    {
      "valueSet" : ["http://terminology.hl7.org/ValueSet/v3-ParticipationModeElectronicData"]
    },
    {
      "valueSet" : ["http://terminology.hl7.org/ValueSet/v3-xPhysicalVerbalParticipationMode"]
    }]
  }
}