{
  "resourceType" : "ValueSet",
  "id" : "77d4b82a-9d7d-42fb-bbaf-0785bcef9aaf-41",
  "url" : "http://hl7.org/fhir/comparison/ValueSet/77d4b82a-9d7d-42fb-bbaf-0785bcef9aaf-41",
  "name" : "UnionActPriorityAndActPriority",
  "title" : "Union of ActPriority And ActPriority",
  "status" : "active",
  "date" : "2025-09-29T07:40:24+00:00",
  "compose" : {
    "include" : [{
      "concept" : [{
        "code" : "A"
      },
      {
        "code" : "CR"
      },
      {
        "code" : "EL"
      },
      {
        "code" : "EM"
      },
      {
        "code" : "P"
      },
      {
        "code" : "PRN"
      },
      {
        "code" : "R"
      },
      {
        "code" : "RR"
      },
      {
        "code" : "S"
      },
      {
        "code" : "T"
      },
      {
        "code" : "UD"
      },
      {
        "code" : "UR"
      }]
    },
    {
      "valueSet" : ["http://terminology.hl7.org/ValueSet/v3-ActPriorityCallback"]
    },
    {
      "valueSet" : ["http://terminology.hl7.org/ValueSet/v3-xEncounterAdmissionUrgency"]
    }]
  }
}