{
  "resourceType" : "CodeSystem",
  "id" : "medcom-core-PractitionerRolesSKSadministrativ",
  "text" : {
    "status" : "generated",
    "div" : "<div xmlns=\"http://www.w3.org/1999/xhtml\"><p class=\"res-header-id\"><b>Generated Narrative: CodeSystem medcom-core-PractitionerRolesSKSadministrativ</b></p><a name=\"medcom-core-PractitionerRolesSKSadministrativ\"> </a><a name=\"hcmedcom-core-PractitionerRolesSKSadministrativ\"> </a><p><b>Properties</b></p><p><b>This code system defines the following properties for its concepts</b></p><table class=\"grid\"><tr><td><b>Name</b></td><td><b>Code</b></td><td><b>URI</b></td><td><b>Type</b></td><td><b>Description</b></td></tr><tr><td>status</td><td>status</td><td>http://hl7.org/fhir/concept-properties#status</td><td>code</td><td>A property that indicates the status of the concept. One of active, experimental, deprecated, or retired.</td></tr><tr><td>effectiveDate</td><td>effectiveDate</td><td>http://hl7.org/fhir/concept-properties#effectiveDate</td><td>dateTime</td><td>The date at which the concept status was last changed.</td></tr></table><p><b>Concepts</b></p><p>This case-insensitive code system <code>http://medcomfhir.dk/ig/terminology/CodeSystem/medcom-core-PractitionerRolesSKSadministrativ</code> defines the following codes:</p><table class=\"codes\"><tr><td style=\"white-space:nowrap\"><b>Code</b></td><td><b>Display</b></td><td><b>status</b></td><td><b>effectiveDate</b></td></tr><tr><td style=\"white-space:nowrap\">speciallaege<a name=\"medcom-core-PractitionerRolesSKSadministrativ-speciallaege\"> </a></td><td>Speciallæge</td><td>active</td><td>2022-10-05</td></tr><tr><td style=\"white-space:nowrap\">speciallaegeipraksis<a name=\"medcom-core-PractitionerRolesSKSadministrativ-speciallaegeipraksis\"> </a></td><td>Speciallæge i praksis</td><td>active</td><td>2022-10-05</td></tr><tr><td style=\"white-space:nowrap\">cheflaege<a name=\"medcom-core-PractitionerRolesSKSadministrativ-cheflaege\"> </a></td><td>Cheflæge</td><td>active</td><td>2022-10-05</td></tr><tr><td style=\"white-space:nowrap\">overlaege<a name=\"medcom-core-PractitionerRolesSKSadministrativ-overlaege\"> </a></td><td>Overlæge</td><td>active</td><td>2022-10-05</td></tr><tr><td style=\"white-space:nowrap\">afdelingslaege<a name=\"medcom-core-PractitionerRolesSKSadministrativ-afdelingslaege\"> </a></td><td>Afdelingslæge</td><td>active</td><td>2022-10-05</td></tr><tr><td style=\"white-space:nowrap\">sygehuslaege<a name=\"medcom-core-PractitionerRolesSKSadministrativ-sygehuslaege\"> </a></td><td>Sygehuslæge</td><td>active</td><td>2022-10-05</td></tr><tr><td style=\"white-space:nowrap\">sygeplejerske<a name=\"medcom-core-PractitionerRolesSKSadministrativ-sygeplejerske\"> </a></td><td>Sygeplejerske</td><td>active</td><td>2022-10-05</td></tr><tr><td style=\"white-space:nowrap\">sundhedsplejerske<a name=\"medcom-core-PractitionerRolesSKSadministrativ-sundhedsplejerske\"> </a></td><td>Sundhedsplejerske</td><td>active</td><td>2022-10-05</td></tr><tr><td style=\"white-space:nowrap\">socialogsundhedsassistent<a name=\"medcom-core-PractitionerRolesSKSadministrativ-socialogsundhedsassistent\"> </a></td><td>Social- og sundhedsassistent</td><td>active</td><td>2022-10-05</td></tr><tr><td style=\"white-space:nowrap\">socialogsundhedsmedhjaelper<a name=\"medcom-core-PractitionerRolesSKSadministrativ-socialogsundhedsmedhjaelper\"> </a></td><td>Social- og sundhedsmedhjælper</td><td>active</td><td>2025-09-22</td></tr><tr style=\"background-color: #ffeeee\"><td style=\"white-space:nowrap\">socialogsundhedsmehjaelper<a name=\"medcom-core-PractitionerRolesSKSadministrativ-socialogsundhedsmehjaelper\"> </a></td><td>Social- og sundhedsmedhjælper</td><td>deprecated</td><td>2025-09-22</td></tr><tr><td style=\"white-space:nowrap\">sygehjaelper<a name=\"medcom-core-PractitionerRolesSKSadministrativ-sygehjaelper\"> </a></td><td>Sygehjælper</td><td>active</td><td>2022-10-05</td></tr><tr><td style=\"white-space:nowrap\">plejer<a name=\"medcom-core-PractitionerRolesSKSadministrativ-plejer\"> </a></td><td>Plejer</td><td>active</td><td>2022-10-05</td></tr><tr><td style=\"white-space:nowrap\">plejehjemsassistent<a name=\"medcom-core-PractitionerRolesSKSadministrativ-plejehjemsassistent\"> </a></td><td>Plejehjemsassistent</td><td>active</td><td>2022-10-05</td></tr><tr><td style=\"white-space:nowrap\">tandlaege<a name=\"medcom-core-PractitionerRolesSKSadministrativ-tandlaege\"> </a></td><td>Tandlæge</td><td>active</td><td>2022-10-05</td></tr><tr><td style=\"white-space:nowrap\">klinisktandtekniker<a name=\"medcom-core-PractitionerRolesSKSadministrativ-klinisktandtekniker\"> </a></td><td>Klinisk tandtekniker</td><td>active</td><td>2022-10-05</td></tr><tr><td style=\"white-space:nowrap\">tandplejer<a name=\"medcom-core-PractitionerRolesSKSadministrativ-tandplejer\"> </a></td><td>Tandplejer</td><td>active</td><td>2022-10-05</td></tr><tr><td style=\"white-space:nowrap\">farmaceut<a name=\"medcom-core-PractitionerRolesSKSadministrativ-farmaceut\"> </a></td><td>Farmaceut</td><td>active</td><td>2022-10-05</td></tr><tr><td style=\"white-space:nowrap\">apoteker<a name=\"medcom-core-PractitionerRolesSKSadministrativ-apoteker\"> </a></td><td>Apoteker</td><td>active</td><td>2022-10-05</td></tr><tr><td style=\"white-space:nowrap\">psykolog<a name=\"medcom-core-PractitionerRolesSKSadministrativ-psykolog\"> </a></td><td>Psykolog</td><td>active</td><td>2025-09-22</td></tr><tr style=\"background-color: #ffeeee\"><td style=\"white-space:nowrap\">pyskolog<a name=\"medcom-core-PractitionerRolesSKSadministrativ-pyskolog\"> </a></td><td>Psykolog</td><td>deprecated</td><td>2025-09-22</td></tr><tr><td style=\"white-space:nowrap\">jordemoder<a name=\"medcom-core-PractitionerRolesSKSadministrativ-jordemoder\"> </a></td><td>Jordemoder</td><td>active</td><td>2022-10-05</td></tr><tr><td style=\"white-space:nowrap\">fysioterapeut<a name=\"medcom-core-PractitionerRolesSKSadministrativ-fysioterapeut\"> </a></td><td>Fysioterapeut</td><td>active</td><td>2022-10-05</td></tr><tr><td style=\"white-space:nowrap\">ergoterapeut<a name=\"medcom-core-PractitionerRolesSKSadministrativ-ergoterapeut\"> </a></td><td>Ergoterapeut</td><td>active</td><td>2022-10-05</td></tr><tr><td style=\"white-space:nowrap\">bioanalytiker<a name=\"medcom-core-PractitionerRolesSKSadministrativ-bioanalytiker\"> </a></td><td>Bioanalytiker</td><td>active</td><td>2022-10-05</td></tr><tr><td style=\"white-space:nowrap\">radiograf<a name=\"medcom-core-PractitionerRolesSKSadministrativ-radiograf\"> </a></td><td>Radiograf</td><td>active</td><td>2022-10-05</td></tr><tr><td style=\"white-space:nowrap\">diaetist<a name=\"medcom-core-PractitionerRolesSKSadministrativ-diaetist\"> </a></td><td>Diætist</td><td>active</td><td>2022-10-05</td></tr><tr><td style=\"white-space:nowrap\">diaetistassistent<a name=\"medcom-core-PractitionerRolesSKSadministrativ-diaetistassistent\"> </a></td><td>Diætistassistent</td><td>active</td><td>2022-10-05</td></tr><tr><td style=\"white-space:nowrap\">audilogiassistent<a name=\"medcom-core-PractitionerRolesSKSadministrativ-audilogiassistent\"> </a></td><td>Audilogiassistent</td><td>active</td><td>2022-10-05</td></tr><tr><td style=\"white-space:nowrap\">neurofysiologassistent<a name=\"medcom-core-PractitionerRolesSKSadministrativ-neurofysiologassistent\"> </a></td><td>Neurofysiologassistent</td><td>active</td><td>2022-10-05</td></tr><tr><td style=\"white-space:nowrap\">kiropraktor<a name=\"medcom-core-PractitionerRolesSKSadministrativ-kiropraktor\"> </a></td><td>Kiropraktor</td><td>active</td><td>2022-10-05</td></tr><tr><td style=\"white-space:nowrap\">zoneterapeut<a name=\"medcom-core-PractitionerRolesSKSadministrativ-zoneterapeut\"> </a></td><td>Zoneterapeut</td><td>active</td><td>2022-10-05</td></tr><tr><td style=\"white-space:nowrap\">psykoterapeut<a name=\"medcom-core-PractitionerRolesSKSadministrativ-psykoterapeut\"> </a></td><td>Psykoterapeut</td><td>active</td><td>2022-10-05</td></tr><tr><td style=\"white-space:nowrap\">audiologopaed<a name=\"medcom-core-PractitionerRolesSKSadministrativ-audiologopaed\"> </a></td><td>Audiologopæd</td><td>active</td><td>2022-10-05</td></tr><tr><td style=\"white-space:nowrap\">laegesekretaer<a name=\"medcom-core-PractitionerRolesSKSadministrativ-laegesekretaer\"> </a></td><td>Lægesekretær</td><td>active</td><td>2022-10-05</td></tr><tr><td style=\"white-space:nowrap\">ledendelaegesekretaer<a name=\"medcom-core-PractitionerRolesSKSadministrativ-ledendelaegesekretaer\"> </a></td><td>Ledende lægesekretær</td><td>active</td><td>2022-10-05</td></tr><tr><td style=\"white-space:nowrap\">sygeplejesekretaer<a name=\"medcom-core-PractitionerRolesSKSadministrativ-sygeplejesekretaer\"> </a></td><td>Sygeplejesekretær</td><td>active</td><td>2022-10-05</td></tr><tr style=\"background-color: #ffeeee\"><td style=\"white-space:nowrap\">sygeplejesekretear<a name=\"medcom-core-PractitionerRolesSKSadministrativ-sygeplejesekretear\"> </a></td><td>Sygeplejesekretær</td><td>deprecated</td><td>2022-10-05</td></tr><tr><td style=\"white-space:nowrap\">fodterapeut<a name=\"medcom-core-PractitionerRolesSKSadministrativ-fodterapeut\"> </a></td><td>Fodterapeut</td><td>active</td><td>2022-10-05</td></tr><tr><td style=\"white-space:nowrap\">socialraadgiver<a name=\"medcom-core-PractitionerRolesSKSadministrativ-socialraadgiver\"> </a></td><td>Socialrådgiver</td><td>active</td><td>2022-10-05</td></tr><tr><td style=\"white-space:nowrap\">ledendesocialraadgiver<a name=\"medcom-core-PractitionerRolesSKSadministrativ-ledendesocialraadgiver\"> </a></td><td>Ledende socialrådgiver</td><td>active</td><td>2022-10-05</td></tr><tr><td style=\"white-space:nowrap\">laerer<a name=\"medcom-core-PractitionerRolesSKSadministrativ-laerer\"> </a></td><td>Lærer</td><td>active</td><td>2022-10-05</td></tr><tr><td style=\"white-space:nowrap\">paedagog<a name=\"medcom-core-PractitionerRolesSKSadministrativ-paedagog\"> </a></td><td>Pædagog</td><td>active</td><td>2022-10-05</td></tr><tr><td style=\"white-space:nowrap\">beskaeftigelsesvejleder<a name=\"medcom-core-PractitionerRolesSKSadministrativ-beskaeftigelsesvejleder\"> </a></td><td>Beskæftigelsesvejleder</td><td>active</td><td>2022-10-05</td></tr><tr><td style=\"white-space:nowrap\">bandagist<a name=\"medcom-core-PractitionerRolesSKSadministrativ-bandagist\"> </a></td><td>Bandagist</td><td>active</td><td>2022-10-05</td></tr><tr><td style=\"white-space:nowrap\">skomager<a name=\"medcom-core-PractitionerRolesSKSadministrativ-skomager\"> </a></td><td>Skomager</td><td>active</td><td>2022-10-05</td></tr><tr><td style=\"white-space:nowrap\">optiker<a name=\"medcom-core-PractitionerRolesSKSadministrativ-optiker\"> </a></td><td>Optiker</td><td>active</td><td>2022-10-05</td></tr></table></div>"
  },
  "url" : "http://medcomfhir.dk/ig/terminology/CodeSystem/medcom-core-PractitionerRolesSKSadministrativ",
  "version" : "2.0.0",
  "name" : "MedComCorePractitionerRolesSKSadministrativ",
  "title" : "MedComCorePractitionerRolesSKSadministrativ",
  "status" : "active",
  "experimental" : false,
  "date" : "2025-09-22",
  "publisher" : "MedCom",
  "contact" : [{
    "name" : "MedCom",
    "telecom" : [{
      "system" : "url",
      "value" : "http://www.medcom.dk"
    }]
  }],
  "description" : "CodeSystem containing codes for practionerroles (Danish:Stillingsbetegnelser) from [SKS Administrativt-Personaleklassifikation](https://medinfo.dk/sks/brows.php?s_nod=924).",
  "jurisdiction" : [{
    "coding" : [{
      "system" : "urn:iso:std:iso:3166",
      "code" : "DK",
      "display" : "Denmark"
    }]
  }],
  "caseSensitive" : false,
  "content" : "complete",
  "count" : 47,
  "property" : [{
    "code" : "status",
    "uri" : "http://hl7.org/fhir/concept-properties#status",
    "description" : "A property that indicates the status of the concept. One of active, experimental, deprecated, or retired.",
    "type" : "code"
  },
  {
    "code" : "effectiveDate",
    "uri" : "http://hl7.org/fhir/concept-properties#effectiveDate",
    "description" : "The date at which the concept status was last changed.",
    "type" : "dateTime"
  }],
  "concept" : [{
    "code" : "speciallaege",
    "display" : "Speciallæge",
    "property" : [{
      "code" : "status",
      "valueCode" : "active"
    },
    {
      "code" : "effectiveDate",
      "valueDateTime" : "2022-10-05"
    }]
  },
  {
    "code" : "speciallaegeipraksis",
    "display" : "Speciallæge i praksis",
    "property" : [{
      "code" : "status",
      "valueCode" : "active"
    },
    {
      "code" : "effectiveDate",
      "valueDateTime" : "2022-10-05"
    }]
  },
  {
    "code" : "cheflaege",
    "display" : "Cheflæge",
    "property" : [{
      "code" : "status",
      "valueCode" : "active"
    },
    {
      "code" : "effectiveDate",
      "valueDateTime" : "2022-10-05"
    }]
  },
  {
    "code" : "overlaege",
    "display" : "Overlæge",
    "property" : [{
      "code" : "status",
      "valueCode" : "active"
    },
    {
      "code" : "effectiveDate",
      "valueDateTime" : "2022-10-05"
    }]
  },
  {
    "code" : "afdelingslaege",
    "display" : "Afdelingslæge",
    "property" : [{
      "code" : "status",
      "valueCode" : "active"
    },
    {
      "code" : "effectiveDate",
      "valueDateTime" : "2022-10-05"
    }]
  },
  {
    "code" : "sygehuslaege",
    "display" : "Sygehuslæge",
    "property" : [{
      "code" : "status",
      "valueCode" : "active"
    },
    {
      "code" : "effectiveDate",
      "valueDateTime" : "2022-10-05"
    }]
  },
  {
    "code" : "sygeplejerske",
    "display" : "Sygeplejerske",
    "property" : [{
      "code" : "status",
      "valueCode" : "active"
    },
    {
      "code" : "effectiveDate",
      "valueDateTime" : "2022-10-05"
    }]
  },
  {
    "code" : "sundhedsplejerske",
    "display" : "Sundhedsplejerske",
    "property" : [{
      "code" : "status",
      "valueCode" : "active"
    },
    {
      "code" : "effectiveDate",
      "valueDateTime" : "2022-10-05"
    }]
  },
  {
    "code" : "socialogsundhedsassistent",
    "display" : "Social- og sundhedsassistent",
    "property" : [{
      "code" : "status",
      "valueCode" : "active"
    },
    {
      "code" : "effectiveDate",
      "valueDateTime" : "2022-10-05"
    }]
  },
  {
    "code" : "socialogsundhedsmedhjaelper",
    "display" : "Social- og sundhedsmedhjælper",
    "property" : [{
      "code" : "status",
      "valueCode" : "active"
    },
    {
      "code" : "effectiveDate",
      "valueDateTime" : "2025-09-22"
    }]
  },
  {
    "code" : "socialogsundhedsmehjaelper",
    "display" : "Social- og sundhedsmedhjælper",
    "property" : [{
      "code" : "status",
      "valueCode" : "deprecated"
    },
    {
      "code" : "effectiveDate",
      "valueDateTime" : "2025-09-22"
    }]
  },
  {
    "code" : "sygehjaelper",
    "display" : "Sygehjælper",
    "property" : [{
      "code" : "status",
      "valueCode" : "active"
    },
    {
      "code" : "effectiveDate",
      "valueDateTime" : "2022-10-05"
    }]
  },
  {
    "code" : "plejer",
    "display" : "Plejer",
    "property" : [{
      "code" : "status",
      "valueCode" : "active"
    },
    {
      "code" : "effectiveDate",
      "valueDateTime" : "2022-10-05"
    }]
  },
  {
    "code" : "plejehjemsassistent",
    "display" : "Plejehjemsassistent",
    "property" : [{
      "code" : "status",
      "valueCode" : "active"
    },
    {
      "code" : "effectiveDate",
      "valueDateTime" : "2022-10-05"
    }]
  },
  {
    "code" : "tandlaege",
    "display" : "Tandlæge",
    "property" : [{
      "code" : "status",
      "valueCode" : "active"
    },
    {
      "code" : "effectiveDate",
      "valueDateTime" : "2022-10-05"
    }]
  },
  {
    "code" : "klinisktandtekniker",
    "display" : "Klinisk tandtekniker",
    "property" : [{
      "code" : "status",
      "valueCode" : "active"
    },
    {
      "code" : "effectiveDate",
      "valueDateTime" : "2022-10-05"
    }]
  },
  {
    "code" : "tandplejer",
    "display" : "Tandplejer",
    "property" : [{
      "code" : "status",
      "valueCode" : "active"
    },
    {
      "code" : "effectiveDate",
      "valueDateTime" : "2022-10-05"
    }]
  },
  {
    "code" : "farmaceut",
    "display" : "Farmaceut",
    "property" : [{
      "code" : "status",
      "valueCode" : "active"
    },
    {
      "code" : "effectiveDate",
      "valueDateTime" : "2022-10-05"
    }]
  },
  {
    "code" : "apoteker",
    "display" : "Apoteker",
    "property" : [{
      "code" : "status",
      "valueCode" : "active"
    },
    {
      "code" : "effectiveDate",
      "valueDateTime" : "2022-10-05"
    }]
  },
  {
    "code" : "psykolog",
    "display" : "Psykolog",
    "property" : [{
      "code" : "status",
      "valueCode" : "active"
    },
    {
      "code" : "effectiveDate",
      "valueDateTime" : "2025-09-22"
    }]
  },
  {
    "code" : "pyskolog",
    "display" : "Psykolog",
    "property" : [{
      "code" : "status",
      "valueCode" : "deprecated"
    },
    {
      "code" : "effectiveDate",
      "valueDateTime" : "2025-09-22"
    }]
  },
  {
    "code" : "jordemoder",
    "display" : "Jordemoder",
    "property" : [{
      "code" : "status",
      "valueCode" : "active"
    },
    {
      "code" : "effectiveDate",
      "valueDateTime" : "2022-10-05"
    }]
  },
  {
    "code" : "fysioterapeut",
    "display" : "Fysioterapeut",
    "property" : [{
      "code" : "status",
      "valueCode" : "active"
    },
    {
      "code" : "effectiveDate",
      "valueDateTime" : "2022-10-05"
    }]
  },
  {
    "code" : "ergoterapeut",
    "display" : "Ergoterapeut",
    "property" : [{
      "code" : "status",
      "valueCode" : "active"
    },
    {
      "code" : "effectiveDate",
      "valueDateTime" : "2022-10-05"
    }]
  },
  {
    "code" : "bioanalytiker",
    "display" : "Bioanalytiker",
    "property" : [{
      "code" : "status",
      "valueCode" : "active"
    },
    {
      "code" : "effectiveDate",
      "valueDateTime" : "2022-10-05"
    }]
  },
  {
    "code" : "radiograf",
    "display" : "Radiograf",
    "property" : [{
      "code" : "status",
      "valueCode" : "active"
    },
    {
      "code" : "effectiveDate",
      "valueDateTime" : "2022-10-05"
    }]
  },
  {
    "code" : "diaetist",
    "display" : "Diætist",
    "property" : [{
      "code" : "status",
      "valueCode" : "active"
    },
    {
      "code" : "effectiveDate",
      "valueDateTime" : "2022-10-05"
    }]
  },
  {
    "code" : "diaetistassistent",
    "display" : "Diætistassistent",
    "property" : [{
      "code" : "status",
      "valueCode" : "active"
    },
    {
      "code" : "effectiveDate",
      "valueDateTime" : "2022-10-05"
    }]
  },
  {
    "code" : "audilogiassistent",
    "display" : "Audilogiassistent",
    "property" : [{
      "code" : "status",
      "valueCode" : "active"
    },
    {
      "code" : "effectiveDate",
      "valueDateTime" : "2022-10-05"
    }]
  },
  {
    "code" : "neurofysiologassistent",
    "display" : "Neurofysiologassistent",
    "property" : [{
      "code" : "status",
      "valueCode" : "active"
    },
    {
      "code" : "effectiveDate",
      "valueDateTime" : "2022-10-05"
    }]
  },
  {
    "code" : "kiropraktor",
    "display" : "Kiropraktor",
    "property" : [{
      "code" : "status",
      "valueCode" : "active"
    },
    {
      "code" : "effectiveDate",
      "valueDateTime" : "2022-10-05"
    }]
  },
  {
    "code" : "zoneterapeut",
    "display" : "Zoneterapeut",
    "property" : [{
      "code" : "status",
      "valueCode" : "active"
    },
    {
      "code" : "effectiveDate",
      "valueDateTime" : "2022-10-05"
    }]
  },
  {
    "code" : "psykoterapeut",
    "display" : "Psykoterapeut",
    "property" : [{
      "code" : "status",
      "valueCode" : "active"
    },
    {
      "code" : "effectiveDate",
      "valueDateTime" : "2022-10-05"
    }]
  },
  {
    "code" : "audiologopaed",
    "display" : "Audiologopæd",
    "property" : [{
      "code" : "status",
      "valueCode" : "active"
    },
    {
      "code" : "effectiveDate",
      "valueDateTime" : "2022-10-05"
    }]
  },
  {
    "code" : "laegesekretaer",
    "display" : "Lægesekretær",
    "property" : [{
      "code" : "status",
      "valueCode" : "active"
    },
    {
      "code" : "effectiveDate",
      "valueDateTime" : "2022-10-05"
    }]
  },
  {
    "code" : "ledendelaegesekretaer",
    "display" : "Ledende lægesekretær",
    "property" : [{
      "code" : "status",
      "valueCode" : "active"
    },
    {
      "code" : "effectiveDate",
      "valueDateTime" : "2022-10-05"
    }]
  },
  {
    "code" : "sygeplejesekretaer",
    "display" : "Sygeplejesekretær",
    "property" : [{
      "code" : "status",
      "valueCode" : "active"
    },
    {
      "code" : "effectiveDate",
      "valueDateTime" : "2022-10-05"
    }]
  },
  {
    "code" : "sygeplejesekretear",
    "display" : "Sygeplejesekretær",
    "property" : [{
      "code" : "status",
      "valueCode" : "deprecated"
    },
    {
      "code" : "effectiveDate",
      "valueDateTime" : "2022-10-05"
    }]
  },
  {
    "code" : "fodterapeut",
    "display" : "Fodterapeut",
    "property" : [{
      "code" : "status",
      "valueCode" : "active"
    },
    {
      "code" : "effectiveDate",
      "valueDateTime" : "2022-10-05"
    }]
  },
  {
    "code" : "socialraadgiver",
    "display" : "Socialrådgiver",
    "property" : [{
      "code" : "status",
      "valueCode" : "active"
    },
    {
      "code" : "effectiveDate",
      "valueDateTime" : "2022-10-05"
    }]
  },
  {
    "code" : "ledendesocialraadgiver",
    "display" : "Ledende socialrådgiver",
    "property" : [{
      "code" : "status",
      "valueCode" : "active"
    },
    {
      "code" : "effectiveDate",
      "valueDateTime" : "2022-10-05"
    }]
  },
  {
    "code" : "laerer",
    "display" : "Lærer",
    "property" : [{
      "code" : "status",
      "valueCode" : "active"
    },
    {
      "code" : "effectiveDate",
      "valueDateTime" : "2022-10-05"
    }]
  },
  {
    "code" : "paedagog",
    "display" : "Pædagog",
    "property" : [{
      "code" : "status",
      "valueCode" : "active"
    },
    {
      "code" : "effectiveDate",
      "valueDateTime" : "2022-10-05"
    }]
  },
  {
    "code" : "beskaeftigelsesvejleder",
    "display" : "Beskæftigelsesvejleder",
    "property" : [{
      "code" : "status",
      "valueCode" : "active"
    },
    {
      "code" : "effectiveDate",
      "valueDateTime" : "2022-10-05"
    }]
  },
  {
    "code" : "bandagist",
    "display" : "Bandagist",
    "property" : [{
      "code" : "status",
      "valueCode" : "active"
    },
    {
      "code" : "effectiveDate",
      "valueDateTime" : "2022-10-05"
    }]
  },
  {
    "code" : "skomager",
    "display" : "Skomager",
    "property" : [{
      "code" : "status",
      "valueCode" : "active"
    },
    {
      "code" : "effectiveDate",
      "valueDateTime" : "2022-10-05"
    }]
  },
  {
    "code" : "optiker",
    "display" : "Optiker",
    "property" : [{
      "code" : "status",
      "valueCode" : "active"
    },
    {
      "code" : "effectiveDate",
      "valueDateTime" : "2022-10-05"
    }]
  }]
}