<?xml version="1.0" encoding="UTF-8"?>

<CodeSystem xmlns="http://hl7.org/fhir">
  <id value="medcom-messaging-eventCodes"/>
  <text>
    <status value="generated"/><div xmlns="http://www.w3.org/1999/xhtml"><p class="res-header-id"><b>Generated Narrative: CodeSystem medcom-messaging-eventCodes</b></p><a name="medcom-messaging-eventCodes"> </a><a name="hcmedcom-messaging-eventCodes"> </a><p><b>Properties</b></p><p><b>This code system defines the following properties for its concepts</b></p><table class="grid"><tr><td><b>Name</b></td><td><b>Code</b></td><td><b>URI</b></td><td><b>Type</b></td><td><b>Description</b></td></tr><tr><td>status</td><td>status</td><td>http://hl7.org/fhir/concept-properties#status</td><td>code</td><td>A property that indicates the status of the concept. One of active, experimental, deprecated, or retired.</td></tr><tr><td>effectiveDate</td><td>effectiveDate</td><td>http://hl7.org/fhir/concept-properties#effectiveDate</td><td>dateTime</td><td>The date at which the concept status was last changed.</td></tr></table><p><b>Concepts</b></p><p>This case-insensitive code system <code>http://medcomfhir.dk/ig/terminology/CodeSystem/medcom-messaging-eventCodes</code> defines the following codes:</p><table class="codes"><tr><td style="white-space:nowrap"><b>Code</b></td><td><b>Display</b></td><td><b>status</b></td><td><b>effectiveDate</b></td></tr><tr><td style="white-space:nowrap">empty-message<a name="medcom-messaging-eventCodes-empty-message"> </a></td><td>Message with no content</td><td>active</td><td>2022-10-05</td></tr><tr><td style="white-space:nowrap">care-communication-message<a name="medcom-messaging-eventCodes-care-communication-message"> </a></td><td>Care Communication Message</td><td>active</td><td>2024-11-07</td></tr><tr><td style="white-space:nowrap">hospital-notification-message<a name="medcom-messaging-eventCodes-hospital-notification-message"> </a></td><td>Hospital Notification Message</td><td>active</td><td>2022-10-05</td></tr><tr><td style="white-space:nowrap">acknowledgement-message<a name="medcom-messaging-eventCodes-acknowledgement-message"> </a></td><td>Acknowledgement Message</td><td>active</td><td>2022-10-05</td></tr><tr><td style="white-space:nowrap">homecareobservation-message<a name="medcom-messaging-eventCodes-homecareobservation-message"> </a></td><td>HomeCare Observation Message</td><td>active</td><td>2022-10-05</td></tr></table></div>
  </text>
  <url value="http://medcomfhir.dk/ig/terminology/CodeSystem/medcom-messaging-eventCodes"/>
  <version value="1.8.1"/>
  <name value="MedComMessageEventCodes"/>
  <title value="MedComMessagingEventCodes"/>
  <status value="active"/>
  <experimental value="false"/>
  <date value="2025-09-22"/>
  <publisher value="MedCom"/>
  <contact>
    <name value="MedCom"/>
    <telecom>
      <system value="url"/>
      <value value="http://www.medcom.dk"/>
    </telecom>
  </contact>
  <description value="CodeSystem including all types of MedCom messages"/>
  <jurisdiction>
    <coding>
      <system value="urn:iso:std:iso:3166"/>
      <code value="DK"/>
      <display value="Denmark"/>
    </coding>
  </jurisdiction>
  <caseSensitive value="false"/>
  <content value="complete"/>
  <count value="5"/>
  <property>
    <code value="status"/>
    <uri value="http://hl7.org/fhir/concept-properties#status"/>
    <description value="A property that indicates the status of the concept. One of active, experimental, deprecated, or retired."/>
    <type value="code"/>
  </property>
  <property>
    <code value="effectiveDate"/>
    <uri value="http://hl7.org/fhir/concept-properties#effectiveDate"/>
    <description value="The date at which the concept status was last changed."/>
    <type value="dateTime"/>
  </property>
  <concept>
    <code value="empty-message"/>
    <display value="Message with no content"/>
    <property>
      <code value="status"/>
      <valueCode value="active"/>
    </property>
    <property>
      <code value="effectiveDate"/>
      <valueDateTime value="2022-10-05"/>
    </property>
  </concept>
  <concept>
    <code value="care-communication-message"/>
    <display value="Care Communication Message"/>
    <property>
      <code value="status"/>
      <valueCode value="active"/>
    </property>
    <property>
      <code value="effectiveDate"/>
      <valueDateTime value="2024-11-07"/>
    </property>
  </concept>
  <concept>
    <code value="hospital-notification-message"/>
    <display value="Hospital Notification Message"/>
    <property>
      <code value="status"/>
      <valueCode value="active"/>
    </property>
    <property>
      <code value="effectiveDate"/>
      <valueDateTime value="2022-10-05"/>
    </property>
  </concept>
  <concept>
    <code value="acknowledgement-message"/>
    <display value="Acknowledgement Message"/>
    <property>
      <code value="status"/>
      <valueCode value="active"/>
    </property>
    <property>
      <code value="effectiveDate"/>
      <valueDateTime value="2022-10-05"/>
    </property>
  </concept>
  <concept>
    <code value="homecareobservation-message"/>
    <display value="HomeCare Observation Message"/>
    <property>
      <code value="status"/>
      <valueCode value="active"/>
    </property>
    <property>
      <code value="effectiveDate"/>
      <valueDateTime value="2022-10-05"/>
    </property>
  </concept>
</CodeSystem>