<?xml version="1.0" encoding="UTF-8"?>

<Encounter xmlns="http://hl7.org/fhir">
  <id value="f405ba2d-467a-4e92-9acc-9dc2a629760f"/>
  <meta>
    <profile value="http://medcomfhir.dk/ig/hospitalnotification/StructureDefinition/medcom-hospitalNotification-encounter"/>
  </meta>
  <text>
    <status value="generated"/><div xmlns="http://www.w3.org/1999/xhtml"><p><b>Generated Narrative: Encounter</b><a name="f405ba2d-467a-4e92-9acc-9dc2a629760f"> </a></p><div style="display: inline-block; background-color: #d9e0e7; padding: 6px; margin: 4px; border: 1px solid #8da1b4; border-radius: 5px; line-height: 60%"><p style="margin-bottom: 0px">Resource Encounter &quot;f405ba2d-467a-4e92-9acc-9dc2a629760f&quot; </p><p style="margin-bottom: 0px">Profile: <a href="StructureDefinition-medcom-hospitalNotification-encounter.html">MedComHospitalNotificationEncounter</a></p></div><p><b>status</b>: finished</p><p><b>class</b>: inpatient encounter (Details: http://terminology.hl7.org/CodeSystem/v3-ActCode code IMP = 'inpatient encounter', stated as 'null')</p><p><b>subject</b>: <a href="Patient-6841b54e-81cd-11ed-a1eb-0242ac120002.html">Patient/6841b54e-81cd-11ed-a1eb-0242ac120002</a> &quot; ELMER&quot;</p><p><b>episodeOfCare</b>: <span/></p><p><b>period</b>: 2022-12-07 12:00:00+0200 --&gt; 2022-12-18 09:45:30+0200</p><p><b>serviceProvider</b>: <a href="Organization-8d813af0-81cd-11ed-a1eb-0242ac120002.html">Organization/8d813af0-81cd-11ed-a1eb-0242ac120002</a> &quot;Hjerteafdelingen på Herlev og Gentofte hospital&quot;</p></div>
  </text>
  <status value="finished"/>
  <class>
    <system value="http://terminology.hl7.org/CodeSystem/v3-ActCode"/>
    <code value="IMP"/>
  </class>
  <subject>
    <reference value="Patient/6841b54e-81cd-11ed-a1eb-0242ac120002"/>
  </subject>
  <episodeOfCare>
    <identifier>
      <system value="https://www.esundhed.dk/Registre/Landspatientregisteret"/>
      <value value="urn:uuid:b0172334-fa5e-5dfe-acb8-2a5b7aee3143"/>
    </identifier>
  </episodeOfCare>
  <period>
    <start value="2022-12-07T12:00:00+02:00"/>
    <end value="2022-12-18T09:45:30+02:00"/>
  </period>
  <serviceProvider>
    <reference value="Organization/8d813af0-81cd-11ed-a1eb-0242ac120002"/>
  </serviceProvider>
</Encounter>