{
  "codeSystems" : [
    {
      "url" : "http://medcomfhir.dk/ig/terminology/CodeSystem/medcom-core-interpretation-codes",
      "version" : "2.0.0-draft",
      "status" : "active",
      "name" : "MedComCoreInterpretationCodes",
      "title" : "MedComCoreInterpretationCodes",
      "description" : "CodeSystem with code for interpretation of an observation",
      "uses" : {
      },
      "http://medcomfhir.dk/ig/terminology/2.0.0-draft/ValueSet-medcom-core-interpreation-valueset.html" : "MedComCoreInterpretationValueset"
    },
    {
      "url" : "http://medcomfhir.dk/ig/terminology/CodeSystem/medcom-observation-codes",
      "version" : "2.0.0-draft",
      "status" : "draft",
      "name" : "MedComObservationCodes",
      "title" : "MedComObservationCodes",
      "description" : "CodeSystem with observations codes used in HomeCareObservation",
      "uses" : {
      },
      "http://medcomfhir.dk/ig/terminology/2.0.0-draft/ValueSet-medcom-observation-valueset.html" : "MedComObservationValueSet"
    },
    {
      "url" : "http://terminology.hl7.org/CodeSystem/v3-ObservationInterpretation",
      "version" : "3.0.0",
      "status" : "active",
      "name" : "ObservationInterpretation",
      "title" : "ObservationInterpretation",
      "description" : "One or more codes providing a rough qualitative interpretation of the observation, such as \"normal\" / \"abnormal\", \"low\" / \"high\", \"better\" / \"worse\", \"resistant\" / \"susceptible\", \"expected\" / \"not expected\". The value set is intended to be for ANY use where coded representation of an interpretation is needed.",
      "oids" : ["2.16.840.1.113883.5.83"],
      "uses" : {
      },
      "http://medcomfhir.dk/ig/terminology/2.0.0-draft/ValueSet-medcom-core-interpreation-valueset.html" : "MedComCoreInterpretationValueset"
    },
    {
      "url" : "urn:oid:1.2.208.176.2.1",
      "version" : "2.0.0-draft",
      "status" : "draft",
      "name" : "NPUObservationCodes",
      "title" : "NPUObservationCodes",
      "description" : "CodeSystem with NPU observation codes",
      "oids" : ["1.2.208.176.2.1"],
      "uses" : {
      },
      "http://medcomfhir.dk/ig/terminology/2.0.0-draft/ValueSet-npu-observation-codes-valueset.html" : "NPUObservationCodesValueSet"
    }
  ]
}
