{
  "codeSystems" : [
    {
      "url" : "http://hl7.dk/fhir/core/ValueSet/dk-core-TechniquesSCTCodes",
      "version" : "3.4.0",
      "status" : "active",
      "name" : "TechniquesSCTCodes",
      "title" : "DK TechniquesSCTCodes",
      "description" : "SNOMED CT Codes for the technique used when obtaining an observation",
      "systems" : ["http://snomed.info/sct"],
      "uses" : {
      },
      "StructureDefinition-medcom-homecare-observation.html" : "MedComHomeCareObservation"
    },
    {
      "url" : "http://hl7.org/fhir/ValueSet/body-site",
      "version" : "4.0.1",
      "status" : "draft",
      "name" : "SNOMEDCTBodyStructures",
      "title" : "SNOMED CT Body Structures",
      "description" : "This value set includes all codes from [SNOMED CT](http://snomed.info/sct) where concept is-a 442083009 (Anatomical or acquired body site (body structure)).",
      "systems" : ["http://snomed.info/sct"],
      "oids" : ["2.16.840.1.113883.4.642.3.141"],
      "sources" : ["2.16.840.1.113883.4.642.3.141"],
      "uses" : {
      },
      "StructureDefinition-medcom-homecare-observation.html" : "MedComHomeCareObservation"
    },
    {
      "url" : "http://hl7.org/fhir/ValueSet/bundle-type",
      "version" : "4.0.1",
      "status" : "active",
      "name" : "BundleType",
      "title" : "BundleType",
      "description" : "Indicates the purpose of a bundle - how it is intended to be used.",
      "systems" : ["http://hl7.org/fhir/bundle-type"],
      "oids" : ["2.16.840.1.113883.4.642.3.620"],
      "sources" : ["2.16.840.1.113883.4.642.3.620"],
      "uses" : {
      },
      "StructureDefinition-medcom-homecareobservation-message.html" : "MedComHomeCareObservationMessage"
    },
    {
      "url" : "http://hl7.org/fhir/ValueSet/clinical-findings",
      "version" : "4.0.1",
      "status" : "draft",
      "name" : "SNOMEDCTClinicalFindings",
      "title" : "SNOMED CT Clinical Findings",
      "description" : "This value set includes all the \"Clinical finding\" [SNOMED CT](http://snomed.info/sct) codes - concepts where concept is-a 404684003 (Clinical finding (finding)).",
      "systems" : ["http://snomed.info/sct"],
      "oids" : ["2.16.840.1.113883.4.642.3.232"],
      "sources" : ["2.16.840.1.113883.4.642.3.232"],
      "uses" : {
      },
      "StructureDefinition-medcom-homecareobservation-diagnosticreport.html" : "MedComHomeCareObservationDiagnosticReport"
    },
    {
      "url" : "http://hl7.org/fhir/ValueSet/common-tags",
      "version" : "4.0.1",
      "status" : "draft",
      "name" : "CommonTags",
      "title" : "Common Tags",
      "description" : "Common Tag Codes defined by FHIR project",
      "systems" : ["http://terminology.hl7.org/CodeSystem/common-tags"],
      "oids" : ["2.16.840.1.113883.4.642.3.79"],
      "sources" : ["2.16.840.1.113883.4.642.3.79"],
      "uses" : {
      },
      "StructureDefinition-medcom-homecareobservation-diagnosticreport.html" : "MedComHomeCareObservationDiagnosticReport"
    },
    {
      "url" : "http://hl7.org/fhir/ValueSet/data-absent-reason",
      "version" : "4.0.1",
      "status" : "active",
      "name" : "DataAbsentReason",
      "title" : "DataAbsentReason",
      "description" : "Used to specify why the normally expected content of the data element is missing.",
      "systems" : ["http://terminology.hl7.org/CodeSystem/data-absent-reason"],
      "oids" : ["2.16.840.1.113883.4.642.3.5"],
      "sources" : ["2.16.840.1.113883.4.642.3.5"],
      "uses" : {
      },
      "StructureDefinition-medcom-homecare-observation.html" : "MedComHomeCareObservation"
    },
    {
      "url" : "http://hl7.org/fhir/ValueSet/diagnostic-service-sections",
      "version" : "4.0.1",
      "status" : "draft",
      "name" : "DiagnosticServiceSectionCodes",
      "title" : "Diagnostic Service Section Codes",
      "description" : "This value set includes all the codes in HL7 V2 table 0074.",
      "systems" : ["http://terminology.hl7.org/CodeSystem/v2-0074"],
      "oids" : ["2.16.840.1.113883.4.642.3.234"],
      "sources" : ["2.16.840.1.113883.4.642.3.234"],
      "uses" : {
      },
      "StructureDefinition-medcom-homecareobservation-diagnosticreport.html" : "MedComHomeCareObservationDiagnosticReport"
    },
    {
      "url" : "http://hl7.org/fhir/ValueSet/http-verb",
      "version" : "4.0.1",
      "status" : "active",
      "name" : "HTTPVerb",
      "title" : "HTTPVerb",
      "description" : "HTTP verbs (in the HTTP command line). See [HTTP rfc](https://tools.ietf.org/html/rfc7231) for details.",
      "systems" : ["http://hl7.org/fhir/http-verb"],
      "oids" : ["2.16.840.1.113883.4.642.3.624"],
      "sources" : ["2.16.840.1.113883.4.642.3.624"],
      "uses" : {
      },
      "StructureDefinition-medcom-homecareobservation-message.html" : "MedComHomeCareObservationMessage"
    },
    {
      "url" : "http://hl7.org/fhir/ValueSet/languages",
      "version" : "4.0.1",
      "status" : "draft",
      "name" : "CommonLanguages",
      "title" : "Common Languages",
      "description" : "This value set includes common codes from BCP-47 (http://tools.ietf.org/html/bcp47)",
      "systems" : ["urn:ietf:bcp:47"],
      "oids" : ["2.16.840.1.113883.4.642.3.20"],
      "sources" : ["2.16.840.1.113883.4.642.3.20"],
      "uses" : {
      },
      "StructureDefinition-medcom-homecareobservation-message.html" : "MedComHomeCareObservationMessage",
      "StructureDefinition-medcom-homecareobservation-diagnosticreport.html" : "MedComHomeCareObservationDiagnosticReport",
      "StructureDefinition-medcom-homecare-observation.html" : "MedComHomeCareObservation",
      "StructureDefinition-medcom-homecareobservation-messageheader.html" : "MedComHomeCareObservationMessageHeader"
    },
    {
      "url" : "http://hl7.org/fhir/ValueSet/message-reason-encounter",
      "version" : "4.0.1",
      "status" : "draft",
      "name" : "ExampleMessageReasonCodes",
      "title" : "Example Message Reason Codes",
      "description" : "Example Message Reasons. These are the set of codes that might be used an updating an encounter using admin-update.",
      "systems" : [
        "http://terminology.hl7.org/CodeSystem/message-reasons-encounter"
      ],
      "oids" : ["2.16.840.1.113883.4.642.3.378"],
      "sources" : ["2.16.840.1.113883.4.642.3.378"],
      "uses" : {
      },
      "StructureDefinition-medcom-homecareobservation-messageheader.html" : "MedComHomeCareObservationMessageHeader"
    },
    {
      "url" : "http://hl7.org/fhir/ValueSet/observation-category",
      "version" : "4.0.1",
      "status" : "draft",
      "name" : "ObservationCategoryCodes",
      "title" : "Observation Category Codes",
      "description" : "Observation Category codes.",
      "systems" : ["http://terminology.hl7.org/CodeSystem/observation-category"],
      "oids" : ["2.16.840.1.113883.4.642.3.403"],
      "sources" : ["2.16.840.1.113883.4.642.3.403"],
      "uses" : {
      },
      "StructureDefinition-medcom-homecare-observation.html" : "MedComHomeCareObservation"
    },
    {
      "url" : "http://hl7.org/fhir/ValueSet/observation-codes",
      "version" : "4.0.1",
      "status" : "draft",
      "name" : "LOINCCodes",
      "title" : "LOINC Codes",
      "description" : "This value set includes all LOINC codes",
      "systems" : ["http://loinc.org"],
      "oids" : ["2.16.840.1.113883.4.642.3.396"],
      "sources" : ["2.16.840.1.113883.4.642.3.396"],
      "uses" : {
      },
      "StructureDefinition-medcom-homecare-observation.html" : "MedComHomeCareObservation"
    },
    {
      "url" : "http://hl7.org/fhir/ValueSet/observation-interpretation",
      "version" : "4.0.1",
      "status" : "active",
      "name" : "ObservationInterpretationCodes",
      "title" : "Observation Interpretation Codes",
      "description" : "A categorical assessment, providing a rough qualitative interpretation of the observation value,    such as “normal”/ “abnormal”,”low” / “high”, “better” / “worse”, “susceptible” / “resistant”, “expected”/ “not expected”.    The value set is intended to be for ANY use where coded representation of an interpretation is needed.   \r\n   \r\n   Notes:\r\n   \r\n   This is being communicated in v2.x in OBX-8 (Observation Interpretation), in v3 in ObservationInterpretation (CWE) in R1 (Representative Realm) and in FHIR in    Observation.interpretation. Historically these values come from the laboratory domain, and these codes are extensively    used. The value set binding is extensible, so codes outside the value set that are needed for interpretation concepts    (i.e. particular meanings) that are not included in the value set can be used, and these new codes may also be added to    the value set and published in a future version.",
      "systems" : [
        "http://terminology.hl7.org/CodeSystem/v3-ObservationInterpretation"
      ],
      "oids" : ["2.16.840.1.113883.4.642.3.399"],
      "sources" : ["2.16.840.1.113883.4.642.3.399"],
      "uses" : {
      },
      "StructureDefinition-medcom-homecare-observation.html" : "MedComHomeCareObservation"
    },
    {
      "url" : "http://hl7.org/fhir/ValueSet/observation-methods",
      "version" : "4.0.1",
      "status" : "draft",
      "name" : "ObservationMethods",
      "title" : "Observation Methods",
      "description" : "Observation Method codes from [SNOMED CT](http://snomed.info/sct) where concept is-a 272394005 (Technique (qualifier value)) or is-a 129264002 (Action (qualifier value)) or is-a 386053000 (Evaluation procedure(procedure))",
      "systems" : ["http://snomed.info/sct"],
      "oids" : ["2.16.840.1.113883.4.642.3.395"],
      "sources" : ["2.16.840.1.113883.4.642.3.395"],
      "uses" : {
      },
      "StructureDefinition-medcom-homecare-observation.html" : "MedComHomeCareObservation"
    },
    {
      "url" : "http://hl7.org/fhir/ValueSet/quantity-comparator",
      "version" : "4.0.1",
      "status" : "active",
      "name" : "QuantityComparator",
      "title" : "QuantityComparator",
      "description" : "How the Quantity should be understood and represented.",
      "systems" : ["http://hl7.org/fhir/quantity-comparator"],
      "oids" : ["2.16.840.1.113883.4.642.3.59"],
      "sources" : ["2.16.840.1.113883.4.642.3.59"],
      "uses" : {
      },
      "StructureDefinition-medcom-homecare-observation.html" : "MedComHomeCareObservation"
    },
    {
      "url" : "http://hl7.org/fhir/ValueSet/referencerange-appliesto",
      "version" : "4.0.1",
      "status" : "draft",
      "name" : "ObservationReferenceRangeAppliesToCodes",
      "title" : "Observation Reference Range Applies To Codes",
      "description" : "This value set defines a set of codes that can be used to indicate the particular target population the reference range applies to.",
      "systems" : [
        "http://terminology.hl7.org/CodeSystem/v3-Race",
        "http://snomed.info/sct"
      ],
      "oids" : ["2.16.840.1.113883.4.642.3.407"],
      "sources" : ["2.16.840.1.113883.4.642.3.407"],
      "uses" : {
      },
      "StructureDefinition-medcom-homecare-observation.html" : "MedComHomeCareObservation"
    },
    {
      "url" : "http://hl7.org/fhir/ValueSet/referencerange-meaning",
      "version" : "4.0.1",
      "status" : "draft",
      "name" : "ObservationReferenceRangeMeaningCodes",
      "title" : "Observation Reference Range Meaning Codes",
      "description" : "This value set defines a set of codes that can be used to indicate the meaning/use of a reference range for a particular target population.",
      "systems" : [
        "http://terminology.hl7.org/CodeSystem/referencerange-meaning"
      ],
      "oids" : ["2.16.840.1.113883.4.642.3.397"],
      "sources" : ["2.16.840.1.113883.4.642.3.397"],
      "uses" : {
      },
      "StructureDefinition-medcom-homecare-observation.html" : "MedComHomeCareObservation"
    },
    {
      "url" : "http://hl7.org/fhir/ValueSet/response-code",
      "version" : "4.0.1",
      "status" : "draft",
      "name" : "ResponseType",
      "title" : "ResponseType",
      "description" : "The kind of response to a message.",
      "systems" : ["http://hl7.org/fhir/response-code"],
      "oids" : ["2.16.840.1.113883.4.642.3.380"],
      "sources" : ["2.16.840.1.113883.4.642.3.380"],
      "uses" : {
      },
      "StructureDefinition-medcom-homecareobservation-messageheader.html" : "MedComHomeCareObservationMessageHeader"
    },
    {
      "url" : "http://hl7.org/fhir/ValueSet/search-entry-mode",
      "version" : "4.0.1",
      "status" : "active",
      "name" : "SearchEntryMode",
      "title" : "SearchEntryMode",
      "description" : "Why an entry is in the result set - whether it's included as a match or because of an _include requirement, or to convey information or warning information about the search process.",
      "systems" : ["http://hl7.org/fhir/search-entry-mode"],
      "oids" : ["2.16.840.1.113883.4.642.3.622"],
      "sources" : ["2.16.840.1.113883.4.642.3.622"],
      "uses" : {
      },
      "StructureDefinition-medcom-homecareobservation-message.html" : "MedComHomeCareObservationMessage"
    },
    {
      "url" : "http://hl7.org/fhir/ValueSet/security-labels",
      "version" : "4.0.1",
      "status" : "active",
      "name" : "All Security Labels",
      "title" : "SecurityLabels",
      "description" : "A single value set for all security labels defined by FHIR.",
      "systems" : [
        "http://terminology.hl7.org/CodeSystem/v3-ActReason",
        "http://terminology.hl7.org/CodeSystem/v3-ActUSPrivacyLaw",
        "http://terminology.hl7.org/CodeSystem/v3-ObservationValue",
        "http://terminology.hl7.org/CodeSystem/v3-ActCode",
        "http://terminology.hl7.org/CodeSystem/v3-Confidentiality"
      ],
      "oids" : ["2.16.840.1.113883.4.642.3.47"],
      "sources" : ["2.16.840.1.113883.4.642.3.47"],
      "uses" : {
      },
      "StructureDefinition-medcom-homecareobservation-diagnosticreport.html" : "MedComHomeCareObservationDiagnosticReport"
    },
    {
      "url" : "http://medcomfhir.dk/ig/terminology/ValueSet/MedComDiagnosticReportCodesValueset",
      "version" : "2.0.0-draft",
      "status" : "draft",
      "name" : "MedComDiagnosticReportCodesValueset",
      "title" : "MedComDiagnosticReportCodesValueset",
      "description" : "ValueSet with codes that represents the name of the diagnostic report.",
      "systems" : [
        "http://medcomfhir.dk/ig/terminology/CodeSystem/MedComDiagnosticReportCodes"
      ],
      "uses" : {
      },
      "StructureDefinition-medcom-homecareobservation-diagnosticreport.html" : "MedComHomeCareObservationDiagnosticReport"
    },
    {
      "url" : "http://medcomfhir.dk/ig/terminology/ValueSet/medcom-core-interpreation-valueset",
      "version" : "2.0.0-draft",
      "status" : "active",
      "name" : "MedComCoreInterpretationCodesValueset",
      "title" : "MedComCoreInterpretationValueset",
      "description" : "Valueset with code for interpretation of an observation",
      "systems" : [
        "http://terminology.hl7.org/CodeSystem/v3-ObservationInterpretation",
        "http://medcomfhir.dk/ig/terminology/CodeSystem/medcom-core-interpretation-codes"
      ],
      "uses" : {
      },
      "StructureDefinition-medcom-homecare-observation.html" : "MedComHomeCareObservation"
    },
    {
      "url" : "http://medcomfhir.dk/ig/terminology/ValueSet/medcom-core-observation-status",
      "version" : "2.0.0-draft",
      "status" : "active",
      "name" : "MedComCoreObservationStatus",
      "title" : "MedComCoreObservationStatus",
      "description" : "ValueSet containing status codes for MedCom Core Observation",
      "systems" : ["http://hl7.org/fhir/observation-status"],
      "uses" : {
      },
      "StructureDefinition-medcom-homecare-observation.html" : "MedComHomeCareObservation"
    },
    {
      "url" : "http://medcomfhir.dk/ig/terminology/ValueSet/medcom-corediagnosticreport-status",
      "version" : "2.0.0-draft",
      "status" : "active",
      "name" : "MedComCoreDiagnosticReportStatus",
      "title" : "MedComCoreDiagnosticReportStatus",
      "description" : "ValueSet containing status codes for MedCom DiagnosticReport",
      "systems" : ["http://hl7.org/fhir/diagnostic-report-status"],
      "uses" : {
      },
      "StructureDefinition-medcom-homecareobservation-diagnosticreport.html" : "MedComHomeCareObservationDiagnosticReport"
    },
    {
      "url" : "http://medcomfhir.dk/ig/terminology/ValueSet/medcom-messaging-messageTypes",
      "version" : "2.0.0-draft",
      "status" : "active",
      "name" : "MedComMessagingMessageTypes",
      "title" : "MedComMessagingMessageTypes",
      "description" : "All message types of MedCom messages",
      "systems" : [
        "http://medcomfhir.dk/ig/terminology/CodeSystem/medcom-messaging-eventCodes"
      ],
      "uses" : {
      },
      "StructureDefinition-medcom-homecareobservation-messageheader.html" : "MedComHomeCareObservationMessageHeader"
    },
    {
      "url" : "http://medcomfhir.dk/ig/terminology/ValueSet/medcom-observation-valueset",
      "version" : "2.0.0-draft",
      "status" : "draft",
      "name" : "MedComObservationValueSet",
      "title" : "MedComObservationValueSet",
      "description" : "Valuesets for Observation defined by MedCom",
      "systems" : [
        "http://medcomfhir.dk/ig/terminology/CodeSystem/medcom-observation-codes"
      ],
      "uses" : {
      },
      "StructureDefinition-medcom-homecare-observation.html" : "MedComHomeCareObservation"
    },
    {
      "url" : "http://medcomfhir.dk/ig/terminology/ValueSet/npu-observation-codes-valueset",
      "version" : "2.0.0-draft",
      "status" : "draft",
      "name" : "NPUObservationCodesValueSet",
      "title" : "NPUObservationCodesValueSet",
      "description" : "ValuseSet with NPU observations Codes",
      "systems" : ["urn:oid:1.2.208.176.2.1"],
      "uses" : {
      },
      "StructureDefinition-medcom-homecare-observation.html" : "MedComHomeCareObservation"
    }
  ]
}
