URL,Version,Status,OIDs,Name,Title,Descriptino,Uses,Used,Sources
http://medcomfhir.dk/ig/terminology/ValueSet/medcom-careCommunication-categories,1.7.0,active,,MedComCareCommunicationCategories,MedComCareCommunicationCategoryCodes,"ValueSet containing category codes for care communication messages","StructureDefinition/medcom-careCommunication-communication","medcom.fhir.dk.terminology"
http://medcomfhir.dk/ig/terminology/ValueSet/medcom-careCommunication-messagingActivities,1.7.0,active,,MedComCareCommunicationMessageActivities,MedComCareCommunicationMessageActivityCodes,"ValueSet containg activity codes for care communication messages","StructureDefinition/medcom-careCommunication-provenance","medcom.fhir.dk.terminology"
http://medcomfhir.dk/ig/terminology/ValueSet/medcom-careCommunication-requestPriority,1.7.0,active,,MedComCareCommunicationRequestPriority,MedComCareCommunicationRequestPriorityCodes,"ValueSet containg priority codes for care communication messages","StructureDefinition/medcom-careCommunication-communication","hl7.fhir.r4.core"
http://medcomfhir.dk/ig/terminology/ValueSet/medcom-core-attachmentMimeTypes,1.7.0,active,,MedComCoreAttachmentMimeTypes,MedComCoreAttachmentMimeTypes,"ValueSet containing allowed mime types for MedCom messages","StructureDefinition/medcom-careCommunication-communication","Other"
