<?xml version="1.0" encoding="UTF-8"?><CodeSystem xmlns="http://hl7.org/fhir"><id value="medcom-messaging-sorEdiSystem"/><text><status value="generated"/><div xmlns="http://www.w3.org/1999/xhtml"><p class="res-header-id"><b>Generated Narrative: CodeSystem medcom-messaging-sorEdiSystem</b></p><a name="medcom-messaging-sorEdiSystem"> </a><a name="hcmedcom-messaging-sorEdiSystem"> </a><a name="medcom-messaging-sorEdiSystem-da-DK"> </a><p>This case-insensitive code system <code>http://medcomfhir.dk/ig/terminology/CodeSystem/medcom-messaging-sorEdiSystem</code> defines the following codes:</p><table class="codes"><tr><td style="white-space:nowrap"><b>Code</b></td><td><b>Display</b></td></tr><tr><td style="white-space:nowrap">FDIS91<a name="medcom-messaging-sorEdiSystem-FDIS91"> </a></td><td>Care Communication Message (Korrepondance meddelelse)</td></tr><tr><td style="white-space:nowrap">FDIS20<a name="medcom-messaging-sorEdiSystem-FDIS20"> </a></td><td>Hospital Notification Message (Advis om Sygehusophold)</td></tr><tr><td style="white-space:nowrap">FCTL<a name="medcom-messaging-sorEdiSystem-FCTL"> </a></td><td>Acknowledgement Message (Kvittering)</td></tr></table></div></text><url value="http://medcomfhir.dk/ig/terminology/CodeSystem/medcom-messaging-sorEdiSystem"/><version value="2.0.0-draft"/><name value="MedComMessagingSorEdiSystem"/><title value="MedComMessagingSorEdiCodeSystem"/><status value="active"/><experimental value="false"/><date value="2023-05-23"/><publisher value="MedCom"/><contact><name value="MedCom"/><telecom><system value="url"/><value value="http://www.medcom.dk"/></telecom></contact><description value="Codes for SOREDI message types"/><jurisdiction><coding><system value="urn:iso:std:iso:3166"/><code value="DK"/><display value="Denmark"/></coding></jurisdiction><caseSensitive value="false"/><content value="complete"/><count value="3"/><concept><code value="FDIS91"/><display value="Care Communication Message (Korrepondance meddelelse)"/></concept><concept><code value="FDIS20"/><display value="Hospital Notification Message (Advis om Sygehusophold)"/></concept><concept><code value="FCTL"/><display value="Acknowledgement Message (Kvittering)"/></concept></CodeSystem>