<?xml version="1.0" encoding="UTF-8"?><ValueSet xmlns="http://hl7.org/fhir"><id value="npu-observation-codes-valueset"/><text><status value="generated"/><div xmlns="http://www.w3.org/1999/xhtml"><p class="res-header-id"><b>Generated Narrative: ValueSet npu-observation-codes-valueset</b></p><a name="npu-observation-codes-valueset"> </a><a name="hcnpu-observation-codes-valueset"> </a><a name="npu-observation-codes-valueset-da-DK"> </a><ul><li>Include all codes defined in <a href="CodeSystem-npu-observation-codes.html"><code>urn:oid:1.2.208.176.2.1</code></a></li></ul></div></text><url value="http://medcomfhir.dk/ig/terminology/ValueSet/npu-observation-codes-valueset"/><version value="2.0.0-draft"/><name value="NPUObservationCodesValueSet"/><title value="NPUObservationCodesValueSet"/><status value="draft"/><date value="2025-06-28"/><publisher value="MedCom"/><contact><name value="MedCom"/><telecom><system value="url"/><value value="http://www.medcom.dk"/></telecom></contact><description value="ValuseSet with NPU observations Codes"/><jurisdiction><coding><system value="urn:iso:std:iso:3166"/><code value="DK"/><display value="Denmark"/></coding></jurisdiction><compose><include><system value="urn:oid:1.2.208.176.2.1"/></include></compose></ValueSet>