<?xml version="1.0" encoding="UTF-8"?><ValueSet xmlns="http://hl7.org/fhir"><id value="medcom-hospitalNotification-messageActivities"/><text><status value="generated"/><div xmlns="http://www.w3.org/1999/xhtml"><p class="res-header-id"><b>Generated Narrative: ValueSet medcom-hospitalNotification-messageActivities</b></p><a name="medcom-hospitalNotification-messageActivities"> </a><a name="hcmedcom-hospitalNotification-messageActivities"> </a><a name="medcom-hospitalNotification-messageActivities-da-DK"> </a><ul><li>Include these codes as defined in <a href="CodeSystem-medcom-messaging-activityCodes.html"><code>http://medcomfhir.dk/ig/terminology/CodeSystem/medcom-messaging-activityCodes</code></a><table class="none"><tr><td style="white-space:nowrap"><b>Code</b></td><td><b>Display</b></td><td><b>Dansk (Danish, da)</b></td></tr><tr><td><a href="CodeSystem-medcom-messaging-activityCodes.html#medcom-messaging-activityCodes-admit-emergency">admit-emergency</a></td><td>Start hospital stay - acute ambulant</td><td>Start sygehusophold - akut ambulant</td></tr><tr><td><a href="CodeSystem-medcom-messaging-activityCodes.html#medcom-messaging-activityCodes-revise-admit-emergency">revise-admit-emergency</a></td><td>Update Start hospital stay - acute ambulant</td><td>Rettelse Start sygehusophold - akut ambulant</td></tr><tr><td><a href="CodeSystem-medcom-messaging-activityCodes.html#medcom-messaging-activityCodes-cancel-admit-emergency">cancel-admit-emergency</a></td><td>Cancellation Start hospital stay - acute ambulant</td><td>Annullering Start sygehusophold - akut ambulant</td></tr><tr><td><a href="CodeSystem-medcom-messaging-activityCodes.html#medcom-messaging-activityCodes-admit-inpatient">admit-inpatient</a></td><td>Start hospital stay - admission</td><td>Start sygehusophold - indlagt</td></tr><tr><td><a href="CodeSystem-medcom-messaging-activityCodes.html#medcom-messaging-activityCodes-revise-admit-inpatient">revise-admit-inpatient</a></td><td>Update Start hospital stay - admission</td><td>Rettelse Start sygehusophold - indlagt</td></tr><tr><td><a href="CodeSystem-medcom-messaging-activityCodes.html#medcom-messaging-activityCodes-cancel-admit-inpatient">cancel-admit-inpatient</a></td><td>Cancellation Start hospital stay - admission</td><td>Annullering Start sygehusophold  - indlagt</td></tr><tr><td><a href="CodeSystem-medcom-messaging-activityCodes.html#medcom-messaging-activityCodes-start-leave-inpatient">start-leave-inpatient</a></td><td>Start leave</td><td>Start orlov</td></tr><tr><td><a href="CodeSystem-medcom-messaging-activityCodes.html#medcom-messaging-activityCodes-revise-start-leave-inpatient">revise-start-leave-inpatient</a></td><td>Update Start leave</td><td>Rettelse Start orlov</td></tr><tr><td><a href="CodeSystem-medcom-messaging-activityCodes.html#medcom-messaging-activityCodes-cancel-start-leave-inpatient">cancel-start-leave-inpatient</a></td><td>Cancellation Start leave</td><td>Annullering Start orlov</td></tr><tr><td><a href="CodeSystem-medcom-messaging-activityCodes.html#medcom-messaging-activityCodes-end-leave-inpatient">end-leave-inpatient</a></td><td>End leave</td><td>Slut orlov</td></tr><tr><td><a href="CodeSystem-medcom-messaging-activityCodes.html#medcom-messaging-activityCodes-revise-end-leave-inpatient">revise-end-leave-inpatient</a></td><td>Update End leave</td><td>Rettelse Slut orlov</td></tr><tr><td><a href="CodeSystem-medcom-messaging-activityCodes.html#medcom-messaging-activityCodes-cancel-end-leave-inpatient">cancel-end-leave-inpatient</a></td><td>Cancellation End leave</td><td>Annullering Slut orlov</td></tr><tr><td><a href="CodeSystem-medcom-messaging-activityCodes.html#medcom-messaging-activityCodes-discharge-emergency-home">discharge-emergency-home</a></td><td>End hospital stay - patient completed to home/primary sector</td><td>Slut sygehusophold - afsluttet til hjemmet/primær sektor</td></tr><tr><td><a href="CodeSystem-medcom-messaging-activityCodes.html#medcom-messaging-activityCodes-revise-discharge-emergency-home">revise-discharge-emergency-home</a></td><td>Update End hospital stay - patient completed to home/primary sector</td><td>Rettelse Slut sygehusophold - afsluttet til hjemmet/primær sektor</td></tr><tr><td><a href="CodeSystem-medcom-messaging-activityCodes.html#medcom-messaging-activityCodes-cancel-discharge-emergency-home">cancel-discharge-emergency-home</a></td><td>Cancellation End hospital stay - patient completed to home/primary sector</td><td>Annullering Slut sygehusophold - afsluttet til hjemmet/primær sektor</td></tr><tr><td><a href="CodeSystem-medcom-messaging-activityCodes.html#medcom-messaging-activityCodes-discharge-inpatient-home">discharge-inpatient-home</a></td><td>End hospital stay - patient completed to home/primary sector</td><td>Slut sygehusophold - afsluttet til hjemmet/primær sektor</td></tr><tr><td><a href="CodeSystem-medcom-messaging-activityCodes.html#medcom-messaging-activityCodes-revise-discharge-inpatient-home">revise-discharge-inpatient-home</a></td><td>Update End hospital stay - patient completed to home/primary sector</td><td>Rettelse Slut sygehusophold - afsluttet til hjemmet/primær sektor</td></tr><tr><td><a href="CodeSystem-medcom-messaging-activityCodes.html#medcom-messaging-activityCodes-cancel-discharge-inpatient-home">cancel-discharge-inpatient-home</a></td><td>Cancellation End hospital stay - patient completed to home/primary sector</td><td>Annullering Slut sygehusophold - afsluttet til hjemmet/primær sektor</td></tr></table></li></ul></div></text><url value="http://medcomfhir.dk/ig/terminology/ValueSet/medcom-hospitalNotification-messageActivities"/><version value="2.0.0-draft"/><name value="MedComHospitalNotificationMessageActivities"/><title value="MedComHospitalNotificationMessageActivityCodes"/><status value="active"/><experimental value="false"/><date value="2023-01-06"/><publisher value="MedCom"/><contact><name value="MedCom"/><telecom><system value="url"/><value value="http://www.medcom.dk"/></telecom></contact><description value="ValueSet containg activity codes for hospital notification messages"/><jurisdiction><coding><system value="urn:iso:std:iso:3166"/><code value="DK"/><display value="Denmark"/></coding></jurisdiction><compose><include><system value="http://medcomfhir.dk/ig/terminology/CodeSystem/medcom-messaging-activityCodes"/><concept><code value="admit-emergency"/><display value="Start hospital stay - acute ambulant"/><designation><language value="da"/><value value="Start sygehusophold - akut ambulant"/></designation></concept><concept><code value="revise-admit-emergency"/><display value="Update Start hospital stay - acute ambulant"/><designation><language value="da"/><value value="Rettelse Start sygehusophold - akut ambulant"/></designation></concept><concept><code value="cancel-admit-emergency"/><display value="Cancellation Start hospital stay - acute ambulant"/><designation><language value="da"/><value value="Annullering Start sygehusophold - akut ambulant"/></designation></concept><concept><code value="admit-inpatient"/><display value="Start hospital stay - admission"/><designation><language value="da"/><value value="Start sygehusophold - indlagt"/></designation></concept><concept><code value="revise-admit-inpatient"/><display value="Update Start hospital stay - admission"/><designation><language value="da"/><value value="Rettelse Start sygehusophold - indlagt"/></designation></concept><concept><code value="cancel-admit-inpatient"/><display value="Cancellation Start hospital stay - admission"/><designation><language value="da"/><value value="Annullering Start sygehusophold  - indlagt"/></designation></concept><concept><code value="start-leave-inpatient"/><display value="Start leave"/><designation><language value="da"/><value value="Start orlov"/></designation></concept><concept><code value="revise-start-leave-inpatient"/><display value="Update Start leave"/><designation><language value="da"/><value value="Rettelse Start orlov"/></designation></concept><concept><code value="cancel-start-leave-inpatient"/><display value="Cancellation Start leave"/><designation><language value="da"/><value value="Annullering Start orlov"/></designation></concept><concept><code value="end-leave-inpatient"/><display value="End leave"/><designation><language value="da"/><value value="Slut orlov"/></designation></concept><concept><code value="revise-end-leave-inpatient"/><display value="Update End leave"/><designation><language value="da"/><value value="Rettelse Slut orlov"/></designation></concept><concept><code value="cancel-end-leave-inpatient"/><display value="Cancellation End leave"/><designation><language value="da"/><value value="Annullering Slut orlov"/></designation></concept><concept><code value="discharge-emergency-home"/><display value="End hospital stay - patient completed to home/primary sector"/><designation><language value="da"/><value value="Slut sygehusophold - afsluttet til hjemmet/primær sektor"/></designation></concept><concept><code value="revise-discharge-emergency-home"/><display value="Update End hospital stay - patient completed to home/primary sector"/><designation><language value="da"/><value value="Rettelse Slut sygehusophold - afsluttet til hjemmet/primær sektor"/></designation></concept><concept><code value="cancel-discharge-emergency-home"/><display value="Cancellation End hospital stay - patient completed to home/primary sector"/><designation><language value="da"/><value value="Annullering Slut sygehusophold - afsluttet til hjemmet/primær sektor"/></designation></concept><concept><code value="discharge-inpatient-home"/><display value="End hospital stay - patient completed to home/primary sector"/><designation><language value="da"/><value value="Slut sygehusophold - afsluttet til hjemmet/primær sektor"/></designation></concept><concept><code value="revise-discharge-inpatient-home"/><display value="Update End hospital stay - patient completed to home/primary sector"/><designation><language value="da"/><value value="Rettelse Slut sygehusophold - afsluttet til hjemmet/primær sektor"/></designation></concept><concept><code value="cancel-discharge-inpatient-home"/><display value="Cancellation End hospital stay - patient completed to home/primary sector"/><designation><language value="da"/><value value="Annullering Slut sygehusophold - afsluttet til hjemmet/primær sektor"/></designation></concept></include></compose></ValueSet>