<?xml version="1.0" encoding="UTF-8"?>

<CodeSystem xmlns="http://hl7.org/fhir">
  <id value="medcom-acknowledgement-error-codes"/>
  <text>
    <status value="generated"/><div xmlns="http://www.w3.org/1999/xhtml"><p class="res-header-id"><b>Generated Narrative: CodeSystem medcom-acknowledgement-error-codes</b></p><a name="medcom-acknowledgement-error-codes"> </a><a name="hcmedcom-acknowledgement-error-codes"> </a><a name="medcom-acknowledgement-error-codes-da-DK"> </a><p>This case-insensitive code system <code>http://medcomfhir.dk/ig/terminology/CodeSystem/medcom-acknowledgement-error-codes</code> defines the following codes:</p><table class="codes"><tr><td style="white-space:nowrap"><b>Code</b></td><td><b>Display</b></td></tr><tr><td style="white-space:nowrap">MSG_Receiver_Identifier_UNKNOWN<a name="medcom-acknowledgement-error-codes-MSG_Receiver_Identifier_UNKNOWN"> </a></td><td>Receiver identifier unknown</td></tr><tr><td style="white-space:nowrap">MSG_Receiver_Identifier_MISSING<a name="medcom-acknowledgement-error-codes-MSG_Receiver_Identifier_MISSING"> </a></td><td>Receiver identifier missing</td></tr><tr><td style="white-space:nowrap">MSG_RECEIVER_UNABLE_TO_RECEIVE_MSG_TYPE<a name="medcom-acknowledgement-error-codes-MSG_RECEIVER_UNABLE_TO_RECEIVE_MSG_TYPE"> </a></td><td>Receiver unable to receive this message type</td></tr><tr><td style="white-space:nowrap">MSG_VALUESET_VALUE_UNKNOWN<a name="medcom-acknowledgement-error-codes-MSG_VALUESET_VALUE_UNKNOWN"> </a></td><td>The value provided is not in the valueSet</td></tr><tr><td style="white-space:nowrap">MSG_CodeSystem_VALUE_UNKNOWN<a name="medcom-acknowledgement-error-codes-MSG_CodeSystem_VALUE_UNKNOWN"> </a></td><td>The value provided is not in the CodeSystem</td></tr><tr><td style="white-space:nowrap">MSG_Element_To_Long<a name="medcom-acknowledgement-error-codes-MSG_Element_To_Long"> </a></td><td>The value of the element is to long</td></tr><tr><td style="white-space:nowrap">MSG_Datatype_Wrong<a name="medcom-acknowledgement-error-codes-MSG_Datatype_Wrong"> </a></td><td>The data type is wrong</td></tr><tr><td style="white-space:nowrap">MSG_Mailbox_Out_Of_Operation<a name="medcom-acknowledgement-error-codes-MSG_Mailbox_Out_Of_Operation"> </a></td><td>The mailbox is temporary out of operation</td></tr><tr><td style="white-space:nowrap">MSG_Damaged_durin_transport<a name="medcom-acknowledgement-error-codes-MSG_Damaged_durin_transport"> </a></td><td>The message has been damaged during trasport</td></tr></table></div>
  </text>
  <url value="http://medcomfhir.dk/ig/terminology/CodeSystem/medcom-acknowledgement-error-codes"/>
  <version value="1.7.1"/>
  <name value="MedComAcknowledgementErrorCodes"/>
  <title value="MedComAcknowledgementErrorCodes"/>
  <status value="active"/>
  <experimental value="false"/>
  <date value="2023-06-29"/>
  <publisher value="MedCom"/>
  <contact>
    <name value="MedCom"/>
    <telecom>
      <system value="url"/>
      <value value="http://www.medcom.dk"/>
    </telecom>
  </contact>
  <description value="CodeSystem including detailed error codes describtions. "/>
  <jurisdiction>
    <coding>
      <system value="urn:iso:std:iso:3166"/>
      <code value="DK"/>
      <display value="Denmark"/>
    </coding>
  </jurisdiction>
  <caseSensitive value="false"/>
  <content value="complete"/>
  <count value="9"/>
  <concept>
    <code value="MSG_Receiver_Identifier_UNKNOWN"/>
    <display value="Receiver identifier unknown"/>
  </concept>
  <concept>
    <code value="MSG_Receiver_Identifier_MISSING"/>
    <display value="Receiver identifier missing"/>
  </concept>
  <concept>
    <code value="MSG_RECEIVER_UNABLE_TO_RECEIVE_MSG_TYPE"/>
    <display value="Receiver unable to receive this message type"/>
  </concept>
  <concept>
    <code value="MSG_VALUESET_VALUE_UNKNOWN"/>
    <display value="The value provided is not in the valueSet"/>
  </concept>
  <concept>
    <code value="MSG_CodeSystem_VALUE_UNKNOWN"/>
    <display value="The value provided is not in the CodeSystem"/>
  </concept>
  <concept>
    <code value="MSG_Element_To_Long"/>
    <display value="The value of the element is to long"/>
  </concept>
  <concept>
    <code value="MSG_Datatype_Wrong"/>
    <display value="The data type is wrong"/>
  </concept>
  <concept>
    <code value="MSG_Mailbox_Out_Of_Operation"/>
    <display value="The mailbox is temporary out of operation"/>
  </concept>
  <concept>
    <code value="MSG_Damaged_durin_transport"/>
    <display value="The message has been damaged during trasport"/>
  </concept>
</CodeSystem>