<?xml version="1.0" encoding="UTF-8"?>

<ValueSet xmlns="http://hl7.org/fhir">
  <id value="medcom-messagedefinition-use-context-code-valueset"/>
  <text>
    <status value="generated"/><div xmlns="http://www.w3.org/1999/xhtml"><p class="res-header-id"><b>Generated Narrative: ValueSet medcom-messagedefinition-use-context-code-valueset</b></p><a name="medcom-messagedefinition-use-context-code-valueset"> </a><a name="hcmedcom-messagedefinition-use-context-code-valueset"> </a><a name="medcom-messagedefinition-use-context-code-valueset-da-DK"> </a><ul><li>Include all codes defined in <a href="http://terminology.hl7.org/6.3.0/CodeSystem-usage-context-type.html"><code>http://terminology.hl7.org/CodeSystem/usage-context-type</code></a></li></ul></div>
  </text>
  <url value="http://medcomfhir.dk/ig/terminology/ValueSet/medcom-messagedefinition-use-context-code-valueset"/>
  <version value="1.7.1"/>
  <name value="MedComUseContextCodeSystemVS"/>
  <title value="UseContextCodeSystemValueset"/>
  <status value="active"/>
  <experimental value="false"/>
  <date value="2024-06-26"/>
  <publisher value="MedCom"/>
  <contact>
    <name value="MedCom"/>
    <telecom>
      <system value="url"/>
      <value value="http://www.medcom.dk"/>
    </telecom>
  </contact>
  <description value="UseContextCodeSystemVS for the messaging infrastructure"/>
  <jurisdiction>
    <coding>
      <system value="urn:iso:std:iso:3166"/>
      <code value="DK"/>
      <display value="Denmark"/>
    </coding>
  </jurisdiction>
  <compose>
    <include>
      <system value="http://terminology.hl7.org/CodeSystem/usage-context-type"/>
    </include>
  </compose>
</ValueSet>