<?xml version="1.0" encoding="UTF-8"?><ImplementationGuide xmlns="http://hl7.org/fhir"><id value="medcom.fhir.dk.carecommunication"/><text><status value="extensions"/><div xmlns="http://www.w3.org/1999/xhtml"><h2>MedComCarecommunication</h2><p>The official URL for this implementation guide is: </p><pre>http://medcomfhir.dk/ig/carecommunication/ImplementationGuide/medcom.fhir.dk.carecommunication</pre><div><p>The DK MedCom Carecommunication IG</p>
</div></div></text><url value="http://medcomfhir.dk/ig/carecommunication/ImplementationGuide/medcom.fhir.dk.carecommunication"/><version value="2.0.0"/><name value="MedComCarecommunication"/><title value="DK MedCom Carecommunication"/><status value="active"/><date value="2022-11-24T15:12:40+01:00"/><publisher value="MedCom"/><contact><name value="MedCom"/><telecom><system value="url"/><value value="http://www.medcom.dk"/></telecom></contact><description value="The DK MedCom Carecommunication IG"/><jurisdiction><coding><system value="urn:iso:std:iso:3166"/><code value="DK"/><display value="Denmark"/></coding></jurisdiction><packageId value="medcom.fhir.dk.carecommunication"/><license value="CC0-1.0"/><fhirVersion value="4.0.1"/><dependsOn id="hl7tx"><extension url="http://hl7.org/fhir/tools/StructureDefinition/implementationguide-dependency-comment"><valueMarkdown value="Automatically added as a dependency - all IGs depend on HL7 Terminology"/></extension><uri value="http://terminology.hl7.org/ImplementationGuide/hl7.terminology"/><packageId value="hl7.terminology.r4"/><version value="5.0.0"/></dependsOn><dependsOn id="hl7_fhir_dk_core"><uri value="https://hl7.dk/fhir/core/2.0.0/"/><packageId value="hl7.fhir.dk.core"/><version value="2.0.0"/></dependsOn><dependsOn id="medcom_fhir_dk_core"><uri value="http://medcomfhir.dk/ig/core/ImplementationGuide/medcom.fhir.dk.core"/><packageId value="medcom.fhir.dk.core"/><version value="2.1.0"/></dependsOn><dependsOn id="medcom_fhir_dk_messaging"><uri value="http://medcomfhir.dk/ig/messaging/ImplementationGuide/medcom.fhir.dk.messaging"/><packageId value="medcom.fhir.dk.messaging"/><version value="2.0.0"/></dependsOn><dependsOn id="medcom_fhir_dk_terminology"><uri value="http://medcomfhir.dk/ig/terminology/ImplementationGuide/medcom.fhir.dk.terminology"/><packageId value="medcom.fhir.dk.terminology"/><version value="1.1.0"/></dependsOn><definition><extension url="http://hl7.org/fhir/tools/StructureDefinition/ig-parameter"><extension url="code"><valueString value="copyrightyear"/></extension><extension url="value"><valueString value="2021+"/></extension></extension><extension url="http://hl7.org/fhir/tools/StructureDefinition/ig-parameter"><extension url="code"><valueString value="releaselabel"/></extension><extension url="value"><valueString value="Release"/></extension></extension><extension url="http://hl7.org/fhir/tools/StructureDefinition/ig-parameter"><extension url="code"><valueString value="apply-contact"/></extension><extension url="value"><valueString value="true"/></extension></extension><extension url="http://hl7.org/fhir/tools/StructureDefinition/ig-parameter"><extension url="code"><valueString value="apply-juristiction"/></extension><extension url="value"><valueString value="true"/></extension></extension><extension url="http://hl7.org/fhir/tools/StructureDefinition/ig-parameter"><extension url="code"><valueString value="apply-publisher"/></extension><extension url="value"><valueString value="true"/></extension></extension><extension url="http://hl7.org/fhir/tools/StructureDefinition/ig-parameter"><extension url="code"><valueString value="autoload-resources"/></extension><extension url="value"><valueString value="true"/></extension></extension><extension url="http://hl7.org/fhir/tools/StructureDefinition/ig-parameter"><extension url="code"><valueString value="path-liquid"/></extension><extension url="value"><valueString value="template/liquid"/></extension></extension><extension url="http://hl7.org/fhir/tools/StructureDefinition/ig-parameter"><extension url="code"><valueString value="path-liquid"/></extension><extension url="value"><valueString value="input/liquid"/></extension></extension><extension url="http://hl7.org/fhir/tools/StructureDefinition/ig-parameter"><extension url="code"><valueString value="path-qa"/></extension><extension url="value"><valueString value="temp/qa"/></extension></extension><extension url="http://hl7.org/fhir/tools/StructureDefinition/ig-parameter"><extension url="code"><valueString value="path-temp"/></extension><extension url="value"><valueString value="temp/pages"/></extension></extension><extension url="http://hl7.org/fhir/tools/StructureDefinition/ig-parameter"><extension url="code"><valueString value="path-output"/></extension><extension url="value"><valueString value="output"/></extension></extension><extension url="http://hl7.org/fhir/tools/StructureDefinition/ig-parameter"><extension url="code"><valueString value="path-suppressed-warnings"/></extension><extension url="value"><valueString value="input/ignoreWarnings.txt"/></extension></extension><extension url="http://hl7.org/fhir/tools/StructureDefinition/ig-parameter"><extension url="code"><valueString value="path-history"/></extension><extension url="value"><valueString value="http://medcomfhir.dk/ig/carecommunication/history.html"/></extension></extension><extension url="http://hl7.org/fhir/tools/StructureDefinition/ig-parameter"><extension url="code"><valueString value="template-html"/></extension><extension url="value"><valueString value="template-page.html"/></extension></extension><extension url="http://hl7.org/fhir/tools/StructureDefinition/ig-parameter"><extension url="code"><valueString value="template-md"/></extension><extension url="value"><valueString value="template-page-md.html"/></extension></extension><extension url="http://hl7.org/fhir/tools/StructureDefinition/ig-parameter"><extension url="code"><valueString value="apply-context"/></extension><extension url="value"><valueString value="true"/></extension></extension><extension url="http://hl7.org/fhir/tools/StructureDefinition/ig-parameter"><extension url="code"><valueString value="apply-copyright"/></extension><extension url="value"><valueString value="true"/></extension></extension><extension url="http://hl7.org/fhir/tools/StructureDefinition/ig-parameter"><extension url="code"><valueString value="apply-jurisdiction"/></extension><extension url="value"><valueString value="true"/></extension></extension><extension url="http://hl7.org/fhir/tools/StructureDefinition/ig-parameter"><extension url="code"><valueString value="apply-license"/></extension><extension url="value"><valueString value="true"/></extension></extension><extension url="http://hl7.org/fhir/tools/StructureDefinition/ig-parameter"><extension url="code"><valueString value="apply-version"/></extension><extension url="value"><valueString value="true"/></extension></extension><extension url="http://hl7.org/fhir/tools/StructureDefinition/ig-parameter"><extension url="code"><valueString value="active-tables"/></extension><extension url="value"><valueString value="true"/></extension></extension><extension url="http://hl7.org/fhir/tools/StructureDefinition/ig-parameter"><extension url="code"><valueString value="fmm-definition"/></extension><extension url="value"><valueString value="http://hl7.org/fhir/versions.html#maturity"/></extension></extension><extension url="http://hl7.org/fhir/tools/StructureDefinition/ig-parameter"><extension url="code"><valueString value="propagate-status"/></extension><extension url="value"><valueString value="true"/></extension></extension><extension url="http://hl7.org/fhir/tools/StructureDefinition/ig-parameter"><extension url="code"><valueString value="excludelogbinaryformat"/></extension><extension url="value"><valueString value="true"/></extension></extension><extension url="http://hl7.org/fhir/tools/StructureDefinition/ig-parameter"><extension url="code"><valueString value="tabbed-snapshots"/></extension><extension url="value"><valueString value="true"/></extension></extension><extension url="http://hl7.org/fhir/tools/StructureDefinition/ig-parameter"><extension url="code"><valueString value="copyrightyear"/></extension><extension url="value"><valueString value="2021+"/></extension></extension><extension url="http://hl7.org/fhir/tools/StructureDefinition/ig-parameter"><extension url="code"><valueString value="releaselabel"/></extension><extension url="value"><valueString value="Release"/></extension></extension><extension url="http://hl7.org/fhir/tools/StructureDefinition/ig-parameter"><extension url="code"><valueString value="apply-contact"/></extension><extension url="value"><valueString value="true"/></extension></extension><extension url="http://hl7.org/fhir/tools/StructureDefinition/ig-parameter"><extension url="code"><valueString value="apply-juristiction"/></extension><extension url="value"><valueString value="true"/></extension></extension><extension url="http://hl7.org/fhir/tools/StructureDefinition/ig-parameter"><extension url="code"><valueString value="apply-publisher"/></extension><extension url="value"><valueString value="true"/></extension></extension><extension url="http://hl7.org/fhir/tools/StructureDefinition/ig-parameter"><extension url="code"><valueString value="autoload-resources"/></extension><extension url="value"><valueString value="true"/></extension></extension><extension url="http://hl7.org/fhir/tools/StructureDefinition/ig-parameter"><extension url="code"><valueString value="path-liquid"/></extension><extension url="value"><valueString value="template/liquid"/></extension></extension><extension url="http://hl7.org/fhir/tools/StructureDefinition/ig-parameter"><extension url="code"><valueString value="path-liquid"/></extension><extension url="value"><valueString value="input/liquid"/></extension></extension><extension url="http://hl7.org/fhir/tools/StructureDefinition/ig-parameter"><extension url="code"><valueString value="path-qa"/></extension><extension url="value"><valueString value="temp/qa"/></extension></extension><extension url="http://hl7.org/fhir/tools/StructureDefinition/ig-parameter"><extension url="code"><valueString value="path-temp"/></extension><extension url="value"><valueString value="temp/pages"/></extension></extension><extension url="http://hl7.org/fhir/tools/StructureDefinition/ig-parameter"><extension url="code"><valueString value="path-output"/></extension><extension url="value"><valueString value="output"/></extension></extension><extension url="http://hl7.org/fhir/tools/StructureDefinition/ig-parameter"><extension url="code"><valueString value="path-suppressed-warnings"/></extension><extension url="value"><valueString value="input/ignoreWarnings.txt"/></extension></extension><extension url="http://hl7.org/fhir/tools/StructureDefinition/ig-parameter"><extension url="code"><valueString value="path-history"/></extension><extension url="value"><valueString value="http://medcomfhir.dk/ig/carecommunication/history.html"/></extension></extension><extension url="http://hl7.org/fhir/tools/StructureDefinition/ig-parameter"><extension url="code"><valueString value="template-html"/></extension><extension url="value"><valueString value="template-page.html"/></extension></extension><extension url="http://hl7.org/fhir/tools/StructureDefinition/ig-parameter"><extension url="code"><valueString value="template-md"/></extension><extension url="value"><valueString value="template-page-md.html"/></extension></extension><extension url="http://hl7.org/fhir/tools/StructureDefinition/ig-parameter"><extension url="code"><valueString value="apply-context"/></extension><extension url="value"><valueString value="true"/></extension></extension><extension url="http://hl7.org/fhir/tools/StructureDefinition/ig-parameter"><extension url="code"><valueString value="apply-copyright"/></extension><extension url="value"><valueString value="true"/></extension></extension><extension url="http://hl7.org/fhir/tools/StructureDefinition/ig-parameter"><extension url="code"><valueString value="apply-jurisdiction"/></extension><extension url="value"><valueString value="true"/></extension></extension><extension url="http://hl7.org/fhir/tools/StructureDefinition/ig-parameter"><extension url="code"><valueString value="apply-license"/></extension><extension url="value"><valueString value="true"/></extension></extension><extension url="http://hl7.org/fhir/tools/StructureDefinition/ig-parameter"><extension url="code"><valueString value="apply-version"/></extension><extension url="value"><valueString value="true"/></extension></extension><extension url="http://hl7.org/fhir/tools/StructureDefinition/ig-parameter"><extension url="code"><valueString value="active-tables"/></extension><extension url="value"><valueString value="true"/></extension></extension><extension url="http://hl7.org/fhir/tools/StructureDefinition/ig-parameter"><extension url="code"><valueString value="fmm-definition"/></extension><extension url="value"><valueString value="http://hl7.org/fhir/versions.html#maturity"/></extension></extension><extension url="http://hl7.org/fhir/tools/StructureDefinition/ig-parameter"><extension url="code"><valueString value="propagate-status"/></extension><extension url="value"><valueString value="true"/></extension></extension><extension url="http://hl7.org/fhir/tools/StructureDefinition/ig-parameter"><extension url="code"><valueString value="excludelogbinaryformat"/></extension><extension url="value"><valueString value="true"/></extension></extension><extension url="http://hl7.org/fhir/tools/StructureDefinition/ig-parameter"><extension url="code"><valueString value="tabbed-snapshots"/></extension><extension url="value"><valueString value="true"/></extension></extension><extension url="http://hl7.org/fhir/tools/StructureDefinition/ig-parameter"><extension url="code"><valueString value="copyrightyear"/></extension><extension url="value"><valueString value="2021+"/></extension></extension><extension url="http://hl7.org/fhir/tools/StructureDefinition/ig-parameter"><extension url="code"><valueString value="releaselabel"/></extension><extension url="value"><valueString value="Release"/></extension></extension><extension url="http://hl7.org/fhir/tools/StructureDefinition/ig-parameter"><extension url="code"><valueString value="apply-contact"/></extension><extension url="value"><valueString value="true"/></extension></extension><extension url="http://hl7.org/fhir/tools/StructureDefinition/ig-parameter"><extension url="code"><valueString value="apply-juristiction"/></extension><extension url="value"><valueString value="true"/></extension></extension><extension url="http://hl7.org/fhir/tools/StructureDefinition/ig-parameter"><extension url="code"><valueString value="apply-publisher"/></extension><extension url="value"><valueString value="true"/></extension></extension><extension url="http://hl7.org/fhir/tools/StructureDefinition/ig-parameter"><extension url="code"><valueString value="autoload-resources"/></extension><extension url="value"><valueString value="true"/></extension></extension><extension url="http://hl7.org/fhir/tools/StructureDefinition/ig-parameter"><extension url="code"><valueString value="path-liquid"/></extension><extension url="value"><valueString value="template/liquid"/></extension></extension><extension url="http://hl7.org/fhir/tools/StructureDefinition/ig-parameter"><extension url="code"><valueString value="path-liquid"/></extension><extension url="value"><valueString value="input/liquid"/></extension></extension><extension url="http://hl7.org/fhir/tools/StructureDefinition/ig-parameter"><extension url="code"><valueString value="path-qa"/></extension><extension url="value"><valueString value="temp/qa"/></extension></extension><extension url="http://hl7.org/fhir/tools/StructureDefinition/ig-parameter"><extension url="code"><valueString value="path-temp"/></extension><extension url="value"><valueString value="temp/pages"/></extension></extension><extension url="http://hl7.org/fhir/tools/StructureDefinition/ig-parameter"><extension url="code"><valueString value="path-output"/></extension><extension url="value"><valueString value="output"/></extension></extension><extension url="http://hl7.org/fhir/tools/StructureDefinition/ig-parameter"><extension url="code"><valueString value="path-suppressed-warnings"/></extension><extension url="value"><valueString value="input/ignoreWarnings.txt"/></extension></extension><extension url="http://hl7.org/fhir/tools/StructureDefinition/ig-parameter"><extension url="code"><valueString value="path-history"/></extension><extension url="value"><valueString value="http://medcomfhir.dk/ig/carecommunication/history.html"/></extension></extension><extension url="http://hl7.org/fhir/tools/StructureDefinition/ig-parameter"><extension url="code"><valueString value="template-html"/></extension><extension url="value"><valueString value="template-page.html"/></extension></extension><extension url="http://hl7.org/fhir/tools/StructureDefinition/ig-parameter"><extension url="code"><valueString value="template-md"/></extension><extension url="value"><valueString value="template-page-md.html"/></extension></extension><extension url="http://hl7.org/fhir/tools/StructureDefinition/ig-parameter"><extension url="code"><valueString value="apply-context"/></extension><extension url="value"><valueString value="true"/></extension></extension><extension url="http://hl7.org/fhir/tools/StructureDefinition/ig-parameter"><extension url="code"><valueString value="apply-copyright"/></extension><extension url="value"><valueString value="true"/></extension></extension><extension url="http://hl7.org/fhir/tools/StructureDefinition/ig-parameter"><extension url="code"><valueString value="apply-jurisdiction"/></extension><extension url="value"><valueString value="true"/></extension></extension><extension url="http://hl7.org/fhir/tools/StructureDefinition/ig-parameter"><extension url="code"><valueString value="apply-license"/></extension><extension url="value"><valueString value="true"/></extension></extension><extension url="http://hl7.org/fhir/tools/StructureDefinition/ig-parameter"><extension url="code"><valueString value="apply-version"/></extension><extension url="value"><valueString value="true"/></extension></extension><extension url="http://hl7.org/fhir/tools/StructureDefinition/ig-parameter"><extension url="code"><valueString value="active-tables"/></extension><extension url="value"><valueString value="true"/></extension></extension><extension url="http://hl7.org/fhir/tools/StructureDefinition/ig-parameter"><extension url="code"><valueString value="fmm-definition"/></extension><extension url="value"><valueString value="http://hl7.org/fhir/versions.html#maturity"/></extension></extension><extension url="http://hl7.org/fhir/tools/StructureDefinition/ig-parameter"><extension url="code"><valueString value="propagate-status"/></extension><extension url="value"><valueString value="true"/></extension></extension><extension url="http://hl7.org/fhir/tools/StructureDefinition/ig-parameter"><extension url="code"><valueString value="excludelogbinaryformat"/></extension><extension url="value"><valueString value="true"/></extension></extension><extension url="http://hl7.org/fhir/tools/StructureDefinition/ig-parameter"><extension url="code"><valueString value="tabbed-snapshots"/></extension><extension url="value"><valueString value="true"/></extension></extension><grouping id="-str-profile"><name value="Structures: Resource Profiles"/><description value="These define constraints on FHIR resources for systems conforming to this implementation guide."/></grouping><grouping id="-str-datatype"><name value="Structures: Data Type Profiles"/><description value="These define constraints on FHIR data types for systems conforming to this implementation guide."/></grouping><grouping id="-str-extension"><name value="Structures: Extension Definitions"/><description value="These define constraints on FHIR data types for systems conforming to this implementation guide."/></grouping><grouping id="-ex-example"><name value="Example: Example Instances"/><description value="These are example instances that show what data produced and consumed by systems conforming with this implementation guide might look like."/></grouping><resource><extension url="http://hl7.org/fhir/StructureDefinition/implementationguide-page"><valueUri value="StructureDefinition-medcom-careCommunication-communication.html"/></extension><reference><reference value="StructureDefinition/medcom-careCommunication-communication"/></reference><name value="MedComCareCommunication"/><description value="Care related communication between two or more parties in Danish healthcare"/><exampleBoolean value="false"/><groupingId value="-str-profile"/></resource><resource><extension url="http://hl7.org/fhir/StructureDefinition/implementationguide-page"><valueUri value="StructureDefinition-medcom-carecommunication-attachment-identifier.html"/></extension><reference><reference value="StructureDefinition/medcom-carecommunication-attachment-identifier"/></reference><name value="An identifier for an attachment."/><description value="An unique identifier for an attachment used in a CareCommunication message"/><exampleBoolean value="false"/><groupingId value="-str-datatype"/></resource><resource><extension url="http://hl7.org/fhir/StructureDefinition/implementationguide-page"><valueUri value="StructureDefinition-medcom-careCommunication-message.html"/></extension><reference><reference value="StructureDefinition/medcom-careCommunication-message"/></reference><name value="MedComCareCommunicationMessage"/><description value="The CareCommunication is used to ensure secure electronic communication of personally identifiable information and is most often used for ad hoc communication between parties in Danish Healthcare. However, the CareCommunication shall only be used in areas where no other MedCom standard is available, and it must not be used for cases with an acute nature."/><exampleBoolean value="false"/><groupingId value="-str-profile"/></resource><resource><extension url="http://hl7.org/fhir/StructureDefinition/implementationguide-page"><valueUri value="StructureDefinition-medcom-careCommunication-messageHeader.html"/></extension><reference><reference value="StructureDefinition/medcom-careCommunication-messageHeader"/></reference><name value="MedComCareCommunicationMessageHeader"/><description value="Message header for care communication message"/><exampleBoolean value="false"/><groupingId value="-str-profile"/></resource><resource><extension url="http://hl7.org/fhir/StructureDefinition/implementationguide-page"><valueUri value="StructureDefinition-medcom-carecommunication-attachment-identifier-extension.html"/></extension><reference><reference value="StructureDefinition/medcom-carecommunication-attachment-identifier-extension"/></reference><name value="AttachmentIdentifierExtension"/><description value="An extension holding an attachment identifier"/><exampleBoolean value="false"/><groupingId value="-str-extension"/></resource><resource><extension url="http://hl7.org/fhir/StructureDefinition/implementationguide-page"><valueUri value="StructureDefinition-medcom-carecommunication-author-contact-extension.html"/></extension><reference><reference value="StructureDefinition/medcom-carecommunication-author-contact-extension"/></reference><name value="PayloadAuthorContactExtension"/><description value="Extension to contain the contact information tha author of the payload"/><exampleBoolean value="false"/><groupingId value="-str-extension"/></resource><resource><extension url="http://hl7.org/fhir/StructureDefinition/implementationguide-page"><valueUri value="StructureDefinition-medcom-carecommunication-author-extension.html"/></extension><reference><reference value="StructureDefinition/medcom-carecommunication-author-extension"/></reference><name value="PayloadAuthorExtension"/><description value="Reference to author of this payload"/><exampleBoolean value="false"/><groupingId value="-str-extension"/></resource><resource><extension url="http://hl7.org/fhir/StructureDefinition/implementationguide-page"><valueUri value="StructureDefinition-medcom-carecommunication-datetime-extension.html"/></extension><reference><reference value="StructureDefinition/medcom-carecommunication-datetime-extension"/></reference><name value="PayloadDateTimeExtension"/><description value="Date and time of this payload"/><exampleBoolean value="false"/><groupingId value="-str-extension"/></resource><resource><extension url="http://hl7.org/fhir/StructureDefinition/implementationguide-page"><valueUri value="StructureDefinition-medcom-carecommunication-sender-extension.html"/></extension><reference><reference value="StructureDefinition/medcom-carecommunication-sender-extension"/></reference><name value="SenderExtension"/><description value="Reference to a more specfic sender of a CareCommunication message."/><exampleBoolean value="false"/><groupingId value="-str-extension"/></resource><resource><extension url="http://hl7.org/fhir/StructureDefinition/implementationguide-page"><valueUri value="Bundle-0dd5e7e2-0c0f-4a4a-bfff-f6f984fa7e3c.html"/></extension><reference><reference value="Bundle/0dd5e7e2-0c0f-4a4a-bfff-f6f984fa7e3c"/></reference><name value="New CareCommunication message."/><description value="Example of a CareCommunication new message."/><exampleCanonical value="http://medcomfhir.dk/ig/carecommunication/StructureDefinition/medcom-careCommunication-message"/><groupingId value="-ex-example"/></resource><resource><extension url="http://hl7.org/fhir/StructureDefinition/implementationguide-page"><valueUri value="Organization-0e0e7f78-5520-11ed-bdc3-0242ac120002.html"/></extension><reference><reference value="Organization/0e0e7f78-5520-11ed-bdc3-0242ac120002"/></reference><name value="Example of a reciever organization with a SOR and an EAN identifier."/><description value="Example of an organization with a SOR and an EAN identifier."/><exampleBoolean value="true"/><groupingId value="-ex-example"/></resource><resource><extension url="http://hl7.org/fhir/StructureDefinition/implementationguide-page"><valueUri value="Communication-0f8cde6a-d369-4d94-a2ce-c2cc45fd75fb.html"/></extension><reference><reference value="Communication/0f8cde6a-d369-4d94-a2ce-c2cc45fd75fb"/></reference><name value="Instance of Communication resource used in a forward message"/><description value="Content of care communication message. Valid only if used in a bundle (message) - reply message"/><exampleCanonical value="http://medcomfhir.dk/ig/carecommunication/StructureDefinition/medcom-careCommunication-communication"/><groupingId value="-ex-example"/></resource><resource><extension url="http://hl7.org/fhir/StructureDefinition/implementationguide-page"><valueUri value="Communication-1636f3f8-551e-11ed-bdc3-0242ac120002.html"/></extension><reference><reference value="Communication/1636f3f8-551e-11ed-bdc3-0242ac120002"/></reference><name value="Instance of Communication resource used in a cancel message"/><description value="Content of care communication message. Valid only if used in a bundle (message) - cancel message"/><exampleCanonical value="http://medcomfhir.dk/ig/carecommunication/StructureDefinition/medcom-careCommunication-communication"/><groupingId value="-ex-example"/></resource><resource><extension url="http://hl7.org/fhir/StructureDefinition/implementationguide-page"><valueUri value="Practitioner-1e2d6388-5520-11ed-bdc3-0242ac120002.html"/></extension><reference><reference value="Practitioner/1e2d6388-5520-11ed-bdc3-0242ac120002"/></reference><name value="Simple practitioner with a name"/><description value="Simple practitioner with a name"/><exampleBoolean value="true"/><groupingId value="-ex-example"/></resource><resource><extension url="http://hl7.org/fhir/StructureDefinition/implementationguide-page"><valueUri value="Patient-1f697de4-551c-11ed-bdc3-0242ac120002.html"/></extension><reference><reference value="Patient/1f697de4-551c-11ed-bdc3-0242ac120002"/></reference><name value="Bruno Test Elmer"/><description value="Patient described with minimal information. Valid only if used in a Bundle."/><exampleBoolean value="true"/><groupingId value="-ex-example"/></resource><resource><extension url="http://hl7.org/fhir/StructureDefinition/implementationguide-page"><valueUri value="Practitioner-20eac382-551a-11ed-bdc3-0242ac120002.html"/></extension><reference><reference value="Practitioner/20eac382-551a-11ed-bdc3-0242ac120002"/></reference><name value="Simple practitioner with a name"/><description value="Simple practitioner with a name"/><exampleBoolean value="true"/><groupingId value="-ex-example"/></resource><resource><extension url="http://hl7.org/fhir/StructureDefinition/implementationguide-page"><valueUri value="Bundle-256549f7-ed10-422d-8088-f7222b686e46.html"/></extension><reference><reference value="Bundle/256549f7-ed10-422d-8088-f7222b686e46"/></reference><name value="Reply CareCommunication Message"/><description value="Example of a reply to a CareCommunication message."/><exampleCanonical value="http://medcomfhir.dk/ig/carecommunication/StructureDefinition/medcom-careCommunication-message"/><groupingId value="-ex-example"/></resource><resource><extension url="http://hl7.org/fhir/StructureDefinition/implementationguide-page"><valueUri value="Communication-273bc02c-9000-11ec-b909-0242ac120002.html"/></extension><reference><reference value="Communication/273bc02c-9000-11ec-b909-0242ac120002"/></reference><name value="Instance of Communication resource used in a modify message"/><description value="Content of care communication message. Valid only if used in a bundle (message) - modify message"/><exampleCanonical value="http://medcomfhir.dk/ig/carecommunication/StructureDefinition/medcom-careCommunication-communication"/><groupingId value="-ex-example"/></resource><resource><extension url="http://hl7.org/fhir/StructureDefinition/implementationguide-page"><valueUri value="Organization-282c1fea-551c-11ed-bdc3-0242ac120002.html"/></extension><reference><reference value="Organization/282c1fea-551c-11ed-bdc3-0242ac120002"/></reference><name value="Example of a reciever organization with a SOR and an EAN identifier."/><description value="Example of an organization with a SOR and an EAN identifier."/><exampleBoolean value="true"/><groupingId value="-ex-example"/></resource><resource><extension url="http://hl7.org/fhir/StructureDefinition/implementationguide-page"><valueUri value="PractitionerRole-2b80d2b8-5520-11ed-bdc3-0242ac120002.html"/></extension><reference><reference value="PractitionerRole/2b80d2b8-5520-11ed-bdc3-0242ac120002"/></reference><name value="PractitionerRole with a role and reference to a practitioner"/><description value="PractitionerRole with a role and reference to a practitioner"/><exampleBoolean value="true"/><groupingId value="-ex-example"/></resource><resource><extension url="http://hl7.org/fhir/StructureDefinition/implementationguide-page"><valueUri value="Organization-2f12cb92-551c-11ed-bdc3-0242ac120002.html"/></extension><reference><reference value="Organization/2f12cb92-551c-11ed-bdc3-0242ac120002"/></reference><name value="Example of a sender organization with a SOR and an EAN identifier."/><description value="Example of an organization with a SOR and an EAN identifier."/><exampleBoolean value="true"/><groupingId value="-ex-example"/></resource><resource><extension url="http://hl7.org/fhir/StructureDefinition/implementationguide-page"><valueUri value="MessageHeader-3076d9b0-5521-11ed-bdc3-0242ac120002.html"/></extension><reference><reference value="MessageHeader/3076d9b0-5521-11ed-bdc3-0242ac120002"/></reference><name value="Instance of a MessageHeader resource used in a reply to an OIOXML message."/><description value="MessageHeader for CareCommunication reply to an OIOXML message. Valid only if used in a bundle (message)."/><exampleCanonical value="http://medcomfhir.dk/ig/carecommunication/StructureDefinition/medcom-careCommunication-messageHeader"/><groupingId value="-ex-example"/></resource><resource><extension url="http://hl7.org/fhir/StructureDefinition/implementationguide-page"><valueUri value="Provenance-30c0f779-783f-46b2-b38f-faebd2bedb3f.html"/></extension><reference><reference value="Provenance/30c0f779-783f-46b2-b38f-faebd2bedb3f"/></reference><name value="CareCommunication example. The Provenance instance is only valid if used in a bundle (message) - reply to new message"/><description value="CareCommunication example. The Provenance instance is only valid if used in a bundle (message) - reply to new message"/><exampleBoolean value="true"/><groupingId value="-ex-example"/></resource><resource><extension url="http://hl7.org/fhir/StructureDefinition/implementationguide-page"><valueUri value="Patient-31c90594-54ff-11ed-bdc3-0242ac120002.html"/></extension><reference><reference value="Patient/31c90594-54ff-11ed-bdc3-0242ac120002"/></reference><name value="Bruno Test Elmer"/><description value="Patient described with minimal information. Valid only if used in a Bundle."/><exampleBoolean value="true"/><groupingId value="-ex-example"/></resource><resource><extension url="http://hl7.org/fhir/StructureDefinition/implementationguide-page"><valueUri value="Practitioner-356947dc-551c-11ed-bdc3-0242ac120002.html"/></extension><reference><reference value="Practitioner/356947dc-551c-11ed-bdc3-0242ac120002"/></reference><name value="Simple practitioner with a name"/><description value="Simple practitioner with a name"/><exampleBoolean value="true"/><groupingId value="-ex-example"/></resource><resource><extension url="http://hl7.org/fhir/StructureDefinition/implementationguide-page"><valueUri value="PractitionerRole-35bb99e4-551a-11ed-bdc3-0242ac120002.html"/></extension><reference><reference value="PractitionerRole/35bb99e4-551a-11ed-bdc3-0242ac120002"/></reference><name value="PractitionerRole with a role and reference to a practitioner"/><description value="PractitionerRole with a role and reference to a practitioner"/><exampleBoolean value="true"/><groupingId value="-ex-example"/></resource><resource><extension url="http://hl7.org/fhir/StructureDefinition/implementationguide-page"><valueUri value="Bundle-37bfbc0c-553d-11ed-bdc3-0242ac120002.html"/></extension><reference><reference value="Bundle/37bfbc0c-553d-11ed-bdc3-0242ac120002"/></reference><name value="MedCom CareCommunication - Reply to XDIS Message Example"/><description value="Example of a reply to an XDIS message."/><exampleCanonical value="http://medcomfhir.dk/ig/carecommunication/StructureDefinition/medcom-careCommunication-message"/><groupingId value="-ex-example"/></resource><resource><extension url="http://hl7.org/fhir/StructureDefinition/implementationguide-page"><valueUri value="PractitionerRole-39d3af60-551c-11ed-bdc3-0242ac120002.html"/></extension><reference><reference value="PractitionerRole/39d3af60-551c-11ed-bdc3-0242ac120002"/></reference><name value="PractitionerRole with a role and reference to a practitioner"/><description value="PractitionerRole with a role and reference to a practitioner"/><exampleBoolean value="true"/><groupingId value="-ex-example"/></resource><resource><extension url="http://hl7.org/fhir/StructureDefinition/implementationguide-page"><valueUri value="Bundle-40426e3e-978f-46e8-a366-a30f27854b0a.html"/></extension><reference><reference value="Bundle/40426e3e-978f-46e8-a366-a30f27854b0a"/></reference><name value="Forward CareCommunication Message"/><description value="Example of a forward CareCommunication message."/><exampleCanonical value="http://medcomfhir.dk/ig/carecommunication/StructureDefinition/medcom-careCommunication-message"/><groupingId value="-ex-example"/></resource><resource><extension url="http://hl7.org/fhir/StructureDefinition/implementationguide-page"><valueUri value="MessageHeader-42cb9200-f421-4d08-8391-7d51a2503cb4.html"/></extension><reference><reference value="MessageHeader/42cb9200-f421-4d08-8391-7d51a2503cb4"/></reference><name value="Instance of a MessageHeader resource used in a new message."/><description value="Example of a MessageHeader in a new CareCommunication message. Valid only if used in a bundle (message)."/><exampleCanonical value="http://medcomfhir.dk/ig/carecommunication/StructureDefinition/medcom-careCommunication-messageHeader"/><groupingId value="-ex-example"/></resource><resource><extension url="http://hl7.org/fhir/StructureDefinition/implementationguide-page"><valueUri value="Patient-448cd4ee-5504-11ed-bdc3-0242ac120002.html"/></extension><reference><reference value="Patient/448cd4ee-5504-11ed-bdc3-0242ac120002"/></reference><name value="Bruno Test Elmer"/><description value="Patient described with minimal information. Valid only if used in a Bundle."/><exampleBoolean value="true"/><groupingId value="-ex-example"/></resource><resource><extension url="http://hl7.org/fhir/StructureDefinition/implementationguide-page"><valueUri value="Communication-487e2238-527b-11ec-bf63-0242ac130002.html"/></extension><reference><reference value="Communication/487e2238-527b-11ec-bf63-0242ac130002"/></reference><name value="Instance of Communication resource used in a new message with attachment"/><description value="Content of care communication message. Valid only if used in a bundle (message) - new message with attachment"/><exampleCanonical value="http://medcomfhir.dk/ig/carecommunication/StructureDefinition/medcom-careCommunication-communication"/><groupingId value="-ex-example"/></resource><resource><extension url="http://hl7.org/fhir/StructureDefinition/implementationguide-page"><valueUri value="Provenance-4c284936-5454-4116-95fc-3c8eeeed2400.html"/></extension><reference><reference value="Provenance/4c284936-5454-4116-95fc-3c8eeeed2400"/></reference><name value="CareCommunication example. The Provenance instance is only valid if used in a bundle (message) - new message"/><description value="CareCommunication example. The Provenance instance is only valid if used in a bundle (message) - new message"/><exampleBoolean value="true"/><groupingId value="-ex-example"/></resource><resource><extension url="http://hl7.org/fhir/StructureDefinition/implementationguide-page"><valueUri value="Communication-4c712bdc-1558-4125-a854-fa8b3a11f6ed.html"/></extension><reference><reference value="Communication/4c712bdc-1558-4125-a854-fa8b3a11f6ed"/></reference><name value="Instance of Communication resource used in a reply message"/><description value="Content of care communication message. Valid only if used in a bundle (message) - reply message"/><exampleCanonical value="http://medcomfhir.dk/ig/carecommunication/StructureDefinition/medcom-careCommunication-communication"/><groupingId value="-ex-example"/></resource><resource><extension url="http://hl7.org/fhir/StructureDefinition/implementationguide-page"><valueUri value="Communication-4ec35384-527b-11ec-bf63-0242ac130002.html"/></extension><reference><reference value="Communication/4ec35384-527b-11ec-bf63-0242ac130002"/></reference><name value="Instance of Communication resource used in a new message with priority"/><description value="Content of care communication message. Valid only if used in a bundle (message) - new message with priority"/><exampleCanonical value="http://medcomfhir.dk/ig/carecommunication/StructureDefinition/medcom-careCommunication-communication"/><groupingId value="-ex-example"/></resource><resource><extension url="http://hl7.org/fhir/StructureDefinition/implementationguide-page"><valueUri value="Patient-550b46e4-690d-11ed-9022-0242ac120002.html"/></extension><reference><reference value="Patient/550b46e4-690d-11ed-9022-0242ac120002"/></reference><name value="Bruno Test Elmer"/><description value="Patient described with minimal information. Valid only if used in a Bundle."/><exampleBoolean value="true"/><groupingId value="-ex-example"/></resource><resource><extension url="http://hl7.org/fhir/StructureDefinition/implementationguide-page"><valueUri value="Practitioner-58c811a5-4082-44eb-9d66-ccbb112d4973.html"/></extension><reference><reference value="Practitioner/58c811a5-4082-44eb-9d66-ccbb112d4973"/></reference><name value="Simple practitioner with a name"/><description value="Simple practitioner with a name"/><exampleBoolean value="true"/><groupingId value="-ex-example"/></resource><resource><extension url="http://hl7.org/fhir/StructureDefinition/implementationguide-page"><valueUri value="Encounter-6220b42d-c4fd-4c77-bae7-78e7d890dc8d.html"/></extension><reference><reference value="Encounter/6220b42d-c4fd-4c77-bae7-78e7d890dc8d"/></reference><name value="MedCom Core Encounter"/><description value="Example of a simple MedCom Core Encounter"/><exampleBoolean value="true"/><groupingId value="-ex-example"/></resource><resource><extension url="http://hl7.org/fhir/StructureDefinition/implementationguide-page"><valueUri value="Provenance-6de0806d-7050-4db8-8003-0c72aee52948.html"/></extension><reference><reference value="Provenance/6de0806d-7050-4db8-8003-0c72aee52948"/></reference><name value="CareCommunication example. The Provenance instance is only valid if used in a bundle (message) - reply to OIOXML-message"/><description value="CareCommunication example. The Provenance instance is only valid if used in a bundle (message) - reply to OIOXML-message"/><exampleBoolean value="true"/><groupingId value="-ex-example"/></resource><resource><extension url="http://hl7.org/fhir/StructureDefinition/implementationguide-page"><valueUri value="Bundle-6f7e4c80-551a-11ed-bdc3-0242ac120002.html"/></extension><reference><reference value="Bundle/6f7e4c80-551a-11ed-bdc3-0242ac120002"/></reference><name value="New CareCommunication message with attachment, episodeOfCare-identifier, and sender and recipient"/><description value="Example of a CareCommunication new message, with attachment, episodeOfCare-identifier, and sender and recipient."/><exampleCanonical value="http://medcomfhir.dk/ig/carecommunication/StructureDefinition/medcom-careCommunication-message"/><groupingId value="-ex-example"/></resource><resource><extension url="http://hl7.org/fhir/StructureDefinition/implementationguide-page"><valueUri value="PractitionerRole-6ff69f1c-690d-11ed-9022-0242ac120002.html"/></extension><reference><reference value="PractitionerRole/6ff69f1c-690d-11ed-9022-0242ac120002"/></reference><name value="PractitionerRole with a role and reference to a practitioner"/><description value="PractitionerRole with a role and reference to a practitioner"/><exampleBoolean value="true"/><groupingId value="-ex-example"/></resource><resource><extension url="http://hl7.org/fhir/StructureDefinition/implementationguide-page"><valueUri value="Patient-733cef33-3626-422b-955d-d506aaa65fe1.html"/></extension><reference><reference value="Patient/733cef33-3626-422b-955d-d506aaa65fe1"/></reference><name value="Bruno Test Elmer"/><description value="Patient described with minimal information. Valid only if used in a Bundle."/><exampleBoolean value="true"/><groupingId value="-ex-example"/></resource><resource><extension url="http://hl7.org/fhir/StructureDefinition/implementationguide-page"><valueUri value="Provenance-7466d9f6-d3ae-4be5-8ed7-b333dad30205.html"/></extension><reference><reference value="Provenance/7466d9f6-d3ae-4be5-8ed7-b333dad30205"/></reference><name value="CareCommunication example. The Provenance instance is only valid if used in a bundle (message) - new message being forwarded"/><description value="CareCommunication example. The Provenance instance is only valid if used in a bundle (message) - new message being forwarded"/><exampleBoolean value="true"/><groupingId value="-ex-example"/></resource><resource><extension url="http://hl7.org/fhir/StructureDefinition/implementationguide-page"><valueUri value="Practitioner-7c7f31d6-690d-11ed-9022-0242ac120002.html"/></extension><reference><reference value="Practitioner/7c7f31d6-690d-11ed-9022-0242ac120002"/></reference><name value="Simple practitioner with a name"/><description value="Simple practitioner with a name"/><exampleBoolean value="true"/><groupingId value="-ex-example"/></resource><resource><extension url="http://hl7.org/fhir/StructureDefinition/implementationguide-page"><valueUri value="PractitionerRole-7cae09e0-5501-11ed-bdc3-0242ac120002.html"/></extension><reference><reference value="PractitionerRole/7cae09e0-5501-11ed-bdc3-0242ac120002"/></reference><name value="PractitionerRole with a role and reference to a practitioner"/><description value="PractitionerRole with a role and reference to a practitioner"/><exampleBoolean value="true"/><groupingId value="-ex-example"/></resource><resource><extension url="http://hl7.org/fhir/StructureDefinition/implementationguide-page"><valueUri value="Practitioner-7ffff970-5504-11ed-bdc3-0242ac120002.html"/></extension><reference><reference value="Practitioner/7ffff970-5504-11ed-bdc3-0242ac120002"/></reference><name value="Simple practitioner with a name"/><description value="Simple practitioner with a name"/><exampleBoolean value="true"/><groupingId value="-ex-example"/></resource><resource><extension url="http://hl7.org/fhir/StructureDefinition/implementationguide-page"><valueUri value="Patient-833cef33-3726-433b-855d-e566aaa65fe1.html"/></extension><reference><reference value="Patient/833cef33-3726-433b-855d-e566aaa65fe1"/></reference><name value="Bruno Test Elmer"/><description value="Patient described with minimal information. Valid only if used in a Bundle."/><exampleBoolean value="true"/><groupingId value="-ex-example"/></resource><resource><extension url="http://hl7.org/fhir/StructureDefinition/implementationguide-page"><valueUri value="Organization-87b881a6-690d-11ed-9022-0242ac120002.html"/></extension><reference><reference value="Organization/87b881a6-690d-11ed-9022-0242ac120002"/></reference><name value="Example of a reciever organization with a SOR and an EAN identifier."/><description value="Example of an organization with a SOR and an EAN identifier."/><exampleBoolean value="true"/><groupingId value="-ex-example"/></resource><resource><extension url="http://hl7.org/fhir/StructureDefinition/implementationguide-page"><valueUri value="PractitionerRole-8bf63050-5504-11ed-bdc3-0242ac120002.html"/></extension><reference><reference value="PractitionerRole/8bf63050-5504-11ed-bdc3-0242ac120002"/></reference><name value="PractitionerRole with a role and reference to a practitioner"/><description value="PractitionerRole with a role and reference to a practitioner"/><exampleBoolean value="true"/><groupingId value="-ex-example"/></resource><resource><extension url="http://hl7.org/fhir/StructureDefinition/implementationguide-page"><valueUri value="Communication-94e65db8-2f0c-4a2c-a7c9-06a160d59a12.html"/></extension><reference><reference value="Communication/94e65db8-2f0c-4a2c-a7c9-06a160d59a12"/></reference><name value="Instance of Communication resource used in a new message"/><description value="Content of care communication message. Valid only if used in a bundle (message) - new message"/><exampleCanonical value="http://medcomfhir.dk/ig/carecommunication/StructureDefinition/medcom-careCommunication-communication"/><groupingId value="-ex-example"/></resource><resource><extension url="http://hl7.org/fhir/StructureDefinition/implementationguide-page"><valueUri value="Organization-9e183b44-690d-11ed-9022-0242ac120002.html"/></extension><reference><reference value="Organization/9e183b44-690d-11ed-9022-0242ac120002"/></reference><name value="Example of a sender organization with a SOR and an EAN identifier."/><description value="Example of an organization with a SOR and an EAN identifier."/><exampleBoolean value="true"/><groupingId value="-ex-example"/></resource><resource><extension url="http://hl7.org/fhir/StructureDefinition/implementationguide-page"><valueUri value="Organization-9eb51090-5503-11ed-bdc3-0242ac120002.html"/></extension><reference><reference value="Organization/9eb51090-5503-11ed-bdc3-0242ac120002"/></reference><name value="Example of a receiver organization with a SOR and an EAN identifier."/><description value="Example of an organization with a SOR and an EAN identifier."/><exampleBoolean value="true"/><groupingId value="-ex-example"/></resource><resource><extension url="http://hl7.org/fhir/StructureDefinition/implementationguide-page"><valueUri value="Organization-a5e260f6-54ff-11ed-bdc3-0242ac120002.html"/></extension><reference><reference value="Organization/a5e260f6-54ff-11ed-bdc3-0242ac120002"/></reference><name value="Example of a sender organization with a SOR and an EAN identifier."/><description value="Example of an organization with a SOR and an EAN identifier."/><exampleBoolean value="true"/><groupingId value="-ex-example"/></resource><resource><extension url="http://hl7.org/fhir/StructureDefinition/implementationguide-page"><valueUri value="MessageHeader-aac67161-d0de-4933-a78c-060beafb4814.html"/></extension><reference><reference value="MessageHeader/aac67161-d0de-4933-a78c-060beafb4814"/></reference><name value="Instance of a MessageHeader resource used in a forward message."/><description value="Example of a MessageHeader in a forward CareCommunication message. Valid only if used in a bundle (message)."/><exampleCanonical value="http://medcomfhir.dk/ig/carecommunication/StructureDefinition/medcom-careCommunication-messageHeader"/><groupingId value="-ex-example"/></resource><resource><extension url="http://hl7.org/fhir/StructureDefinition/implementationguide-page"><valueUri value="Practitioner-ad055a3d-16b6-41f9-891a-7dd73eecaf03.html"/></extension><reference><reference value="Practitioner/ad055a3d-16b6-41f9-891a-7dd73eecaf03"/></reference><name value="Simple practitioner with a name"/><description value="Simple practitioner with a name"/><exampleBoolean value="true"/><groupingId value="-ex-example"/></resource><resource><extension url="http://hl7.org/fhir/StructureDefinition/implementationguide-page"><valueUri value="Bundle-ad3e05b2-551d-11ed-bdc3-0242ac120002.html"/></extension><reference><reference value="Bundle/ad3e05b2-551d-11ed-bdc3-0242ac120002"/></reference><name value="Cancel CareCommunication Message"/><description value="Example of a cancel (retract) a CareCommunication message."/><exampleCanonical value="http://medcomfhir.dk/ig/carecommunication/StructureDefinition/medcom-careCommunication-message"/><groupingId value="-ex-example"/></resource><resource><extension url="http://hl7.org/fhir/StructureDefinition/implementationguide-page"><valueUri value="MessageHeader-b0d424f8-33a9-4cc2-a528-a6cc1c58727b.html"/></extension><reference><reference value="MessageHeader/b0d424f8-33a9-4cc2-a528-a6cc1c58727b"/></reference><name value="Instance of a MessageHeader resource used in a retract message."/><description value="MessageHeader for CareCommunication cancel message. Valid only if used in a bundle (message)."/><exampleCanonical value="http://medcomfhir.dk/ig/carecommunication/StructureDefinition/medcom-careCommunication-messageHeader"/><groupingId value="-ex-example"/></resource><resource><extension url="http://hl7.org/fhir/StructureDefinition/implementationguide-page"><valueUri value="Organization-b2c584de-5503-11ed-bdc3-0242ac120002.html"/></extension><reference><reference value="Organization/b2c584de-5503-11ed-bdc3-0242ac120002"/></reference><name value="Example of a sender organization with a SOR and an EAN identifier."/><description value="Example of an organization with a SOR and an EAN identifier."/><exampleBoolean value="true"/><groupingId value="-ex-example"/></resource><resource><extension url="http://hl7.org/fhir/StructureDefinition/implementationguide-page"><valueUri value="Organization-b75abdfa-5519-11ed-bdc3-0242ac120002.html"/></extension><reference><reference value="Organization/b75abdfa-5519-11ed-bdc3-0242ac120002"/></reference><name value="Example of a reciever organization with a SOR and an EAN identifier."/><description value="Example of an organization with a SOR and an EAN identifier."/><exampleBoolean value="true"/><groupingId value="-ex-example"/></resource><resource><extension url="http://hl7.org/fhir/StructureDefinition/implementationguide-page"><valueUri value="Organization-c5c393ee-5519-11ed-bdc3-0242ac120002.html"/></extension><reference><reference value="Organization/c5c393ee-5519-11ed-bdc3-0242ac120002"/></reference><name value="Example of a sender organization with a SOR and an EAN identifier."/><description value="Example of an organization with a SOR and an EAN identifier."/><exampleBoolean value="true"/><groupingId value="-ex-example"/></resource><resource><extension url="http://hl7.org/fhir/StructureDefinition/implementationguide-page"><valueUri value="Bundle-cf9019c6-690d-11ed-9022-0242ac120002.html"/></extension><reference><reference value="Bundle/cf9019c6-690d-11ed-9022-0242ac120002"/></reference><name value="Modify CareCommunication Message"/><description value="Example of a modify a CareCommunication message."/><exampleCanonical value="http://medcomfhir.dk/ig/carecommunication/StructureDefinition/medcom-careCommunication-message"/><groupingId value="-ex-example"/></resource><resource><extension url="http://hl7.org/fhir/StructureDefinition/implementationguide-page"><valueUri value="MessageHeader-d5bd2111-2576-48d3-84d4-8be0297a038d.html"/></extension><reference><reference value="MessageHeader/d5bd2111-2576-48d3-84d4-8be0297a038d"/></reference><name value="Instance of a MessageHeader resource used in a reply message."/><description value="Example of a MessageHeader in a reply CareCommunication message. Valid only if used in a bundle (message)."/><exampleCanonical value="http://medcomfhir.dk/ig/carecommunication/StructureDefinition/medcom-careCommunication-messageHeader"/><groupingId value="-ex-example"/></resource><resource><extension url="http://hl7.org/fhir/StructureDefinition/implementationguide-page"><valueUri value="Communication-d63178cc-690f-11ed-9022-0242ac120002.html"/></extension><reference><reference value="Communication/d63178cc-690f-11ed-9022-0242ac120002"/></reference><name value="Instance of Communication resource used in a new message"/><description value="Content of care communication message. Valid only if used in a bundle (message) - new message"/><exampleCanonical value="http://medcomfhir.dk/ig/carecommunication/StructureDefinition/medcom-careCommunication-communication"/><groupingId value="-ex-example"/></resource><resource><extension url="http://hl7.org/fhir/StructureDefinition/implementationguide-page"><valueUri value="MessageHeader-dc04b8c2-5519-11ed-bdc3-0242ac120002.html"/></extension><reference><reference value="MessageHeader/dc04b8c2-5519-11ed-bdc3-0242ac120002"/></reference><name value="Instance of a MessageHeader resource used in a new message with attachment."/><description value="Example of a MessageHeader in a new CareCommunication message. Valid only if used in a bundle (message)."/><exampleCanonical value="http://medcomfhir.dk/ig/carecommunication/StructureDefinition/medcom-careCommunication-messageHeader"/><groupingId value="-ex-example"/></resource><resource><extension url="http://hl7.org/fhir/StructureDefinition/implementationguide-page"><valueUri value="Patient-e8dd504e-551f-11ed-bdc3-0242ac120002.html"/></extension><reference><reference value="Patient/e8dd504e-551f-11ed-bdc3-0242ac120002"/></reference><name value="Bruno Test Elmer"/><description value="Patient described with minimal information. Valid only if used in a Bundle."/><exampleBoolean value="true"/><groupingId value="-ex-example"/></resource><resource><extension url="http://hl7.org/fhir/StructureDefinition/implementationguide-page"><valueUri value="PractitionerRole-eda90bde-54f9-11ed-bdc3-0242ac120002.html"/></extension><reference><reference value="PractitionerRole/eda90bde-54f9-11ed-bdc3-0242ac120002"/></reference><name value="PractitionerRole with a role and reference to a practitioner"/><description value="PractitionerRole with a role and reference to a practitioner"/><exampleBoolean value="true"/><groupingId value="-ex-example"/></resource><resource><extension url="http://hl7.org/fhir/StructureDefinition/implementationguide-page"><valueUri value="Provenance-ee619a58-5519-11ed-bdc3-0242ac120002.html"/></extension><reference><reference value="Provenance/ee619a58-5519-11ed-bdc3-0242ac120002"/></reference><name value="CareCommunication example. The Provenance instance is only valid if used in a bundle (message) - new message"/><description value="CareCommunication example. The Provenance instance is only valid if used in a bundle (message) - new message"/><exampleBoolean value="true"/><groupingId value="-ex-example"/></resource><resource><extension url="http://hl7.org/fhir/StructureDefinition/implementationguide-page"><valueUri value="Communication-f54efd18-5520-11ed-bdc3-0242ac120002.html"/></extension><reference><reference value="Communication/f54efd18-5520-11ed-bdc3-0242ac120002"/></reference><name value="Instance of Communication resource used in a reply to an XDIS message"/><description value="Content of care communication message. Valid only if used in a bundle (message)."/><exampleCanonical value="http://medcomfhir.dk/ig/carecommunication/StructureDefinition/medcom-careCommunication-communication"/><groupingId value="-ex-example"/></resource><resource><extension url="http://hl7.org/fhir/StructureDefinition/implementationguide-page"><valueUri value="CareTeam-f693506a-6903-11ed-9022-0242ac120002.html"/></extension><reference><reference value="CareTeam/f693506a-6903-11ed-9022-0242ac120002"/></reference><name value="Example of a sender in terms of a careteam."/><description value="Example of a sender in terms of a careteam."/><exampleBoolean value="true"/><groupingId value="-ex-example"/></resource><resource><extension url="http://hl7.org/fhir/StructureDefinition/implementationguide-page"><valueUri value="MessageHeader-f8aa0bf0-690d-11ed-9022-0242ac120002.html"/></extension><reference><reference value="MessageHeader/f8aa0bf0-690d-11ed-9022-0242ac120002"/></reference><name value="Instance of a MessageHeader resource used in a modify message."/><description value="MessageHeader for CareCommunication modify message. Valid only if used in a bundle (message)."/><exampleCanonical value="http://medcomfhir.dk/ig/carecommunication/StructureDefinition/medcom-careCommunication-messageHeader"/><groupingId value="-ex-example"/></resource><resource><extension url="http://hl7.org/fhir/StructureDefinition/implementationguide-page"><valueUri value="Organization-f98ed410-54fe-11ed-bdc3-0242ac120002.html"/></extension><reference><reference value="Organization/f98ed410-54fe-11ed-bdc3-0242ac120002"/></reference><name value="Example of a reciever organization with a SOR and an EAN identifier."/><description value="Example of an organization with a SOR and an EAN identifier."/><exampleBoolean value="true"/><groupingId value="-ex-example"/></resource><resource><extension url="http://hl7.org/fhir/StructureDefinition/implementationguide-page"><valueUri value="CareTeam-fb1d34fe-6672-11ed-9022-0242ac120002.html"/></extension><reference><reference value="CareTeam/fb1d34fe-6672-11ed-9022-0242ac120002"/></reference><name value="Example of a recipient in terms of a careteam."/><description value="Example of a recipient in terms of a careteam."/><exampleBoolean value="true"/><groupingId value="-ex-example"/></resource><resource><extension url="http://hl7.org/fhir/StructureDefinition/implementationguide-page"><valueUri value="Organization-fd0666dc-551f-11ed-bdc3-0242ac120002.html"/></extension><reference><reference value="Organization/fd0666dc-551f-11ed-bdc3-0242ac120002"/></reference><name value="Example of a sender organization with a SOR and an EAN identifier."/><description value="Example of an organization with a SOR and an EAN identifier."/><exampleBoolean value="true"/><groupingId value="-ex-example"/></resource><resource><extension url="http://hl7.org/fhir/StructureDefinition/implementationguide-page"><valueUri value="Communication-fe2eb07e-690f-11ed-9022-0242ac120002.html"/></extension><reference><reference value="Communication/fe2eb07e-690f-11ed-9022-0242ac120002"/></reference><name value="Instance of Communication resource used in a new message"/><description value="Content of care communication message. Valid only if used in a bundle (message) - new message"/><exampleCanonical value="http://medcomfhir.dk/ig/carecommunication/StructureDefinition/medcom-careCommunication-communication"/><groupingId value="-ex-example"/></resource><resource><extension url="http://hl7.org/fhir/StructureDefinition/implementationguide-page"><valueUri value="Organization-o4cdf292-abf3-4f5f-80ea-60a48013ff6d.html"/></extension><reference><reference value="Organization/o4cdf292-abf3-4f5f-80ea-60a48013ff6d"/></reference><name value="Example of a reciever organization with a SOR and an EAN identifier."/><description value="Example of an organization with a SOR and an EAN identifier."/><exampleBoolean value="true"/><groupingId value="-ex-example"/></resource><resource><extension url="http://hl7.org/fhir/StructureDefinition/implementationguide-page"><valueUri value="Organization-o7056980-a8b2-42aa-8a0e-c1fc85d1f40d.html"/></extension><reference><reference value="Organization/o7056980-a8b2-42aa-8a0e-c1fc85d1f40d"/></reference><name value="Example of a sender organization with a SOR and an EAN identifier."/><description value="Example of an organization with a SOR and an EAN identifier."/><exampleBoolean value="true"/><groupingId value="-ex-example"/></resource><page><extension url="http://hl7.org/fhir/tools/StructureDefinition/ig-page-name"><valueUrl value="toc.html"/></extension><nameUrl value="toc.html"/><title value="Table of Contents"/><generation value="html"/><page><extension url="http://hl7.org/fhir/tools/StructureDefinition/ig-page-name"><valueUrl value="index.html"/></extension><nameUrl value="index.html"/><title value="Home"/><generation value="markdown"/></page><page><extension url="http://hl7.org/fhir/tools/StructureDefinition/ig-page-name"><valueUrl value="downloads.html"/></extension><nameUrl value="downloads.html"/><title value="Downloads"/><generation value="markdown"/></page><page><extension url="http://hl7.org/fhir/tools/StructureDefinition/ig-page-name"><valueUrl value="extensions.html"/></extension><nameUrl value="extensions.html"/><title value="Extensions"/><generation value="html"/></page><page><extension url="http://hl7.org/fhir/tools/StructureDefinition/ig-page-name"><valueUrl value="profiles.html"/></extension><nameUrl value="profiles.html"/><title value="Profiles"/><generation value="html"/></page><page><extension url="http://hl7.org/fhir/tools/StructureDefinition/ig-page-name"><valueUrl value="artifacts.html"/></extension><nameUrl value="artifacts.html"/><title value="Artifacts Summary"/><generation value="html"/><page><extension url="http://hl7.org/fhir/tools/StructureDefinition/ig-page-name"><valueUrl value="StructureDefinition-medcom-careCommunication-communication.html"/></extension><nameUrl value="StructureDefinition-medcom-careCommunication-communication.html"/><title value="MedComCareCommunication"/><generation value="generated"/></page><page><extension url="http://hl7.org/fhir/tools/StructureDefinition/ig-page-name"><valueUrl value="StructureDefinition-medcom-careCommunication-message.html"/></extension><nameUrl value="StructureDefinition-medcom-careCommunication-message.html"/><title value="MedComCareCommunicationMessage"/><generation value="generated"/></page><page><extension url="http://hl7.org/fhir/tools/StructureDefinition/ig-page-name"><valueUrl value="StructureDefinition-medcom-careCommunication-messageHeader.html"/></extension><nameUrl value="StructureDefinition-medcom-careCommunication-messageHeader.html"/><title value="MedComCareCommunicationMessageHeader"/><generation value="generated"/></page><page><extension url="http://hl7.org/fhir/tools/StructureDefinition/ig-page-name"><valueUrl value="StructureDefinition-medcom-carecommunication-attachment-identifier.html"/></extension><nameUrl value="StructureDefinition-medcom-carecommunication-attachment-identifier.html"/><title value="An identifier for an attachment."/><generation value="generated"/></page><page><extension url="http://hl7.org/fhir/tools/StructureDefinition/ig-page-name"><valueUrl value="StructureDefinition-medcom-carecommunication-attachment-identifier-extension.html"/></extension><nameUrl value="StructureDefinition-medcom-carecommunication-attachment-identifier-extension.html"/><title value="AttachmentIdentifierExtension"/><generation value="generated"/></page><page><extension url="http://hl7.org/fhir/tools/StructureDefinition/ig-page-name"><valueUrl value="StructureDefinition-medcom-carecommunication-author-contact-extension.html"/></extension><nameUrl value="StructureDefinition-medcom-carecommunication-author-contact-extension.html"/><title value="PayloadAuthorContactExtension"/><generation value="generated"/></page><page><extension url="http://hl7.org/fhir/tools/StructureDefinition/ig-page-name"><valueUrl value="StructureDefinition-medcom-carecommunication-author-extension.html"/></extension><nameUrl value="StructureDefinition-medcom-carecommunication-author-extension.html"/><title value="PayloadAuthorExtension"/><generation value="generated"/></page><page><extension url="http://hl7.org/fhir/tools/StructureDefinition/ig-page-name"><valueUrl value="StructureDefinition-medcom-carecommunication-datetime-extension.html"/></extension><nameUrl value="StructureDefinition-medcom-carecommunication-datetime-extension.html"/><title value="PayloadDateTimeExtension"/><generation value="generated"/></page><page><extension url="http://hl7.org/fhir/tools/StructureDefinition/ig-page-name"><valueUrl value="StructureDefinition-medcom-carecommunication-sender-extension.html"/></extension><nameUrl value="StructureDefinition-medcom-carecommunication-sender-extension.html"/><title value="SenderExtension"/><generation value="generated"/></page><page><extension url="http://hl7.org/fhir/tools/StructureDefinition/ig-page-name"><valueUrl value="Bundle-0dd5e7e2-0c0f-4a4a-bfff-f6f984fa7e3c.html"/></extension><nameUrl value="Bundle-0dd5e7e2-0c0f-4a4a-bfff-f6f984fa7e3c.html"/><title value="New CareCommunication message."/><generation value="generated"/></page><page><extension url="http://hl7.org/fhir/tools/StructureDefinition/ig-page-name"><valueUrl value="Organization-0e0e7f78-5520-11ed-bdc3-0242ac120002.html"/></extension><nameUrl value="Organization-0e0e7f78-5520-11ed-bdc3-0242ac120002.html"/><title value="Example of a reciever organization with a SOR and an EAN identifier."/><generation value="generated"/></page><page><extension url="http://hl7.org/fhir/tools/StructureDefinition/ig-page-name"><valueUrl value="Communication-0f8cde6a-d369-4d94-a2ce-c2cc45fd75fb.html"/></extension><nameUrl value="Communication-0f8cde6a-d369-4d94-a2ce-c2cc45fd75fb.html"/><title value="Instance of Communication resource used in a forward message"/><generation value="generated"/></page><page><extension url="http://hl7.org/fhir/tools/StructureDefinition/ig-page-name"><valueUrl value="Communication-1636f3f8-551e-11ed-bdc3-0242ac120002.html"/></extension><nameUrl value="Communication-1636f3f8-551e-11ed-bdc3-0242ac120002.html"/><title value="Instance of Communication resource used in a cancel message"/><generation value="generated"/></page><page><extension url="http://hl7.org/fhir/tools/StructureDefinition/ig-page-name"><valueUrl value="Practitioner-1e2d6388-5520-11ed-bdc3-0242ac120002.html"/></extension><nameUrl value="Practitioner-1e2d6388-5520-11ed-bdc3-0242ac120002.html"/><title value="Simple practitioner with a name"/><generation value="generated"/></page><page><extension url="http://hl7.org/fhir/tools/StructureDefinition/ig-page-name"><valueUrl value="Patient-1f697de4-551c-11ed-bdc3-0242ac120002.html"/></extension><nameUrl value="Patient-1f697de4-551c-11ed-bdc3-0242ac120002.html"/><title value="Bruno Test Elmer"/><generation value="generated"/></page><page><extension url="http://hl7.org/fhir/tools/StructureDefinition/ig-page-name"><valueUrl value="Practitioner-20eac382-551a-11ed-bdc3-0242ac120002.html"/></extension><nameUrl value="Practitioner-20eac382-551a-11ed-bdc3-0242ac120002.html"/><title value="Simple practitioner with a name"/><generation value="generated"/></page><page><extension url="http://hl7.org/fhir/tools/StructureDefinition/ig-page-name"><valueUrl value="Bundle-256549f7-ed10-422d-8088-f7222b686e46.html"/></extension><nameUrl value="Bundle-256549f7-ed10-422d-8088-f7222b686e46.html"/><title value="Reply CareCommunication Message"/><generation value="generated"/></page><page><extension url="http://hl7.org/fhir/tools/StructureDefinition/ig-page-name"><valueUrl value="Communication-273bc02c-9000-11ec-b909-0242ac120002.html"/></extension><nameUrl value="Communication-273bc02c-9000-11ec-b909-0242ac120002.html"/><title value="Instance of Communication resource used in a modify message"/><generation value="generated"/></page><page><extension url="http://hl7.org/fhir/tools/StructureDefinition/ig-page-name"><valueUrl value="Organization-282c1fea-551c-11ed-bdc3-0242ac120002.html"/></extension><nameUrl value="Organization-282c1fea-551c-11ed-bdc3-0242ac120002.html"/><title value="Example of a reciever organization with a SOR and an EAN identifier."/><generation value="generated"/></page><page><extension url="http://hl7.org/fhir/tools/StructureDefinition/ig-page-name"><valueUrl value="PractitionerRole-2b80d2b8-5520-11ed-bdc3-0242ac120002.html"/></extension><nameUrl value="PractitionerRole-2b80d2b8-5520-11ed-bdc3-0242ac120002.html"/><title value="PractitionerRole with a role and reference to a practitioner"/><generation value="generated"/></page><page><extension url="http://hl7.org/fhir/tools/StructureDefinition/ig-page-name"><valueUrl value="Organization-2f12cb92-551c-11ed-bdc3-0242ac120002.html"/></extension><nameUrl value="Organization-2f12cb92-551c-11ed-bdc3-0242ac120002.html"/><title value="Example of a sender organization with a SOR and an EAN identifier."/><generation value="generated"/></page><page><extension url="http://hl7.org/fhir/tools/StructureDefinition/ig-page-name"><valueUrl value="MessageHeader-3076d9b0-5521-11ed-bdc3-0242ac120002.html"/></extension><nameUrl value="MessageHeader-3076d9b0-5521-11ed-bdc3-0242ac120002.html"/><title value="Instance of a MessageHeader resource used in a reply to an OIOXML message."/><generation value="generated"/></page><page><extension url="http://hl7.org/fhir/tools/StructureDefinition/ig-page-name"><valueUrl value="Provenance-30c0f779-783f-46b2-b38f-faebd2bedb3f.html"/></extension><nameUrl value="Provenance-30c0f779-783f-46b2-b38f-faebd2bedb3f.html"/><title value="CareCommunication example. The Provenance instance is only valid if used in a bundle (message) - reply to new message"/><generation value="generated"/></page><page><extension url="http://hl7.org/fhir/tools/StructureDefinition/ig-page-name"><valueUrl value="Patient-31c90594-54ff-11ed-bdc3-0242ac120002.html"/></extension><nameUrl value="Patient-31c90594-54ff-11ed-bdc3-0242ac120002.html"/><title value="Bruno Test Elmer"/><generation value="generated"/></page><page><extension url="http://hl7.org/fhir/tools/StructureDefinition/ig-page-name"><valueUrl value="Practitioner-356947dc-551c-11ed-bdc3-0242ac120002.html"/></extension><nameUrl value="Practitioner-356947dc-551c-11ed-bdc3-0242ac120002.html"/><title value="Simple practitioner with a name"/><generation value="generated"/></page><page><extension url="http://hl7.org/fhir/tools/StructureDefinition/ig-page-name"><valueUrl value="PractitionerRole-35bb99e4-551a-11ed-bdc3-0242ac120002.html"/></extension><nameUrl value="PractitionerRole-35bb99e4-551a-11ed-bdc3-0242ac120002.html"/><title value="PractitionerRole with a role and reference to a practitioner"/><generation value="generated"/></page><page><extension url="http://hl7.org/fhir/tools/StructureDefinition/ig-page-name"><valueUrl value="Bundle-37bfbc0c-553d-11ed-bdc3-0242ac120002.html"/></extension><nameUrl value="Bundle-37bfbc0c-553d-11ed-bdc3-0242ac120002.html"/><title value="MedCom CareCommunication - Reply to XDIS Message Example"/><generation value="generated"/></page><page><extension url="http://hl7.org/fhir/tools/StructureDefinition/ig-page-name"><valueUrl value="PractitionerRole-39d3af60-551c-11ed-bdc3-0242ac120002.html"/></extension><nameUrl value="PractitionerRole-39d3af60-551c-11ed-bdc3-0242ac120002.html"/><title value="PractitionerRole with a role and reference to a practitioner"/><generation value="generated"/></page><page><extension url="http://hl7.org/fhir/tools/StructureDefinition/ig-page-name"><valueUrl value="Bundle-40426e3e-978f-46e8-a366-a30f27854b0a.html"/></extension><nameUrl value="Bundle-40426e3e-978f-46e8-a366-a30f27854b0a.html"/><title value="Forward CareCommunication Message"/><generation value="generated"/></page><page><extension url="http://hl7.org/fhir/tools/StructureDefinition/ig-page-name"><valueUrl value="MessageHeader-42cb9200-f421-4d08-8391-7d51a2503cb4.html"/></extension><nameUrl value="MessageHeader-42cb9200-f421-4d08-8391-7d51a2503cb4.html"/><title value="Instance of a MessageHeader resource used in a new message."/><generation value="generated"/></page><page><extension url="http://hl7.org/fhir/tools/StructureDefinition/ig-page-name"><valueUrl value="Patient-448cd4ee-5504-11ed-bdc3-0242ac120002.html"/></extension><nameUrl value="Patient-448cd4ee-5504-11ed-bdc3-0242ac120002.html"/><title value="Bruno Test Elmer"/><generation value="generated"/></page><page><extension url="http://hl7.org/fhir/tools/StructureDefinition/ig-page-name"><valueUrl value="Communication-487e2238-527b-11ec-bf63-0242ac130002.html"/></extension><nameUrl value="Communication-487e2238-527b-11ec-bf63-0242ac130002.html"/><title value="Instance of Communication resource used in a new message with attachment"/><generation value="generated"/></page><page><extension url="http://hl7.org/fhir/tools/StructureDefinition/ig-page-name"><valueUrl value="Provenance-4c284936-5454-4116-95fc-3c8eeeed2400.html"/></extension><nameUrl value="Provenance-4c284936-5454-4116-95fc-3c8eeeed2400.html"/><title value="CareCommunication example. The Provenance instance is only valid if used in a bundle (message) - new message"/><generation value="generated"/></page><page><extension url="http://hl7.org/fhir/tools/StructureDefinition/ig-page-name"><valueUrl value="Communication-4c712bdc-1558-4125-a854-fa8b3a11f6ed.html"/></extension><nameUrl value="Communication-4c712bdc-1558-4125-a854-fa8b3a11f6ed.html"/><title value="Instance of Communication resource used in a reply message"/><generation value="generated"/></page><page><extension url="http://hl7.org/fhir/tools/StructureDefinition/ig-page-name"><valueUrl value="Communication-4ec35384-527b-11ec-bf63-0242ac130002.html"/></extension><nameUrl value="Communication-4ec35384-527b-11ec-bf63-0242ac130002.html"/><title value="Instance of Communication resource used in a new message with priority"/><generation value="generated"/></page><page><extension url="http://hl7.org/fhir/tools/StructureDefinition/ig-page-name"><valueUrl value="Patient-550b46e4-690d-11ed-9022-0242ac120002.html"/></extension><nameUrl value="Patient-550b46e4-690d-11ed-9022-0242ac120002.html"/><title value="Bruno Test Elmer"/><generation value="generated"/></page><page><extension url="http://hl7.org/fhir/tools/StructureDefinition/ig-page-name"><valueUrl value="Practitioner-58c811a5-4082-44eb-9d66-ccbb112d4973.html"/></extension><nameUrl value="Practitioner-58c811a5-4082-44eb-9d66-ccbb112d4973.html"/><title value="Simple practitioner with a name"/><generation value="generated"/></page><page><extension url="http://hl7.org/fhir/tools/StructureDefinition/ig-page-name"><valueUrl value="Encounter-6220b42d-c4fd-4c77-bae7-78e7d890dc8d.html"/></extension><nameUrl value="Encounter-6220b42d-c4fd-4c77-bae7-78e7d890dc8d.html"/><title value="MedCom Core Encounter"/><generation value="generated"/></page><page><extension url="http://hl7.org/fhir/tools/StructureDefinition/ig-page-name"><valueUrl value="Provenance-6de0806d-7050-4db8-8003-0c72aee52948.html"/></extension><nameUrl value="Provenance-6de0806d-7050-4db8-8003-0c72aee52948.html"/><title value="CareCommunication example. The Provenance instance is only valid if used in a bundle (message) - reply to OIOXML-message"/><generation value="generated"/></page><page><extension url="http://hl7.org/fhir/tools/StructureDefinition/ig-page-name"><valueUrl value="Bundle-6f7e4c80-551a-11ed-bdc3-0242ac120002.html"/></extension><nameUrl value="Bundle-6f7e4c80-551a-11ed-bdc3-0242ac120002.html"/><title value="New CareCommunication message with attachment, episodeOfCare-identifier, and sender and recipient"/><generation value="generated"/></page><page><extension url="http://hl7.org/fhir/tools/StructureDefinition/ig-page-name"><valueUrl value="PractitionerRole-6ff69f1c-690d-11ed-9022-0242ac120002.html"/></extension><nameUrl value="PractitionerRole-6ff69f1c-690d-11ed-9022-0242ac120002.html"/><title value="PractitionerRole with a role and reference to a practitioner"/><generation value="generated"/></page><page><extension url="http://hl7.org/fhir/tools/StructureDefinition/ig-page-name"><valueUrl value="Patient-733cef33-3626-422b-955d-d506aaa65fe1.html"/></extension><nameUrl value="Patient-733cef33-3626-422b-955d-d506aaa65fe1.html"/><title value="Bruno Test Elmer"/><generation value="generated"/></page><page><extension url="http://hl7.org/fhir/tools/StructureDefinition/ig-page-name"><valueUrl value="Provenance-7466d9f6-d3ae-4be5-8ed7-b333dad30205.html"/></extension><nameUrl value="Provenance-7466d9f6-d3ae-4be5-8ed7-b333dad30205.html"/><title value="CareCommunication example. The Provenance instance is only valid if used in a bundle (message) - new message being forwarded"/><generation value="generated"/></page><page><extension url="http://hl7.org/fhir/tools/StructureDefinition/ig-page-name"><valueUrl value="Practitioner-7c7f31d6-690d-11ed-9022-0242ac120002.html"/></extension><nameUrl value="Practitioner-7c7f31d6-690d-11ed-9022-0242ac120002.html"/><title value="Simple practitioner with a name"/><generation value="generated"/></page><page><extension url="http://hl7.org/fhir/tools/StructureDefinition/ig-page-name"><valueUrl value="PractitionerRole-7cae09e0-5501-11ed-bdc3-0242ac120002.html"/></extension><nameUrl value="PractitionerRole-7cae09e0-5501-11ed-bdc3-0242ac120002.html"/><title value="PractitionerRole with a role and reference to a practitioner"/><generation value="generated"/></page><page><extension url="http://hl7.org/fhir/tools/StructureDefinition/ig-page-name"><valueUrl value="Practitioner-7ffff970-5504-11ed-bdc3-0242ac120002.html"/></extension><nameUrl value="Practitioner-7ffff970-5504-11ed-bdc3-0242ac120002.html"/><title value="Simple practitioner with a name"/><generation value="generated"/></page><page><extension url="http://hl7.org/fhir/tools/StructureDefinition/ig-page-name"><valueUrl value="Patient-833cef33-3726-433b-855d-e566aaa65fe1.html"/></extension><nameUrl value="Patient-833cef33-3726-433b-855d-e566aaa65fe1.html"/><title value="Bruno Test Elmer"/><generation value="generated"/></page><page><extension url="http://hl7.org/fhir/tools/StructureDefinition/ig-page-name"><valueUrl value="Organization-87b881a6-690d-11ed-9022-0242ac120002.html"/></extension><nameUrl value="Organization-87b881a6-690d-11ed-9022-0242ac120002.html"/><title value="Example of a reciever organization with a SOR and an EAN identifier."/><generation value="generated"/></page><page><extension url="http://hl7.org/fhir/tools/StructureDefinition/ig-page-name"><valueUrl value="PractitionerRole-8bf63050-5504-11ed-bdc3-0242ac120002.html"/></extension><nameUrl value="PractitionerRole-8bf63050-5504-11ed-bdc3-0242ac120002.html"/><title value="PractitionerRole with a role and reference to a practitioner"/><generation value="generated"/></page><page><extension url="http://hl7.org/fhir/tools/StructureDefinition/ig-page-name"><valueUrl value="Communication-94e65db8-2f0c-4a2c-a7c9-06a160d59a12.html"/></extension><nameUrl value="Communication-94e65db8-2f0c-4a2c-a7c9-06a160d59a12.html"/><title value="Instance of Communication resource used in a new message"/><generation value="generated"/></page><page><extension url="http://hl7.org/fhir/tools/StructureDefinition/ig-page-name"><valueUrl value="Organization-9e183b44-690d-11ed-9022-0242ac120002.html"/></extension><nameUrl value="Organization-9e183b44-690d-11ed-9022-0242ac120002.html"/><title value="Example of a sender organization with a SOR and an EAN identifier."/><generation value="generated"/></page><page><extension url="http://hl7.org/fhir/tools/StructureDefinition/ig-page-name"><valueUrl value="Organization-9eb51090-5503-11ed-bdc3-0242ac120002.html"/></extension><nameUrl value="Organization-9eb51090-5503-11ed-bdc3-0242ac120002.html"/><title value="Example of a receiver organization with a SOR and an EAN identifier."/><generation value="generated"/></page><page><extension url="http://hl7.org/fhir/tools/StructureDefinition/ig-page-name"><valueUrl value="Organization-a5e260f6-54ff-11ed-bdc3-0242ac120002.html"/></extension><nameUrl value="Organization-a5e260f6-54ff-11ed-bdc3-0242ac120002.html"/><title value="Example of a sender organization with a SOR and an EAN identifier."/><generation value="generated"/></page><page><extension url="http://hl7.org/fhir/tools/StructureDefinition/ig-page-name"><valueUrl value="MessageHeader-aac67161-d0de-4933-a78c-060beafb4814.html"/></extension><nameUrl value="MessageHeader-aac67161-d0de-4933-a78c-060beafb4814.html"/><title value="Instance of a MessageHeader resource used in a forward message."/><generation value="generated"/></page><page><extension url="http://hl7.org/fhir/tools/StructureDefinition/ig-page-name"><valueUrl value="Practitioner-ad055a3d-16b6-41f9-891a-7dd73eecaf03.html"/></extension><nameUrl value="Practitioner-ad055a3d-16b6-41f9-891a-7dd73eecaf03.html"/><title value="Simple practitioner with a name"/><generation value="generated"/></page><page><extension url="http://hl7.org/fhir/tools/StructureDefinition/ig-page-name"><valueUrl value="Bundle-ad3e05b2-551d-11ed-bdc3-0242ac120002.html"/></extension><nameUrl value="Bundle-ad3e05b2-551d-11ed-bdc3-0242ac120002.html"/><title value="Cancel CareCommunication Message"/><generation value="generated"/></page><page><extension url="http://hl7.org/fhir/tools/StructureDefinition/ig-page-name"><valueUrl value="MessageHeader-b0d424f8-33a9-4cc2-a528-a6cc1c58727b.html"/></extension><nameUrl value="MessageHeader-b0d424f8-33a9-4cc2-a528-a6cc1c58727b.html"/><title value="Instance of a MessageHeader resource used in a retract message."/><generation value="generated"/></page><page><extension url="http://hl7.org/fhir/tools/StructureDefinition/ig-page-name"><valueUrl value="Organization-b2c584de-5503-11ed-bdc3-0242ac120002.html"/></extension><nameUrl value="Organization-b2c584de-5503-11ed-bdc3-0242ac120002.html"/><title value="Example of a sender organization with a SOR and an EAN identifier."/><generation value="generated"/></page><page><extension url="http://hl7.org/fhir/tools/StructureDefinition/ig-page-name"><valueUrl value="Organization-b75abdfa-5519-11ed-bdc3-0242ac120002.html"/></extension><nameUrl value="Organization-b75abdfa-5519-11ed-bdc3-0242ac120002.html"/><title value="Example of a reciever organization with a SOR and an EAN identifier."/><generation value="generated"/></page><page><extension url="http://hl7.org/fhir/tools/StructureDefinition/ig-page-name"><valueUrl value="Organization-c5c393ee-5519-11ed-bdc3-0242ac120002.html"/></extension><nameUrl value="Organization-c5c393ee-5519-11ed-bdc3-0242ac120002.html"/><title value="Example of a sender organization with a SOR and an EAN identifier."/><generation value="generated"/></page><page><extension url="http://hl7.org/fhir/tools/StructureDefinition/ig-page-name"><valueUrl value="Bundle-cf9019c6-690d-11ed-9022-0242ac120002.html"/></extension><nameUrl value="Bundle-cf9019c6-690d-11ed-9022-0242ac120002.html"/><title value="Modify CareCommunication Message"/><generation value="generated"/></page><page><extension url="http://hl7.org/fhir/tools/StructureDefinition/ig-page-name"><valueUrl value="MessageHeader-d5bd2111-2576-48d3-84d4-8be0297a038d.html"/></extension><nameUrl value="MessageHeader-d5bd2111-2576-48d3-84d4-8be0297a038d.html"/><title value="Instance of a MessageHeader resource used in a reply message."/><generation value="generated"/></page><page><extension url="http://hl7.org/fhir/tools/StructureDefinition/ig-page-name"><valueUrl value="Communication-d63178cc-690f-11ed-9022-0242ac120002.html"/></extension><nameUrl value="Communication-d63178cc-690f-11ed-9022-0242ac120002.html"/><title value="Instance of Communication resource used in a new message"/><generation value="generated"/></page><page><extension url="http://hl7.org/fhir/tools/StructureDefinition/ig-page-name"><valueUrl value="MessageHeader-dc04b8c2-5519-11ed-bdc3-0242ac120002.html"/></extension><nameUrl value="MessageHeader-dc04b8c2-5519-11ed-bdc3-0242ac120002.html"/><title value="Instance of a MessageHeader resource used in a new message with attachment."/><generation value="generated"/></page><page><extension url="http://hl7.org/fhir/tools/StructureDefinition/ig-page-name"><valueUrl value="Patient-e8dd504e-551f-11ed-bdc3-0242ac120002.html"/></extension><nameUrl value="Patient-e8dd504e-551f-11ed-bdc3-0242ac120002.html"/><title value="Bruno Test Elmer"/><generation value="generated"/></page><page><extension url="http://hl7.org/fhir/tools/StructureDefinition/ig-page-name"><valueUrl value="PractitionerRole-eda90bde-54f9-11ed-bdc3-0242ac120002.html"/></extension><nameUrl value="PractitionerRole-eda90bde-54f9-11ed-bdc3-0242ac120002.html"/><title value="PractitionerRole with a role and reference to a practitioner"/><generation value="generated"/></page><page><extension url="http://hl7.org/fhir/tools/StructureDefinition/ig-page-name"><valueUrl value="Provenance-ee619a58-5519-11ed-bdc3-0242ac120002.html"/></extension><nameUrl value="Provenance-ee619a58-5519-11ed-bdc3-0242ac120002.html"/><title value="CareCommunication example. The Provenance instance is only valid if used in a bundle (message) - new message"/><generation value="generated"/></page><page><extension url="http://hl7.org/fhir/tools/StructureDefinition/ig-page-name"><valueUrl value="Communication-f54efd18-5520-11ed-bdc3-0242ac120002.html"/></extension><nameUrl value="Communication-f54efd18-5520-11ed-bdc3-0242ac120002.html"/><title value="Instance of Communication resource used in a reply to an XDIS message"/><generation value="generated"/></page><page><extension url="http://hl7.org/fhir/tools/StructureDefinition/ig-page-name"><valueUrl value="CareTeam-f693506a-6903-11ed-9022-0242ac120002.html"/></extension><nameUrl value="CareTeam-f693506a-6903-11ed-9022-0242ac120002.html"/><title value="Example of a sender in terms of a careteam."/><generation value="generated"/></page><page><extension url="http://hl7.org/fhir/tools/StructureDefinition/ig-page-name"><valueUrl value="MessageHeader-f8aa0bf0-690d-11ed-9022-0242ac120002.html"/></extension><nameUrl value="MessageHeader-f8aa0bf0-690d-11ed-9022-0242ac120002.html"/><title value="Instance of a MessageHeader resource used in a modify message."/><generation value="generated"/></page><page><extension url="http://hl7.org/fhir/tools/StructureDefinition/ig-page-name"><valueUrl value="Organization-f98ed410-54fe-11ed-bdc3-0242ac120002.html"/></extension><nameUrl value="Organization-f98ed410-54fe-11ed-bdc3-0242ac120002.html"/><title value="Example of a reciever organization with a SOR and an EAN identifier."/><generation value="generated"/></page><page><extension url="http://hl7.org/fhir/tools/StructureDefinition/ig-page-name"><valueUrl value="CareTeam-fb1d34fe-6672-11ed-9022-0242ac120002.html"/></extension><nameUrl value="CareTeam-fb1d34fe-6672-11ed-9022-0242ac120002.html"/><title value="Example of a recipient in terms of a careteam."/><generation value="generated"/></page><page><extension url="http://hl7.org/fhir/tools/StructureDefinition/ig-page-name"><valueUrl value="Organization-fd0666dc-551f-11ed-bdc3-0242ac120002.html"/></extension><nameUrl value="Organization-fd0666dc-551f-11ed-bdc3-0242ac120002.html"/><title value="Example of a sender organization with a SOR and an EAN identifier."/><generation value="generated"/></page><page><extension url="http://hl7.org/fhir/tools/StructureDefinition/ig-page-name"><valueUrl value="Communication-fe2eb07e-690f-11ed-9022-0242ac120002.html"/></extension><nameUrl value="Communication-fe2eb07e-690f-11ed-9022-0242ac120002.html"/><title value="Instance of Communication resource used in a new message"/><generation value="generated"/></page><page><extension url="http://hl7.org/fhir/tools/StructureDefinition/ig-page-name"><valueUrl value="Organization-o4cdf292-abf3-4f5f-80ea-60a48013ff6d.html"/></extension><nameUrl value="Organization-o4cdf292-abf3-4f5f-80ea-60a48013ff6d.html"/><title value="Example of a reciever organization with a SOR and an EAN identifier."/><generation value="generated"/></page><page><extension url="http://hl7.org/fhir/tools/StructureDefinition/ig-page-name"><valueUrl value="Organization-o7056980-a8b2-42aa-8a0e-c1fc85d1f40d.html"/></extension><nameUrl value="Organization-o7056980-a8b2-42aa-8a0e-c1fc85d1f40d.html"/><title value="Example of a sender organization with a SOR and an EAN identifier."/><generation value="generated"/></page></page></page><parameter><code value="path-resource"/><value value="input/capabilities"/></parameter><parameter><code value="path-resource"/><value value="input/examples"/></parameter><parameter><code value="path-resource"/><value value="input/extensions"/></parameter><parameter><code value="path-resource"/><value value="input/models"/></parameter><parameter><code value="path-resource"/><value value="input/operations"/></parameter><parameter><code value="path-resource"/><value value="input/profiles"/></parameter><parameter><code value="path-resource"/><value value="input/resources"/></parameter><parameter><code value="path-resource"/><value value="input/vocabulary"/></parameter><parameter><code value="path-resource"/><value value="input/maps"/></parameter><parameter><code value="path-resource"/><value value="input/testing"/></parameter><parameter><code value="path-resource"/><value value="input/history"/></parameter><parameter><code value="path-resource"/><value value="fsh-generated/resources"/></parameter><parameter><code value="path-pages"/><value value="template/config"/></parameter><parameter><code value="path-pages"/><value value="input/images"/></parameter><parameter><code value="path-tx-cache"/><value value="input-cache/txcache"/></parameter></definition></ImplementationGuide>