{"resourceType":"CodeSystem","id":"medcom-core-ecpr-codes","text":{"status":"generated","div":"<div xmlns=\"http://www.w3.org/1999/xhtml\"><p>This code system <code>http://medcomfhir.dk/ig/terminology/CodeSystem/medcom-core-ecpr-codes</code> defines the following codes:</p><table class=\"codes\"><tr><td style=\"white-space:nowrap\"><b>Code</b></td><td><b>Display</b></td></tr><tr><td style=\"white-space:nowrap\">nationalEcprregister<a name=\"medcom-core-ecpr-codes-nationalEcprregister\"> </a></td><td>https://sundhedsdatastyrelsen.dk/da/registre-og-services/ecpr</td></tr></table></div>"},"url":"http://medcomfhir.dk/ig/terminology/CodeSystem/medcom-core-ecpr-codes","version":"1.3.0","name":"MedComCoreECPRCodes","title":"MedComCoreECPRCodes","status":"active","date":"2022-09-01","publisher":"MedCom","contact":[{"name":"MedCom","telecom":[{"system":"url","value":"http://www.medcom.dk"}]}],"description":"CodeSystem with systems used to represent the system of a Danish replacement person identifier (eCPR).","jurisdiction":[{"coding":[{"system":"urn:iso:std:iso:3166","code":"DK","display":"Denmark"}]}],"caseSensitive":false,"content":"complete","count":1,"concept":[{"code":"nationalEcprregister","display":"https://sundhedsdatastyrelsen.dk/da/registre-og-services/ecpr"}]}