{
  "resourceType" : "CodeSystem",
  "id" : "fedf028a-fc74-4b79-a8d3-8b7483f34270-12",
  "url" : "http://hl7.org/fhir/comparison/CodeSystem/fedf028a-fc74-4b79-a8d3-8b7483f34270-12",
  "name" : "IntersectionMedComCareCommunicationCategoryCodesAndMedComCareCommunicationCategoryCodes",
  "title" : "Intersection of MedComCareCommunicationCategories And MedComCareCommunicationCategories",
  "status" : "active",
  "date" : "2024-06-26T14:37:34+02:00",
  "jurisdiction" : [{
    "coding" : [{
      "system" : "urn:iso:std:iso:3166",
      "code" : "DK",
      "display" : "Denmark"
    }]
  }],
  "concept" : [{
    "code" : "alcohol-and-drug-treatment",
    "display" : "Alcohol and drug treatment",
    "designation" : [{
      "language" : "da",
      "value" : "Rusmiddelbehandling"
    }]
  },
  {
    "code" : "assistive-devices",
    "display" : "Assistive technology",
    "designation" : [{
      "language" : "da",
      "value" : "Hjælpemidler"
    }]
  },
  {
    "code" : "carecoordination",
    "display" : "Care Coordination",
    "designation" : [{
      "language" : "da",
      "value" : "Forløbskoordinering"
    }]
  },
  {
    "code" : "decease",
    "display" : "Decease",
    "designation" : [{
      "language" : "da",
      "value" : "Dødsfald"
    }]
  },
  {
    "code" : "discharge",
    "display" : "Discharge",
    "designation" : [{
      "language" : "da",
      "value" : "Udskrivelse"
    }]
  },
  {
    "code" : "examination-results",
    "display" : "Examination Results",
    "designation" : [{
      "language" : "da",
      "value" : "Undersøgelsessvar"
    }]
  },
  {
    "code" : "healthcare",
    "display" : "Healthcare",
    "designation" : [{
      "language" : "da",
      "value" : "Sundhedspleje"
    }]
  },
  {
    "code" : "home-care-assessment",
    "display" : "Home care assessment",
    "designation" : [{
      "language" : "da",
      "value" : "Visitation"
    }]
  },
  {
    "code" : "medicine",
    "display" : "Medicine",
    "designation" : [{
      "language" : "da",
      "value" : "Medicin"
    }]
  },
  {
    "code" : "nursing",
    "display" : "Nursing",
    "designation" : [{
      "language" : "da",
      "value" : "Sygepleje"
    }]
  },
  {
    "code" : "outpatient",
    "display" : "Outpatient",
    "designation" : [{
      "language" : "da",
      "value" : "Ambulant"
    }]
  },
  {
    "code" : "psychiatry-social-disability",
    "display" : "Psychiatry, Social, Disability",
    "designation" : [{
      "language" : "da",
      "value" : "Psykiatri, social, handicap"
    }]
  },
  {
    "code" : "regarding-referral",
    "display" : "Regarding Referral",
    "designation" : [{
      "language" : "da",
      "value" : "Vedr. henvisning"
    }]
  },
  {
    "code" : "telemedicine",
    "display" : "Telemedicine",
    "designation" : [{
      "language" : "da",
      "value" : "Telemedicin"
    }]
  },
  {
    "code" : "training",
    "display" : "Training",
    "designation" : [{
      "language" : "da",
      "value" : "Træning"
    }]
  },
  {
    "code" : "other",
    "display" : "Other",
    "designation" : [{
      "language" : "da",
      "value" : "Andet"
    }]
  }]
}