{
  "resourceType" : "CodeSystem",
  "id" : "fedf028a-fc74-4b79-a8d3-8b7483f34270-30",
  "url" : "http://hl7.org/fhir/comparison/CodeSystem/fedf028a-fc74-4b79-a8d3-8b7483f34270-30",
  "name" : "IntersectionMedComMessagingCancellationReasonAndMedComMessagingCancellationReason",
  "title" : "Intersection of MedComMessagingCancellationReason And MedComMessagingCancellationReason",
  "status" : "draft",
  "date" : "2024-06-26T14:37:34+02:00",
  "jurisdiction" : [{
    "coding" : [{
      "system" : "urn:iso:std:iso:3166",
      "code" : "DK",
      "display" : "Denmark"
    }]
  }],
  "concept" : [{
    "code" : "incorrect-cpr",
    "display" : "Cancellation due to incorrect CPR-number",
    "designation" : [{
      "language" : "da",
      "value" : "Annullering grundet forkert CPR-nr."
    }]
  },
  {
    "code" : "incorrect-receiver",
    "display" : "Cancellation due to incorrect receiver",
    "designation" : [{
      "language" : "da",
      "value" : "Annullering grundet forkert modtager"
    }]
  },
  {
    "code" : "incorrect-attachment",
    "display" : "Cancellation due to attachment with content concerning a incorrect CPR-number",
    "designation" : [{
      "language" : "da",
      "value" : "Annullering grundet vedhæftet fil med indhold på forkert CPR-nr."
    }]
  }]
}