{
  "resourceType" : "ValueSet",
  "id" : "fedf028a-fc74-4b79-a8d3-8b7483f34270-107",
  "url" : "http://hl7.org/fhir/comparison/ValueSet/fedf028a-fc74-4b79-a8d3-8b7483f34270-107",
  "name" : "UnionMedComObservarionResponesGroupValueSetAndMedComObservarionResponesGroupValueSet",
  "title" : "Union of MedComObservarionResultGroupValueSet And MedComObservationResultGroupValueSet",
  "status" : "draft",
  "date" : "2024-06-26T14:37:34+02:00",
  "jurisdiction" : [{
    "coding" : [{
      "system" : "urn:iso:std:iso:3166",
      "code" : "DK",
      "display" : "Denmark"
    }]
  }],
  "compose" : {
    "include" : [{
      "concept" : [{
        "code" : "5",
        "display" : "Hæmatologi"
      },
      {
        "code" : "10",
        "display" : "Væske- og elektrolytbalance"
      },
      {
        "code" : "15",
        "display" : "Syre/base- og oxygenstatus"
      },
      {
        "code" : "20",
        "display" : "Hæmostase"
      },
      {
        "code" : "25",
        "display" : "Organmarkører"
      },
      {
        "code" : "30",
        "display" : "Metabolisme"
      },
      {
        "code" : "35",
        "display" : "Endokrinologi"
      },
      {
        "code" : "40",
        "display" : "Tumormarkører"
      },
      {
        "code" : "45",
        "display" : "Immunologi og inflammation"
      },
      {
        "code" : "50",
        "display" : "Autoantistoffer"
      },
      {
        "code" : "55",
        "display" : "Allergi"
      },
      {
        "code" : "60",
        "display" : "Farmakologi"
      },
      {
        "code" : "65",
        "display" : "Sporstoffer og vitaminer"
      },
      {
        "code" : "70",
        "display" : "Infektion og smittemarkører"
      },
      {
        "code" : "75",
        "display" : "Blodtyper og transfusion"
      },
      {
        "code" : "80",
        "display" : "Vævstyper og transplantation"
      },
      {
        "code" : "85",
        "display" : "Molekylær genetik"
      },
      {
        "code" : "90",
        "display" : "Urin og fæces"
      },
      {
        "code" : "95",
        "display" : "CSV-,led-og pleuravæske,ascites m.m"
      },
      {
        "code" : "100",
        "display" : "Marv og andre biopsier"
      },
      {
        "code" : "105",
        "display" : "Sæd"
      },
      {
        "code" : "110",
        "display" : "Projektundersøgelser"
      },
      {
        "code" : "115",
        "display" : "Andre undersøgelser"
      },
      {
        "code" : "120",
        "display" : "Hjemmemåling"
      }]
    }]
  }
}