<?xml version="1.0" encoding="UTF-8"?><TestScript xmlns="http://hl7.org/fhir"><id value="carecommunication-send-new-attachment-png"/><meta><profile value="http://touchstone.aegis.net/touchstone/fhir/testing/StructureDefinition/testscript"/></meta><url value="http://medcomfhir.dk/ig/carecommunicationtestscript/carecommunication-send-new-attachment-png"/><version value="5.0.0"/><name value="CareCommunicationTestScript"/><title value="Send CareCommunication with a png as an attached file. "/><status value="active"/><date value="2025-10-15"/><contact><name value="MedCom"/><telecom><system value="email"/><value value="mailto:fhir@medcom.dk"/></telecom></contact><description value="Send CareCommunication with a png as an attached file. "/><jurisdiction><coding><system value="urn:iso:std:iso:3166"/><code value="DK"/><display value="Denmark"/></coding></jurisdiction><copyright value="MedCom 2023"/><origin><index value="1"/><profile><system value="http://terminology.hl7.org/CodeSystem/testscript-profile-origin-types"/><code value="FHIR-Client"/></profile></origin><destination><index value="1"/><profile><system value="http://terminology.hl7.org/CodeSystem/testscript-profile-destination-types"/><code value="FHIR-Server"/></profile></destination><fixture id="create-new-message-01"><autocreate value="false"/><autodelete value="false"/><resource><reference value="../Fixtures/CareCommunication-fixture.xml"/></resource></fixture><profile id="carecommunication"><reference value="http://medcomfhir.dk/ig/carecommunication/StructureDefinition/medcom-careCommunication-message|5.0.0-trial-use"/></profile><variable><name value="messageHeaderid-new-message-01"/><expression value="Bundle.entry[0].resource.id"/><sourceId value="create-new-message-01"/></variable><variable><name value="searchParamIdentifier-new-message"/><expression value="Bundle.entry.resource.ofType(MessageHeader).id"/><sourceId value="create-new-message"/></variable><test id="carecommunication-create-new-message-01"><name value="Create a CareCommunication new-message Message 01"/><description value="Post CareCommunication to the server."/><action><operation><type><system value="http://terminology.hl7.org/CodeSystem/testscript-operation-codes"/><code value="create"/></type><resource value="Bundle"/><description value="Post a carecommunication"/><destination value="1"/><encodeRequestUrl value="true"/><origin value="1"/><sourceId value="create-new-message-01"/></operation></action><action><assert><description value="Validates the bundle against http://medcomfhir.dk/ig/carecommunication/ImplementationGuide/dk.fhir.ig.dk-medcom-carecommunication|5.0.0-trial-use"/><direction value="request"/><validateProfileId value="carecommunication"/><warningOnly value="false"/></assert></action><action><assert><description value="Confirm that the returned HTTP status is okay or created."/><direction value="response"/><operator value="in"/><responseCode value="200,201"/><warningOnly value="false"/></assert></action><action><assert><description value="Confirm that the client request payload contains a Bundle resource type."/><direction value="request"/><resource value="Bundle"/><warningOnly value="false"/></assert></action><action><assert><description value="Confirm that the request resource contains the expected eventCoding.code."/><direction value="request"/><expression value="Bundle.entry.resource.ofType(MessageHeader).event.as(Coding).code = 'care-communication-message'"/><warningOnly value="false"/></assert></action><action><assert><description value="Confirm that the request resource contains the expected activity code."/><direction value="request"/><expression value="Bundle.entry.resource.ofType(Provenance).where(activity.coding.code = 'new-message').exists()"/><warningOnly value="false"/></assert></action><action><assert><description value="Confirm that the target reference in Provenance equals MessageHeader.id"/><direction value="request"/><expression value="Bundle.entry.resource.ofType(Provenance).where(target.reference.contains(%resource.entry[0].resource.id)).exists()"/><warningOnly value="false"/></assert></action><action><assert><description value="Confirm that the Communication.identifier is a UUID v4."/><direction value="request"/><expression value="Bundle.entry.resource.ofType(Communication).identifier.value.matches('urn:uuid:[0-9a-f]{8}-[0-9a-f]{4}-[0-9a-f]{4}-[0-9a-f]{4}-[0-9a-f]{12}')"/><warningOnly value="false"/></assert></action><action><assert><description value="Confirm that an attachment of the type 'image/png' is included"/><direction value="request"/><expression value="Bundle.entry.resource.ofType(Communication).payload.content.where(contentType = 'image/png').data.exists()"/><warningOnly value="false"/></assert></action></test></TestScript>