<?xml version="1.0" encoding="UTF-8"?><TestScript xmlns="http://hl7.org/fhir"><id value="carecommunication-send-reply-forward"/><meta><profile value="http://touchstone.aegis.net/touchstone/fhir/testing/StructureDefinition/testscript"/></meta><url value="http://medcomfhir.dk/ig/carecommunicationtestscript/carecommunication-send-reply-new"/><version value="5.0.0"/><name value="CareCommunicationTestScript"/><title value="Reply CareCommunication to a CareCommunication that has been forwarded"/><status value="active"/><date value="2025-10-15"/><contact><name value="MedCom"/><telecom><system value="email"/><value value="mailto:fhir@medcom.dk"/></telecom></contact><description value="Reply CareCommunication to a CareCommunication that has been forwarded"/><jurisdiction><coding><system value="urn:iso:std:iso:3166"/><code value="DK"/><display value="Denmark"/></coding></jurisdiction><copyright value="MedCom 2023"/><origin><index value="1"/><profile><system value="http://terminology.hl7.org/CodeSystem/testscript-profile-origin-types"/><code value="FHIR-Client"/></profile></origin><destination><index value="1"/><profile><system value="http://terminology.hl7.org/CodeSystem/testscript-profile-destination-types"/><code value="FHIR-Server"/></profile></destination><fixture id="create-forward-message-01"><autocreate value="false"/><autodelete value="false"/><resource><reference value="../Fixtures/CareCommunication-fixture-forward.xml"/></resource></fixture><fixture id="create-reply-message-02"><autocreate value="false"/><autodelete value="false"/><resource><reference value="../Fixtures/CareCommunication-fixture-empty.xml"/></resource></fixture><profile id="carecommunication"><reference value="http://medcomfhir.dk/ig/carecommunication/StructureDefinition/medcom-careCommunication-message|5.0.0-trial-use"/></profile><variable><name value="messageHeaderid-forward-message-01"/><expression value="Bundle.entry[0].resource.id"/><sourceId value="create-forward-message-01"/></variable><variable><name value="searchParamIdentifier-forward-message"/><expression value="Bundle.entry.resource.ofType(MessageHeader).id"/><sourceId value="create-forward-message"/></variable><variable><name value="messageHeaderid-reply-message-02"/><expression value="Bundle.entry[0].resource.id"/><sourceId value="create-reply-message-02"/></variable><variable><name value="identifier-forward-message-01"/><expression value="Bundle.entry.resource.ofType(Communication).identifier.value"/><sourceId value="create-forward-message-01"/></variable><variable><name value="identifier-reply-message-02"/><expression value="Bundle.entry.resource.ofType(Communication).identifier.value"/><sourceId value="create-reply-message-02"/></variable><test id="carecommunication-create-forward-message-01"><name value="Create a CareCommunication forward-message Message 01"/><description value="Post CareCommunication to the server."/><action><operation><type><system value="http://terminology.hl7.org/CodeSystem/testscript-operation-codes"/><code value="create"/></type><resource value="Bundle"/><description value="Post a carecommunication"/><destination value="1"/><encodeRequestUrl value="true"/><origin value="1"/><sourceId value="create-forward-message-01"/></operation></action><action><assert><description value="Validates the bundle against http://medcomfhir.dk/ig/carecommunication/ImplementationGuide/dk.fhir.ig.dk-medcom-carecommunication|5.0.0-trial-use"/><direction value="request"/><validateProfileId value="carecommunication"/><warningOnly value="false"/></assert></action><action><assert><description value="Confirm that the returned HTTP status is okay or created."/><direction value="response"/><operator value="in"/><responseCode value="200,201"/><warningOnly value="false"/></assert></action><action><assert><description value="Confirm that the client request payload contains a Bundle resource type."/><direction value="request"/><resource value="Bundle"/><warningOnly value="false"/></assert></action><action><assert><description value="Confirm that the request resource contains the expected eventCoding.code."/><direction value="request"/><expression value="Bundle.entry.resource.ofType(MessageHeader).event.as(Coding).code = 'care-communication-message'"/><warningOnly value="false"/></assert></action><action><assert><description value="Confirm that the request resource contains the expected activity code."/><direction value="request"/><expression value="Bundle.entry.resource.ofType(Provenance).where(activity.coding.code = 'forward-message').exists()"/><warningOnly value="false"/></assert></action><action><assert><description value="Confirm that the target reference in Provenance equals MessageHeader.id"/><direction value="request"/><expression value="Bundle.entry.resource.ofType(Provenance).where(target.reference.contains(%resource.entry[0].resource.id)).exists()"/><warningOnly value="false"/></assert></action><action><assert><description value="Confirm that the Communication.identifier is a UUID v4."/><direction value="request"/><expression value="Bundle.entry.resource.ofType(Communication).identifier.value.matches('urn:uuid:[0-9a-f]{8}-[0-9a-f]{4}-[0-9a-f]{4}-[0-9a-f]{4}-[0-9a-f]{12}')"/><warningOnly value="false"/></assert></action></test><test id="carecommunication-create-reply-message-02"><name value="Create a CareCommunication reply-message Message 02"/><description value="Post CareCommunication to the server."/><action><operation><type><system value="http://terminology.hl7.org/CodeSystem/testscript-operation-codes"/><code value="create"/></type><resource value="Bundle"/><description value="Post a carecommunication"/><destination value="1"/><encodeRequestUrl value="true"/><origin value="1"/><sourceId value="create-reply-message-02"/></operation></action><action><assert><description value="Validates the bundle against http://medcomfhir.dk/ig/carecommunication/ImplementationGuide/dk.fhir.ig.dk-medcom-carecommunication|5.0.0-trial-use"/><direction value="request"/><validateProfileId value="carecommunication"/><warningOnly value="false"/></assert></action><action><assert><description value="Confirm that the returned HTTP status is okay or created."/><direction value="response"/><operator value="in"/><responseCode value="200,201"/><warningOnly value="false"/></assert></action><action><assert><description value="Confirm that the client request payload contains a Bundle resource type."/><direction value="request"/><resource value="Bundle"/><warningOnly value="false"/></assert></action><action><assert><description value="Confirm that the previous MessageHeader.id is referenced in Provenance.entity.what"/><direction value="request"/><expression value="Bundle.entry.resource.ofType(Provenance).where(entity.what.reference.contains('${messageHeaderid-new-message-01}')).exists()"/><warningOnly value="false"/></assert></action><action><assert><description value="Confirm that the request resource contains the expected eventCoding.code."/><direction value="request"/><expression value="Bundle.entry.resource.ofType(MessageHeader).event.as(Coding).code = 'care-communication-message'"/><warningOnly value="false"/></assert></action><action><assert><description value="Confirm that the role is set to revision. Not used when testing the first message in a stream"/><direction value="request"/><expression value="Bundle.entry.resource.ofType(Provenance).entity.where(role = 'revision').exists()"/><warningOnly value="false"/></assert></action><action><assert><description value="Confirm that the target reference in Provenance equals MessageHeader.id"/><direction value="request"/><expression value="Bundle.entry.resource.ofType(Provenance).where(target.reference.contains(%resource.entry[0].resource.id)).exists()"/><warningOnly value="false"/></assert></action><action><assert><description value="Confirm that the 2 Provenance instances exists."/><direction value="request"/><expression value="Bundle.entry.resource.ofType(Provenance).count()"/><operator value="equals"/><value value="2"/><warningOnly value="false"/></assert></action><action><assert><description value="Confirm that number of payloads is '2'"/><direction value="request"/><expression value="Bundle.entry.resource.ofType(Communication).payload.count() = '2'"/><warningOnly value="false"/></assert></action><action><assert><description value="Confirm that the communication.identifier is held the same in the two messages"/><direction value="request"/><expression value="Bundle.entry.resource.ofType(Communication).identifier.value = '${identifier-forward-message-01}'"/><warningOnly value="false"/></assert></action></test></TestScript>