URL,Version,Status,OIDs,Name,Title,Descriptino,Uses,Used,Sources
http://medcomfhir.dk/ig/terminology/ValueSet/medcom-message-definition-type-valueset,1.7.0,active,,MedComMessageDefinitionTypeVS,MedComMessageDefinitionTypeValueset,"MedComMessageDefinitionTypeVS for the messaging infrastructure","StructureDefinition/medcom-messaging-messagedefinition","medcom.fhir.dk.terminology"
http://medcomfhir.dk/ig/terminology/ValueSet/medcom-messagedefinition-identifer-system-valueset,1.7.0,active,,MedComMessageDefinitionIdentifierSystemVS,MessageDefinitionIdentifierSystemValueset,"MessageDefinitionIdentifierSystemVS for the messaging infrastructure","StructureDefinition/medcom-messaging-messagedefinition","medcom.fhir.dk.terminology"
http://medcomfhir.dk/ig/terminology/ValueSet/medcom-messagedefinition-use-context-code-valueset,1.7.0,active,,MedComUseContextCodeSystemVS,UseContextCodeSystemValueset,"UseContextCodeSystemVS for the messaging infrastructure","StructureDefinition/medcom-messaging-messagedefinition","THO"
http://medcomfhir.dk/ig/terminology/ValueSet/medcom-messaging-activityCodes,1.7.0,active,,MedComMessagingActivityCodes,MedComMessagingActivityCodes,"ValueSet containing codes for activities occuring in MedCom messages","StructureDefinition/medcom-messaging-provenance","medcom.fhir.dk.terminology"
http://medcomfhir.dk/ig/terminology/ValueSet/medcom-messaging-messageTypes,1.7.0,active,,MedComMessagingMessageTypes,MedComMessagingMessageTypes,"All message types of MedCom messages","StructureDefinition/medcom-messaging-messageHeader","medcom.fhir.dk.terminology"
