{"resourceType":"CodeSystem","id":"medcom-core-interpretation-codes","text":{"status":"generated","div":"<div xmlns=\"http://www.w3.org/1999/xhtml\"><p>This case-insensitive code system <code>http://medcomfhir.dk/ig/terminology/CodeSystem/medcom-core-interpretation-codes</code> defines the following code:</p><table class=\"codes\"><tr><td style=\"white-space:nowrap\"><b>Code</b></td><td><b>Display</b></td></tr><tr><td style=\"white-space:nowrap\">NI<a name=\"medcom-core-interpretation-codes-NI\"> </a></td><td>Not Interpreted</td></tr></table></div>"},"url":"http://medcomfhir.dk/ig/terminology/CodeSystem/medcom-core-interpretation-codes","version":"1.6.0","name":"MedComCoreInterpretationCodes","title":"MedComCoreInterpretationCodes","status":"active","experimental":true,"date":"2023-10-31","publisher":"MedCom","contact":[{"name":"MedCom","telecom":[{"system":"url","value":"http://www.medcom.dk"}]}],"description":"CodeSystem with code for interpretation of an observation","jurisdiction":[{"coding":[{"system":"urn:iso:std:iso:3166","code":"DK","display":"Denmark"}]}],"caseSensitive":false,"content":"complete","count":1,"concept":[{"code":"NI","display":"Not Interpreted"}]}