<?xml version="1.0" encoding="UTF-8"?>

<Patient xmlns="http://hl7.org/fhir">
  <id value="ded1fc9a-aa93-4162-aaec-7145a8ac951f"/>
  <meta>
    <profile value="http://medcomfhir.dk/ig/core/StructureDefinition/medcom-core-patient"/>
  </meta>
  <text>
    <status value="generated"/><div xmlns="http://www.w3.org/1999/xhtml"><p class="res-header-id"><b>Generated Narrative: Patient ded1fc9a-aa93-4162-aaec-7145a8ac951f</b></p><a name="ded1fc9a-aa93-4162-aaec-7145a8ac951f"> </a><a name="hcded1fc9a-aa93-4162-aaec-7145a8ac951f"> </a><div style="display: inline-block; background-color: #d9e0e7; padding: 6px; margin: 4px; border: 1px solid #8da1b4; border-radius: 5px; line-height: 60%"><p style="margin-bottom: 0px"/><p style="margin-bottom: 0px">Profile: <a href="StructureDefinition-medcom-core-patient.html">MedComCorePatient</a></p></div><p style="border: 1px #661aff solid; background-color: #e6e6ff; padding: 10px;">Birgit Berggren (official) (no stated gender), DoB Unknown ( urn:oid:1.2.208.176.1.6.1.1#0703921VJ4 (use: temp, ))</p><hr/></div>
  </text>
  <identifier>
    <use value="temp"/>
    <system value="urn:oid:1.2.208.176.1.6.1.1"/>
    <value value="0703921VJ4"/>
  </identifier>
  <name>
    <use value="official"/>
    <family value="Berggren"/>
    <given value="Birgit"/>
  </name>
</Patient>