{
  "resourceType" : "ValueSet",
  "id" : "f8d97a7b-33bf-4562-b6ea-5d203ebcc18d-39",
  "url" : "http://hl7.org/fhir/comparison/ValueSet/f8d97a7b-33bf-4562-b6ea-5d203ebcc18d-39",
  "name" : "IntersectionMedComCareCommunicationCategoriesAndMedComCareCommunicationCategories",
  "title" : "Intersection of MedComCareCommunicationCategoryCodes And MedComCareCommunicationCategoryCodes",
  "status" : "active",
  "date" : "2023-03-10T14:30:34+01:00",
  "jurisdiction" : [{
    "coding" : [{
      "system" : "urn:iso:std:iso:3166",
      "code" : "DK",
      "display" : "Denmark"
    }]
  }],
  "expansion" : {
    "contains" : [{
      "system" : "http://medcomfhir.dk/ig/terminology/CodeSystem/medcom-careCommunication-categoryCodes",
      "code" : "alcohol-and-drug-treatment",
      "display" : "Alcohol and drug treatment"
    },
    {
      "system" : "http://medcomfhir.dk/ig/terminology/CodeSystem/medcom-careCommunication-categoryCodes",
      "code" : "assistive-devices",
      "display" : "Assistive technology"
    },
    {
      "system" : "http://medcomfhir.dk/ig/terminology/CodeSystem/medcom-careCommunication-categoryCodes",
      "code" : "carecoordination",
      "display" : "Care Coordination"
    },
    {
      "system" : "http://medcomfhir.dk/ig/terminology/CodeSystem/medcom-careCommunication-categoryCodes",
      "code" : "decease",
      "display" : "Decease"
    },
    {
      "system" : "http://medcomfhir.dk/ig/terminology/CodeSystem/medcom-careCommunication-categoryCodes",
      "code" : "discharge",
      "display" : "Discharge"
    },
    {
      "system" : "http://medcomfhir.dk/ig/terminology/CodeSystem/medcom-careCommunication-categoryCodes",
      "code" : "examination-results",
      "display" : "Examination Results"
    },
    {
      "system" : "http://medcomfhir.dk/ig/terminology/CodeSystem/medcom-careCommunication-categoryCodes",
      "code" : "healthcare",
      "display" : "Healthcare"
    },
    {
      "system" : "http://medcomfhir.dk/ig/terminology/CodeSystem/medcom-careCommunication-categoryCodes",
      "code" : "home-care-assessment",
      "display" : "Home care assessment"
    },
    {
      "system" : "http://medcomfhir.dk/ig/terminology/CodeSystem/medcom-careCommunication-categoryCodes",
      "code" : "medicine",
      "display" : "Medicine"
    },
    {
      "system" : "http://medcomfhir.dk/ig/terminology/CodeSystem/medcom-careCommunication-categoryCodes",
      "code" : "nursing",
      "display" : "Nursing"
    },
    {
      "system" : "http://medcomfhir.dk/ig/terminology/CodeSystem/medcom-careCommunication-categoryCodes",
      "code" : "outpatient",
      "display" : "Outpatient"
    },
    {
      "system" : "http://medcomfhir.dk/ig/terminology/CodeSystem/medcom-careCommunication-categoryCodes",
      "code" : "psychiatry-social-disability",
      "display" : "Psychiatry, Social, Disability"
    },
    {
      "system" : "http://medcomfhir.dk/ig/terminology/CodeSystem/medcom-careCommunication-categoryCodes",
      "code" : "regarding-referral",
      "display" : "Regarding Referral"
    },
    {
      "system" : "http://medcomfhir.dk/ig/terminology/CodeSystem/medcom-careCommunication-categoryCodes",
      "code" : "telemedicine",
      "display" : "Telemedicine"
    },
    {
      "system" : "http://medcomfhir.dk/ig/terminology/CodeSystem/medcom-careCommunication-categoryCodes",
      "code" : "training",
      "display" : "Training"
    },
    {
      "system" : "http://medcomfhir.dk/ig/terminology/CodeSystem/medcom-careCommunication-categoryCodes",
      "code" : "other",
      "display" : "Other"
    }]
  }
}