{
  "resourceType" : "ValueSet",
  "id" : "f8d97a7b-33bf-4562-b6ea-5d203ebcc18d-75",
  "url" : "http://hl7.org/fhir/comparison/ValueSet/f8d97a7b-33bf-4562-b6ea-5d203ebcc18d-75",
  "name" : "IntersectionMedComMessagingSorEdiValuesAndMedComMessagingSorEdiValues",
  "title" : "Intersection of MedComMessagingSorEdiValues And MedComMessagingSorEdiValues",
  "status" : "active",
  "date" : "2023-03-10T14:30:34+01:00",
  "jurisdiction" : [{
    "coding" : [{
      "system" : "urn:iso:std:iso:3166",
      "code" : "DK",
      "display" : "Denmark"
    }]
  }],
  "compose" : {
    "include" : [{
      "concept" : [{
        "code" : "FDIS20",
        "display" : "Care Communication Message (Korrepondance meddelelse)"
      },
      {
        "code" : "FDIS91",
        "display" : "Hospital Notification Message (Advis om Sygehusophold)"
      }]
    }]
  },
  "expansion" : {
    "contains" : [{
      "system" : "http://medcomfhir.dk/ig/terminology/CodeSystem/medcom-messaging-sorEdiSystem",
      "code" : "FDIS20",
      "display" : "Care Communication Message (Korrepondance meddelelse)"
    },
    {
      "system" : "http://medcomfhir.dk/ig/terminology/CodeSystem/medcom-messaging-sorEdiSystem",
      "code" : "FDIS91",
      "display" : "Hospital Notification Message (Advis om Sygehusophold)"
    }]
  }
}