{"resourceType":"ImplementationGuide","id":"medcom.fhir.dk.carecommunicationtestscripts","text":{"status":"generated","div":"<div xmlns=\"http://www.w3.org/1999/xhtml\"><p class=\"res-header-id\"><b>Generated Narrative: ImplementationGuide medcom.fhir.dk.carecommunicationtestscripts</b></p><a name=\"medcom.fhir.dk.carecommunicationtestscripts\"> </a><a name=\"hcmedcom.fhir.dk.carecommunicationtestscripts\"> </a><a name=\"medcom.fhir.dk.carecommunicationtestscripts-en-US\"> </a><h2>CareCommunicationTestscripts</h2><p>The official URL for this implementation guide is: </p><pre>http://medcomfhir.dk/ig/carecommunicationtestscripts/ImplementationGuide/medcom.fhir.dk.carecommunicationtestscripts</pre><div><p>Test scripts for CareCommunication v. 4.0</p>\n</div></div>"},"url":"http://medcomfhir.dk/ig/carecommunicationtestscripts/ImplementationGuide/medcom.fhir.dk.carecommunicationtestscripts","version":"4.0.1","name":"CareCommunicationTestscripts","title":"CareCommunication Test scripts","status":"active","date":"2024-12-12T13:50:16+01:00","contact":[{"name":"MedCom","telecom":[{"system":"email","value":"mailto:fhir@medcom.dk"}]}],"description":"Test scripts for CareCommunication v. 4.0","packageId":"medcom.fhir.dk.carecommunicationtestscripts","license":"CC0-1.0","fhirVersion":["4.0.1"],"dependsOn":[{"id":"hl7tx","extension":[{"url":"http://hl7.org/fhir/tools/StructureDefinition/implementationguide-dependency-comment","valueMarkdown":"Automatically added as a dependency - all IGs depend on HL7 Terminology"}],"uri":"http://terminology.hl7.org/ImplementationGuide/hl7.terminology","packageId":"hl7.terminology.r4","version":"6.1.0"},{"id":"hl7ext","extension":[{"url":"http://hl7.org/fhir/tools/StructureDefinition/implementationguide-dependency-comment","valueMarkdown":"Automatically added as a dependency - all IGs depend on the HL7 Extension Pack"}],"uri":"http://hl7.org/fhir/extensions/ImplementationGuide/hl7.fhir.uv.extensions","packageId":"hl7.fhir.uv.extensions.r4","version":"5.1.0"},{"id":"medcom_fhir_dk_carecommunication","uri":"http://medcomfhir.dk/ig/carecommunication/ImplementationGuide/medcom.fhir.dk.carecommunication","packageId":"medcom.fhir.dk.carecommunication","version":"4.0.1"}],"definition":{"extension":[{"extension":[{"url":"code","valueString":"copyrightyear"},{"url":"value","valueString":"2022+"}],"url":"http://hl7.org/fhir/tools/StructureDefinition/ig-parameter"},{"extension":[{"url":"code","valueString":"releaselabel"},{"url":"value","valueString":"release"}],"url":"http://hl7.org/fhir/tools/StructureDefinition/ig-parameter"},{"extension":[{"url":"code","valueString":"apply-publisher"},{"url":"value","valueString":"true"}],"url":"http://hl7.org/fhir/tools/StructureDefinition/ig-parameter"},{"extension":[{"url":"code","valueString":"apply-contact"},{"url":"value","valueString":"true"}],"url":"http://hl7.org/fhir/tools/StructureDefinition/ig-parameter"},{"extension":[{"url":"code","valueString":"show-inherited-invariants"},{"url":"value","valueString":"false"}],"url":"http://hl7.org/fhir/tools/StructureDefinition/ig-parameter"},{"extension":[{"url":"code","valueString":"autoload-resources"},{"url":"value","valueString":"true"}],"url":"http://hl7.org/fhir/tools/StructureDefinition/ig-parameter"},{"extension":[{"url":"code","valueString":"path-liquid"},{"url":"value","valueString":"template/liquid"}],"url":"http://hl7.org/fhir/tools/StructureDefinition/ig-parameter"},{"extension":[{"url":"code","valueString":"path-liquid"},{"url":"value","valueString":"input/liquid"}],"url":"http://hl7.org/fhir/tools/StructureDefinition/ig-parameter"},{"extension":[{"url":"code","valueString":"path-qa"},{"url":"value","valueString":"temp/qa"}],"url":"http://hl7.org/fhir/tools/StructureDefinition/ig-parameter"},{"extension":[{"url":"code","valueString":"path-temp"},{"url":"value","valueString":"temp/pages"}],"url":"http://hl7.org/fhir/tools/StructureDefinition/ig-parameter"},{"extension":[{"url":"code","valueString":"path-output"},{"url":"value","valueString":"output"}],"url":"http://hl7.org/fhir/tools/StructureDefinition/ig-parameter"},{"extension":[{"url":"code","valueString":"path-suppressed-warnings"},{"url":"value","valueString":"input/ignoreWarnings.txt"}],"url":"http://hl7.org/fhir/tools/StructureDefinition/ig-parameter"},{"extension":[{"url":"code","valueString":"path-history"},{"url":"value","valueString":"http://medcomfhir.dk/ig/carecommunicationtestscripts/history.html"}],"url":"http://hl7.org/fhir/tools/StructureDefinition/ig-parameter"},{"extension":[{"url":"code","valueString":"template-html"},{"url":"value","valueString":"template-page.html"}],"url":"http://hl7.org/fhir/tools/StructureDefinition/ig-parameter"},{"extension":[{"url":"code","valueString":"template-md"},{"url":"value","valueString":"template-page-md.html"}],"url":"http://hl7.org/fhir/tools/StructureDefinition/ig-parameter"},{"extension":[{"url":"code","valueString":"apply-context"},{"url":"value","valueString":"true"}],"url":"http://hl7.org/fhir/tools/StructureDefinition/ig-parameter"},{"extension":[{"url":"code","valueString":"apply-copyright"},{"url":"value","valueString":"true"}],"url":"http://hl7.org/fhir/tools/StructureDefinition/ig-parameter"},{"extension":[{"url":"code","valueString":"apply-jurisdiction"},{"url":"value","valueString":"true"}],"url":"http://hl7.org/fhir/tools/StructureDefinition/ig-parameter"},{"extension":[{"url":"code","valueString":"apply-license"},{"url":"value","valueString":"true"}],"url":"http://hl7.org/fhir/tools/StructureDefinition/ig-parameter"},{"extension":[{"url":"code","valueString":"apply-version"},{"url":"value","valueString":"true"}],"url":"http://hl7.org/fhir/tools/StructureDefinition/ig-parameter"},{"extension":[{"url":"code","valueString":"apply-wg"},{"url":"value","valueString":"true"}],"url":"http://hl7.org/fhir/tools/StructureDefinition/ig-parameter"},{"extension":[{"url":"code","valueString":"active-tables"},{"url":"value","valueString":"true"}],"url":"http://hl7.org/fhir/tools/StructureDefinition/ig-parameter"},{"extension":[{"url":"code","valueString":"fmm-definition"},{"url":"value","valueString":"http://hl7.org/fhir/versions.html#maturity"}],"url":"http://hl7.org/fhir/tools/StructureDefinition/ig-parameter"},{"extension":[{"url":"code","valueString":"propagate-status"},{"url":"value","valueString":"true"}],"url":"http://hl7.org/fhir/tools/StructureDefinition/ig-parameter"},{"extension":[{"url":"code","valueString":"excludelogbinaryformat"},{"url":"value","valueString":"true"}],"url":"http://hl7.org/fhir/tools/StructureDefinition/ig-parameter"},{"extension":[{"url":"code","valueString":"tabbed-snapshots"},{"url":"value","valueString":"true"}],"url":"http://hl7.org/fhir/tools/StructureDefinition/ig-parameter"},{"url":"http://hl7.org/fhir/tools/StructureDefinition/ig-internal-dependency","valueCode":"hl7.fhir.uv.tools.r4#0.3.0"},{"extension":[{"url":"code","valueCode":"copyrightyear"},{"url":"value","valueString":"2022+"}],"url":"http://hl7.org/fhir/tools/StructureDefinition/ig-parameter"},{"extension":[{"url":"code","valueCode":"releaselabel"},{"url":"value","valueString":"release"}],"url":"http://hl7.org/fhir/tools/StructureDefinition/ig-parameter"},{"extension":[{"url":"code","valueCode":"apply-publisher"},{"url":"value","valueString":"true"}],"url":"http://hl7.org/fhir/tools/StructureDefinition/ig-parameter"},{"extension":[{"url":"code","valueCode":"apply-contact"},{"url":"value","valueString":"true"}],"url":"http://hl7.org/fhir/tools/StructureDefinition/ig-parameter"},{"extension":[{"url":"code","valueCode":"show-inherited-invariants"},{"url":"value","valueString":"false"}],"url":"http://hl7.org/fhir/tools/StructureDefinition/ig-parameter"},{"extension":[{"url":"code","valueCode":"autoload-resources"},{"url":"value","valueString":"true"}],"url":"http://hl7.org/fhir/tools/StructureDefinition/ig-parameter"},{"extension":[{"url":"code","valueCode":"path-liquid"},{"url":"value","valueString":"template/liquid"}],"url":"http://hl7.org/fhir/tools/StructureDefinition/ig-parameter"},{"extension":[{"url":"code","valueCode":"path-liquid"},{"url":"value","valueString":"input/liquid"}],"url":"http://hl7.org/fhir/tools/StructureDefinition/ig-parameter"},{"extension":[{"url":"code","valueCode":"path-qa"},{"url":"value","valueString":"temp/qa"}],"url":"http://hl7.org/fhir/tools/StructureDefinition/ig-parameter"},{"extension":[{"url":"code","valueCode":"path-temp"},{"url":"value","valueString":"temp/pages"}],"url":"http://hl7.org/fhir/tools/StructureDefinition/ig-parameter"},{"extension":[{"url":"code","valueCode":"path-output"},{"url":"value","valueString":"output"}],"url":"http://hl7.org/fhir/tools/StructureDefinition/ig-parameter"},{"extension":[{"url":"code","valueCode":"path-suppressed-warnings"},{"url":"value","valueString":"input/ignoreWarnings.txt"}],"url":"http://hl7.org/fhir/tools/StructureDefinition/ig-parameter"},{"extension":[{"url":"code","valueCode":"path-history"},{"url":"value","valueString":"http://medcomfhir.dk/ig/carecommunicationtestscripts/history.html"}],"url":"http://hl7.org/fhir/tools/StructureDefinition/ig-parameter"},{"extension":[{"url":"code","valueCode":"template-html"},{"url":"value","valueString":"template-page.html"}],"url":"http://hl7.org/fhir/tools/StructureDefinition/ig-parameter"},{"extension":[{"url":"code","valueCode":"template-md"},{"url":"value","valueString":"template-page-md.html"}],"url":"http://hl7.org/fhir/tools/StructureDefinition/ig-parameter"},{"extension":[{"url":"code","valueCode":"apply-context"},{"url":"value","valueString":"true"}],"url":"http://hl7.org/fhir/tools/StructureDefinition/ig-parameter"},{"extension":[{"url":"code","valueCode":"apply-copyright"},{"url":"value","valueString":"true"}],"url":"http://hl7.org/fhir/tools/StructureDefinition/ig-parameter"},{"extension":[{"url":"code","valueCode":"apply-jurisdiction"},{"url":"value","valueString":"true"}],"url":"http://hl7.org/fhir/tools/StructureDefinition/ig-parameter"},{"extension":[{"url":"code","valueCode":"apply-license"},{"url":"value","valueString":"true"}],"url":"http://hl7.org/fhir/tools/StructureDefinition/ig-parameter"},{"extension":[{"url":"code","valueCode":"apply-version"},{"url":"value","valueString":"true"}],"url":"http://hl7.org/fhir/tools/StructureDefinition/ig-parameter"},{"extension":[{"url":"code","valueCode":"apply-wg"},{"url":"value","valueString":"true"}],"url":"http://hl7.org/fhir/tools/StructureDefinition/ig-parameter"},{"extension":[{"url":"code","valueCode":"active-tables"},{"url":"value","valueString":"true"}],"url":"http://hl7.org/fhir/tools/StructureDefinition/ig-parameter"},{"extension":[{"url":"code","valueCode":"fmm-definition"},{"url":"value","valueString":"http://hl7.org/fhir/versions.html#maturity"}],"url":"http://hl7.org/fhir/tools/StructureDefinition/ig-parameter"},{"extension":[{"url":"code","valueCode":"propagate-status"},{"url":"value","valueString":"true"}],"url":"http://hl7.org/fhir/tools/StructureDefinition/ig-parameter"},{"extension":[{"url":"code","valueCode":"excludelogbinaryformat"},{"url":"value","valueString":"true"}],"url":"http://hl7.org/fhir/tools/StructureDefinition/ig-parameter"},{"extension":[{"url":"code","valueCode":"tabbed-snapshots"},{"url":"value","valueString":"true"}],"url":"http://hl7.org/fhir/tools/StructureDefinition/ig-parameter"},{"extension":[{"url":"code","valueCode":"copyrightyear"},{"url":"value","valueString":"2022+"}],"url":"http://hl7.org/fhir/tools/StructureDefinition/ig-parameter"},{"extension":[{"url":"code","valueCode":"releaselabel"},{"url":"value","valueString":"release"}],"url":"http://hl7.org/fhir/tools/StructureDefinition/ig-parameter"},{"extension":[{"url":"code","valueCode":"apply-publisher"},{"url":"value","valueString":"true"}],"url":"http://hl7.org/fhir/tools/StructureDefinition/ig-parameter"},{"extension":[{"url":"code","valueCode":"apply-contact"},{"url":"value","valueString":"true"}],"url":"http://hl7.org/fhir/tools/StructureDefinition/ig-parameter"},{"extension":[{"url":"code","valueCode":"show-inherited-invariants"},{"url":"value","valueString":"false"}],"url":"http://hl7.org/fhir/tools/StructureDefinition/ig-parameter"},{"extension":[{"url":"code","valueCode":"autoload-resources"},{"url":"value","valueString":"true"}],"url":"http://hl7.org/fhir/tools/StructureDefinition/ig-parameter"},{"extension":[{"url":"code","valueCode":"path-liquid"},{"url":"value","valueString":"template/liquid"}],"url":"http://hl7.org/fhir/tools/StructureDefinition/ig-parameter"},{"extension":[{"url":"code","valueCode":"path-liquid"},{"url":"value","valueString":"input/liquid"}],"url":"http://hl7.org/fhir/tools/StructureDefinition/ig-parameter"},{"extension":[{"url":"code","valueCode":"path-qa"},{"url":"value","valueString":"temp/qa"}],"url":"http://hl7.org/fhir/tools/StructureDefinition/ig-parameter"},{"extension":[{"url":"code","valueCode":"path-temp"},{"url":"value","valueString":"temp/pages"}],"url":"http://hl7.org/fhir/tools/StructureDefinition/ig-parameter"},{"extension":[{"url":"code","valueCode":"path-output"},{"url":"value","valueString":"output"}],"url":"http://hl7.org/fhir/tools/StructureDefinition/ig-parameter"},{"extension":[{"url":"code","valueCode":"path-suppressed-warnings"},{"url":"value","valueString":"input/ignoreWarnings.txt"}],"url":"http://hl7.org/fhir/tools/StructureDefinition/ig-parameter"},{"extension":[{"url":"code","valueCode":"path-history"},{"url":"value","valueString":"http://medcomfhir.dk/ig/carecommunicationtestscripts/history.html"}],"url":"http://hl7.org/fhir/tools/StructureDefinition/ig-parameter"},{"extension":[{"url":"code","valueCode":"template-html"},{"url":"value","valueString":"template-page.html"}],"url":"http://hl7.org/fhir/tools/StructureDefinition/ig-parameter"},{"extension":[{"url":"code","valueCode":"template-md"},{"url":"value","valueString":"template-page-md.html"}],"url":"http://hl7.org/fhir/tools/StructureDefinition/ig-parameter"},{"extension":[{"url":"code","valueCode":"apply-context"},{"url":"value","valueString":"true"}],"url":"http://hl7.org/fhir/tools/StructureDefinition/ig-parameter"},{"extension":[{"url":"code","valueCode":"apply-copyright"},{"url":"value","valueString":"true"}],"url":"http://hl7.org/fhir/tools/StructureDefinition/ig-parameter"},{"extension":[{"url":"code","valueCode":"apply-jurisdiction"},{"url":"value","valueString":"true"}],"url":"http://hl7.org/fhir/tools/StructureDefinition/ig-parameter"},{"extension":[{"url":"code","valueCode":"apply-license"},{"url":"value","valueString":"true"}],"url":"http://hl7.org/fhir/tools/StructureDefinition/ig-parameter"},{"extension":[{"url":"code","valueCode":"apply-version"},{"url":"value","valueString":"true"}],"url":"http://hl7.org/fhir/tools/StructureDefinition/ig-parameter"},{"extension":[{"url":"code","valueCode":"apply-wg"},{"url":"value","valueString":"true"}],"url":"http://hl7.org/fhir/tools/StructureDefinition/ig-parameter"},{"extension":[{"url":"code","valueCode":"active-tables"},{"url":"value","valueString":"true"}],"url":"http://hl7.org/fhir/tools/StructureDefinition/ig-parameter"},{"extension":[{"url":"code","valueCode":"fmm-definition"},{"url":"value","valueString":"http://hl7.org/fhir/versions.html#maturity"}],"url":"http://hl7.org/fhir/tools/StructureDefinition/ig-parameter"},{"extension":[{"url":"code","valueCode":"propagate-status"},{"url":"value","valueString":"true"}],"url":"http://hl7.org/fhir/tools/StructureDefinition/ig-parameter"},{"extension":[{"url":"code","valueCode":"excludelogbinaryformat"},{"url":"value","valueString":"true"}],"url":"http://hl7.org/fhir/tools/StructureDefinition/ig-parameter"},{"extension":[{"url":"code","valueCode":"tabbed-snapshots"},{"url":"value","valueString":"true"}],"url":"http://hl7.org/fhir/tools/StructureDefinition/ig-parameter"}],"grouping":[{"id":"-ex-example","name":"Example: Example Instances","description":"These are example instances that show what data produced and consumed by systems conforming with this implementation guide might look like."},{"id":"-other","name":"Other","description":"These are resources that are used within this implementation guide that do not fit into one of the other categories."}],"resource":[{"extension":[{"url":"http://hl7.org/fhir/tools/StructureDefinition/resource-sort","valueInteger":999999999},{"url":"http://hl7.org/fhir/StructureDefinition/implementationguide-page","valueUri":"TestScript-carecommunication-send-tec-01.html"}],"reference":{"reference":"TestScript/carecommunication-send-tec-01"},"name":" Send CareCommunication concerning a deceased patient","description":" Send CareCommunication concerning a deceased patient","exampleBoolean":true,"groupingId":"-ex-example"},{"extension":[{"url":"http://hl7.org/fhir/tools/StructureDefinition/resource-sort","valueInteger":999999999},{"url":"http://hl7.org/fhir/StructureDefinition/implementationguide-page","valueUri":"TestScript-carecommunication-send-forward-message.html"}],"reference":{"reference":"TestScript/carecommunication-send-forward-message"},"name":"Forward CareCommunication","description":"Forward CareCommunication","exampleBoolean":true,"groupingId":"-ex-example"},{"extension":[{"url":"http://hl7.org/fhir/tools/StructureDefinition/resource-sort","valueInteger":999999999},{"url":"http://hl7.org/fhir/StructureDefinition/implementationguide-page","valueUri":"TestScript-carecommunication-send-forward-add-attachment.html"}],"reference":{"reference":"TestScript/carecommunication-send-forward-add-attachment"},"name":"Forward CareCommunication add a new attachments","description":"Forward CareCommunication add a new attachments.","exampleBoolean":true,"groupingId":"-ex-example"},{"extension":[{"url":"http://hl7.org/fhir/tools/StructureDefinition/resource-sort","valueInteger":999999999},{"url":"http://hl7.org/fhir/StructureDefinition/implementationguide-page","valueUri":"TestScript-carecommunication-send-forward-attachment.html"}],"reference":{"reference":"TestScript/carecommunication-send-forward-attachment"},"name":"Forward CareCommunication where the new message includes several attached files.","description":"Forward CareCommunication where the new message includes several attached files.","exampleBoolean":true,"groupingId":"-ex-example"},{"extension":[{"url":"http://hl7.org/fhir/tools/StructureDefinition/resource-sort","valueInteger":999999999},{"url":"http://hl7.org/fhir/StructureDefinition/implementationguide-page","valueUri":"TestScript-carecommunication-send-forward-changecategory.html"}],"reference":{"reference":"TestScript/carecommunication-send-forward-changecategory"},"name":"Forward CareCommunication with changed category","description":"Forward CareCommunication with changed category","exampleBoolean":true,"groupingId":"-ex-example"},{"extension":[{"url":"http://hl7.org/fhir/tools/StructureDefinition/resource-sort","valueInteger":999999999},{"url":"http://hl7.org/fhir/StructureDefinition/implementationguide-page","valueUri":"TestScript-carecommunication-send-forward-changetopic.html"}],"reference":{"reference":"TestScript/carecommunication-send-forward-changetopic"},"name":"Forward CareCommunication with changed topic","description":"Forward CareCommunication with changed topic","exampleBoolean":true,"groupingId":"-ex-example"},{"extension":[{"url":"http://hl7.org/fhir/tools/StructureDefinition/resource-sort","valueInteger":999999999},{"url":"http://hl7.org/fhir/StructureDefinition/implementationguide-page","valueUri":"TestScript-carecommunication-send-forward-partialthread.html"}],"reference":{"reference":"TestScript/carecommunication-send-forward-partialthread"},"name":"Forward a part of the CareCommunication thread. Only the message text is expected to be forwarded","description":"Forward a part of the CareCommunication thread. Only the message text is expected to be forwarded","exampleBoolean":true,"groupingId":"-ex-example"},{"extension":[{"url":"http://hl7.org/fhir/tools/StructureDefinition/resource-sort","valueInteger":999999999},{"url":"http://hl7.org/fhir/StructureDefinition/implementationguide-page","valueUri":"TestScript-carecommunication-send-reply-message.html"}],"reference":{"reference":"TestScript/carecommunication-send-reply-message"},"name":"Reply CareCommunication","description":"Reply CareCommunication","exampleBoolean":true,"groupingId":"-ex-example"},{"extension":[{"url":"http://hl7.org/fhir/tools/StructureDefinition/resource-sort","valueInteger":999999999},{"url":"http://hl7.org/fhir/StructureDefinition/implementationguide-page","valueUri":"TestScript-carecommunication-send-reply-add-attachment.html"}],"reference":{"reference":"TestScript/carecommunication-send-reply-add-attachment"},"name":"Reply CareCommunication add two new attachments","description":"Reply CareCommunication add two new attachments.","exampleBoolean":true,"groupingId":"-ex-example"},{"extension":[{"url":"http://hl7.org/fhir/tools/StructureDefinition/resource-sort","valueInteger":999999999},{"url":"http://hl7.org/fhir/StructureDefinition/implementationguide-page","valueUri":"TestScript-carecommunication-send-reply-new.html"}],"reference":{"reference":"TestScript/carecommunication-send-reply-new"},"name":"Reply CareCommunication to a CareCommunication send by the replying system","description":"Reply CareCommunication to a CareCommunication send by the replying system","exampleBoolean":true,"groupingId":"-ex-example"},{"extension":[{"url":"http://hl7.org/fhir/tools/StructureDefinition/resource-sort","valueInteger":999999999},{"url":"http://hl7.org/fhir/StructureDefinition/implementationguide-page","valueUri":"TestScript-carecommunication-send-reply-forward.html"}],"reference":{"reference":"TestScript/carecommunication-send-reply-forward"},"name":"Reply CareCommunication to a CareCommunication that has been forwarded","description":"Reply CareCommunication to a CareCommunication that has been forwarded","exampleBoolean":true,"groupingId":"-ex-example"},{"extension":[{"url":"http://hl7.org/fhir/tools/StructureDefinition/resource-sort","valueInteger":999999999},{"url":"http://hl7.org/fhir/StructureDefinition/implementationguide-page","valueUri":"TestScript-carecommunication-send-reply-attachment.html"}],"reference":{"reference":"TestScript/carecommunication-send-reply-attachment"},"name":"Reply CareCommunication where the new message includes several attached files","description":"Reply CareCommunication where the new message includes several attached files.","exampleBoolean":true,"groupingId":"-ex-example"},{"extension":[{"url":"http://hl7.org/fhir/tools/StructureDefinition/resource-sort","valueInteger":999999999},{"url":"http://hl7.org/fhir/StructureDefinition/implementationguide-page","valueUri":"TestScript-carecommunication-send-reply-changecategory.html"}],"reference":{"reference":"TestScript/carecommunication-send-reply-changecategory"},"name":"Reply CareCommunication with changed category","description":"Reply CareCommunication with changed category","exampleBoolean":true,"groupingId":"-ex-example"},{"extension":[{"url":"http://hl7.org/fhir/tools/StructureDefinition/resource-sort","valueInteger":999999999},{"url":"http://hl7.org/fhir/StructureDefinition/implementationguide-page","valueUri":"TestScript-carecommunication-send-reply-changetopic.html"}],"reference":{"reference":"TestScript/carecommunication-send-reply-changetopic"},"name":"Reply CareCommunication with changed topic","description":"Reply CareCommunication with changed topic","exampleBoolean":true,"groupingId":"-ex-example"},{"extension":[{"url":"http://hl7.org/fhir/tools/StructureDefinition/resource-sort","valueInteger":999999999},{"url":"http://hl7.org/fhir/StructureDefinition/implementationguide-page","valueUri":"TestScript-carecommunication-send-tec-07.html"}],"reference":{"reference":"TestScript/carecommunication-send-tec-07"},"name":"Reply to CareCommunication, that includes all content.","description":"Reply to CareCommunication, that includes all content.","exampleBoolean":true,"groupingId":"-ex-example"},{"extension":[{"url":"http://hl7.org/fhir/tools/StructureDefinition/resource-sort","valueInteger":999999999},{"url":"http://hl7.org/fhir/StructureDefinition/implementationguide-page","valueUri":"TestScript-carecommunication-send-tec-06.html"}],"reference":{"reference":"TestScript/carecommunication-send-tec-06"},"name":"Reply to CareCommunication, where episodeOfCare-identifier is correctly transfered in the communication","description":"Reply to CareCommunication, where episodeOfCare-identifier is correctly transfered in the communication","exampleBoolean":true,"groupingId":"-ex-example"},{"extension":[{"url":"http://hl7.org/fhir/tools/StructureDefinition/resource-sort","valueInteger":999999999},{"url":"http://hl7.org/fhir/StructureDefinition/implementationguide-page","valueUri":"TestScript-carecommunication-send-tec-03.html"}],"reference":{"reference":"TestScript/carecommunication-send-tec-03"},"name":"Send CareCommunication where the patient has a CPR-number as identifier","description":"Send CareCommunication where the patient has a CPR-number as identifier","exampleBoolean":true,"groupingId":"-ex-example"},{"extension":[{"url":"http://hl7.org/fhir/tools/StructureDefinition/resource-sort","valueInteger":999999999},{"url":"http://hl7.org/fhir/StructureDefinition/implementationguide-page","valueUri":"TestScript-carecommunication-send-tec-04.html"}],"reference":{"reference":"TestScript/carecommunication-send-tec-04"},"name":"Send CareCommunication where the patient has a replacement-CPR-number as identifier","description":"Send CareCommunication where the patient has a replacement-CPR-number as identifier","exampleBoolean":true,"groupingId":"-ex-example"},{"extension":[{"url":"http://hl7.org/fhir/tools/StructureDefinition/resource-sort","valueInteger":999999999},{"url":"http://hl7.org/fhir/StructureDefinition/implementationguide-page","valueUri":"TestScript-carecommunication-send-new-attachment-bmp.html"}],"reference":{"reference":"TestScript/carecommunication-send-new-attachment-bmp"},"name":"Send CareCommunication with a bmp as an attached file. Receiver is expected to be 'Sundhedsplejen, Aabenraa kommune' with SOR-id: 330461000016004.","description":"Send CareCommunication with a bmp as an attached file. Receiver is expected to be 'Sundhedsplejen, Aabenraa kommune' with SOR-id: 330461000016004.","exampleBoolean":true,"groupingId":"-ex-example"},{"extension":[{"url":"http://hl7.org/fhir/tools/StructureDefinition/resource-sort","valueInteger":999999999},{"url":"http://hl7.org/fhir/StructureDefinition/implementationguide-page","valueUri":"TestScript-carecommunication-send-tec-05.html"}],"reference":{"reference":"TestScript/carecommunication-send-tec-05"},"name":"Send CareCommunication with a episodeOfCare-identifier","description":"Send CareCommunication with a episodeOfCare-identifier","exampleBoolean":true,"groupingId":"-ex-example"},{"extension":[{"url":"http://hl7.org/fhir/tools/StructureDefinition/resource-sort","valueInteger":999999999},{"url":"http://hl7.org/fhir/StructureDefinition/implementationguide-page","valueUri":"TestScript-carecommunication-send-new-attachment-gif.html"}],"reference":{"reference":"TestScript/carecommunication-send-new-attachment-gif"},"name":"Send CareCommunication with a gif as an attached file. Receiver is expected to be 'Sundhedsplejen, Aabenraa kommune' with SOR-id: 330461000016004.","description":"Send CareCommunication with a gif as an attached file. Receiver is expected to be 'Sundhedsplejen, Aabenraa kommune' with SOR-id: 330461000016004.","exampleBoolean":true,"groupingId":"-ex-example"},{"extension":[{"url":"http://hl7.org/fhir/tools/StructureDefinition/resource-sort","valueInteger":999999999},{"url":"http://hl7.org/fhir/StructureDefinition/implementationguide-page","valueUri":"TestScript-carecommunication-send-new-attachment-jpeg.html"}],"reference":{"reference":"TestScript/carecommunication-send-new-attachment-jpeg"},"name":"Send CareCommunication with a jpeg as an attached file. Receiver is expected to be 'Sundhedsplejen, Aabenraa kommune' with SOR-id: 330461000016004.","description":"Send CareCommunication with a jpeg as an attached file. Receiver is expected to be 'Sundhedsplejen, Aabenraa kommune' with SOR-id: 330461000016004.","exampleBoolean":true,"groupingId":"-ex-example"},{"extension":[{"url":"http://hl7.org/fhir/tools/StructureDefinition/resource-sort","valueInteger":999999999},{"url":"http://hl7.org/fhir/StructureDefinition/implementationguide-page","valueUri":"TestScript-carecommunication-send-new-attachment-link.html"}],"reference":{"reference":"TestScript/carecommunication-send-new-attachment-link"},"name":"Send CareCommunication with a link as an attachment. Receiver is expected to be 'Sundhedsplejen, Aabenraa kommune' with SOR-id: 330461000016004.","description":"Send CareCommunication with a link as an attachment. Receiver is expected to be 'Sundhedsplejen, Aabenraa kommune' with SOR-id: 330461000016004.","exampleBoolean":true,"groupingId":"-ex-example"},{"extension":[{"url":"http://hl7.org/fhir/tools/StructureDefinition/resource-sort","valueInteger":999999999},{"url":"http://hl7.org/fhir/StructureDefinition/implementationguide-page","valueUri":"TestScript-carecommunication-send-new-attachment-multiple.html"}],"reference":{"reference":"TestScript/carecommunication-send-new-attachment-multiple"},"name":"Send CareCommunication with a multiple attached files. Receiver is expected to be 'Sundhedsplejen, Aabenraa kommune' with SOR-id: 330461000016004.","description":"Send CareCommunication with a multiple attached files. Receiver is expected to be 'Sundhedsplejen, Aabenraa kommune' with SOR-id: 330461000016004.","exampleBoolean":true,"groupingId":"-ex-example"},{"extension":[{"url":"http://hl7.org/fhir/tools/StructureDefinition/resource-sort","valueInteger":999999999},{"url":"http://hl7.org/fhir/StructureDefinition/implementationguide-page","valueUri":"TestScript-carecommunication-send-new-attachment-pdf.html"}],"reference":{"reference":"TestScript/carecommunication-send-new-attachment-pdf"},"name":"Send CareCommunication with a pdf-document as an attached file. Receiver is expected to be 'Sundhedsplejen, Aabenraa kommune' with SOR-id: 330461000016004.","description":"Send CareCommunication with a pdf-document as an attached file. Receiver is expected to be 'Sundhedsplejen, Aabenraa kommune' with SOR-id: 330461000016004.","exampleBoolean":true,"groupingId":"-ex-example"},{"extension":[{"url":"http://hl7.org/fhir/tools/StructureDefinition/resource-sort","valueInteger":999999999},{"url":"http://hl7.org/fhir/StructureDefinition/implementationguide-page","valueUri":"TestScript-carecommunication-send-new-attachment-png.html"}],"reference":{"reference":"TestScript/carecommunication-send-new-attachment-png"},"name":"Send CareCommunication with a png as an attached file. Receiver is expected to be 'Sundhedsplejen, Aabenraa kommune' with SOR-id: 330461000016004.","description":"Send CareCommunication with a png as an attached file. Receiver is expected to be 'Sundhedsplejen, Aabenraa kommune' with SOR-id: 330461000016004.","exampleBoolean":true,"groupingId":"-ex-example"},{"extension":[{"url":"http://hl7.org/fhir/tools/StructureDefinition/resource-sort","valueInteger":999999999},{"url":"http://hl7.org/fhir/StructureDefinition/implementationguide-page","valueUri":"TestScript-carecommunication-send-new-attachment-tiff.html"}],"reference":{"reference":"TestScript/carecommunication-send-new-attachment-tiff"},"name":"Send CareCommunication with a tiff as an attached file. Receiver is expected to be 'Sundhedsplejen, Aabenraa kommune' with SOR-id: 330461000016004.","description":"Send CareCommunication with a tiff as an attached file. Receiver is expected to be 'Sundhedsplejen, Aabenraa kommune' with SOR-id: 330461000016004.","exampleBoolean":true,"groupingId":"-ex-example"},{"extension":[{"url":"http://hl7.org/fhir/tools/StructureDefinition/resource-sort","valueInteger":999999999},{"url":"http://hl7.org/fhir/StructureDefinition/implementationguide-page","valueUri":"TestScript-carecommunication-send-new-attachment-structured.html"}],"reference":{"reference":"TestScript/carecommunication-send-new-attachment-structured"},"name":"Send CareCommunication with an attachment and structured author information. Receiver is expected to be 'Sundhedsplejen, Aabenraa kommune' with SOR-id: 330461000016004.","description":"Send CareCommunication with an attachment and structured author information. Receiver is expected to be 'Sundhedsplejen, Aabenraa kommune' with SOR-id: 330461000016004.","exampleBoolean":true,"groupingId":"-ex-example"},{"extension":[{"url":"http://hl7.org/fhir/tools/StructureDefinition/resource-sort","valueInteger":999999999},{"url":"http://hl7.org/fhir/StructureDefinition/implementationguide-page","valueUri":"TestScript-carecommunication-send-new-category-other.html"}],"reference":{"reference":"TestScript/carecommunication-send-new-category-other"},"name":"Send CareCommunication with category 'Other'. Receiver is expected to be 'SLB Hjertesygdomme Ambulatorium (Kolding), Kolding Sygehus' with SOR-id: 349061000016004. ","description":"Send CareCommunication with category 'Other'. Receiver is expected to be 'SLB Hjertesygdomme Ambulatorium (Kolding), Kolding Sygehus' with SOR-id: 349061000016004.","exampleBoolean":true,"groupingId":"-ex-example"},{"extension":[{"url":"http://hl7.org/fhir/tools/StructureDefinition/resource-sort","valueInteger":999999999},{"url":"http://hl7.org/fhir/StructureDefinition/implementationguide-page","valueUri":"TestScript-carecommunication-send-new-priority.html"}],"reference":{"reference":"TestScript/carecommunication-send-new-priority"},"name":"Send CareCommunication with category 'Regarding referral', included priority. Receiver is expected to be 'Pædagogisk Psykologisk Rådgivning, Aalborg kommune' with SOR-id: 1385391000016002.","description":"Send CareCommunication with category 'Regarding referral', included priority. Receiver is expected to be 'Pædagogisk Psykologisk Rådgivning, Aalborg kommune' with SOR-id: 1385391000016002.","exampleBoolean":true,"groupingId":"-ex-example"},{"extension":[{"url":"http://hl7.org/fhir/tools/StructureDefinition/resource-sort","valueInteger":999999999},{"url":"http://hl7.org/fhir/StructureDefinition/implementationguide-page","valueUri":"TestScript-carecommunication-send-tec-02.html"}],"reference":{"reference":"TestScript/carecommunication-send-tec-02"},"name":"Send CareCommunication with sender and recipient","description":"Send CareCommunication with sender and recipient","exampleBoolean":true,"groupingId":"-ex-example"},{"extension":[{"url":"http://hl7.org/fhir/tools/StructureDefinition/resource-sort","valueInteger":999999999},{"url":"http://hl7.org/fhir/StructureDefinition/implementationguide-page","valueUri":"TestScript-carecommunication-send-new-topic.html"}],"reference":{"reference":"TestScript/carecommunication-send-new-topic"},"name":"Send CareCommunication with topic. Receiver is expected to be 'Lægeklinik Ølgod' with SOR-id: 1339531000016004.","description":"Send CareCommunication with topic. Receiver is expected to be 'Lægeklinik Ølgod' with SOR-id: 1339531000016004.","exampleBoolean":true,"groupingId":"-ex-example"},{"extension":[{"url":"http://hl7.org/fhir/tools/StructureDefinition/resource-sort","valueInteger":999999999},{"url":"http://hl7.org/fhir/StructureDefinition/implementationguide-page","valueUri":"TestScript-carecommunication-send-new-message.html"}],"reference":{"reference":"TestScript/carecommunication-send-new-message"},"name":"Send CareCommunication. Receiver is expected to be 'Klinik for Ældresygdomme, AUH, Skejby' with SOR-id: 441211000016000.","description":"Send CareCommunication. Receiver is expected to be 'Klinik for Ældresygdomme, AUH, Skejby' with SOR-id: 441211000016000.","exampleBoolean":true,"groupingId":"-ex-example"},{"extension":[{"url":"http://hl7.org/fhir/tools/StructureDefinition/resource-sort","valueInteger":999999999},{"url":"http://hl7.org/fhir/StructureDefinition/implementationguide-page","valueUri":"Bundle-0c8dddf2-c882-4b00-8870-5035279e7d01.html"}],"reference":{"reference":"Bundle/0c8dddf2-c882-4b00-8870-5035279e7d01"},"name":"0c8dddf2-c882-4b00-8870-5035279e7d01","exampleBoolean":false,"groupingId":"-other"},{"extension":[{"url":"http://hl7.org/fhir/tools/StructureDefinition/resource-sort","valueInteger":999999999},{"url":"http://hl7.org/fhir/StructureDefinition/implementationguide-page","valueUri":"Bundle-0e2864ad-a6a1-4e84-a9dc-aeacee63f981.html"}],"reference":{"reference":"Bundle/0e2864ad-a6a1-4e84-a9dc-aeacee63f981"},"name":"0e2864ad-a6a1-4e84-a9dc-aeacee63f981","exampleBoolean":false,"groupingId":"-other"},{"extension":[{"url":"http://hl7.org/fhir/tools/StructureDefinition/resource-sort","valueInteger":999999999},{"url":"http://hl7.org/fhir/StructureDefinition/implementationguide-page","valueUri":"Bundle-1932711d-49d0-4ad7-b1ee-61de711892d2.html"}],"reference":{"reference":"Bundle/1932711d-49d0-4ad7-b1ee-61de711892d2"},"name":"1932711d-49d0-4ad7-b1ee-61de711892d2","exampleBoolean":false,"groupingId":"-other"},{"extension":[{"url":"http://hl7.org/fhir/tools/StructureDefinition/resource-sort","valueInteger":999999999},{"url":"http://hl7.org/fhir/StructureDefinition/implementationguide-page","valueUri":"Bundle-1e9fdc8f-50f0-4dc3-9879-facdf331a2fe.html"}],"reference":{"reference":"Bundle/1e9fdc8f-50f0-4dc3-9879-facdf331a2fe"},"name":"1e9fdc8f-50f0-4dc3-9879-facdf331a2fe","exampleBoolean":false,"groupingId":"-other"},{"extension":[{"url":"http://hl7.org/fhir/tools/StructureDefinition/resource-sort","valueInteger":999999999},{"url":"http://hl7.org/fhir/StructureDefinition/implementationguide-page","valueUri":"Bundle-20fcbedb-ced8-4949-9edf-a145e0bb9b09.html"}],"reference":{"reference":"Bundle/20fcbedb-ced8-4949-9edf-a145e0bb9b09"},"name":"20fcbedb-ced8-4949-9edf-a145e0bb9b09","exampleBoolean":false,"groupingId":"-other"},{"extension":[{"url":"http://hl7.org/fhir/tools/StructureDefinition/resource-sort","valueInteger":999999999},{"url":"http://hl7.org/fhir/StructureDefinition/implementationguide-page","valueUri":"Bundle-260a3cc1-38eb-454a-a57b-9e32eabb54a3.html"}],"reference":{"reference":"Bundle/260a3cc1-38eb-454a-a57b-9e32eabb54a3"},"name":"260a3cc1-38eb-454a-a57b-9e32eabb54a3","exampleBoolean":false,"groupingId":"-other"},{"extension":[{"url":"http://hl7.org/fhir/tools/StructureDefinition/resource-sort","valueInteger":999999999},{"url":"http://hl7.org/fhir/StructureDefinition/implementationguide-page","valueUri":"Bundle-260f76f2-d986-4ba1-8049-2369b1b164ce.html"}],"reference":{"reference":"Bundle/260f76f2-d986-4ba1-8049-2369b1b164ce"},"name":"260f76f2-d986-4ba1-8049-2369b1b164ce","exampleBoolean":false,"groupingId":"-other"},{"extension":[{"url":"http://hl7.org/fhir/tools/StructureDefinition/resource-sort","valueInteger":999999999},{"url":"http://hl7.org/fhir/StructureDefinition/implementationguide-page","valueUri":"Bundle-33ee6434-a9cc-4679-8bb8-4f940bd63e30.html"}],"reference":{"reference":"Bundle/33ee6434-a9cc-4679-8bb8-4f940bd63e30"},"name":"33ee6434-a9cc-4679-8bb8-4f940bd63e30","exampleBoolean":false,"groupingId":"-other"},{"extension":[{"url":"http://hl7.org/fhir/tools/StructureDefinition/resource-sort","valueInteger":999999999},{"url":"http://hl7.org/fhir/StructureDefinition/implementationguide-page","valueUri":"Bundle-3d1149cd-d3e3-421a-ae31-4860decb4272.html"}],"reference":{"reference":"Bundle/3d1149cd-d3e3-421a-ae31-4860decb4272"},"name":"3d1149cd-d3e3-421a-ae31-4860decb4272","exampleBoolean":false,"groupingId":"-other"},{"extension":[{"url":"http://hl7.org/fhir/tools/StructureDefinition/resource-sort","valueInteger":999999999},{"url":"http://hl7.org/fhir/StructureDefinition/implementationguide-page","valueUri":"Bundle-3e047a9d-c86a-4828-b686-6a80403df5eb.html"}],"reference":{"reference":"Bundle/3e047a9d-c86a-4828-b686-6a80403df5eb"},"name":"3e047a9d-c86a-4828-b686-6a80403df5eb","exampleBoolean":false,"groupingId":"-other"},{"extension":[{"url":"http://hl7.org/fhir/tools/StructureDefinition/resource-sort","valueInteger":999999999},{"url":"http://hl7.org/fhir/StructureDefinition/implementationguide-page","valueUri":"Bundle-4f6ee254-6953-4a57-a68e-a5907a5761dc.html"}],"reference":{"reference":"Bundle/4f6ee254-6953-4a57-a68e-a5907a5761dc"},"name":"4f6ee254-6953-4a57-a68e-a5907a5761dc","exampleBoolean":false,"groupingId":"-other"},{"extension":[{"url":"http://hl7.org/fhir/tools/StructureDefinition/resource-sort","valueInteger":999999999},{"url":"http://hl7.org/fhir/StructureDefinition/implementationguide-page","valueUri":"Bundle-517f89c3-c18c-47d3-b627-8c039a7756b1.html"}],"reference":{"reference":"Bundle/517f89c3-c18c-47d3-b627-8c039a7756b1"},"name":"517f89c3-c18c-47d3-b627-8c039a7756b1","exampleBoolean":false,"groupingId":"-other"},{"extension":[{"url":"http://hl7.org/fhir/tools/StructureDefinition/resource-sort","valueInteger":999999999},{"url":"http://hl7.org/fhir/StructureDefinition/implementationguide-page","valueUri":"Bundle-5d29cc7d-dcf7-4b50-81b1-a8d971973ff6.html"}],"reference":{"reference":"Bundle/5d29cc7d-dcf7-4b50-81b1-a8d971973ff6"},"name":"5d29cc7d-dcf7-4b50-81b1-a8d971973ff6","exampleBoolean":false,"groupingId":"-other"},{"extension":[{"url":"http://hl7.org/fhir/tools/StructureDefinition/resource-sort","valueInteger":999999999},{"url":"http://hl7.org/fhir/StructureDefinition/implementationguide-page","valueUri":"Bundle-5de12884-eae7-4fd3-ba4a-d8b56be4baff.html"}],"reference":{"reference":"Bundle/5de12884-eae7-4fd3-ba4a-d8b56be4baff"},"name":"5de12884-eae7-4fd3-ba4a-d8b56be4baff","exampleBoolean":false,"groupingId":"-other"},{"extension":[{"url":"http://hl7.org/fhir/tools/StructureDefinition/resource-sort","valueInteger":999999999},{"url":"http://hl7.org/fhir/StructureDefinition/implementationguide-page","valueUri":"Bundle-5f85e1bd-03ea-47b9-bfe1-dbde95e69c75.html"}],"reference":{"reference":"Bundle/5f85e1bd-03ea-47b9-bfe1-dbde95e69c75"},"name":"5f85e1bd-03ea-47b9-bfe1-dbde95e69c75","exampleBoolean":false,"groupingId":"-other"},{"extension":[{"url":"http://hl7.org/fhir/tools/StructureDefinition/resource-sort","valueInteger":999999999},{"url":"http://hl7.org/fhir/StructureDefinition/implementationguide-page","valueUri":"Bundle-6280ec98-0799-4a3a-8a66-c426207d93f1.html"}],"reference":{"reference":"Bundle/6280ec98-0799-4a3a-8a66-c426207d93f1"},"name":"6280ec98-0799-4a3a-8a66-c426207d93f1","exampleBoolean":false,"groupingId":"-other"},{"extension":[{"url":"http://hl7.org/fhir/tools/StructureDefinition/resource-sort","valueInteger":999999999},{"url":"http://hl7.org/fhir/StructureDefinition/implementationguide-page","valueUri":"Bundle-683f2782-11e2-490a-9fa5-d5da09cc317a.html"}],"reference":{"reference":"Bundle/683f2782-11e2-490a-9fa5-d5da09cc317a"},"name":"683f2782-11e2-490a-9fa5-d5da09cc317a","exampleBoolean":false,"groupingId":"-other"},{"extension":[{"url":"http://hl7.org/fhir/tools/StructureDefinition/resource-sort","valueInteger":999999999},{"url":"http://hl7.org/fhir/StructureDefinition/implementationguide-page","valueUri":"Bundle-68f5c0f8-e33e-4302-89b0-cdea52801ec9.html"}],"reference":{"reference":"Bundle/68f5c0f8-e33e-4302-89b0-cdea52801ec9"},"name":"68f5c0f8-e33e-4302-89b0-cdea52801ec9","exampleBoolean":false,"groupingId":"-other"},{"extension":[{"url":"http://hl7.org/fhir/tools/StructureDefinition/resource-sort","valueInteger":999999999},{"url":"http://hl7.org/fhir/StructureDefinition/implementationguide-page","valueUri":"Bundle-6e5d7a74-a88a-47a3-8362-20396e9db332.html"}],"reference":{"reference":"Bundle/6e5d7a74-a88a-47a3-8362-20396e9db332"},"name":"6e5d7a74-a88a-47a3-8362-20396e9db332","exampleBoolean":false,"groupingId":"-other"},{"extension":[{"url":"http://hl7.org/fhir/tools/StructureDefinition/resource-sort","valueInteger":999999999},{"url":"http://hl7.org/fhir/StructureDefinition/implementationguide-page","valueUri":"Bundle-720f68cf-21bf-4c40-a90c-a113e00e88a8.html"}],"reference":{"reference":"Bundle/720f68cf-21bf-4c40-a90c-a113e00e88a8"},"name":"720f68cf-21bf-4c40-a90c-a113e00e88a8","exampleBoolean":false,"groupingId":"-other"},{"extension":[{"url":"http://hl7.org/fhir/tools/StructureDefinition/resource-sort","valueInteger":999999999},{"url":"http://hl7.org/fhir/StructureDefinition/implementationguide-page","valueUri":"Bundle-7283eae8-0427-4bb0-8486-06b4febd416c.html"}],"reference":{"reference":"Bundle/7283eae8-0427-4bb0-8486-06b4febd416c"},"name":"7283eae8-0427-4bb0-8486-06b4febd416c","exampleBoolean":false,"groupingId":"-other"},{"extension":[{"url":"http://hl7.org/fhir/tools/StructureDefinition/resource-sort","valueInteger":999999999},{"url":"http://hl7.org/fhir/StructureDefinition/implementationguide-page","valueUri":"Bundle-77c771ca-05d6-4efb-9a74-2fc513787f3a.html"}],"reference":{"reference":"Bundle/77c771ca-05d6-4efb-9a74-2fc513787f3a"},"name":"77c771ca-05d6-4efb-9a74-2fc513787f3a","exampleBoolean":false,"groupingId":"-other"},{"extension":[{"url":"http://hl7.org/fhir/tools/StructureDefinition/resource-sort","valueInteger":999999999},{"url":"http://hl7.org/fhir/StructureDefinition/implementationguide-page","valueUri":"Bundle-7c5a0cc0-f0f8-4a2e-9de9-d9293598bf94.html"}],"reference":{"reference":"Bundle/7c5a0cc0-f0f8-4a2e-9de9-d9293598bf94"},"name":"7c5a0cc0-f0f8-4a2e-9de9-d9293598bf94","exampleBoolean":false,"groupingId":"-other"},{"extension":[{"url":"http://hl7.org/fhir/tools/StructureDefinition/resource-sort","valueInteger":999999999},{"url":"http://hl7.org/fhir/StructureDefinition/implementationguide-page","valueUri":"Bundle-81b715aa-e993-4e7c-9b8a-4a05c10b540e.html"}],"reference":{"reference":"Bundle/81b715aa-e993-4e7c-9b8a-4a05c10b540e"},"name":"81b715aa-e993-4e7c-9b8a-4a05c10b540e","exampleBoolean":false,"groupingId":"-other"},{"extension":[{"url":"http://hl7.org/fhir/tools/StructureDefinition/resource-sort","valueInteger":999999999},{"url":"http://hl7.org/fhir/StructureDefinition/implementationguide-page","valueUri":"Bundle-82875f08-4b9e-4a23-b81a-e23ec1251334.html"}],"reference":{"reference":"Bundle/82875f08-4b9e-4a23-b81a-e23ec1251334"},"name":"82875f08-4b9e-4a23-b81a-e23ec1251334","exampleBoolean":false,"groupingId":"-other"},{"extension":[{"url":"http://hl7.org/fhir/tools/StructureDefinition/resource-sort","valueInteger":999999999},{"url":"http://hl7.org/fhir/StructureDefinition/implementationguide-page","valueUri":"Bundle-8352b67a-23b2-44c5-b43a-725270a90722.html"}],"reference":{"reference":"Bundle/8352b67a-23b2-44c5-b43a-725270a90722"},"name":"8352b67a-23b2-44c5-b43a-725270a90722","exampleBoolean":false,"groupingId":"-other"},{"extension":[{"url":"http://hl7.org/fhir/tools/StructureDefinition/resource-sort","valueInteger":999999999},{"url":"http://hl7.org/fhir/StructureDefinition/implementationguide-page","valueUri":"Bundle-91b4b79a-520f-48cb-bb9a-9c3e27301968.html"}],"reference":{"reference":"Bundle/91b4b79a-520f-48cb-bb9a-9c3e27301968"},"name":"91b4b79a-520f-48cb-bb9a-9c3e27301968","exampleBoolean":false,"groupingId":"-other"},{"extension":[{"url":"http://hl7.org/fhir/tools/StructureDefinition/resource-sort","valueInteger":999999999},{"url":"http://hl7.org/fhir/StructureDefinition/implementationguide-page","valueUri":"Bundle-98eb081e-a66f-41a2-b2f7-c455782563b0.html"}],"reference":{"reference":"Bundle/98eb081e-a66f-41a2-b2f7-c455782563b0"},"name":"98eb081e-a66f-41a2-b2f7-c455782563b0","exampleBoolean":false,"groupingId":"-other"},{"extension":[{"url":"http://hl7.org/fhir/tools/StructureDefinition/resource-sort","valueInteger":999999999},{"url":"http://hl7.org/fhir/StructureDefinition/implementationguide-page","valueUri":"Bundle-9c2371ff-09a0-4626-9fb9-f70645546361.html"}],"reference":{"reference":"Bundle/9c2371ff-09a0-4626-9fb9-f70645546361"},"name":"9c2371ff-09a0-4626-9fb9-f70645546361","exampleBoolean":false,"groupingId":"-other"},{"extension":[{"url":"http://hl7.org/fhir/tools/StructureDefinition/resource-sort","valueInteger":999999999},{"url":"http://hl7.org/fhir/StructureDefinition/implementationguide-page","valueUri":"Bundle-abfcb7c7-1381-4dba-b4b7-cc1c3713e515.html"}],"reference":{"reference":"Bundle/abfcb7c7-1381-4dba-b4b7-cc1c3713e515"},"name":"abfcb7c7-1381-4dba-b4b7-cc1c3713e515","exampleBoolean":false,"groupingId":"-other"},{"extension":[{"url":"http://hl7.org/fhir/tools/StructureDefinition/resource-sort","valueInteger":999999999},{"url":"http://hl7.org/fhir/StructureDefinition/implementationguide-page","valueUri":"Bundle-aca3d03a-febd-4b88-ad53-ac1bc36da615.html"}],"reference":{"reference":"Bundle/aca3d03a-febd-4b88-ad53-ac1bc36da615"},"name":"aca3d03a-febd-4b88-ad53-ac1bc36da615","exampleBoolean":false,"groupingId":"-other"},{"extension":[{"url":"http://hl7.org/fhir/tools/StructureDefinition/resource-sort","valueInteger":999999999},{"url":"http://hl7.org/fhir/StructureDefinition/implementationguide-page","valueUri":"Bundle-b10f940e-2000-4ec8-9e0b-a3fb60fc5bb5.html"}],"reference":{"reference":"Bundle/b10f940e-2000-4ec8-9e0b-a3fb60fc5bb5"},"name":"b10f940e-2000-4ec8-9e0b-a3fb60fc5bb5","exampleBoolean":false,"groupingId":"-other"},{"extension":[{"url":"http://hl7.org/fhir/tools/StructureDefinition/resource-sort","valueInteger":999999999},{"url":"http://hl7.org/fhir/StructureDefinition/implementationguide-page","valueUri":"Bundle-b43146a2-99ec-4b05-bb8f-5b44af4fe424.html"}],"reference":{"reference":"Bundle/b43146a2-99ec-4b05-bb8f-5b44af4fe424"},"name":"b43146a2-99ec-4b05-bb8f-5b44af4fe424","exampleBoolean":false,"groupingId":"-other"},{"extension":[{"url":"http://hl7.org/fhir/tools/StructureDefinition/resource-sort","valueInteger":999999999},{"url":"http://hl7.org/fhir/StructureDefinition/implementationguide-page","valueUri":"Bundle-bed699de-ae44-4fa4-8208-10a35b025476.html"}],"reference":{"reference":"Bundle/bed699de-ae44-4fa4-8208-10a35b025476"},"name":"bed699de-ae44-4fa4-8208-10a35b025476","exampleBoolean":false,"groupingId":"-other"},{"extension":[{"url":"http://hl7.org/fhir/tools/StructureDefinition/resource-sort","valueInteger":999999999},{"url":"http://hl7.org/fhir/StructureDefinition/implementationguide-page","valueUri":"Bundle-c1edf6f3-2554-4b72-b58b-0f030ee555ba.html"}],"reference":{"reference":"Bundle/c1edf6f3-2554-4b72-b58b-0f030ee555ba"},"name":"c1edf6f3-2554-4b72-b58b-0f030ee555ba","exampleBoolean":false,"groupingId":"-other"},{"extension":[{"url":"http://hl7.org/fhir/tools/StructureDefinition/resource-sort","valueInteger":999999999},{"url":"http://hl7.org/fhir/StructureDefinition/implementationguide-page","valueUri":"Bundle-c289e585-7f30-4d58-88e3-0baedd9ffeee.html"}],"reference":{"reference":"Bundle/c289e585-7f30-4d58-88e3-0baedd9ffeee"},"name":"c289e585-7f30-4d58-88e3-0baedd9ffeee","exampleBoolean":false,"groupingId":"-other"},{"extension":[{"url":"http://hl7.org/fhir/tools/StructureDefinition/resource-sort","valueInteger":999999999},{"url":"http://hl7.org/fhir/StructureDefinition/implementationguide-page","valueUri":"Bundle-d000e12e-4b0c-477e-9cb7-80b2a3b3adc0.html"}],"reference":{"reference":"Bundle/d000e12e-4b0c-477e-9cb7-80b2a3b3adc0"},"name":"d000e12e-4b0c-477e-9cb7-80b2a3b3adc0","exampleBoolean":false,"groupingId":"-other"},{"extension":[{"url":"http://hl7.org/fhir/tools/StructureDefinition/resource-sort","valueInteger":999999999},{"url":"http://hl7.org/fhir/StructureDefinition/implementationguide-page","valueUri":"Bundle-ee22cec7-aad7-4bfe-ab1b-5ada3f59e676.html"}],"reference":{"reference":"Bundle/ee22cec7-aad7-4bfe-ab1b-5ada3f59e676"},"name":"ee22cec7-aad7-4bfe-ab1b-5ada3f59e676","exampleBoolean":false,"groupingId":"-other"},{"extension":[{"url":"http://hl7.org/fhir/tools/StructureDefinition/resource-sort","valueInteger":999999999},{"url":"http://hl7.org/fhir/StructureDefinition/implementationguide-page","valueUri":"Bundle-fa97e431-332f-4605-ad37-c259dc2b8637.html"}],"reference":{"reference":"Bundle/fa97e431-332f-4605-ad37-c259dc2b8637"},"name":"fa97e431-332f-4605-ad37-c259dc2b8637","exampleBoolean":false,"groupingId":"-other"}],"page":{"extension":[{"url":"http://hl7.org/fhir/tools/StructureDefinition/ig-page-name","valueUrl":"toc.html"}],"nameUrl":"toc.html","title":"Table of Contents","generation":"html","page":[{"extension":[{"url":"http://hl7.org/fhir/tools/StructureDefinition/ig-page-name","valueUrl":"index.html"}],"nameUrl":"index.html","title":"Home","generation":"markdown"},{"extension":[{"url":"http://hl7.org/fhir/tools/StructureDefinition/ig-page-name","valueUrl":"downloads.html"}],"nameUrl":"downloads.html","title":"Downloads","generation":"markdown"},{"extension":[{"url":"http://hl7.org/fhir/tools/StructureDefinition/ig-page-name","valueUrl":"testexamples.html"}],"nameUrl":"testexamples.html","title":"Testexamples","generation":"markdown"},{"extension":[{"url":"http://hl7.org/fhir/tools/StructureDefinition/ig-page-name","valueUrl":"testscripts.html"}],"nameUrl":"testscripts.html","title":"Testscripts","generation":"markdown"},{"extension":[{"url":"http://hl7.org/fhir/tools/StructureDefinition/ig-page-name","valueUrl":"artifacts.html"}],"nameUrl":"artifacts.html","title":"Artifacts Summary","generation":"html","page":[{"extension":[{"url":"http://hl7.org/fhir/tools/StructureDefinition/ig-page-name","valueUrl":"TestScript-carecommunication-send-tec-01.html"}],"nameUrl":"TestScript-carecommunication-send-tec-01.html","title":" Send CareCommunication concerning a deceased patient","generation":"generated"},{"extension":[{"url":"http://hl7.org/fhir/tools/StructureDefinition/ig-page-name","valueUrl":"TestScript-carecommunication-send-forward-partialthread.html"}],"nameUrl":"TestScript-carecommunication-send-forward-partialthread.html","title":"Forward a part of the CareCommunication thread. Only the message text is expected to be forwarded","generation":"generated"},{"extension":[{"url":"http://hl7.org/fhir/tools/StructureDefinition/ig-page-name","valueUrl":"TestScript-carecommunication-send-forward-message.html"}],"nameUrl":"TestScript-carecommunication-send-forward-message.html","title":"Forward CareCommunication","generation":"generated"},{"extension":[{"url":"http://hl7.org/fhir/tools/StructureDefinition/ig-page-name","valueUrl":"TestScript-carecommunication-send-forward-add-attachment.html"}],"nameUrl":"TestScript-carecommunication-send-forward-add-attachment.html","title":"Forward CareCommunication add a new attachments","generation":"generated"},{"extension":[{"url":"http://hl7.org/fhir/tools/StructureDefinition/ig-page-name","valueUrl":"TestScript-carecommunication-send-forward-attachment.html"}],"nameUrl":"TestScript-carecommunication-send-forward-attachment.html","title":"Forward CareCommunication where the new message includes several attached files.","generation":"generated"},{"extension":[{"url":"http://hl7.org/fhir/tools/StructureDefinition/ig-page-name","valueUrl":"TestScript-carecommunication-send-forward-changecategory.html"}],"nameUrl":"TestScript-carecommunication-send-forward-changecategory.html","title":"Forward CareCommunication with changed category","generation":"generated"},{"extension":[{"url":"http://hl7.org/fhir/tools/StructureDefinition/ig-page-name","valueUrl":"TestScript-carecommunication-send-forward-changetopic.html"}],"nameUrl":"TestScript-carecommunication-send-forward-changetopic.html","title":"Forward CareCommunication with changed topic","generation":"generated"},{"extension":[{"url":"http://hl7.org/fhir/tools/StructureDefinition/ig-page-name","valueUrl":"TestScript-carecommunication-send-reply-message.html"}],"nameUrl":"TestScript-carecommunication-send-reply-message.html","title":"Reply CareCommunication","generation":"generated"},{"extension":[{"url":"http://hl7.org/fhir/tools/StructureDefinition/ig-page-name","valueUrl":"TestScript-carecommunication-send-reply-add-attachment.html"}],"nameUrl":"TestScript-carecommunication-send-reply-add-attachment.html","title":"Reply CareCommunication add two new attachments","generation":"generated"},{"extension":[{"url":"http://hl7.org/fhir/tools/StructureDefinition/ig-page-name","valueUrl":"TestScript-carecommunication-send-reply-new.html"}],"nameUrl":"TestScript-carecommunication-send-reply-new.html","title":"Reply CareCommunication to a CareCommunication send by the replying system","generation":"generated"},{"extension":[{"url":"http://hl7.org/fhir/tools/StructureDefinition/ig-page-name","valueUrl":"TestScript-carecommunication-send-reply-forward.html"}],"nameUrl":"TestScript-carecommunication-send-reply-forward.html","title":"Reply CareCommunication to a CareCommunication that has been forwarded","generation":"generated"},{"extension":[{"url":"http://hl7.org/fhir/tools/StructureDefinition/ig-page-name","valueUrl":"TestScript-carecommunication-send-reply-attachment.html"}],"nameUrl":"TestScript-carecommunication-send-reply-attachment.html","title":"Reply CareCommunication where the new message includes several attached files","generation":"generated"},{"extension":[{"url":"http://hl7.org/fhir/tools/StructureDefinition/ig-page-name","valueUrl":"TestScript-carecommunication-send-reply-changecategory.html"}],"nameUrl":"TestScript-carecommunication-send-reply-changecategory.html","title":"Reply CareCommunication with changed category","generation":"generated"},{"extension":[{"url":"http://hl7.org/fhir/tools/StructureDefinition/ig-page-name","valueUrl":"TestScript-carecommunication-send-reply-changetopic.html"}],"nameUrl":"TestScript-carecommunication-send-reply-changetopic.html","title":"Reply CareCommunication with changed topic","generation":"generated"},{"extension":[{"url":"http://hl7.org/fhir/tools/StructureDefinition/ig-page-name","valueUrl":"TestScript-carecommunication-send-tec-07.html"}],"nameUrl":"TestScript-carecommunication-send-tec-07.html","title":"Reply to CareCommunication, that includes all content.","generation":"generated"},{"extension":[{"url":"http://hl7.org/fhir/tools/StructureDefinition/ig-page-name","valueUrl":"TestScript-carecommunication-send-tec-06.html"}],"nameUrl":"TestScript-carecommunication-send-tec-06.html","title":"Reply to CareCommunication, where episodeOfCare-identifier is correctly transfered in the communication","generation":"generated"},{"extension":[{"url":"http://hl7.org/fhir/tools/StructureDefinition/ig-page-name","valueUrl":"TestScript-carecommunication-send-tec-03.html"}],"nameUrl":"TestScript-carecommunication-send-tec-03.html","title":"Send CareCommunication where the patient has a CPR-number as identifier","generation":"generated"},{"extension":[{"url":"http://hl7.org/fhir/tools/StructureDefinition/ig-page-name","valueUrl":"TestScript-carecommunication-send-tec-04.html"}],"nameUrl":"TestScript-carecommunication-send-tec-04.html","title":"Send CareCommunication where the patient has a replacement-CPR-number as identifier","generation":"generated"},{"extension":[{"url":"http://hl7.org/fhir/tools/StructureDefinition/ig-page-name","valueUrl":"TestScript-carecommunication-send-new-attachment-bmp.html"}],"nameUrl":"TestScript-carecommunication-send-new-attachment-bmp.html","title":"Send CareCommunication with a bmp as an attached file. Receiver is expected to be 'Sundhedsplejen, Aabenraa kommune' with SOR-id: 330461000016004.","generation":"generated"},{"extension":[{"url":"http://hl7.org/fhir/tools/StructureDefinition/ig-page-name","valueUrl":"TestScript-carecommunication-send-tec-05.html"}],"nameUrl":"TestScript-carecommunication-send-tec-05.html","title":"Send CareCommunication with a episodeOfCare-identifier","generation":"generated"},{"extension":[{"url":"http://hl7.org/fhir/tools/StructureDefinition/ig-page-name","valueUrl":"TestScript-carecommunication-send-new-attachment-gif.html"}],"nameUrl":"TestScript-carecommunication-send-new-attachment-gif.html","title":"Send CareCommunication with a gif as an attached file. Receiver is expected to be 'Sundhedsplejen, Aabenraa kommune' with SOR-id: 330461000016004.","generation":"generated"},{"extension":[{"url":"http://hl7.org/fhir/tools/StructureDefinition/ig-page-name","valueUrl":"TestScript-carecommunication-send-new-attachment-jpeg.html"}],"nameUrl":"TestScript-carecommunication-send-new-attachment-jpeg.html","title":"Send CareCommunication with a jpeg as an attached file. Receiver is expected to be 'Sundhedsplejen, Aabenraa kommune' with SOR-id: 330461000016004.","generation":"generated"},{"extension":[{"url":"http://hl7.org/fhir/tools/StructureDefinition/ig-page-name","valueUrl":"TestScript-carecommunication-send-new-attachment-link.html"}],"nameUrl":"TestScript-carecommunication-send-new-attachment-link.html","title":"Send CareCommunication with a link as an attachment. Receiver is expected to be 'Sundhedsplejen, Aabenraa kommune' with SOR-id: 330461000016004.","generation":"generated"},{"extension":[{"url":"http://hl7.org/fhir/tools/StructureDefinition/ig-page-name","valueUrl":"TestScript-carecommunication-send-new-attachment-multiple.html"}],"nameUrl":"TestScript-carecommunication-send-new-attachment-multiple.html","title":"Send CareCommunication with a multiple attached files. Receiver is expected to be 'Sundhedsplejen, Aabenraa kommune' with SOR-id: 330461000016004.","generation":"generated"},{"extension":[{"url":"http://hl7.org/fhir/tools/StructureDefinition/ig-page-name","valueUrl":"TestScript-carecommunication-send-new-attachment-pdf.html"}],"nameUrl":"TestScript-carecommunication-send-new-attachment-pdf.html","title":"Send CareCommunication with a pdf-document as an attached file. Receiver is expected to be 'Sundhedsplejen, Aabenraa kommune' with SOR-id: 330461000016004.","generation":"generated"},{"extension":[{"url":"http://hl7.org/fhir/tools/StructureDefinition/ig-page-name","valueUrl":"TestScript-carecommunication-send-new-attachment-png.html"}],"nameUrl":"TestScript-carecommunication-send-new-attachment-png.html","title":"Send CareCommunication with a png as an attached file. Receiver is expected to be 'Sundhedsplejen, Aabenraa kommune' with SOR-id: 330461000016004.","generation":"generated"},{"extension":[{"url":"http://hl7.org/fhir/tools/StructureDefinition/ig-page-name","valueUrl":"TestScript-carecommunication-send-new-attachment-tiff.html"}],"nameUrl":"TestScript-carecommunication-send-new-attachment-tiff.html","title":"Send CareCommunication with a tiff as an attached file. Receiver is expected to be 'Sundhedsplejen, Aabenraa kommune' with SOR-id: 330461000016004.","generation":"generated"},{"extension":[{"url":"http://hl7.org/fhir/tools/StructureDefinition/ig-page-name","valueUrl":"TestScript-carecommunication-send-new-attachment-structured.html"}],"nameUrl":"TestScript-carecommunication-send-new-attachment-structured.html","title":"Send CareCommunication with an attachment and structured author information. Receiver is expected to be 'Sundhedsplejen, Aabenraa kommune' with SOR-id: 330461000016004.","generation":"generated"},{"extension":[{"url":"http://hl7.org/fhir/tools/StructureDefinition/ig-page-name","valueUrl":"TestScript-carecommunication-send-new-category-other.html"}],"nameUrl":"TestScript-carecommunication-send-new-category-other.html","title":"Send CareCommunication with category 'Other'. Receiver is expected to be 'SLB Hjertesygdomme Ambulatorium (Kolding), Kolding Sygehus' with SOR-id: 349061000016004. ","generation":"generated"},{"extension":[{"url":"http://hl7.org/fhir/tools/StructureDefinition/ig-page-name","valueUrl":"TestScript-carecommunication-send-new-priority.html"}],"nameUrl":"TestScript-carecommunication-send-new-priority.html","title":"Send CareCommunication with category 'Regarding referral', included priority. Receiver is expected to be 'Pædagogisk Psykologisk Rådgivning, Aalborg kommune' with SOR-id: 1385391000016002.","generation":"generated"},{"extension":[{"url":"http://hl7.org/fhir/tools/StructureDefinition/ig-page-name","valueUrl":"TestScript-carecommunication-send-tec-02.html"}],"nameUrl":"TestScript-carecommunication-send-tec-02.html","title":"Send CareCommunication with sender and recipient","generation":"generated"},{"extension":[{"url":"http://hl7.org/fhir/tools/StructureDefinition/ig-page-name","valueUrl":"TestScript-carecommunication-send-new-topic.html"}],"nameUrl":"TestScript-carecommunication-send-new-topic.html","title":"Send CareCommunication with topic. Receiver is expected to be 'Lægeklinik Ølgod' with SOR-id: 1339531000016004.","generation":"generated"},{"extension":[{"url":"http://hl7.org/fhir/tools/StructureDefinition/ig-page-name","valueUrl":"TestScript-carecommunication-send-new-message.html"}],"nameUrl":"TestScript-carecommunication-send-new-message.html","title":"Send CareCommunication. Receiver is expected to be 'Klinik for Ældresygdomme, AUH, Skejby' with SOR-id: 441211000016000.","generation":"generated"},{"extension":[{"url":"http://hl7.org/fhir/tools/StructureDefinition/ig-page-name","valueUrl":"Bundle-0c8dddf2-c882-4b00-8870-5035279e7d01.html"}],"nameUrl":"Bundle-0c8dddf2-c882-4b00-8870-5035279e7d01.html","title":"0c8dddf2-c882-4b00-8870-5035279e7d01","generation":"generated"},{"extension":[{"url":"http://hl7.org/fhir/tools/StructureDefinition/ig-page-name","valueUrl":"Bundle-0e2864ad-a6a1-4e84-a9dc-aeacee63f981.html"}],"nameUrl":"Bundle-0e2864ad-a6a1-4e84-a9dc-aeacee63f981.html","title":"0e2864ad-a6a1-4e84-a9dc-aeacee63f981","generation":"generated"},{"extension":[{"url":"http://hl7.org/fhir/tools/StructureDefinition/ig-page-name","valueUrl":"Bundle-1932711d-49d0-4ad7-b1ee-61de711892d2.html"}],"nameUrl":"Bundle-1932711d-49d0-4ad7-b1ee-61de711892d2.html","title":"1932711d-49d0-4ad7-b1ee-61de711892d2","generation":"generated"},{"extension":[{"url":"http://hl7.org/fhir/tools/StructureDefinition/ig-page-name","valueUrl":"Bundle-1e9fdc8f-50f0-4dc3-9879-facdf331a2fe.html"}],"nameUrl":"Bundle-1e9fdc8f-50f0-4dc3-9879-facdf331a2fe.html","title":"1e9fdc8f-50f0-4dc3-9879-facdf331a2fe","generation":"generated"},{"extension":[{"url":"http://hl7.org/fhir/tools/StructureDefinition/ig-page-name","valueUrl":"Bundle-20fcbedb-ced8-4949-9edf-a145e0bb9b09.html"}],"nameUrl":"Bundle-20fcbedb-ced8-4949-9edf-a145e0bb9b09.html","title":"20fcbedb-ced8-4949-9edf-a145e0bb9b09","generation":"generated"},{"extension":[{"url":"http://hl7.org/fhir/tools/StructureDefinition/ig-page-name","valueUrl":"Bundle-260a3cc1-38eb-454a-a57b-9e32eabb54a3.html"}],"nameUrl":"Bundle-260a3cc1-38eb-454a-a57b-9e32eabb54a3.html","title":"260a3cc1-38eb-454a-a57b-9e32eabb54a3","generation":"generated"},{"extension":[{"url":"http://hl7.org/fhir/tools/StructureDefinition/ig-page-name","valueUrl":"Bundle-260f76f2-d986-4ba1-8049-2369b1b164ce.html"}],"nameUrl":"Bundle-260f76f2-d986-4ba1-8049-2369b1b164ce.html","title":"260f76f2-d986-4ba1-8049-2369b1b164ce","generation":"generated"},{"extension":[{"url":"http://hl7.org/fhir/tools/StructureDefinition/ig-page-name","valueUrl":"Bundle-33ee6434-a9cc-4679-8bb8-4f940bd63e30.html"}],"nameUrl":"Bundle-33ee6434-a9cc-4679-8bb8-4f940bd63e30.html","title":"33ee6434-a9cc-4679-8bb8-4f940bd63e30","generation":"generated"},{"extension":[{"url":"http://hl7.org/fhir/tools/StructureDefinition/ig-page-name","valueUrl":"Bundle-3d1149cd-d3e3-421a-ae31-4860decb4272.html"}],"nameUrl":"Bundle-3d1149cd-d3e3-421a-ae31-4860decb4272.html","title":"3d1149cd-d3e3-421a-ae31-4860decb4272","generation":"generated"},{"extension":[{"url":"http://hl7.org/fhir/tools/StructureDefinition/ig-page-name","valueUrl":"Bundle-3e047a9d-c86a-4828-b686-6a80403df5eb.html"}],"nameUrl":"Bundle-3e047a9d-c86a-4828-b686-6a80403df5eb.html","title":"3e047a9d-c86a-4828-b686-6a80403df5eb","generation":"generated"},{"extension":[{"url":"http://hl7.org/fhir/tools/StructureDefinition/ig-page-name","valueUrl":"Bundle-4f6ee254-6953-4a57-a68e-a5907a5761dc.html"}],"nameUrl":"Bundle-4f6ee254-6953-4a57-a68e-a5907a5761dc.html","title":"4f6ee254-6953-4a57-a68e-a5907a5761dc","generation":"generated"},{"extension":[{"url":"http://hl7.org/fhir/tools/StructureDefinition/ig-page-name","valueUrl":"Bundle-517f89c3-c18c-47d3-b627-8c039a7756b1.html"}],"nameUrl":"Bundle-517f89c3-c18c-47d3-b627-8c039a7756b1.html","title":"517f89c3-c18c-47d3-b627-8c039a7756b1","generation":"generated"},{"extension":[{"url":"http://hl7.org/fhir/tools/StructureDefinition/ig-page-name","valueUrl":"Bundle-5d29cc7d-dcf7-4b50-81b1-a8d971973ff6.html"}],"nameUrl":"Bundle-5d29cc7d-dcf7-4b50-81b1-a8d971973ff6.html","title":"5d29cc7d-dcf7-4b50-81b1-a8d971973ff6","generation":"generated"},{"extension":[{"url":"http://hl7.org/fhir/tools/StructureDefinition/ig-page-name","valueUrl":"Bundle-5de12884-eae7-4fd3-ba4a-d8b56be4baff.html"}],"nameUrl":"Bundle-5de12884-eae7-4fd3-ba4a-d8b56be4baff.html","title":"5de12884-eae7-4fd3-ba4a-d8b56be4baff","generation":"generated"},{"extension":[{"url":"http://hl7.org/fhir/tools/StructureDefinition/ig-page-name","valueUrl":"Bundle-5f85e1bd-03ea-47b9-bfe1-dbde95e69c75.html"}],"nameUrl":"Bundle-5f85e1bd-03ea-47b9-bfe1-dbde95e69c75.html","title":"5f85e1bd-03ea-47b9-bfe1-dbde95e69c75","generation":"generated"},{"extension":[{"url":"http://hl7.org/fhir/tools/StructureDefinition/ig-page-name","valueUrl":"Bundle-6280ec98-0799-4a3a-8a66-c426207d93f1.html"}],"nameUrl":"Bundle-6280ec98-0799-4a3a-8a66-c426207d93f1.html","title":"6280ec98-0799-4a3a-8a66-c426207d93f1","generation":"generated"},{"extension":[{"url":"http://hl7.org/fhir/tools/StructureDefinition/ig-page-name","valueUrl":"Bundle-683f2782-11e2-490a-9fa5-d5da09cc317a.html"}],"nameUrl":"Bundle-683f2782-11e2-490a-9fa5-d5da09cc317a.html","title":"683f2782-11e2-490a-9fa5-d5da09cc317a","generation":"generated"},{"extension":[{"url":"http://hl7.org/fhir/tools/StructureDefinition/ig-page-name","valueUrl":"Bundle-68f5c0f8-e33e-4302-89b0-cdea52801ec9.html"}],"nameUrl":"Bundle-68f5c0f8-e33e-4302-89b0-cdea52801ec9.html","title":"68f5c0f8-e33e-4302-89b0-cdea52801ec9","generation":"generated"},{"extension":[{"url":"http://hl7.org/fhir/tools/StructureDefinition/ig-page-name","valueUrl":"Bundle-6e5d7a74-a88a-47a3-8362-20396e9db332.html"}],"nameUrl":"Bundle-6e5d7a74-a88a-47a3-8362-20396e9db332.html","title":"6e5d7a74-a88a-47a3-8362-20396e9db332","generation":"generated"},{"extension":[{"url":"http://hl7.org/fhir/tools/StructureDefinition/ig-page-name","valueUrl":"Bundle-720f68cf-21bf-4c40-a90c-a113e00e88a8.html"}],"nameUrl":"Bundle-720f68cf-21bf-4c40-a90c-a113e00e88a8.html","title":"720f68cf-21bf-4c40-a90c-a113e00e88a8","generation":"generated"},{"extension":[{"url":"http://hl7.org/fhir/tools/StructureDefinition/ig-page-name","valueUrl":"Bundle-7283eae8-0427-4bb0-8486-06b4febd416c.html"}],"nameUrl":"Bundle-7283eae8-0427-4bb0-8486-06b4febd416c.html","title":"7283eae8-0427-4bb0-8486-06b4febd416c","generation":"generated"},{"extension":[{"url":"http://hl7.org/fhir/tools/StructureDefinition/ig-page-name","valueUrl":"Bundle-77c771ca-05d6-4efb-9a74-2fc513787f3a.html"}],"nameUrl":"Bundle-77c771ca-05d6-4efb-9a74-2fc513787f3a.html","title":"77c771ca-05d6-4efb-9a74-2fc513787f3a","generation":"generated"},{"extension":[{"url":"http://hl7.org/fhir/tools/StructureDefinition/ig-page-name","valueUrl":"Bundle-7c5a0cc0-f0f8-4a2e-9de9-d9293598bf94.html"}],"nameUrl":"Bundle-7c5a0cc0-f0f8-4a2e-9de9-d9293598bf94.html","title":"7c5a0cc0-f0f8-4a2e-9de9-d9293598bf94","generation":"generated"},{"extension":[{"url":"http://hl7.org/fhir/tools/StructureDefinition/ig-page-name","valueUrl":"Bundle-81b715aa-e993-4e7c-9b8a-4a05c10b540e.html"}],"nameUrl":"Bundle-81b715aa-e993-4e7c-9b8a-4a05c10b540e.html","title":"81b715aa-e993-4e7c-9b8a-4a05c10b540e","generation":"generated"},{"extension":[{"url":"http://hl7.org/fhir/tools/StructureDefinition/ig-page-name","valueUrl":"Bundle-82875f08-4b9e-4a23-b81a-e23ec1251334.html"}],"nameUrl":"Bundle-82875f08-4b9e-4a23-b81a-e23ec1251334.html","title":"82875f08-4b9e-4a23-b81a-e23ec1251334","generation":"generated"},{"extension":[{"url":"http://hl7.org/fhir/tools/StructureDefinition/ig-page-name","valueUrl":"Bundle-8352b67a-23b2-44c5-b43a-725270a90722.html"}],"nameUrl":"Bundle-8352b67a-23b2-44c5-b43a-725270a90722.html","title":"8352b67a-23b2-44c5-b43a-725270a90722","generation":"generated"},{"extension":[{"url":"http://hl7.org/fhir/tools/StructureDefinition/ig-page-name","valueUrl":"Bundle-91b4b79a-520f-48cb-bb9a-9c3e27301968.html"}],"nameUrl":"Bundle-91b4b79a-520f-48cb-bb9a-9c3e27301968.html","title":"91b4b79a-520f-48cb-bb9a-9c3e27301968","generation":"generated"},{"extension":[{"url":"http://hl7.org/fhir/tools/StructureDefinition/ig-page-name","valueUrl":"Bundle-98eb081e-a66f-41a2-b2f7-c455782563b0.html"}],"nameUrl":"Bundle-98eb081e-a66f-41a2-b2f7-c455782563b0.html","title":"98eb081e-a66f-41a2-b2f7-c455782563b0","generation":"generated"},{"extension":[{"url":"http://hl7.org/fhir/tools/StructureDefinition/ig-page-name","valueUrl":"Bundle-9c2371ff-09a0-4626-9fb9-f70645546361.html"}],"nameUrl":"Bundle-9c2371ff-09a0-4626-9fb9-f70645546361.html","title":"9c2371ff-09a0-4626-9fb9-f70645546361","generation":"generated"},{"extension":[{"url":"http://hl7.org/fhir/tools/StructureDefinition/ig-page-name","valueUrl":"Bundle-abfcb7c7-1381-4dba-b4b7-cc1c3713e515.html"}],"nameUrl":"Bundle-abfcb7c7-1381-4dba-b4b7-cc1c3713e515.html","title":"abfcb7c7-1381-4dba-b4b7-cc1c3713e515","generation":"generated"},{"extension":[{"url":"http://hl7.org/fhir/tools/StructureDefinition/ig-page-name","valueUrl":"Bundle-aca3d03a-febd-4b88-ad53-ac1bc36da615.html"}],"nameUrl":"Bundle-aca3d03a-febd-4b88-ad53-ac1bc36da615.html","title":"aca3d03a-febd-4b88-ad53-ac1bc36da615","generation":"generated"},{"extension":[{"url":"http://hl7.org/fhir/tools/StructureDefinition/ig-page-name","valueUrl":"Bundle-b10f940e-2000-4ec8-9e0b-a3fb60fc5bb5.html"}],"nameUrl":"Bundle-b10f940e-2000-4ec8-9e0b-a3fb60fc5bb5.html","title":"b10f940e-2000-4ec8-9e0b-a3fb60fc5bb5","generation":"generated"},{"extension":[{"url":"http://hl7.org/fhir/tools/StructureDefinition/ig-page-name","valueUrl":"Bundle-b43146a2-99ec-4b05-bb8f-5b44af4fe424.html"}],"nameUrl":"Bundle-b43146a2-99ec-4b05-bb8f-5b44af4fe424.html","title":"b43146a2-99ec-4b05-bb8f-5b44af4fe424","generation":"generated"},{"extension":[{"url":"http://hl7.org/fhir/tools/StructureDefinition/ig-page-name","valueUrl":"Bundle-bed699de-ae44-4fa4-8208-10a35b025476.html"}],"nameUrl":"Bundle-bed699de-ae44-4fa4-8208-10a35b025476.html","title":"bed699de-ae44-4fa4-8208-10a35b025476","generation":"generated"},{"extension":[{"url":"http://hl7.org/fhir/tools/StructureDefinition/ig-page-name","valueUrl":"Bundle-c1edf6f3-2554-4b72-b58b-0f030ee555ba.html"}],"nameUrl":"Bundle-c1edf6f3-2554-4b72-b58b-0f030ee555ba.html","title":"c1edf6f3-2554-4b72-b58b-0f030ee555ba","generation":"generated"},{"extension":[{"url":"http://hl7.org/fhir/tools/StructureDefinition/ig-page-name","valueUrl":"Bundle-c289e585-7f30-4d58-88e3-0baedd9ffeee.html"}],"nameUrl":"Bundle-c289e585-7f30-4d58-88e3-0baedd9ffeee.html","title":"c289e585-7f30-4d58-88e3-0baedd9ffeee","generation":"generated"},{"extension":[{"url":"http://hl7.org/fhir/tools/StructureDefinition/ig-page-name","valueUrl":"Bundle-d000e12e-4b0c-477e-9cb7-80b2a3b3adc0.html"}],"nameUrl":"Bundle-d000e12e-4b0c-477e-9cb7-80b2a3b3adc0.html","title":"d000e12e-4b0c-477e-9cb7-80b2a3b3adc0","generation":"generated"},{"extension":[{"url":"http://hl7.org/fhir/tools/StructureDefinition/ig-page-name","valueUrl":"Bundle-ee22cec7-aad7-4bfe-ab1b-5ada3f59e676.html"}],"nameUrl":"Bundle-ee22cec7-aad7-4bfe-ab1b-5ada3f59e676.html","title":"ee22cec7-aad7-4bfe-ab1b-5ada3f59e676","generation":"generated"},{"extension":[{"url":"http://hl7.org/fhir/tools/StructureDefinition/ig-page-name","valueUrl":"Bundle-fa97e431-332f-4605-ad37-c259dc2b8637.html"}],"nameUrl":"Bundle-fa97e431-332f-4605-ad37-c259dc2b8637.html","title":"fa97e431-332f-4605-ad37-c259dc2b8637","generation":"generated"}]}]},"parameter":[{"code":"path-resource","value":"input/capabilities"},{"code":"path-resource","value":"input/examples"},{"code":"path-resource","value":"input/extensions"},{"code":"path-resource","value":"input/models"},{"code":"path-resource","value":"input/operations"},{"code":"path-resource","value":"input/profiles"},{"code":"path-resource","value":"input/resources"},{"code":"path-resource","value":"input/vocabulary"},{"code":"path-resource","value":"input/maps"},{"code":"path-resource","value":"input/testing"},{"code":"path-resource","value":"input/history"},{"code":"path-resource","value":"fsh-generated/resources"},{"code":"path-pages","value":"template/config"},{"code":"path-pages","value":"input/images"},{"code":"path-tx-cache","value":"input-cache/txcache"}]}}