{"resourceType":"TestScript","id":"carecommunication-send-reply-forward","meta":{"profile":["http://touchstone.aegis.net/touchstone/fhir/testing/StructureDefinition/testscript"]},"url":"http://medcomfhir.dk/ig/carecommunicationtestscript/carecommunication-send-reply-new","version":"4.0.1","name":"CareCommunicationTestScript","title":"Reply CareCommunication to a CareCommunication that has been forwarded","status":"active","date":"2024-07-15","contact":[{"name":"MedCom","telecom":[{"system":"email","value":"mailto:fhir@medcom.dk"}]}],"description":"Reply CareCommunication to a CareCommunication that has been forwarded","copyright":"MedCom 2023","origin":[{"index":1,"profile":{"system":"http://terminology.hl7.org/CodeSystem/testscript-profile-origin-types","code":"FHIR-Client"}}],"destination":[{"index":1,"profile":{"system":"http://terminology.hl7.org/CodeSystem/testscript-profile-destination-types","code":"FHIR-Server"}}],"fixture":[{"id":"create-forward-message-01","autocreate":false,"autodelete":false,"resource":{"reference":"/Fixtures/CareCommunication-fixture-forward.xml"}},{"id":"create-reply-message-02","autocreate":false,"autodelete":false,"resource":{"reference":"/Fixtures/CareCommunication-fixture-empty.xml"}}],"profile":[{"id":"carecommunication","reference":"http://medcomfhir.dk/ig/carecommunication/StructureDefinition/medcom-careCommunication-message"}],"variable":[{"name":"messageHeaderid-forward-message-01","expression":"Bundle.entry[0].resource.id","sourceId":"create-message-forward-message-01"},{"name":"searchParamIdentifier-forward-message","expression":"Bundle.entry.resource.ofType(MessageHeader).id","sourceId":"create-message-forward-message"},{"name":"messageHeaderid-reply-message-02","expression":"Bundle.entry[0].resource.id","sourceId":"create-message-reply-message-02"},{"name":"identifier-forward-message-01","expression":"Bundle.entry.resource.ofType(Communication).identifier.value","sourceId":"create-message-forward-message-01"},{"name":"identifier-reply-message-02","expression":"Bundle.entry.resource.ofType(Communication).identifier.value","sourceId":"create-message-reply-message-02"}],"test":[{"id":"carecommunication-create-forward-message-01","name":"Create a CareCommunication forward-message Message 01","description":"Post CareCommunication to the server.","action":[{"operation":{"type":{"system":"http://terminology.hl7.org/CodeSystem/testscript-operation-codes","code":"create"},"resource":"Bundle","description":"Post a carecommunication","destination":1,"encodeRequestUrl":true,"origin":1,"requestId":"create-message-forward-message-01","sourceId":"create-forward-message-01"}},{"assert":{"description":"Validates the bundle against http://medcomfhir.dk/ig/carecommunication/ImplementationGuide/dk.fhir.ig.dk-medcom-carecommunication","direction":"request","validateProfileId":"carecommunication","warningOnly":false}},{"assert":{"description":"Confirm that the returned HTTP status is okay or created.","direction":"response","operator":"in","responseCode":"200,201","warningOnly":false}},{"assert":{"description":"Confirm that the client request payload contains a Bundle resource type.","direction":"request","resource":"Bundle","warningOnly":false}},{"assert":{"description":"Confirm that the request resource contains the expected eventCoding.code.","direction":"request","expression":"Bundle.entry.resource.ofType(MessageHeader).event.as(Coding).select(code = 'care-communication-message').allTrue()","warningOnly":false}},{"assert":{"description":"Confirm that the request resource contains the expected activity code.","direction":"request","expression":"Bundle.entry.resource.ofType(Provenance).where(activity.coding.code = 'forward-message').exists()","warningOnly":false}},{"assert":{"description":"Confirm that the target reference in Provenance equals MessageHeader.id","direction":"request","expression":"Bundle.entry.resource.ofType(Provenance).where(target.reference.contains(%resource.entry[0].resource.id)).exists()","warningOnly":false}},{"assert":{"description":"Confirm that the Communication.identifier is a UUID v4.","direction":"request","expression":"Bundle.entry.resource.ofType(Communication).identifier.value.matches('urn:uuid:[0-9a-f]{8}-[0-9a-f]{4}-[0-9a-f]{4}-[0-9a-f]{4}-[0-9a-f]{12}')","warningOnly":false}}]},{"id":"carecommunication-create-reply-message-02","name":"Create a CareCommunication reply-message Message 02","description":"Post CareCommunication to the server.","action":[{"operation":{"type":{"system":"http://terminology.hl7.org/CodeSystem/testscript-operation-codes","code":"create"},"resource":"Bundle","description":"Post a carecommunication","destination":1,"encodeRequestUrl":true,"origin":1,"requestId":"create-message-reply-message-02","sourceId":"create-reply-message-02"}},{"assert":{"description":"Validates the bundle against http://medcomfhir.dk/ig/carecommunication/ImplementationGuide/dk.fhir.ig.dk-medcom-carecommunication","direction":"request","validateProfileId":"carecommunication","warningOnly":false}},{"assert":{"description":"Confirm that the returned HTTP status is okay or created.","direction":"response","operator":"in","responseCode":"200,201","warningOnly":false}},{"assert":{"description":"Confirm that the client request payload contains a Bundle resource type.","direction":"request","resource":"Bundle","warningOnly":false}},{"assert":{"description":"Confirm that the previous MessageHeader.id is identical to Provenance.entity.what","direction":"request","expression":"Bundle.entry.resource.ofType(Provenance).where(entity.what.reference.contains('${messageHeaderid-new-message-01}')).exists()","warningOnly":false}},{"assert":{"description":"Confirm that the request resource contains the expected eventCoding.code.","direction":"request","expression":"Bundle.entry.resource.ofType(MessageHeader).event.as(Coding).select(code = 'care-communication-message').allTrue()","warningOnly":false}},{"assert":{"description":"Confirm that the role is set to revision. Not used when testing the first message in a stream","direction":"request","expression":"Bundle.entry.resource.ofType(Provenance).entity.where(role = 'revision').exists()","warningOnly":false}},{"assert":{"description":"Confirm that the target reference in Provenance equals MessageHeader.id","direction":"request","expression":"Bundle.entry.resource.ofType(Provenance).where(target.reference.contains(%resource.entry[0].resource.id)).exists()","warningOnly":false}},{"assert":{"description":"Confirm that the 2 Provenance instances exists.","direction":"request","expression":"Bundle.entry.resource.ofType(Provenance).count()","operator":"equals","value":"2","warningOnly":false}},{"assert":{"description":"Confirm that number of payloads is '2'","direction":"request","expression":"Bundle.entry.resource.ofType(Communication).payload.count() = '2'","warningOnly":false}},{"assert":{"description":"Confirm that the content is the same in the two messages","direction":"request","expression":"'${identifier-forward-message-01}' = '${identifier-reply-message-02}'","warningOnly":false}}]}]}