{"resourceType":"ImplementationGuide","id":"hl7.fhir.uv.tools","text":{"status":"extensions","div":"<div xmlns=\"http://www.w3.org/1999/xhtml\"><h2>FHIRToolExtensionsIG</h2><p>The official URL for this implementation guide is: </p><pre>http://hl7.org/fhir/tools/ImplementationGuide/hl7.fhir.uv.tools</pre><div><p>This IG defines the extensions that the tools use internally. Some of these extensions are content that are being evaluated for elevation into the main spec, and others are tooling concerns</p>\n</div></div>"},"url":"http://hl7.org/fhir/tools/ImplementationGuide/hl7.fhir.uv.tools","version":"0.1.0","name":"FHIRToolExtensionsIG","title":"FHIR Tooling Extensions IG","status":"active","experimental":false,"date":"2022-09-30T14:03:53+00:00","publisher":"HL7 International / FHIR Infrastructure","contact":[{"telecom":[{"system":"url","value":"http://hl7.org/Special/committees/fhir-i"}]}],"description":"This IG defines the extensions that the tools use internally. Some of these extensions are content that are being evaluated for elevation into the main spec, and others are tooling concerns","jurisdiction":[{"coding":[{"system":"http://unstats.un.org/unsd/methods/m49/m49.htm","code":"001"}]}],"packageId":"hl7.fhir.uv.tools","license":"CC0-1.0","fhirVersion":["4.0.1"],"dependsOn":[{"id":"hl7tx","uri":"http://terminology.hl7.org/ImplementationGuide/hl7.terminology","packageId":"hl7.terminology.r4","version":"4.0.0"}],"definition":{"extension":[{"extension":[{"url":"code","valueString":"copyrightyear"},{"url":"value","valueString":"2022+"}],"url":"http://hl7.org/fhir/tools/StructureDefinition/ig-parameter"},{"extension":[{"url":"code","valueString":"releaselabel"},{"url":"value","valueString":"Working Copy"}],"url":"http://hl7.org/fhir/tools/StructureDefinition/ig-parameter"},{"extension":[{"url":"code","valueString":"path-liquid"},{"url":"value","valueString":"templates\\liquid"}],"url":"http://hl7.org/fhir/tools/StructureDefinition/ig-parameter"},{"extension":[{"url":"code","valueString":"showsource"},{"url":"value","valueString":"true"}],"url":"http://hl7.org/fhir/tools/StructureDefinition/ig-parameter"},{"extension":[{"url":"code","valueString":"generate-version"},{"url":"value","valueString":"r3"}],"url":"http://hl7.org/fhir/tools/StructureDefinition/ig-parameter"},{"extension":[{"url":"code","valueString":"generate-version"},{"url":"value","valueString":"r4"}],"url":"http://hl7.org/fhir/tools/StructureDefinition/ig-parameter"},{"extension":[{"url":"code","valueString":"generate-version"},{"url":"value","valueString":"r5"}],"url":"http://hl7.org/fhir/tools/StructureDefinition/ig-parameter"},{"extension":[{"url":"code","valueString":"autoload-resources"},{"url":"value","valueString":"true"}],"url":"http://hl7.org/fhir/tools/StructureDefinition/ig-parameter"},{"extension":[{"url":"code","valueString":"path-liquid"},{"url":"value","valueString":"template/liquid"}],"url":"http://hl7.org/fhir/tools/StructureDefinition/ig-parameter"},{"extension":[{"url":"code","valueString":"path-liquid"},{"url":"value","valueString":"input/liquid"}],"url":"http://hl7.org/fhir/tools/StructureDefinition/ig-parameter"},{"extension":[{"url":"code","valueString":"path-qa"},{"url":"value","valueString":"temp/qa"}],"url":"http://hl7.org/fhir/tools/StructureDefinition/ig-parameter"},{"extension":[{"url":"code","valueString":"path-temp"},{"url":"value","valueString":"temp/pages"}],"url":"http://hl7.org/fhir/tools/StructureDefinition/ig-parameter"},{"extension":[{"url":"code","valueString":"path-output"},{"url":"value","valueString":"output"}],"url":"http://hl7.org/fhir/tools/StructureDefinition/ig-parameter"},{"extension":[{"url":"code","valueString":"path-suppressed-warnings"},{"url":"value","valueString":"input/ignoreWarnings.txt"}],"url":"http://hl7.org/fhir/tools/StructureDefinition/ig-parameter"},{"extension":[{"url":"code","valueString":"path-history"},{"url":"value","valueString":"http://hl7.org/fhir/tools/history.html"}],"url":"http://hl7.org/fhir/tools/StructureDefinition/ig-parameter"},{"extension":[{"url":"code","valueString":"template-html"},{"url":"value","valueString":"template-page.html"}],"url":"http://hl7.org/fhir/tools/StructureDefinition/ig-parameter"},{"extension":[{"url":"code","valueString":"template-md"},{"url":"value","valueString":"template-page-md.html"}],"url":"http://hl7.org/fhir/tools/StructureDefinition/ig-parameter"},{"extension":[{"url":"code","valueString":"apply-contact"},{"url":"value","valueString":"true"}],"url":"http://hl7.org/fhir/tools/StructureDefinition/ig-parameter"},{"extension":[{"url":"code","valueString":"apply-context"},{"url":"value","valueString":"true"}],"url":"http://hl7.org/fhir/tools/StructureDefinition/ig-parameter"},{"extension":[{"url":"code","valueString":"apply-copyright"},{"url":"value","valueString":"true"}],"url":"http://hl7.org/fhir/tools/StructureDefinition/ig-parameter"},{"extension":[{"url":"code","valueString":"apply-jurisdiction"},{"url":"value","valueString":"true"}],"url":"http://hl7.org/fhir/tools/StructureDefinition/ig-parameter"},{"extension":[{"url":"code","valueString":"apply-license"},{"url":"value","valueString":"true"}],"url":"http://hl7.org/fhir/tools/StructureDefinition/ig-parameter"},{"extension":[{"url":"code","valueString":"apply-publisher"},{"url":"value","valueString":"true"}],"url":"http://hl7.org/fhir/tools/StructureDefinition/ig-parameter"},{"extension":[{"url":"code","valueString":"apply-version"},{"url":"value","valueString":"true"}],"url":"http://hl7.org/fhir/tools/StructureDefinition/ig-parameter"},{"extension":[{"url":"code","valueString":"active-tables"},{"url":"value","valueString":"true"}],"url":"http://hl7.org/fhir/tools/StructureDefinition/ig-parameter"}],"resource":[{"extension":[{"url":"http://hl7.org/fhir/tools/StructureDefinition/resource-information","valueString":"StructureDefinition:extension"}],"reference":{"reference":"StructureDefinition/additional-binding"},"name":"Additional Binding Extension","description":"Extension definition for Additional Binding"},{"extension":[{"url":"http://hl7.org/fhir/tools/StructureDefinition/resource-information","valueString":"StructureDefinition:extension"}],"reference":{"reference":"StructureDefinition/obligation"},"name":"Obligation Extension","description":"Extension definition for Obligation"},{"extension":[{"url":"http://hl7.org/fhir/tools/StructureDefinition/resource-information","valueString":"CodeSystem"}],"reference":{"reference":"CodeSystem/obligation"},"name":"Obligation Codes","description":"Codes that describe application Obligations"},{"extension":[{"url":"http://hl7.org/fhir/tools/StructureDefinition/resource-information","valueString":"ValueSet"}],"reference":{"reference":"ValueSet/additional-binding-purpose"},"name":"Additional Binding Purpose","description":"Additional Binding Purpose"},{"extension":[{"url":"http://hl7.org/fhir/tools/StructureDefinition/resource-information","valueString":"CodeSystem"}],"reference":{"reference":"CodeSystem/ig-parameters"},"name":"Ig Parameter Codes","description":"Ig Parameter Codes Defined by the FHIR Tooling"},{"extension":[{"url":"http://hl7.org/fhir/tools/StructureDefinition/resource-information","valueString":"CodeSystem"}],"reference":{"reference":"CodeSystem/additional-binding-purpose"},"name":"Additional Binding Purpose","description":"Additional Binding Purpose"},{"extension":[{"url":"http://hl7.org/fhir/tools/StructureDefinition/resource-information","valueString":"ValueSet"}],"reference":{"reference":"ValueSet/obligation"},"name":"Obligation Codes","description":"Obligation Codes"},{"extension":[{"url":"http://hl7.org/fhir/tools/StructureDefinition/resource-information","valueString":"StructureDefinition:extension"}],"reference":{"reference":"StructureDefinition/profile-mapping"},"name":"Profile Mapping Extension","description":"Extension definition for Mapping between ```API``` and ```Profile```. CapabilityStatement.rest.resource.profile has two different profile statements:\n\n* profile - the overall system profile for a resource\n* supportedProfile 0..* - a particular profile that the system supports\n\nWhat is missing from this picture is defining which resources conform to\nwhich profile. Sometimes, of course, it's impossible to define this, but\nquite often, there's an algorithmic relationship that a server or client\ncould use to know that resources with a particular set of values will or should\nconform to a given profile.\n\nThis extension defines a relationship between a search string and a profile.\nAny resource that meets a given search string will be expected to conform to the particular profile. If more than one profile is nominated for a search string, resources SHALL conform to all the listed profiles. The last extension can be without a search matches and remaining resources\n\nThis extension repeats, and order is important - once a match is found, this profile is the one that applies."}],"page":{"extension":[{"url":"http://hl7.org/fhir/tools/StructureDefinition/ig-page-name","valueUrl":"index.html"}],"nameUrl":"index.html","title":"Home Page","generation":"html"},"parameter":[{"code":"path-resource","value":"input/capabilities"},{"code":"path-resource","value":"input/examples"},{"code":"path-resource","value":"input/extensions"},{"code":"path-resource","value":"input/models"},{"code":"path-resource","value":"input/operations"},{"code":"path-resource","value":"input/profiles"},{"code":"path-resource","value":"input/resources"},{"code":"path-resource","value":"input/vocabulary"},{"code":"path-resource","value":"input/maps"},{"code":"path-resource","value":"input/testing"},{"code":"path-resource","value":"input/history"},{"code":"path-resource","value":"fsh-generated/resources"},{"code":"path-pages","value":"template/config"},{"code":"path-pages","value":"input/images"},{"code":"path-tx-cache","value":"input-cache/txcache"}]}}