{
  "resourceType" : "ValueSet",
  "id" : "80064a57-73e0-47a1-9a83-d11da28f9a18-56",
  "url" : "http://hl7.org/fhir/comparison/ValueSet/80064a57-73e0-47a1-9a83-d11da28f9a18-56",
  "name" : "UnionMedComHospitalNotificationMessageActivitiesAndMedComHospitalNotificationMessageActivities",
  "title" : "Union of MedComHospitalNotificationMessageActivityCodes And MedComHospitalNotificationMessageActivityCodes",
  "status" : "active",
  "date" : "2022-10-05T19:21:57+02:00",
  "jurisdiction" : [{
    "coding" : [{
      "system" : "urn:iso:std:iso:3166",
      "code" : "DK",
      "display" : "Denmark"
    }]
  }],
  "compose" : {
    "include" : [{
      "concept" : [{
        "code" : "admit-emergency",
        "display" : "Start hospital stay-acute ambulant"
      },
      {
        "code" : "revise-admit-emergency",
        "display" : "Update of Start hospital stay - acute ambulant"
      },
      {
        "code" : "cancel-admit-emergency",
        "display" : "Cancellation of start hospital stay - acute ambulant"
      },
      {
        "code" : "admit-inpatient",
        "display" : "Start hospital stay - admission"
      },
      {
        "code" : "revise-admit-inpatient",
        "display" : "Update of start hospital stay - admission"
      },
      {
        "code" : "cancel-admit-inpatient",
        "display" : "Cancellation of start hospital stay - admission"
      },
      {
        "code" : "start-leave-inpatient",
        "display" : "Start leave"
      },
      {
        "code" : "revise-start-leave-inpatient",
        "display" : "Update of Start leave"
      },
      {
        "code" : "cancel-start-leave-inpatient",
        "display" : "Cancellation of Start leave"
      },
      {
        "code" : "end-leave-inpatient",
        "display" : "End leave"
      },
      {
        "code" : "revise-end-leave-inpatient",
        "display" : "Update of End leave"
      },
      {
        "code" : "cancel-end-leave-inpatient",
        "display" : "Cancellation of End leave"
      },
      {
        "code" : "discharge-emergency-home",
        "display" : "End hospital Stay - patient discharged to home/primary sector"
      },
      {
        "code" : "revise-discharge-emergency-home",
        "display" : "Update of End hospital Stay"
      },
      {
        "code" : "cancel-discharge-emergency-home",
        "display" : "Cancellation of End hospital Stay"
      },
      {
        "code" : "discharge-inpatient-home",
        "display" : "End hospital Stay - patient discharged to home/primary sector"
      },
      {
        "code" : "revise-discharge-inpatient-home",
        "display" : "Update of End hospital Stay"
      },
      {
        "code" : "cancel-discharge-inpatient-home",
        "display" : "Cancellation of End hospital Stay"
      }]
    }]
  },
  "expansion" : {
    "contains" : [{
      "system" : "http://medcomfhir.dk/ig/terminology/CodeSystem/medcom-messaging-activityCodes",
      "code" : "admit-emergency",
      "display" : "Start hospital stay-acute ambulant"
    },
    {
      "system" : "http://medcomfhir.dk/ig/terminology/CodeSystem/medcom-messaging-activityCodes",
      "code" : "revise-admit-emergency",
      "display" : "Update of Start hospital stay - acute ambulant"
    },
    {
      "system" : "http://medcomfhir.dk/ig/terminology/CodeSystem/medcom-messaging-activityCodes",
      "code" : "cancel-admit-emergency",
      "display" : "Cancellation of start hospital stay - acute ambulant"
    },
    {
      "system" : "http://medcomfhir.dk/ig/terminology/CodeSystem/medcom-messaging-activityCodes",
      "code" : "admit-inpatient",
      "display" : "Start hospital stay - admission"
    },
    {
      "system" : "http://medcomfhir.dk/ig/terminology/CodeSystem/medcom-messaging-activityCodes",
      "code" : "revise-admit-inpatient",
      "display" : "Update of start hospital stay - admission"
    },
    {
      "system" : "http://medcomfhir.dk/ig/terminology/CodeSystem/medcom-messaging-activityCodes",
      "code" : "cancel-admit-inpatient",
      "display" : "Cancellation of start hospital stay - admission"
    },
    {
      "system" : "http://medcomfhir.dk/ig/terminology/CodeSystem/medcom-messaging-activityCodes",
      "code" : "start-leave-inpatient",
      "display" : "Start leave"
    },
    {
      "system" : "http://medcomfhir.dk/ig/terminology/CodeSystem/medcom-messaging-activityCodes",
      "code" : "revise-start-leave-inpatient",
      "display" : "Update of Start leave"
    },
    {
      "system" : "http://medcomfhir.dk/ig/terminology/CodeSystem/medcom-messaging-activityCodes",
      "code" : "cancel-start-leave-inpatient",
      "display" : "Cancellation of Start leave"
    },
    {
      "system" : "http://medcomfhir.dk/ig/terminology/CodeSystem/medcom-messaging-activityCodes",
      "code" : "end-leave-inpatient",
      "display" : "End leave"
    },
    {
      "system" : "http://medcomfhir.dk/ig/terminology/CodeSystem/medcom-messaging-activityCodes",
      "code" : "revise-end-leave-inpatient",
      "display" : "Update of End leave"
    },
    {
      "system" : "http://medcomfhir.dk/ig/terminology/CodeSystem/medcom-messaging-activityCodes",
      "code" : "cancel-end-leave-inpatient",
      "display" : "Cancellation of End leave"
    },
    {
      "system" : "http://medcomfhir.dk/ig/terminology/CodeSystem/medcom-messaging-activityCodes",
      "code" : "discharge-emergency-home",
      "display" : "End hospital Stay - patient discharged to home/primary sector"
    },
    {
      "system" : "http://medcomfhir.dk/ig/terminology/CodeSystem/medcom-messaging-activityCodes",
      "code" : "revise-discharge-emergency-home",
      "display" : "Update of End hospital Stay"
    },
    {
      "system" : "http://medcomfhir.dk/ig/terminology/CodeSystem/medcom-messaging-activityCodes",
      "code" : "cancel-discharge-emergency-home",
      "display" : "Cancellation of End hospital Stay"
    },
    {
      "system" : "http://medcomfhir.dk/ig/terminology/CodeSystem/medcom-messaging-activityCodes",
      "code" : "discharge-inpatient-home",
      "display" : "End hospital Stay - patient discharged to home/primary sector"
    },
    {
      "system" : "http://medcomfhir.dk/ig/terminology/CodeSystem/medcom-messaging-activityCodes",
      "code" : "revise-discharge-inpatient-home",
      "display" : "Update of End hospital Stay"
    },
    {
      "system" : "http://medcomfhir.dk/ig/terminology/CodeSystem/medcom-messaging-activityCodes",
      "code" : "cancel-discharge-inpatient-home",
      "display" : "Cancellation of End hospital Stay"
    }]
  }
}