<?xml version="1.0" encoding="UTF-8"?><ValueSet xmlns="http://hl7.org/fhir"><id value="medcom-obs-responseGroup"/><text><status value="generated"/><div xmlns="http://www.w3.org/1999/xhtml"><ul><li>Include these codes as defined in <a href="CodeSystem-medcom-observation-resultGroup.html"><code>http://medcomfhir.dk/ig/terminology/CodeSystem/medcom-observation-resultGroup</code></a><table class="none"><tr><td style="white-space:nowrap"><b>Code</b></td><td><b>Display</b></td></tr><tr><td><a href="CodeSystem-medcom-observation-resultGroup.html#medcom-observation-resultGroup-5">5</a></td><td style="color: #cccccc">Hæmatologi</td></tr><tr><td><a href="CodeSystem-medcom-observation-resultGroup.html#medcom-observation-resultGroup-10">10</a></td><td style="color: #cccccc">Væske- og elektrolytbalance</td></tr><tr><td><a href="CodeSystem-medcom-observation-resultGroup.html#medcom-observation-resultGroup-15">15</a></td><td style="color: #cccccc">Syre/base- og oxygenstatus</td></tr><tr><td><a href="CodeSystem-medcom-observation-resultGroup.html#medcom-observation-resultGroup-20">20</a></td><td style="color: #cccccc">Hæmostase</td></tr><tr><td><a href="CodeSystem-medcom-observation-resultGroup.html#medcom-observation-resultGroup-25">25</a></td><td style="color: #cccccc">Organmarkører</td></tr><tr><td><a href="CodeSystem-medcom-observation-resultGroup.html#medcom-observation-resultGroup-30">30</a></td><td style="color: #cccccc">Metabolisme</td></tr><tr><td><a href="CodeSystem-medcom-observation-resultGroup.html#medcom-observation-resultGroup-35">35</a></td><td style="color: #cccccc">Endokrinologi</td></tr><tr><td><a href="CodeSystem-medcom-observation-resultGroup.html#medcom-observation-resultGroup-40">40</a></td><td style="color: #cccccc">Tumormarkører</td></tr><tr><td><a href="CodeSystem-medcom-observation-resultGroup.html#medcom-observation-resultGroup-45">45</a></td><td style="color: #cccccc">Immunologi og inflammation</td></tr><tr><td><a href="CodeSystem-medcom-observation-resultGroup.html#medcom-observation-resultGroup-50">50</a></td><td style="color: #cccccc">Autoantistoffer</td></tr><tr><td><a href="CodeSystem-medcom-observation-resultGroup.html#medcom-observation-resultGroup-55">55</a></td><td style="color: #cccccc">Allergi</td></tr><tr><td><a href="CodeSystem-medcom-observation-resultGroup.html#medcom-observation-resultGroup-60">60</a></td><td style="color: #cccccc">Farmakologi</td></tr><tr><td><a href="CodeSystem-medcom-observation-resultGroup.html#medcom-observation-resultGroup-65">65</a></td><td style="color: #cccccc">Sporstoffer og vitaminer</td></tr><tr><td><a href="CodeSystem-medcom-observation-resultGroup.html#medcom-observation-resultGroup-70">70</a></td><td style="color: #cccccc">Infektion og smittemarkører</td></tr><tr><td><a href="CodeSystem-medcom-observation-resultGroup.html#medcom-observation-resultGroup-75">75</a></td><td style="color: #cccccc">Blodtyper og transfusion</td></tr><tr><td><a href="CodeSystem-medcom-observation-resultGroup.html#medcom-observation-resultGroup-80">80</a></td><td style="color: #cccccc">Vævstyper og transplantation</td></tr><tr><td><a href="CodeSystem-medcom-observation-resultGroup.html#medcom-observation-resultGroup-85">85</a></td><td style="color: #cccccc">Molekylær genetik</td></tr><tr><td><a href="CodeSystem-medcom-observation-resultGroup.html#medcom-observation-resultGroup-90">90</a></td><td style="color: #cccccc">Urin og fæces</td></tr><tr><td><a href="CodeSystem-medcom-observation-resultGroup.html#medcom-observation-resultGroup-95">95</a></td><td style="color: #cccccc">CSV-,led-og pleuravæske,ascites m.m</td></tr><tr><td><a href="CodeSystem-medcom-observation-resultGroup.html#medcom-observation-resultGroup-100">100</a></td><td style="color: #cccccc">Marv og andre biopsier</td></tr><tr><td><a href="CodeSystem-medcom-observation-resultGroup.html#medcom-observation-resultGroup-105">105</a></td><td style="color: #cccccc">Sæd</td></tr><tr><td><a href="CodeSystem-medcom-observation-resultGroup.html#medcom-observation-resultGroup-110">110</a></td><td style="color: #cccccc">Projektundersøgelser</td></tr><tr><td><a href="CodeSystem-medcom-observation-resultGroup.html#medcom-observation-resultGroup-115">115</a></td><td style="color: #cccccc">Andre undersøgelser</td></tr><tr><td><a href="CodeSystem-medcom-observation-resultGroup.html#medcom-observation-resultGroup-120">120</a></td><td style="color: #cccccc">Hjemmemåling</td></tr></table></li></ul></div></text><url value="http://medcomfhir.dk/ig/terminology/ValueSet/medcom-obs-responseGroup"/><version value="1.7.0"/><name value="MedComObservarionResponesGroupValueSet"/><title value="MedComObservationResultGroupValueSet"/><status value="draft"/><experimental value="true"/><date value="2024-01-18"/><publisher value="MedCom"/><contact><name value="MedCom"/><telecom><system value="url"/><value value="http://www.medcom.dk"/></telecom></contact><description value="National response groups for observation results."/><jurisdiction><coding><system value="urn:iso:std:iso:3166"/><code value="DK"/><display value="Denmark"/></coding></jurisdiction><compose><include><system value="http://medcomfhir.dk/ig/terminology/CodeSystem/medcom-observation-resultGroup"/><concept><code value="5"/></concept><concept><code value="10"/></concept><concept><code value="15"/></concept><concept><code value="20"/></concept><concept><code value="25"/></concept><concept><code value="30"/></concept><concept><code value="35"/></concept><concept><code value="40"/></concept><concept><code value="45"/></concept><concept><code value="50"/></concept><concept><code value="55"/></concept><concept><code value="60"/></concept><concept><code value="65"/></concept><concept><code value="70"/></concept><concept><code value="75"/></concept><concept><code value="80"/></concept><concept><code value="85"/></concept><concept><code value="90"/></concept><concept><code value="95"/></concept><concept><code value="100"/></concept><concept><code value="105"/></concept><concept><code value="110"/></concept><concept><code value="115"/></concept><concept><code value="120"/></concept></include></compose></ValueSet>