{
  "resourceType" : "Encounter",
  "id" : "ne70f2b8-a924-11ed-afa1-0242ac120002",
  "meta" : {
    "profile" : ["http://medcomfhir.dk/ig/hospitalnotification/StructureDefinition/medcom-hospitalNotification-encounter"]
  },
  "text" : {
    "status" : "generated",
    "div" : "<div xmlns=\"http://www.w3.org/1999/xhtml\"><p><b>Generated Narrative: Encounter</b><a name=\"ne70f2b8-a924-11ed-afa1-0242ac120002\"> </a></p><div style=\"display: inline-block; background-color: #d9e0e7; padding: 6px; margin: 4px; border: 1px solid #8da1b4; border-radius: 5px; line-height: 60%\"><p style=\"margin-bottom: 0px\">Resource Encounter &quot;ne70f2b8-a924-11ed-afa1-0242ac120002&quot; </p><p style=\"margin-bottom: 0px\">Profile: <a href=\"StructureDefinition-medcom-hospitalNotification-encounter.html\">MedComHospitalNotificationEncounter</a></p></div><p><b>status</b>: in-progress</p><p><b>class</b>: inpatient encounter (Details: http://terminology.hl7.org/CodeSystem/v3-ActCode code IMP = 'inpatient encounter', stated as 'null')</p><p><b>subject</b>: <a href=\"Patient-545fd5e6-a924-11ed-afa1-0242ac120002.html\">Patient/545fd5e6-a924-11ed-afa1-0242ac120002</a> &quot; ELMER&quot;</p><p><b>episodeOfCare</b>: </p><ul><li><span/></li><li><span/></li></ul><p><b>period</b>: 2022-12-07 12:00:00+0200 --&gt; (ongoing)</p><p><b>serviceProvider</b>: <a href=\"Organization-2565d3de-082e-4368-9160-4c719071026b.html\">Organization/2565d3de-082e-4368-9160-4c719071026b</a> &quot;Hjerteafdelingen på Herlev og Gentofte hospital&quot;</p></div>"
  },
  "status" : "in-progress",
  "class" : {
    "system" : "http://terminology.hl7.org/CodeSystem/v3-ActCode",
    "code" : "IMP"
  },
  "subject" : {
    "reference" : "Patient/545fd5e6-a924-11ed-afa1-0242ac120002"
  },
  "episodeOfCare" : [{
    "identifier" : {
      "system" : "https://www.esundhed.dk/Registre/Landspatientregisteret",
      "value" : "urn:uuid:fc60e762-b13b-5773-865e-67f3907bdcc7"
    }
  },
  {
    "identifier" : {
      "system" : "https://sor2.sum.dsdn.dk/#id=265161000016000",
      "value" : "urn:uuid:bd481c38-a921-11ed-afa1-0242ac120002"
    }
  }],
  "period" : {
    "start" : "2022-12-07T12:00:00+02:00"
  },
  "serviceProvider" : {
    "reference" : "Organization/2565d3de-082e-4368-9160-4c719071026b"
  }
}