<?xml version="1.0" encoding="UTF-8"?>

<Organization xmlns="http://hl7.org/fhir">
  <id value="12ee0dde-a672-462f-820d-5efe832d73c9"/>
  <meta>
    <profile value="http://medcomfhir.dk/ig/core/StructureDefinition/medcom-core-organization"/>
  </meta>
  <text>
    <status value="generated"/><div xmlns="http://www.w3.org/1999/xhtml"><p class="res-header-id"><b>Generated Narrative: Organization 12ee0dde-a672-462f-820d-5efe832d73c9</b></p><a name="12ee0dde-a672-462f-820d-5efe832d73c9"> </a><a name="hc12ee0dde-a672-462f-820d-5efe832d73c9"> </a><div style="display: inline-block; background-color: #d9e0e7; padding: 6px; margin: 4px; border: 1px solid #8da1b4; border-radius: 5px; line-height: 60%"><p style="margin-bottom: 0px"/><p style="margin-bottom: 0px">Profile: <a href="StructureDefinition-medcom-core-organization.html">MedComCoreOrganization</a></p></div><p><b>identifier</b>: <code>urn:oid:1.2.208.176.1.1</code>/123456789012345</p><p><b>name</b>: Aros Burn Center</p></div>
  </text>
  <identifier>
    <system value="urn:oid:1.2.208.176.1.1"/>
    <value value="123456789012345"/>
  </identifier>
  <name value="Aros Burn Center"/>
</Organization>