<?xml version="1.0" encoding="UTF-8"?>

<Communication xmlns="http://hl7.org/fhir">
  <id value="4c712bdc-1558-4125-a854-fa8b3a11f6ed"/>
  <meta>
    <profile value="http://medcomfhir.dk/ig/carecommunication/StructureDefinition/medcom-careCommunication-communication"/>
  </meta>
  <text>
    <status value="extensions"/><div xmlns="http://www.w3.org/1999/xhtml"><p><b>Generated Narrative: Communication</b><a name="4c712bdc-1558-4125-a854-fa8b3a11f6ed"> </a></p><div style="display: inline-block; background-color: #d9e0e7; padding: 6px; margin: 4px; border: 1px solid #8da1b4; border-radius: 5px; line-height: 60%"><p style="margin-bottom: 0px">Resource Communication &quot;4c712bdc-1558-4125-a854-fa8b3a11f6ed&quot; </p><p style="margin-bottom: 0px">Profile: <a href="StructureDefinition-medcom-careCommunication-communication.html">MedComCareCommunication</a></p></div><p><b>status</b>: unknown</p><p><b>category</b>: Care Coordination <span style="background: LightGoldenRodYellow; margin: 4px; border: 1px solid khaki"> (<a href="http://medcomfhir.dk/ig/terminology/1.4.0/CodeSystem-medcom-careCommunication-categoryCodes.html">MedComCareCommunicationCategories</a>#carecoordination)</span></p><p><b>subject</b>: <a href="Patient-733cef33-3626-422b-955d-d506aaa65fe1.html">Patient/733cef33-3626-422b-955d-d506aaa65fe1</a> &quot; ELMER&quot;</p><blockquote><p><b>payload</b></p><p><b>DateTimeExtension</b>: 2023-03-01 12:00:00+0100</p><p><b>IdentifierExtension</b>: id: urn:uuid:24d01288-ad36-4af2-96a8-fd1432dadee1</p><p><b>PractitionerExtension</b>: <a href="PractitionerRole-eda90bde-54f9-11ed-bdc3-0242ac120002.html">PractitionerRole/eda90bde-54f9-11ed-bdc3-0242ac120002</a></p><p><b>ContactExtension</b>: ph: 38683868</p><p><b>content</b>: Regarding the rehabilitation plan, please notice that...</p></blockquote><blockquote><p><b>payload</b></p><p><b>DateTimeExtension</b>: 2023-03-02 11:30:00+0100</p><p><b>IdentifierExtension</b>: id: urn:uuid:a9becf76-fc4c-49aa-8a68-6a0584871fcd</p><p><b>PractitionerExtension</b>: <a href="PractitionerRole-8bf63050-5504-11ed-bdc3-0242ac120002.html">PractitionerRole/8bf63050-5504-11ed-bdc3-0242ac120002</a></p><p><b>ContactExtension</b>: ph: 44527000</p><p><b>content</b>: Thank you for notifying us, we will take care of it...</p></blockquote></div>
  </text>
  <status value="unknown"/>
  <category>
    <coding>
      <system value="http://medcomfhir.dk/ig/terminology/CodeSystem/medcom-careCommunication-categoryCodes"/>
      <code value="carecoordination"/>
    </coding>
  </category>
  <subject>
    <reference value="Patient/733cef33-3626-422b-955d-d506aaa65fe1"/>
  </subject>
  <payload>
    <extension url="http://medcomfhir.dk/ig/core/StructureDefinition/medcom-core-datetime-extension">
      <valueDateTime value="2023-03-01T12:00:00+01:00"/>
    </extension>
    <extension url="http://medcomfhir.dk/ig/core/StructureDefinition/medcom-core-identifier-extension">
      <valueIdentifier>
        <value value="urn:uuid:24d01288-ad36-4af2-96a8-fd1432dadee1"/>
        <assigner>
          <reference value="Organization/o7056980-a8b2-42aa-8a0e-c1fc85d1f40d"/>
        </assigner>
      </valueIdentifier>
    </extension>
    <extension url="http://medcomfhir.dk/ig/core/StructureDefinition/medcom-core-practitioner-extension">
      <valueReference>
        <reference value="PractitionerRole/eda90bde-54f9-11ed-bdc3-0242ac120002"/>
      </valueReference>
    </extension>
    <extension url="http://medcomfhir.dk/ig/core/StructureDefinition/medcom-core-contact-extension">
      <valueContactPoint>
        <system value="phone"/>
        <value value="38683868"/>
      </valueContactPoint>
    </extension>
    <contentString value="Regarding the rehabilitation plan, please notice that..."/>
  </payload>
  <payload>
    <extension url="http://medcomfhir.dk/ig/core/StructureDefinition/medcom-core-datetime-extension">
      <valueDateTime value="2023-03-02T11:30:00+01:00"/>
    </extension>
    <extension url="http://medcomfhir.dk/ig/core/StructureDefinition/medcom-core-identifier-extension">
      <valueIdentifier>
        <value value="urn:uuid:a9becf76-fc4c-49aa-8a68-6a0584871fcd"/>
        <assigner>
          <reference value="Organization/o4cdf292-abf3-4f5f-80ea-60a48013ff6d"/>
        </assigner>
      </valueIdentifier>
    </extension>
    <extension url="http://medcomfhir.dk/ig/core/StructureDefinition/medcom-core-practitioner-extension">
      <valueReference>
        <reference value="PractitionerRole/8bf63050-5504-11ed-bdc3-0242ac120002"/>
      </valueReference>
    </extension>
    <extension url="http://medcomfhir.dk/ig/core/StructureDefinition/medcom-core-contact-extension">
      <valueContactPoint>
        <system value="phone"/>
        <value value="44527000"/>
      </valueContactPoint>
    </extension>
    <contentString value="Thank you for notifying us, we will take care of it..."/>
  </payload>
</Communication>