<?xml version="1.0" encoding="UTF-8"?>

<Communication xmlns="http://hl7.org/fhir">
  <id value="e15be831-0454-47fd-a954-c9578a2474cb"/>
  <meta>
    <profile value="http://medcomfhir.dk/ig/carecommunication/StructureDefinition/medcom-careCommunication-communication"/>
  </meta>
  <text>
    <status value="extensions"/><div xmlns="http://www.w3.org/1999/xhtml"><p><b>Generated Narrative: Communication</b><a name="e15be831-0454-47fd-a954-c9578a2474cb"> </a></p><div style="display: inline-block; background-color: #d9e0e7; padding: 6px; margin: 4px; border: 1px solid #8da1b4; border-radius: 5px; line-height: 60%"><p style="margin-bottom: 0px">Resource Communication &quot;e15be831-0454-47fd-a954-c9578a2474cb&quot; </p><p style="margin-bottom: 0px">Profile: <a href="StructureDefinition-medcom-careCommunication-communication.html">MedComCareCommunication</a></p></div><p><b>SenderExtension</b>: <a href="CareTeam-f693506a-6903-11ed-9022-0242ac120002.html">CareTeam/f693506a-6903-11ed-9022-0242ac120002</a> &quot;Hjerteafdelingens team C&quot;</p><p><b>status</b>: unknown</p><p><b>category</b>: Care Coordination <span style="background: LightGoldenRodYellow; margin: 4px; border: 1px solid khaki"> (<a href="http://medcomfhir.dk/ig/terminology/1.4.0/CodeSystem-medcom-careCommunication-categoryCodes.html">MedComCareCommunicationCategories</a>#carecoordination)</span></p><p><b>subject</b>: <a href="Patient-833cef33-3726-433b-855d-e566aaa65fe1.html">Patient/833cef33-3726-433b-855d-e566aaa65fe1</a> &quot; ELMER&quot;</p><p><b>recipient</b>: <a href="CareTeam-fb1d34fe-6672-11ed-9022-0242ac120002.html">CareTeam/fb1d34fe-6672-11ed-9022-0242ac120002</a> &quot;Plejecenter Herlev Team 1&quot;</p><h3>Payloads</h3><table class="grid"><tr><td style="display: none">-</td><td><b>Extension</b></td><td><b>Content[x]</b></td></tr><tr><td style="display: none">*</td><td>, , , </td><td>Regarding the rehabilitation plan that is attached, please notice that...</td></tr></table></div>
  </text>
  <extension url="http://medcomfhir.dk/ig/core/StructureDefinition/medcom-core-sender-extension">
    <valueReference>
      <reference value="CareTeam/f693506a-6903-11ed-9022-0242ac120002"/>
    </valueReference>
  </extension>
  <status value="unknown"/>
  <category>
    <coding>
      <system value="http://medcomfhir.dk/ig/terminology/CodeSystem/medcom-careCommunication-categoryCodes"/>
      <code value="carecoordination"/>
    </coding>
  </category>
  <subject>
    <reference value="Patient/833cef33-3726-433b-855d-e566aaa65fe1"/>
  </subject>
  <recipient>
    <reference value="CareTeam/fb1d34fe-6672-11ed-9022-0242ac120002"/>
  </recipient>
  <payload>
    <extension url="http://medcomfhir.dk/ig/core/StructureDefinition/medcom-core-datetime-extension">
      <valueDateTime value="2023-03-01T12:00:00+01:00"/>
    </extension>
    <extension url="http://medcomfhir.dk/ig/core/StructureDefinition/medcom-core-identifier-extension">
      <valueIdentifier>
        <value value="urn:uuid:7cede13d-2b8b-4297-8f28-c6c97fcc4bad"/>
        <assigner>
          <reference value="Organization/c5c393ee-5519-11ed-bdc3-0242ac120002"/>
        </assigner>
      </valueIdentifier>
    </extension>
    <extension url="http://medcomfhir.dk/ig/core/StructureDefinition/medcom-core-practitioner-extension">
      <valueReference>
        <reference value="PractitionerRole/35bb99e4-551a-11ed-bdc3-0242ac120002"/>
      </valueReference>
    </extension>
    <extension url="http://medcomfhir.dk/ig/core/StructureDefinition/medcom-core-contact-extension">
      <valueContactPoint>
        <system value="phone"/>
        <value value="38683868"/>
      </valueContactPoint>
    </extension>
    <contentString value="Regarding the rehabilitation plan that is attached, please notice that..."/>
  </payload>
</Communication>