{
  "resourceType" : "MessageHeader",
  "id" : "bfe2d85f-5551-4a01-94f5-5d4b66000ad0",
  "meta" : {
    "profile" : ["http://medcomfhir.dk/ig/carecommunication/StructureDefinition/medcom-careCommunication-messageHeader"]
  },
  "text" : {
    "status" : "generated",
    "div" : "<div xmlns=\"http://www.w3.org/1999/xhtml\"><p><b>Generated Narrative: MessageHeader</b><a name=\"bfe2d85f-5551-4a01-94f5-5d4b66000ad0\"> </a></p><div style=\"display: inline-block; background-color: #d9e0e7; padding: 6px; margin: 4px; border: 1px solid #8da1b4; border-radius: 5px; line-height: 60%\"><p style=\"margin-bottom: 0px\">Resource MessageHeader &quot;bfe2d85f-5551-4a01-94f5-5d4b66000ad0&quot; </p><p style=\"margin-bottom: 0px\">Profile: <a href=\"StructureDefinition-medcom-careCommunication-messageHeader.html\">MedComCareCommunicationMessageHeader</a></p></div><p><b>event</b>: Care Communication Message (Details: http://medcomfhir.dk/ig/terminology/CodeSystem/medcom-messaging-eventCodes code care-communication-message = 'Care Communication Message', stated as 'null')</p><h3>Destinations</h3><table class=\"grid\"><tr><td style=\"display: none\">-</td><td><b>Extension</b></td><td><b>Endpoint</b></td><td><b>Receiver</b></td></tr><tr><td style=\"display: none\">*</td><td/><td><a href=\"https://sor2.sum.dsdn.dk/#id=953741000016009\">https://sor2.sum.dsdn.dk/#id=953741000016009</a></td><td><a href=\"Organization-b75abdfa-5519-11ed-bdc3-0242ac120002.html\">Organization/b75abdfa-5519-11ed-bdc3-0242ac120002</a> &quot;Plejecenter Herlev&quot;</td></tr></table><p><b>sender</b>: <a href=\"Organization-c5c393ee-5519-11ed-bdc3-0242ac120002.html\">Organization/c5c393ee-5519-11ed-bdc3-0242ac120002</a> &quot;Hjerteafdelingen på Herlev og Gentofte hospital&quot;</p><h3>Sources</h3><table class=\"grid\"><tr><td style=\"display: none\">-</td><td><b>Endpoint</b></td></tr><tr><td style=\"display: none\">*</td><td><a href=\"https://sor2.sum.dsdn.dk/#id=265161000016000\">https://sor2.sum.dsdn.dk/#id=265161000016000</a></td></tr></table><p><b>focus</b>: <a href=\"Communication-e15be831-0454-47fd-a954-c9578a2474cb.html\">Communication/e15be831-0454-47fd-a954-c9578a2474cb</a></p></div>"
  },
  "eventCoding" : {
    "system" : "http://medcomfhir.dk/ig/terminology/CodeSystem/medcom-messaging-eventCodes",
    "code" : "care-communication-message"
  },
  "destination" : [{
    "extension" : [{
      "url" : "http://medcomfhir.dk/ig/messaging/StructureDefinition/medcom-messaging-destinationUseExtension",
      "valueCoding" : {
        "system" : "http://medcomfhir.dk/ig/terminology/CodeSystem/medcom-messaging-destinationUse",
        "code" : "primary"
      }
    }],
    "endpoint" : "https://sor2.sum.dsdn.dk/#id=953741000016009",
    "receiver" : {
      "reference" : "Organization/b75abdfa-5519-11ed-bdc3-0242ac120002"
    }
  }],
  "sender" : {
    "reference" : "Organization/c5c393ee-5519-11ed-bdc3-0242ac120002"
  },
  "source" : {
    "endpoint" : "https://sor2.sum.dsdn.dk/#id=265161000016000"
  },
  "focus" : [{
    "reference" : "Communication/e15be831-0454-47fd-a954-c9578a2474cb"
  }]
}