<?xml version="1.0" encoding="UTF-8"?>

<Organization xmlns="http://hl7.org/fhir">
  <id value="ef5cb9a6-835f-4d18-a34e-179c578b9a2a"/>
  <meta>
    <profile value="http://medcomfhir.dk/ig/messaging/StructureDefinition/medcom-producer-organization"/>
  </meta>
  <text>
    <status value="generated"/><div xmlns="http://www.w3.org/1999/xhtml"><p class="res-header-id"><b>Generated Narrative: Organization ef5cb9a6-835f-4d18-a34e-179c578b9a2a</b></p><a name="ef5cb9a6-835f-4d18-a34e-179c578b9a2a"> </a><a name="hcef5cb9a6-835f-4d18-a34e-179c578b9a2a"> </a><a name="hcef5cb9a6-835f-4d18-a34e-179c578b9a2a-da-DK"> </a><p><b>identifier</b>: <code>https://www.gs1.org/gln</code>/5790000123117, <code>urn:oid:1.2.208.176.1.1</code>/1144561000016002, <code>http://medcomfhir.dk/ig/terminology/CodeSystem/MedComProducentID</code>/KAF</p><p><b>name</b>: Pleje og Rehabilitering</p></div>
  </text>
  <identifier>
    <system value="https://www.gs1.org/gln"/>
    <value value="5790000123117"/>
  </identifier>
  <identifier>
    <system value="urn:oid:1.2.208.176.1.1"/>
    <value value="1144561000016002"/>
  </identifier>
  <identifier>
    <system value="http://medcomfhir.dk/ig/terminology/CodeSystem/MedComProducentID"/>
    <value value="KAF"/>
  </identifier>
  <name value="Pleje og Rehabilitering"/>
</Organization>