{
  "resourceType" : "CodeSystem",
  "id" : "c49c5e25-fc64-4d19-8744-8f3993834f50-23",
  "url" : "http://hl7.org/fhir/comparison/CodeSystem/c49c5e25-fc64-4d19-8744-8f3993834f50-23",
  "name" : "UnionMedComMessagingCancellationReasonAndMedComMessagingCancellationReason",
  "title" : "Union of MedComMessagingCancellationReason And MedComMessagingCancellationReason",
  "status" : "draft",
  "date" : "2024-02-05T08:48:00+01:00",
  "jurisdiction" : [{
    "coding" : [{
      "system" : "urn:iso:std:iso:3166",
      "code" : "DK",
      "display" : "Denmark"
    }]
  }],
  "concept" : [{
    "code" : "incorrect-cpr",
    "display" : "Cancellation due to incorrect CPR-number",
    "designation" : [{
      "language" : "da",
      "value" : "Annullering grundet forkert CPR-nr."
    }]
  },
  {
    "code" : "incorrect-receiver",
    "display" : "Cancellation due to incorrect receiver",
    "designation" : [{
      "language" : "da",
      "value" : "Annullering grundet forkert modtager"
    }]
  },
  {
    "code" : "incorrect-attachment",
    "display" : "Cancellation due to attachment with content concerning a incorrect CPR-number",
    "designation" : [{
      "language" : "da",
      "value" : "Annullering grundet vedhæftet fil med indhold på forkert CPR-nr."
    }]
  }]
}