{
  "resourceType" : "ValueSet",
  "id" : "c49c5e25-fc64-4d19-8744-8f3993834f50-39",
  "url" : "http://hl7.org/fhir/comparison/ValueSet/c49c5e25-fc64-4d19-8744-8f3993834f50-39",
  "name" : "IntersectionMedComAcknowledgementIssueDetailValuesAndMedComAcknowledgementIssueDetailValues",
  "title" : "Intersection of MedComAcknowledgementIssueDetailValues And MedComAcknowledgementIssueDetailValues",
  "status" : "active",
  "date" : "2024-02-05T08:48:00+01:00",
  "jurisdiction" : [{
    "coding" : [{
      "system" : "urn:iso:std:iso:3166",
      "code" : "DK",
      "display" : "Denmark"
    }]
  }],
  "compose" : {
    "include" : [{
      "concept" : [{
        "code" : "MSG_Receiver_Identifier_UNKNOWN",
        "display" : "Receiver identifier unknown"
      },
      {
        "code" : "MSG_Receiver_Identifier_MISSING",
        "display" : "Receiver identifier missing"
      },
      {
        "code" : "MSG_RECEIVER_UNABLE_TO_RECEIVE_MSG_TYPE",
        "display" : "Receiver unable to receive this Message type"
      },
      {
        "code" : "MSG_VALUESET_VALUE_UNKNOWN",
        "display" : "The value provided is not in the valueset"
      },
      {
        "code" : "MSG_CodeSystem_VALUE_UNKNOWN",
        "display" : "The value provided is not in the CodeSystem"
      },
      {
        "code" : "MSG_Element_To_Long",
        "display" : "The value of the element is to long"
      },
      {
        "code" : "MSG_Datatype_Wrong",
        "display" : "The data type is wrong"
      },
      {
        "code" : "MSG_Mailbox_Out_Of_Operation",
        "display" : "The mailbox is temporary out of operation"
      },
      {
        "code" : "MSG_Damaged_durin_transport",
        "display" : "The message has been damaged during trasport"
      }]
    }]
  }
}