{
  "resourceType" : "CodeSystem",
  "id" : "ade10f52-89e2-47b9-b7e2-4b362d50d415-23",
  "url" : "http://hl7.org/fhir/comparison/CodeSystem/ade10f52-89e2-47b9-b7e2-4b362d50d415-23",
  "name" : "UnionMedComCoreInterpretationCodesAndMedComCoreInterpretationCodes",
  "title" : "Union of MedComCoreInterpretationCodes And MedComCoreInterpretationCodes",
  "status" : "active",
  "date" : "2025-05-09T08:27:07+00:00",
  "jurisdiction" : [{
    "coding" : [{
      "system" : "urn:iso:std:iso:3166",
      "code" : "DK",
      "display" : "Denmark"
    }]
  }],
  "concept" : [{
    "code" : "NI",
    "display" : "Not Interpreted"
  }]
}