{
  "resourceType" : "CodeSystem",
  "id" : "2df2118e-8805-4fe7-8b28-62e488710dc8-5",
  "url" : "http://hl7.org/fhir/comparison/CodeSystem/2df2118e-8805-4fe7-8b28-62e488710dc8-5",
  "name" : "UnionMedComProducentIDAndMedComProducentID",
  "title" : "Union of MedComProducentID And MedComProducentID",
  "status" : "draft",
  "date" : "2025-05-09T09:53:41+00:00",
  "jurisdiction" : [{
    "coding" : [{
      "system" : "urn:iso:std:iso:3166",
      "code" : "DK",
      "display" : "Denmark"
    }]
  }],
  "concept" : [{
    "code" : "KAF",
    "display" : "Kommunal akutfunktion"
  }]
}