{
  "resourceType" : "CodeSystem",
  "id" : "ade10f52-89e2-47b9-b7e2-4b362d50d415-8",
  "url" : "http://hl7.org/fhir/comparison/CodeSystem/ade10f52-89e2-47b9-b7e2-4b362d50d415-8",
  "name" : "UnionMedComAcknowledgementErrorCodesAndMedComAcknowledgementErrorCodes",
  "title" : "Union of MedComAcknowledgementErrorCodes And MedComAcknowledgementErrorCodes",
  "status" : "active",
  "date" : "2025-05-09T08:27:07+00:00",
  "jurisdiction" : [{
    "coding" : [{
      "system" : "urn:iso:std:iso:3166",
      "code" : "DK",
      "display" : "Denmark"
    }]
  }],
  "concept" : [{
    "code" : "MSG_Receiver_Identifier_UNKNOWN",
    "display" : "Receiver identifier unknown"
  },
  {
    "code" : "MSG_Receiver_Identifier_MISSING",
    "display" : "Receiver identifier missing"
  },
  {
    "code" : "MSG_RECEIVER_UNABLE_TO_RECEIVE_MSG_TYPE",
    "display" : "Receiver unable to receive this message type"
  },
  {
    "code" : "MSG_VALUESET_VALUE_UNKNOWN",
    "display" : "The value provided is not in the valueSet"
  },
  {
    "code" : "MSG_CodeSystem_VALUE_UNKNOWN",
    "display" : "The value provided is not in the CodeSystem"
  },
  {
    "code" : "MSG_Element_To_Long",
    "display" : "The value of the element is to long"
  },
  {
    "code" : "MSG_Datatype_Wrong",
    "display" : "The data type is wrong"
  },
  {
    "code" : "MSG_Mailbox_Out_Of_Operation",
    "display" : "The mailbox is temporary out of operation"
  },
  {
    "code" : "MSG_Damaged_durin_transport",
    "display" : "The message has been damaged during trasport"
  }]
}