{
  "resourceType" : "CodeSystem",
  "id" : "367f140b-5313-4e77-b5c3-febd16323a8a-6",
  "url" : "http://hl7.org/fhir/comparison/CodeSystem/367f140b-5313-4e77-b5c3-febd16323a8a-6",
  "name" : "IntersectionMedComProducentIDAndMedComProducentID",
  "title" : "Intersection of MedComProducentID And MedComProducentID",
  "status" : "draft",
  "date" : "2025-05-09T10:27:15+00:00",
  "jurisdiction" : [{
    "coding" : [{
      "system" : "urn:iso:std:iso:3166",
      "code" : "DK",
      "display" : "Denmark"
    }]
  }],
  "concept" : [{
    "code" : "KAF",
    "display" : "Kommunal akutfunktion"
  }]
}