{
  "resourceType" : "CodeSystem",
  "id" : "ade10f52-89e2-47b9-b7e2-4b362d50d415-45",
  "url" : "http://hl7.org/fhir/comparison/CodeSystem/ade10f52-89e2-47b9-b7e2-4b362d50d415-45",
  "name" : "IntersectionMedComMessagingSorEdiSystemAndMedComMessagingSorEdiSystem",
  "title" : "Intersection of MedComMessagingSorEdiCodeSystem And MedComMessagingSorEdiCodeSystem",
  "status" : "active",
  "date" : "2025-05-09T08:27:07+00:00",
  "jurisdiction" : [{
    "coding" : [{
      "system" : "urn:iso:std:iso:3166",
      "code" : "DK",
      "display" : "Denmark"
    }]
  }],
  "concept" : [{
    "code" : "FDIS91",
    "display" : "Care Communication Message (Korrepondance meddelelse)"
  },
  {
    "code" : "FDIS20",
    "display" : "Hospital Notification Message (Advis om Sygehusophold)"
  },
  {
    "code" : "FCTL",
    "display" : "Acknowledgement Message (Kvittering)"
  }]
}