{
  "resourceType" : "CodeSystem",
  "id" : "ade10f52-89e2-47b9-b7e2-4b362d50d415-20",
  "url" : "http://hl7.org/fhir/comparison/CodeSystem/ade10f52-89e2-47b9-b7e2-4b362d50d415-20",
  "name" : "UnionMedComCoreEncounterActCodesAndMedComCoreEncounterActCodes",
  "title" : "Union of MedComCoreEncounterActCodes And MedComCoreEncounterActCodes",
  "status" : "active",
  "date" : "2025-05-09T08:27:07+00:00",
  "jurisdiction" : [{
    "coding" : [{
      "system" : "urn:iso:std:iso:3166",
      "code" : "DK",
      "display" : "Denmark"
    }]
  }],
  "concept" : [{
    "code" : "other",
    "display" : "Other encounter class"
  }]
}