{
  "resourceType" : "CodeSystem",
  "id" : "2df2118e-8805-4fe7-8b28-62e488710dc8-38",
  "url" : "http://hl7.org/fhir/comparison/CodeSystem/2df2118e-8805-4fe7-8b28-62e488710dc8-38",
  "name" : "UnionMedComMessagingDesinationUseCodesAndMedComMessagingDesinationUseCodes",
  "title" : "Union of MedComMessagingDestinationUse And MedComMessagingDestinationUse",
  "status" : "active",
  "date" : "2025-05-09T09:53:41+00:00",
  "jurisdiction" : [{
    "coding" : [{
      "system" : "urn:iso:std:iso:3166",
      "code" : "DK",
      "display" : "Denmark"
    }]
  }],
  "concept" : [{
    "code" : "primary",
    "display" : "Primary destination"
  },
  {
    "code" : "cc",
    "display" : "Carbon-copy destination"
  }]
}