{
  "resourceType" : "ValueSet",
  "id" : "367f140b-5313-4e77-b5c3-febd16323a8a-87",
  "url" : "http://hl7.org/fhir/comparison/ValueSet/367f140b-5313-4e77-b5c3-febd16323a8a-87",
  "name" : "IntersectionMedComCoreAttachmentMimeTypesAndMedComCoreAttachmentMimeTypes",
  "title" : "Intersection of MedComCoreAttachmentMimeTypes And MedComCoreAttachmentMimeTypes",
  "status" : "active",
  "date" : "2025-05-09T10:27:15+00:00",
  "jurisdiction" : [{
    "coding" : [{
      "system" : "urn:iso:std:iso:3166",
      "code" : "DK",
      "display" : "Denmark"
    }]
  }],
  "compose" : {
    "include" : [{
      "concept" : [{
        "code" : "application/pdf"
      },
      {
        "code" : "image/gif"
      },
      {
        "code" : "image/jpeg"
      },
      {
        "code" : "image/png"
      },
      {
        "code" : "image/tiff"
      },
      {
        "code" : "image/bmp"
      }]
    }]
  }
}