{
  "resourceType" : "ValueSet",
  "id" : "ade10f52-89e2-47b9-b7e2-4b362d50d415-86",
  "url" : "http://hl7.org/fhir/comparison/ValueSet/ade10f52-89e2-47b9-b7e2-4b362d50d415-86",
  "name" : "UnionMedComCoreAttachmentMimeTypesAndMedComCoreAttachmentMimeTypes",
  "title" : "Union of MedComCoreAttachmentMimeTypes And MedComCoreAttachmentMimeTypes",
  "status" : "active",
  "date" : "2025-05-09T08:27:07+00:00",
  "jurisdiction" : [{
    "coding" : [{
      "system" : "urn:iso:std:iso:3166",
      "code" : "DK",
      "display" : "Denmark"
    }]
  }],
  "compose" : {
    "include" : [{
      "concept" : [{
        "code" : "application/pdf"
      },
      {
        "code" : "image/gif"
      },
      {
        "code" : "image/jpeg"
      },
      {
        "code" : "image/png"
      },
      {
        "code" : "image/tiff"
      },
      {
        "code" : "image/bmp"
      }]
    }]
  }
}