{
  "resourceType" : "ValueSet",
  "id" : "2df2118e-8805-4fe7-8b28-62e488710dc8-120",
  "url" : "http://hl7.org/fhir/comparison/ValueSet/2df2118e-8805-4fe7-8b28-62e488710dc8-120",
  "name" : "IntersectionMedComMessagingActivityCodesAndMedComMessagingActivityCodes",
  "title" : "Intersection of MedComMessagingActivityCodes And MedComMessagingActivityCodes",
  "status" : "active",
  "date" : "2025-05-09T09:53:41+00:00",
  "jurisdiction" : [{
    "coding" : [{
      "system" : "urn:iso:std:iso:3166",
      "code" : "DK",
      "display" : "Denmark"
    }]
  }],
  "compose" : {
    "include" : [{
      "concept" : [{
        "code" : "new-message"
      },
      {
        "code" : "forward-message"
      },
      {
        "code" : "reply-message"
      },
      {
        "code" : "retract-message"
      },
      {
        "code" : "modified-message"
      },
      {
        "code" : "admit-emergency"
      },
      {
        "code" : "carboncopy-message"
      },
      {
        "code" : "revise-admit-emergency"
      },
      {
        "code" : "cancel-admit-emergency"
      },
      {
        "code" : "admit-inpatient"
      },
      {
        "code" : "revise-admit-inpatient"
      },
      {
        "code" : "cancel-admit-inpatient"
      },
      {
        "code" : "start-leave-inpatient"
      },
      {
        "code" : "revise-start-leave-inpatient"
      },
      {
        "code" : "cancel-start-leave-inpatient"
      },
      {
        "code" : "end-leave-inpatient"
      },
      {
        "code" : "revise-end-leave-inpatient"
      },
      {
        "code" : "cancel-end-leave-inpatient"
      },
      {
        "code" : "discharge-emergency-home"
      },
      {
        "code" : "discharge-inpatient-home"
      },
      {
        "code" : "revise-discharge-emergency-home"
      },
      {
        "code" : "revise-discharge-inpatient-home"
      },
      {
        "code" : "cancel-discharge-emergency-home"
      },
      {
        "code" : "cancel-discharge-inpatient-home"
      },
      {
        "code" : "acknowledgement"
      }]
    }]
  }
}