{
  "resourceType" : "ValueSet",
  "id" : "7fc8e0c5-55ba-4d2c-99ba-788aa045bcf6-125",
  "url" : "http://hl7.org/fhir/comparison/ValueSet/7fc8e0c5-55ba-4d2c-99ba-788aa045bcf6-125",
  "name" : "UnionMedComMessagingSorEdiValuesAndMedComMessagingSorEdiValues",
  "title" : "Union of MedComMessagingSorEdiValues And MedComMessagingSorEdiValues",
  "status" : "active",
  "date" : "2025-05-12T07:46:57+00:00",
  "jurisdiction" : [{
    "coding" : [{
      "system" : "urn:iso:std:iso:3166",
      "code" : "DK",
      "display" : "Denmark"
    }]
  }],
  "compose" : {
    "include" : [{
      "concept" : [{
        "code" : "FDIS91"
      },
      {
        "code" : "FDIS20"
      },
      {
        "code" : "FCTL"
      }]
    }]
  }
}