{
  "resourceType" : "ValueSet",
  "id" : "ade10f52-89e2-47b9-b7e2-4b362d50d415-126",
  "url" : "http://hl7.org/fhir/comparison/ValueSet/ade10f52-89e2-47b9-b7e2-4b362d50d415-126",
  "name" : "IntersectionMedComMessagingSorEdiValuesAndMedComMessagingSorEdiValues",
  "title" : "Intersection of MedComMessagingSorEdiValues And MedComMessagingSorEdiValues",
  "status" : "active",
  "date" : "2025-05-09T08:27:07+00:00",
  "jurisdiction" : [{
    "coding" : [{
      "system" : "urn:iso:std:iso:3166",
      "code" : "DK",
      "display" : "Denmark"
    }]
  }],
  "compose" : {
    "include" : [{
      "concept" : [{
        "code" : "FDIS91"
      },
      {
        "code" : "FDIS20"
      },
      {
        "code" : "FCTL"
      }]
    }]
  }
}