{
  "resourceType" : "ValueSet",
  "id" : "ade10f52-89e2-47b9-b7e2-4b362d50d415-114",
  "url" : "http://hl7.org/fhir/comparison/ValueSet/ade10f52-89e2-47b9-b7e2-4b362d50d415-114",
  "name" : "IntersectionMedComMessageDefinitionIdentifierSystemVSAndMedComMessageDefinitionIdentifierSystemVS",
  "title" : "Intersection of MessageDefinitionIdentifierSystemValueset And MessageDefinitionIdentifierSystemValueset",
  "status" : "active",
  "date" : "2025-05-09T08:27:07+00:00",
  "jurisdiction" : [{
    "coding" : [{
      "system" : "urn:iso:std:iso:3166",
      "code" : "DK",
      "display" : "Denmark"
    }]
  }]
}