{
  "resourceType" : "ValueSet",
  "id" : "ade10f52-89e2-47b9-b7e2-4b362d50d415-98",
  "url" : "http://hl7.org/fhir/comparison/ValueSet/ade10f52-89e2-47b9-b7e2-4b362d50d415-98",
  "name" : "UnionMedComCoreDiagnosticReportStatusAndMedComCoreDiagnosticReportStatus",
  "title" : "Union of MedComCoreDiagnosticReportStatus And MedComCoreDiagnosticReportStatus",
  "status" : "active",
  "date" : "2025-05-09T08:27:07+00:00",
  "jurisdiction" : [{
    "coding" : [{
      "system" : "urn:iso:std:iso:3166",
      "code" : "DK",
      "display" : "Denmark"
    }]
  }],
  "compose" : {
    "include" : [{
      "concept" : [{
        "code" : "registered",
        "display" : "Registered"
      },
      {
        "code" : "partial",
        "display" : "Partial"
      },
      {
        "code" : "final",
        "display" : "Final"
      },
      {
        "code" : "corrected",
        "display" : "Corrected"
      },
      {
        "code" : "cancelled",
        "display" : "Cancelled"
      }]
    }]
  }
}