{
  "resourceType" : "ValueSet",
  "id" : "367f140b-5313-4e77-b5c3-febd16323a8a-75",
  "url" : "http://hl7.org/fhir/comparison/ValueSet/367f140b-5313-4e77-b5c3-febd16323a8a-75",
  "name" : "IntersectionMedComCareCommunicationMessageActivitiesAndMedComCareCommunicationMessageActivities",
  "title" : "Intersection of MedComCareCommunicationMessageActivityCodes And MedComCareCommunicationMessageActivityCodes",
  "status" : "active",
  "date" : "2025-05-09T10:27:15+00:00",
  "jurisdiction" : [{
    "coding" : [{
      "system" : "urn:iso:std:iso:3166",
      "code" : "DK",
      "display" : "Denmark"
    }]
  }],
  "compose" : {
    "include" : [{
      "concept" : [{
        "code" : "new-message"
      },
      {
        "code" : "reply-message"
      },
      {
        "code" : "forward-message"
      }]
    }]
  }
}