{
  "resourceType" : "ValueSet",
  "id" : "2df2118e-8805-4fe7-8b28-62e488710dc8-57",
  "url" : "http://hl7.org/fhir/comparison/ValueSet/2df2118e-8805-4fe7-8b28-62e488710dc8-57",
  "name" : "IntersectionMedComObservationValueSetAndMedComObservationValueSet",
  "title" : "Intersection of MedCom Observation ValueSet And MedCom Observation ValueSet",
  "status" : "draft",
  "date" : "2025-05-09T09:53:41+00:00",
  "jurisdiction" : [{
    "coding" : [{
      "system" : "urn:iso:std:iso:3166",
      "code" : "DK",
      "display" : "Denmark"
    }]
  }],
  "compose" : {
    "include" : [{
      "concept" : [{
        "code" : "MCS88122",
        "display" : "Pt—Respiration; frekvens = ? X 1/min"
      },
      {
        "code" : "MCS88125",
        "display" : "Pt—Tidlig Opsporing af Begyndende Sygdom (TOBS) score; antal (værdi 0-15) = ?"
      },
      {
        "code" : "MCS88126",
        "display" : "Pt—Bevidsthedsniveau; arb.antal(værdi 0-3) = ?"
      },
      {
        "code" : "MCS88147",
        "display" : "Pt—Manniche VAS-score(total); antal(værdi 0-60) = ?"
      }]
    }]
  }
}