{
  "resourceType" : "ValueSet",
  "id" : "2df2118e-8805-4fe7-8b28-62e488710dc8-53",
  "url" : "http://hl7.org/fhir/comparison/ValueSet/2df2118e-8805-4fe7-8b28-62e488710dc8-53",
  "name" : "UnionMedComDiagnosticReportCodesValuesetAndMedComDiagnosticReportCodesValueset",
  "title" : "Union of MedComDiagnosticReportCodesValueset And MedComDiagnosticReportCodesValueset",
  "status" : "draft",
  "date" : "2025-05-09T09:53:41+00:00",
  "jurisdiction" : [{
    "coding" : [{
      "system" : "urn:iso:std:iso:3166",
      "code" : "DK",
      "display" : "Denmark"
    }]
  }],
  "compose" : {
    "include" : [{
      "concept" : [{
        "code" : "HomeCareReport"
      }]
    }]
  }
}