{
  "resourceType" : "ValueSet",
  "id" : "7fc8e0c5-55ba-4d2c-99ba-788aa045bcf6-65",
  "url" : "http://hl7.org/fhir/comparison/ValueSet/7fc8e0c5-55ba-4d2c-99ba-788aa045bcf6-65",
  "name" : "UnionMedComHomeCareObservationMessageActivitiesAndMedComHomeCareObservationMessageActivities",
  "title" : "Union of MedComHomeCareObservationMessageActivityCodes And MedComHomeCareObservationMessageActivityCodes",
  "status" : "draft",
  "date" : "2025-05-12T07:46:57+00:00",
  "jurisdiction" : [{
    "coding" : [{
      "system" : "urn:iso:std:iso:3166",
      "code" : "DK",
      "display" : "Denmark"
    }]
  }],
  "compose" : {
    "include" : [{
      "concept" : [{
        "code" : "new-message"
      },
      {
        "code" : "reply-message"
      },
      {
        "code" : "retract-message"
      },
      {
        "code" : "modified-message"
      }]
    }],
    "exclude" : [{
      "concept" : [{
        "code" : "carboncopy-message"
      }]
    }]
  }
}