{
  "resourceType" : "ValueSet",
  "id" : "7fc8e0c5-55ba-4d2c-99ba-788aa045bcf6-108",
  "url" : "http://hl7.org/fhir/comparison/ValueSet/7fc8e0c5-55ba-4d2c-99ba-788aa045bcf6-108",
  "name" : "IntersectionMedComHospitalNotificationMessageActivitiesAndMedComHospitalNotificationMessageActivities",
  "title" : "Intersection of MedComHospitalNotificationMessageActivityCodes And MedComHospitalNotificationMessageActivityCodes",
  "status" : "active",
  "date" : "2025-05-12T07:46:57+00:00",
  "jurisdiction" : [{
    "coding" : [{
      "system" : "urn:iso:std:iso:3166",
      "code" : "DK",
      "display" : "Denmark"
    }]
  }],
  "compose" : {
    "include" : [{
      "concept" : [{
        "code" : "admit-emergency",
        "display" : "Start hospital stay - acute ambulant"
      },
      {
        "code" : "revise-admit-emergency",
        "display" : "Update Start hospital stay - acute ambulant"
      },
      {
        "code" : "cancel-admit-emergency",
        "display" : "Cancellation Start hospital stay - acute ambulant"
      },
      {
        "code" : "admit-inpatient",
        "display" : "Start hospital stay - admission"
      },
      {
        "code" : "revise-admit-inpatient",
        "display" : "Update Start hospital stay - admission"
      },
      {
        "code" : "cancel-admit-inpatient",
        "display" : "Cancellation Start hospital stay - admission"
      },
      {
        "code" : "start-leave-inpatient",
        "display" : "Start leave"
      },
      {
        "code" : "revise-start-leave-inpatient",
        "display" : "Update Start leave"
      },
      {
        "code" : "cancel-start-leave-inpatient",
        "display" : "Cancellation Start leave"
      },
      {
        "code" : "end-leave-inpatient",
        "display" : "End leave"
      },
      {
        "code" : "revise-end-leave-inpatient",
        "display" : "Update End leave"
      },
      {
        "code" : "cancel-end-leave-inpatient",
        "display" : "Cancellation End leave"
      },
      {
        "code" : "discharge-emergency-home",
        "display" : "End hospital stay - patient completed to home/primary sector"
      },
      {
        "code" : "revise-discharge-emergency-home",
        "display" : "Update End hospital stay - patient completed to home/primary sector"
      },
      {
        "code" : "cancel-discharge-emergency-home",
        "display" : "Cancellation End hospital stay - patient completed to home/primary sector"
      },
      {
        "code" : "discharge-inpatient-home",
        "display" : "End hospital stay - patient completed to home/primary sector"
      },
      {
        "code" : "revise-discharge-inpatient-home",
        "display" : "Update End hospital stay - patient completed to home/primary sector"
      },
      {
        "code" : "cancel-discharge-inpatient-home",
        "display" : "Cancellation End hospital stay - patient completed to home/primary sector"
      }]
    }]
  }
}