{
  "resourceType" : "ValueSet",
  "id" : "7fc8e0c5-55ba-4d2c-99ba-788aa045bcf6-98",
  "url" : "http://hl7.org/fhir/comparison/ValueSet/7fc8e0c5-55ba-4d2c-99ba-788aa045bcf6-98",
  "name" : "UnionMedComCoreDiagnosticReportStatusAndMedComCoreDiagnosticReportStatus",
  "title" : "Union of MedComCoreDiagnosticReportStatus And MedComCoreDiagnosticReportStatus",
  "status" : "active",
  "date" : "2025-05-12T07:46:57+00:00",
  "jurisdiction" : [{
    "coding" : [{
      "system" : "urn:iso:std:iso:3166",
      "code" : "DK",
      "display" : "Denmark"
    }]
  }],
  "compose" : {
    "include" : [{
      "concept" : [{
        "code" : "registered",
        "display" : "Registered"
      },
      {
        "code" : "partial",
        "display" : "Partial"
      },
      {
        "code" : "final",
        "display" : "Final"
      },
      {
        "code" : "corrected",
        "display" : "Corrected"
      },
      {
        "code" : "cancelled",
        "display" : "Cancelled"
      }]
    }]
  }
}