<?xml version="1.0" encoding="UTF-8"?>

<Bundle xmlns="http://hl7.org/fhir">
  <id value="h1c8e4a8-6b45-4669-94ad-2a99ad96bf03"/>
  <meta>
    <profile value="http://medcomfhir.dk/ig/hospitalnotification/StructureDefinition/medcom-hospitalNotification-message"/>
  </meta>
  <type value="message"/>
  <timestamp value="2022-10-01T10:00:05Z"/>
  <entry>
    <fullUrl value="MessageHeader/i50fc5fe-2d11-4ef3-acac-2e2e5c6c0029"/>
    <resource>
      <MessageHeader>
        <id value="i50fc5fe-2d11-4ef3-acac-2e2e5c6c0029"/>
        <meta>
          <profile value="http://medcomfhir.dk/ig/hospitalnotification/StructureDefinition/medcom-hospitalNotification-messageHeader"/>
        </meta>
        <text>
          <status value="extensions"/><div xmlns="http://www.w3.org/1999/xhtml"><p><b>Generated Narrative: MessageHeader</b><a name="i50fc5fe-2d11-4ef3-acac-2e2e5c6c0029"> </a></p><div style="display: inline-block; background-color: #d9e0e7; padding: 6px; margin: 4px; border: 1px solid #8da1b4; border-radius: 5px; line-height: 60%"><p style="margin-bottom: 0px">Resource MessageHeader "i50fc5fe-2d11-4ef3-acac-2e2e5c6c0029" </p><p style="margin-bottom: 0px">Profile: <a href="StructureDefinition-medcom-hospitalNotification-messageHeader.html">MedComHospitalNotificationMessageHeader</a></p></div><p><b>MedComReportOfAdmissionExtension</b>: true</p><p><b>MedComReportOfAdmissionRecipientExtension</b>: <a href="#Organization_o7056980-a8b2-42aa-8a0e-c1fc85d1f40d">See above (Organization/o7056980-a8b2-42aa-8a0e-c1fc85d1f40d)</a></p><p><b>event</b>: Hospital Notification Message (Details: http://medcomfhir.dk/ig/terminology/CodeSystem/medcom-messaging-eventCodes code hospital-notification-message = 'Hospital Notification Message', stated as 'null')</p><h3>Destinations</h3><table class="grid"><tr><td>-</td><td><b>Extension</b></td><td><b>Endpoint</b></td><td><b>Receiver</b></td></tr><tr><td>*</td><td></td><td><a href="https://sor2.sum.dsdn.dk/#id=953741000016009">https://sor2.sum.dsdn.dk/#id=953741000016009</a></td><td><a href="#Organization_o4cdf292-abf3-4f5f-80ea-60a48013ff6d">See above (Organization/o4cdf292-abf3-4f5f-80ea-60a48013ff6d)</a></td></tr></table><p><b>sender</b>: <a href="#Organization_o7056980-a8b2-42aa-8a0e-c1fc85d1f40d">See above (Organization/o7056980-a8b2-42aa-8a0e-c1fc85d1f40d)</a></p><h3>Sources</h3><table class="grid"><tr><td>-</td><td><b>Endpoint</b></td></tr><tr><td>*</td><td><a href="https://sor2.sum.dsdn.dk/#id=265161000016000">https://sor2.sum.dsdn.dk/#id=265161000016000</a></td></tr></table><p><b>focus</b>: <a href="#Encounter_h2cb16ce-af8c-46f3-be9e-89406ef3e7b5">See above (Encounter/h2cb16ce-af8c-46f3-be9e-89406ef3e7b5)</a></p></div>
        </text>
        <extension url="http://medcomfhir.dk/ig/hospitalnotification/StructureDefinition/medcom-messaging-reportOfAdmissionExtension">
          <valueBoolean value="true"/>
        </extension>
        <extension url="http://medcomfhir.dk/ig/hospitalnotification/StructureDefinition/medcom-messaging-reportOfAdmissionRecipientExtension">
          <valueReference>
            <reference value="Organization/o7056980-a8b2-42aa-8a0e-c1fc85d1f40d"/>
          </valueReference>
        </extension>
        <eventCoding>
          <system value="http://medcomfhir.dk/ig/terminology/CodeSystem/medcom-messaging-eventCodes"/>
          <code value="hospital-notification-message"/>
        </eventCoding>
        <destination>
          <extension url="http://medcomfhir.dk/ig/messaging/StructureDefinition/medcom-messaging-destinationUseExtension">
            <valueCoding>
              <system value="http://medcomfhir.dk/ig/terminology/CodeSystem/medcom-messaging-destinationUse"/>
              <code value="primary"/>
            </valueCoding>
          </extension>
          <endpoint value="https://sor2.sum.dsdn.dk/#id=953741000016009"/>
          <receiver>
            <reference value="Organization/o4cdf292-abf3-4f5f-80ea-60a48013ff6d"/>
          </receiver>
        </destination>
        <sender>
          <reference value="Organization/o7056980-a8b2-42aa-8a0e-c1fc85d1f40d"/>
        </sender>
        <source>
          <endpoint value="https://sor2.sum.dsdn.dk/#id=265161000016000"/>
        </source>
        <focus>
          <reference value="Encounter/h2cb16ce-af8c-46f3-be9e-89406ef3e7b5"/>
        </focus>
      </MessageHeader>
    </resource>
  </entry>
  <entry>
    <fullUrl value="Patient/t33cef33-3626-422b-955d-d506aaa65fe1"/>
    <resource>
      <Patient>
        <id value="t33cef33-3626-422b-955d-d506aaa65fe1"/>
        <meta>
          <profile value="http://medcomfhir.dk/ig/core/StructureDefinition/medcom-core-patient"/>
        </meta>
        <text>
          <status value="generated"/><div xmlns="http://www.w3.org/1999/xhtml"><p><b>Generated Narrative: Patient</b><a name="t33cef33-3626-422b-955d-d506aaa65fe1"> </a></p><div style="display: inline-block; background-color: #d9e0e7; padding: 6px; margin: 4px; border: 1px solid #8da1b4; border-radius: 5px; line-height: 60%"><p style="margin-bottom: 0px">Resource Patient "t33cef33-3626-422b-955d-d506aaa65fe1" </p><p style="margin-bottom: 0px">Profile: <a href="http://medcomfhir.dk/ig/core/2.0.0/StructureDefinition-medcom-core-patient.html">MedComCorePatient</a></p></div><p><b>identifier</b>: id: 2509479989</p><p><b>name</b>: Elmer (OFFICIAL)</p></div>
        </text>
        <identifier>
          <system value="urn:oid:1.2.208.176.1.2"/>
          <value value="2509479989"/>
        </identifier>
        <name>
          <use value="official"/>
          <family value="Elmer"/>
        </name>
      </Patient>
    </resource>
  </entry>
  <entry>
    <fullUrl value="Encounter/h2cb16ce-af8c-46f3-be9e-89406ef3e7b5"/>
    <resource>
      <Encounter>
        <id value="h2cb16ce-af8c-46f3-be9e-89406ef3e7b5"/>
        <meta>
          <profile value="http://medcomfhir.dk/ig/hospitalnotification/StructureDefinition/medcom-hospitalNotification-encounter"/>
        </meta>
        <text>
          <status value="generated"/><div xmlns="http://www.w3.org/1999/xhtml"><p><b>Generated Narrative: Encounter</b><a name="h2cb16ce-af8c-46f3-be9e-89406ef3e7b5"> </a></p><div style="display: inline-block; background-color: #d9e0e7; padding: 6px; margin: 4px; border: 1px solid #8da1b4; border-radius: 5px; line-height: 60%"><p style="margin-bottom: 0px">Resource Encounter "h2cb16ce-af8c-46f3-be9e-89406ef3e7b5" </p><p style="margin-bottom: 0px">Profile: <a href="StructureDefinition-medcom-hospitalNotification-encounter.html">MedComHospitalNotificationEncounter</a></p></div><p><b>status</b>: in-progress</p><p><b>class</b>: emergency (Details: http://terminology.hl7.org/CodeSystem/v3-ActCode code EMER = 'emergency', stated as 'null')</p><p><b>subject</b>: <a href="#Patient_t33cef33-3626-422b-955d-d506aaa65fe1">See above (Patient/t33cef33-3626-422b-955d-d506aaa65fe1)</a></p><p><b>episodeOfCare</b>: <span></span></p><p><b>period</b>: 2022-10-01 10:00:05+0000 --&gt; (ongoing)</p><p><b>serviceProvider</b>: <a href="#Organization_o7056980-a8b2-42aa-8a0e-c1fc85d1f40d">See above (Organization/o7056980-a8b2-42aa-8a0e-c1fc85d1f40d)</a></p></div>
        </text>
        <status value="in-progress"/>
        <class>
          <system value="http://terminology.hl7.org/CodeSystem/v3-ActCode"/>
          <code value="EMER"/>
        </class>
        <subject>
          <reference value="Patient/t33cef33-3626-422b-955d-d506aaa65fe1"/>
        </subject>
        <episodeOfCare>
          <identifier>
            <system value="https://www.esundhed.dk/Registre/Landspatientregisteret"/>
            <value value="urn:uuid:fc60e762-b13b-5773-865e-67f3907bdcc7"/>
          </identifier>
        </episodeOfCare>
        <period>
          <start value="2022-10-01T10:00:05Z"/>
        </period>
        <serviceProvider>
          <reference value="Organization/o7056980-a8b2-42aa-8a0e-c1fc85d1f40d"/>
        </serviceProvider>
      </Encounter>
    </resource>
  </entry>
  <entry>
    <fullUrl value="Organization/o4cdf292-abf3-4f5f-80ea-60a48013ff6d"/>
    <resource>
      <Organization>
        <id value="o4cdf292-abf3-4f5f-80ea-60a48013ff6d"/>
        <meta>
          <profile value="http://medcomfhir.dk/ig/messaging/StructureDefinition/medcom-messaging-organization"/>
        </meta>
        <text>
          <status value="generated"/><div xmlns="http://www.w3.org/1999/xhtml"><p><b>Generated Narrative: Organization</b><a name="o4cdf292-abf3-4f5f-80ea-60a48013ff6d"> </a></p><div style="display: inline-block; background-color: #d9e0e7; padding: 6px; margin: 4px; border: 1px solid #8da1b4; border-radius: 5px; line-height: 60%"><p style="margin-bottom: 0px">Resource Organization "o4cdf292-abf3-4f5f-80ea-60a48013ff6d" </p><p style="margin-bottom: 0px">Profile: <a href="http://medcomfhir.dk/ig/messaging/2.0.0/StructureDefinition-medcom-messaging-organization.html">MedComMessagingOrganization</a></p></div><p><b>identifier</b>: id: 5790001348120, id: 953741000016009</p><p><b>name</b>: Receiver Organization</p></div>
        </text>
        <identifier>
          <system value="https://www.gs1.org/gln"/>
          <value value="5790001348120"/>
        </identifier>
        <identifier>
          <system value="urn:oid:1.2.208.176.1.1"/>
          <value value="953741000016009"/>
        </identifier>
        <name value="Receiver Organization"/>
      </Organization>
    </resource>
  </entry>
  <entry>
    <fullUrl value="Organization/o7056980-a8b2-42aa-8a0e-c1fc85d1f40d"/>
    <resource>
      <Organization>
        <id value="o7056980-a8b2-42aa-8a0e-c1fc85d1f40d"/>
        <meta>
          <profile value="http://medcomfhir.dk/ig/messaging/StructureDefinition/medcom-messaging-organization"/>
        </meta>
        <text>
          <status value="generated"/><div xmlns="http://www.w3.org/1999/xhtml"><p><b>Generated Narrative: Organization</b><a name="o7056980-a8b2-42aa-8a0e-c1fc85d1f40d"> </a></p><div style="display: inline-block; background-color: #d9e0e7; padding: 6px; margin: 4px; border: 1px solid #8da1b4; border-radius: 5px; line-height: 60%"><p style="margin-bottom: 0px">Resource Organization "o7056980-a8b2-42aa-8a0e-c1fc85d1f40d" </p><p style="margin-bottom: 0px">Profile: <a href="http://medcomfhir.dk/ig/messaging/2.0.0/StructureDefinition-medcom-messaging-organization.html">MedComMessagingOrganization</a></p></div><p><b>identifier</b>: id: 5790000209354, id: 265161000016000</p><p><b>name</b>: Sender Organization</p></div>
        </text>
        <identifier>
          <system value="https://www.gs1.org/gln"/>
          <value value="5790000209354"/>
        </identifier>
        <identifier>
          <system value="urn:oid:1.2.208.176.1.1"/>
          <value value="265161000016000"/>
        </identifier>
        <name value="Sender Organization"/>
      </Organization>
    </resource>
  </entry>
  <entry>
    <fullUrl value="Provenance/h60bd482-9c47-43c5-9b77-1134eaa2d5f0"/>
    <resource>
      <Provenance>
        <id value="h60bd482-9c47-43c5-9b77-1134eaa2d5f0"/>
        <meta>
          <profile value="http://medcomfhir.dk/ig/messaging/StructureDefinition/medcom-messaging-provenance"/>
        </meta>
        <text>
          <status value="generated"/><div xmlns="http://www.w3.org/1999/xhtml"><p><b>Generated Narrative: Provenance</b><a name="h60bd482-9c47-43c5-9b77-1134eaa2d5f0"> </a></p><div style="display: inline-block; background-color: #d9e0e7; padding: 6px; margin: 4px; border: 1px solid #8da1b4; border-radius: 5px; line-height: 60%"><p style="margin-bottom: 0px">Resource Provenance "h60bd482-9c47-43c5-9b77-1134eaa2d5f0" </p><p style="margin-bottom: 0px">Profile: <a href="http://medcomfhir.dk/ig/messaging/2.0.0/StructureDefinition-medcom-messaging-provenance.html">MedComMessagingProvenance</a></p></div><p><b>target</b>: <a href="#MessageHeader_i50fc5fe-2d11-4ef3-acac-2e2e5c6c0029">See above (MessageHeader/i50fc5fe-2d11-4ef3-acac-2e2e5c6c0029)</a></p><p><b>occurred</b>: 2022-10-01 10:00:30+0000</p><p><b>recorded</b>: 1 Oct 2022, 12.00.30</p><p><b>activity</b>: Start hospital stay-acute ambulant <span style="background: LightGoldenRodYellow; margin: 4px; border: 1px solid khaki"> (<a href="http://medcomfhir.dk/ig/terminology/1.0.0/CodeSystem-medcom-messaging-activityCodes.html">MedComMessagingActivityCodes</a>#admit-emergency)</span></p><h3>Agents</h3><table class="grid"><tr><td>-</td><td><b>Who</b></td></tr><tr><td>*</td><td><a href="#Organization_o7056980-a8b2-42aa-8a0e-c1fc85d1f40d">See above (Organization/o7056980-a8b2-42aa-8a0e-c1fc85d1f40d)</a></td></tr></table></div>
        </text>
        <target>
          <reference value="MessageHeader/i50fc5fe-2d11-4ef3-acac-2e2e5c6c0029"/>
        </target>
        <occurredDateTime value="2022-10-01T10:00:30Z"/>
        <recorded value="2022-10-01T10:00:30Z"/>
        <activity>
          <coding>
            <system value="http://medcomfhir.dk/ig/terminology/CodeSystem/medcom-messaging-activityCodes"/>
            <code value="admit-emergency"/>
          </coding>
        </activity>
        <agent>
          <who>
            <reference value="Organization/o7056980-a8b2-42aa-8a0e-c1fc85d1f40d"/>
          </who>
        </agent>
      </Provenance>
    </resource>
  </entry>
</Bundle>