<?xml version="1.0" encoding="UTF-8"?>

<Encounter xmlns="http://hl7.org/fhir">
  <id value="f405ba2d-467a-4e92-9acc-9dc2a629760f"/>
  <meta>
    <profile value="http://medcomfhir.dk/ig/hospitalnotification/StructureDefinition/medcom-hospitalNotification-encounter"/>
  </meta>
  <text>
    <status value="generated"/><div xmlns="http://www.w3.org/1999/xhtml"><p><b>Generated Narrative: Encounter</b><a name="f405ba2d-467a-4e92-9acc-9dc2a629760f"> </a></p><div style="display: inline-block; background-color: #d9e0e7; padding: 6px; margin: 4px; border: 1px solid #8da1b4; border-radius: 5px; line-height: 60%"><p style="margin-bottom: 0px">Resource Encounter "f405ba2d-467a-4e92-9acc-9dc2a629760f" </p><p style="margin-bottom: 0px">Profile: <a href="StructureDefinition-medcom-hospitalNotification-encounter.html">MedComHospitalNotificationEncounter</a></p></div><p><b>status</b>: finished</p><p><b>class</b>: inpatient encounter (Details: http://terminology.hl7.org/CodeSystem/v3-ActCode code IMP = 'inpatient encounter', stated as 'null')</p><p><b>subject</b>: <a href="Patient-t33cef33-3626-422b-955d-d506aaa65fe1.html">Patient/t33cef33-3626-422b-955d-d506aaa65fe1</a> " ELMER"</p><p><b>episodeOfCare</b>: <span></span></p><p><b>period</b>: 2022-09-01 12:00:05+0000 --&gt; 2022-09-30 09:22:28+0000</p><p><b>serviceProvider</b>: <a href="Organization-o7056980-a8b2-42aa-8a0e-c1fc85d1f40d.html">Organization/o7056980-a8b2-42aa-8a0e-c1fc85d1f40d</a> "Sender Organization"</p></div>
  </text>
  <status value="finished"/>
  <class>
    <system value="http://terminology.hl7.org/CodeSystem/v3-ActCode"/>
    <code value="IMP"/>
  </class>
  <subject>
    <reference value="Patient/t33cef33-3626-422b-955d-d506aaa65fe1"/>
  </subject>
  <episodeOfCare>
    <identifier>
      <system value="https://www.esundhed.dk/Registre/Landspatientregisteret"/>
      <value value="urn:uuid:b0172334-fa5e-5dfe-acb8-2a5b7aee3143"/>
    </identifier>
  </episodeOfCare>
  <period>
    <start value="2022-09-01T12:00:05Z"/>
    <end value="2022-09-30T09:22:28Z"/>
  </period>
  <serviceProvider>
    <reference value="Organization/o7056980-a8b2-42aa-8a0e-c1fc85d1f40d"/>
  </serviceProvider>
</Encounter>