{
  "resourceType": "MessageHeader",
  "id": "m9bea09c-e662-4d59-b84f-9af570b57f42",
  "meta": {
    "profile": [
      "http://medcomfhir.dk/ig/hospitalnotification/StructureDefinition/medcom-hospitalNotification-messageHeader"
    ]
  },
  "text": {
    "status": "generated",
    "div": "<div xmlns=\"http://www.w3.org/1999/xhtml\"><p><b>Generated Narrative: MessageHeader</b><a name=\"m9bea09c-e662-4d59-b84f-9af570b57f42\"> </a></p><div style=\"display: inline-block; background-color: #d9e0e7; padding: 6px; margin: 4px; border: 1px solid #8da1b4; border-radius: 5px; line-height: 60%\"><p style=\"margin-bottom: 0px\">Resource MessageHeader \"m9bea09c-e662-4d59-b84f-9af570b57f42\" </p><p style=\"margin-bottom: 0px\">Profile: <a href=\"StructureDefinition-medcom-hospitalNotification-messageHeader.html\">MedComHospitalNotificationMessageHeader</a></p></div><p><b>event</b>: Hospital Notification Message (Details: http://medcomfhir.dk/ig/terminology/CodeSystem/medcom-messaging-eventCodes code hospital-notification-message = 'Hospital Notification Message', stated as 'null')</p><h3>Destinations</h3><table class=\"grid\"><tr><td>-</td><td><b>Extension</b></td><td><b>Endpoint</b></td><td><b>Receiver</b></td></tr><tr><td>*</td><td></td><td><a href=\"https://sor2.sum.dsdn.dk/#id=953741000016009\">https://sor2.sum.dsdn.dk/#id=953741000016009</a></td><td><a href=\"Organization-o4cdf292-abf3-4f5f-80ea-60a48013ff6d.html\">Organization/o4cdf292-abf3-4f5f-80ea-60a48013ff6d</a> \"Receiver Organization\"</td></tr></table><p><b>sender</b>: <a href=\"Organization-o7056980-a8b2-42aa-8a0e-c1fc85d1f40d.html\">Organization/o7056980-a8b2-42aa-8a0e-c1fc85d1f40d</a> \"Sender Organization\"</p><h3>Sources</h3><table class=\"grid\"><tr><td>-</td><td><b>Endpoint</b></td></tr><tr><td>*</td><td><a href=\"https://sor2.sum.dsdn.dk/#id=265161000016000\">https://sor2.sum.dsdn.dk/#id=265161000016000</a></td></tr></table><p><b>focus</b>: <a href=\"Encounter-kbbad98c-3310-404a-af0c-7e3739d7b49f.html\">Encounter/kbbad98c-3310-404a-af0c-7e3739d7b49f</a></p></div>"
  },
  "eventCoding": {
    "system": "http://medcomfhir.dk/ig/terminology/CodeSystem/medcom-messaging-eventCodes",
    "code": "hospital-notification-message"
  },
  "destination": [
    {
      "extension": [
        {
          "url": "http://medcomfhir.dk/ig/messaging/StructureDefinition/medcom-messaging-destinationUseExtension",
          "valueCoding": {
            "system": "http://medcomfhir.dk/ig/terminology/CodeSystem/medcom-messaging-destinationUse",
            "code": "primary"
          }
        }
      ],
      "endpoint": "https://sor2.sum.dsdn.dk/#id=953741000016009",
      "receiver": {
        "reference": "Organization/o4cdf292-abf3-4f5f-80ea-60a48013ff6d"
      }
    }
  ],
  "sender": {
    "reference": "Organization/o7056980-a8b2-42aa-8a0e-c1fc85d1f40d"
  },
  "source": {
    "endpoint": "https://sor2.sum.dsdn.dk/#id=265161000016000"
  },
  "focus": [
    {
      "reference": "Encounter/kbbad98c-3310-404a-af0c-7e3739d7b49f"
    }
  ]
}