<?xml version="1.0" encoding="UTF-8"?>

<Provenance xmlns="http://hl7.org/fhir">
  <id value="e4db4939-7c60-4ac6-aefc-523f809ccba6"/>
  <meta>
    <profile value="http://medcomfhir.dk/ig/messaging/StructureDefinition/medcom-messaging-provenance"/>
  </meta>
  <text>
    <status value="generated"/><div xmlns="http://www.w3.org/1999/xhtml"><p><b>Generated Narrative: Provenance</b><a name="e4db4939-7c60-4ac6-aefc-523f809ccba6"> </a></p><div style="display: inline-block; background-color: #d9e0e7; padding: 6px; margin: 4px; border: 1px solid #8da1b4; border-radius: 5px; line-height: 60%"><p style="margin-bottom: 0px">Resource Provenance "e4db4939-7c60-4ac6-aefc-523f809ccba6" </p><p style="margin-bottom: 0px">Profile: <a href="http://medcomfhir.dk/ig/messaging/2.0.0/StructureDefinition-medcom-messaging-provenance.html">MedComMessagingProvenance</a></p></div><p><b>target</b>: <a href="MessageHeader-f47254da-f170-46f0-b624-4778a9c92b1f.html">MessageHeader/f47254da-f170-46f0-b624-4778a9c92b1f</a></p><p><b>occurred</b>: 2022-09-05 03:00:30+0000</p><p><b>recorded</b>: 5 Sep 2022, 17.00.30</p><p><b>activity</b>: End leave <span style="background: LightGoldenRodYellow; margin: 4px; border: 1px solid khaki"> (<a href="http://medcomfhir.dk/ig/terminology/1.0.0/CodeSystem-medcom-messaging-activityCodes.html">MedComMessagingActivityCodes</a>#end-leave-inpatient)</span></p><h3>Agents</h3><table class="grid"><tr><td>-</td><td><b>Who</b></td></tr><tr><td>*</td><td><a href="Organization-o7056980-a8b2-42aa-8a0e-c1fc85d1f40d.html">Organization/o7056980-a8b2-42aa-8a0e-c1fc85d1f40d</a> "Sender Organization"</td></tr></table><h3>Entities</h3><table class="grid"><tr><td>-</td><td><b>Role</b></td><td><b>What</b></td></tr><tr><td>*</td><td>revision</td><td><a href="MessageHeader-e563a2b2-bf92-4b13-bbd2-0a021a95bded.html">MessageHeader/e563a2b2-bf92-4b13-bbd2-0a021a95bded</a></td></tr></table></div>
  </text>
  <target>
    <reference value="MessageHeader/f47254da-f170-46f0-b624-4778a9c92b1f"/>
  </target>
  <occurredDateTime value="2022-09-05T15:00:30Z"/>
  <recorded value="2022-09-05T15:00:30Z"/>
  <activity>
    <coding>
      <system value="http://medcomfhir.dk/ig/terminology/CodeSystem/medcom-messaging-activityCodes"/>
      <code value="end-leave-inpatient"/>
    </coding>
  </activity>
  <agent>
    <who>
      <reference value="Organization/o7056980-a8b2-42aa-8a0e-c1fc85d1f40d"/>
    </who>
  </agent>
  <entity>
    <role value="revision"/>
    <what>
      <reference value="MessageHeader/e563a2b2-bf92-4b13-bbd2-0a021a95bded"/>
    </what>
  </entity>
</Provenance>