{
  "resourceType" : "CodeSystem",
  "id" : "6db0fc45-e898-4da4-9450-2535389e67e5-44",
  "url" : "http://hl7.org/fhir/comparison/CodeSystem/6db0fc45-e898-4da4-9450-2535389e67e5-44",
  "name" : "UnionMedComMessagingSorEdiSystemAndMedComMessagingSorEdiSystem",
  "title" : "Union of MedComMessagingSorEdiCodeSystem And MedComMessagingSorEdiCodeSystem",
  "status" : "active",
  "date" : "2025-07-07T12:08:02+00:00",
  "jurisdiction" : [{
    "coding" : [{
      "system" : "urn:iso:std:iso:3166",
      "code" : "DK",
      "display" : "Denmark"
    }]
  }],
  "concept" : [{
    "code" : "FDIS91",
    "display" : "Care Communication Message (Korrepondance meddelelse)"
  },
  {
    "code" : "FDIS20",
    "display" : "Hospital Notification Message (Advis om Sygehusophold)"
  },
  {
    "code" : "FCTL",
    "display" : "Acknowledgement Message (Kvittering)"
  }]
}