{
  "resourceType" : "ValueSet",
  "id" : "6db0fc45-e898-4da4-9450-2535389e67e5-59",
  "url" : "http://hl7.org/fhir/comparison/ValueSet/6db0fc45-e898-4da4-9450-2535389e67e5-59",
  "name" : "UnionMedComHomeCareObservationMessageActivitiesAndMedComHomeCareObservationMessageActivities",
  "title" : "Union of MedComHomeCareObservationMessageActivityCodes And MedComHomeCareObservationMessageActivityCodes",
  "status" : "draft",
  "date" : "2025-07-07T12:08:02+00:00",
  "jurisdiction" : [{
    "coding" : [{
      "system" : "urn:iso:std:iso:3166",
      "code" : "DK",
      "display" : "Denmark"
    }]
  }],
  "compose" : {
    "include" : [{
      "concept" : [{
        "code" : "new-message"
      },
      {
        "code" : "reply-message"
      },
      {
        "code" : "retract-message"
      },
      {
        "code" : "modified-message"
      }]
    }],
    "exclude" : [{
      "concept" : [{
        "code" : "carboncopy-message"
      }]
    }]
  }
}