<?xml version="1.0" encoding="UTF-8"?>

<CodeSystem xmlns="http://hl7.org/fhir">
  <id value="MedCom-ihe-classcode-CS-TEMP"/>
  <text>
    <status value="generated"/><div xmlns="http://www.w3.org/1999/xhtml"><p class="res-header-id"><b>Generated Narrative: CodeSystem MedCom-ihe-classcode-CS-TEMP</b></p><a name="MedCom-ihe-classcode-CS-TEMP"> </a><a name="hcMedCom-ihe-classcode-CS-TEMP"> </a><p>This case-insensitive code system <code>http://medcomfhir.dk/ig/document/CodeSystem/MedCom-ihe-classcode-CS-TEMP</code> defines the following code:</p><table class="codes"><tr><td style="white-space:nowrap"><b>Code</b></td><td><b>Display</b></td></tr><tr><td style="white-space:nowrap">001<a name="MedCom-ihe-classcode-CS-TEMP-001"> </a></td><td>Klinisk rapport</td></tr></table></div>
  </text>
  <url value="http://medcomfhir.dk/ig/document/CodeSystem/MedCom-ihe-classcode-CS-TEMP"/>
  <identifier>
    <value value="1.2.208.184.100.9"/>
  </identifier>
  <version value="2.0.0"/>
  <name value="MedComIHE_ClassCode_TEMP"/>
  <title value="DK IHE ClassCode_TEMP"/>
  <status value="active"/>
  <experimental value="false"/>
  <date value="2022-01-26"/>
  <publisher value="MedCom"/>
  <contact>
    <name value="MedCom"/>
    <telecom>
      <system value="url"/>
      <value value="http://www.medcom.dk"/>
    </telecom>
    <telecom>
      <system value="email"/>
      <value value="fhir@medcom.dk"/>
    </telecom>
  </contact>
  <description value="_TEMP Danish Integrating the Healthcare Enterprise (IHE) metadata class codes"/>
  <jurisdiction>
    <coding>
      <system value="urn:iso:std:iso:3166"/>
      <code value="DK"/>
      <display value="Denmark"/>
    </coding>
  </jurisdiction>
  <caseSensitive value="false"/>
  <content value="complete"/>
  <count value="1"/>
  <concept>
    <code value="001"/>
    <display value="Klinisk rapport"/>
  </concept>
</CodeSystem>