{
  "resourceType" : "CodeSystem",
  "id" : "MedCom-ihe-formatcode-CS-TEMP",
  "text" : {
    "status" : "generated",
    "div" : "<div xmlns=\"http://www.w3.org/1999/xhtml\"><p class=\"res-header-id\"><b>Generated Narrative: CodeSystem MedCom-ihe-formatcode-CS-TEMP</b></p><a name=\"MedCom-ihe-formatcode-CS-TEMP\"> </a><a name=\"hcMedCom-ihe-formatcode-CS-TEMP\"> </a><p><b>Properties</b></p><p><b>This code system defines the following properties for its concepts</b></p><table class=\"grid\"><tr><td><b>Name</b></td><td><b>Code</b></td><td><b>URI</b></td><td><b>Type</b></td><td><b>Description</b></td></tr><tr><td>deprecationDate</td><td>deprecationDate</td><td>http://hl7.org/fhir/concept-properties#deprecationDate</td><td>dateTime</td><td>The date from which the concept is considered deprecated.</td></tr></table><p><b>Concepts</b></p><p>This case-insensitive code system <code>http://medcomfhir.dk/ig/document/CodeSystem/MedCom-ihe-formatcode-CS-TEMP</code> defines the following codes:</p><table class=\"codes\"><tr><td style=\"white-space:nowrap\"><b>Code</b></td><td><b>Display</b></td><td><b>Deprecated</b></td><td><b>deprecationDate</b></td></tr><tr><td style=\"white-space:nowrap\">urn:ad:dk:medcom:apd-v2.0.1:full<a name=\"MedCom-ihe-formatcode-CS-TEMP-urn.58ad.58dk.58medcom.58apd-v2.460.461.58full\"> </a></td><td>DK APD schema</td><td/><td/></tr><tr><td style=\"white-space:nowrap\">urn:ad:dk:medcom:appointmentsummary:full<a name=\"MedCom-ihe-formatcode-CS-TEMP-urn.58ad.58dk.58medcom.58appointmentsummary.58full\"> </a></td><td>DK Appointment Summary Document schema</td><td/><td/></tr><tr><td style=\"white-space:nowrap\">urn:ad:dk:medcom:cmr-v1.0:full<a name=\"MedCom-ihe-formatcode-CS-TEMP-urn.58ad.58dk.58medcom.58cmr-v1.460.58full\"> </a></td><td>DK CMR schema</td><td/><td/></tr><tr><td style=\"white-space:nowrap\">urn:ad:dk:medcom:cpd-v1.0.1:full<a name=\"MedCom-ihe-formatcode-CS-TEMP-urn.58ad.58dk.58medcom.58cpd-v1.460.461.58full\"> </a></td><td>DK CPD schema</td><td/><td/></tr><tr style=\"background-color: #ffeeee\"><td style=\"white-space:nowrap\">urn:ad:dk:medcom:sds:cpd-v1.0.1:maternity<a name=\"MedCom-ihe-formatcode-CS-TEMP-urn.58ad.58dk.58medcom.58sds.58cpd-v1.460.461.58maternity\"> </a></td><td>DK CPD schema for maternity</td><td>Deprecated</td><td>2023-12-31</td></tr><tr><td style=\"white-space:nowrap\">urn:ad:dk:medcom:labreports:svareksponeringsservice<a name=\"MedCom-ihe-formatcode-CS-TEMP-urn.58ad.58dk.58medcom.58labreports.58svareksponeringsservice\"> </a></td><td>Laboratoriesvar (samling af svar)</td><td/><td/></tr><tr><td style=\"white-space:nowrap\">urn:ad:dk:medcom:pdc-v2.0:full<a name=\"MedCom-ihe-formatcode-CS-TEMP-urn.58ad.58dk.58medcom.58pdc-v2.460.58full\"> </a></td><td>DK PDC schema</td><td/><td/></tr><tr style=\"background-color: #ffeeee\"><td style=\"white-space:nowrap\">urn:ad:dk:medcom:phmr-v1.3:full<a name=\"MedCom-ihe-formatcode-CS-TEMP-urn.58ad.58dk.58medcom.58phmr-v1.463.58full\"> </a></td><td>DK PHMR schema</td><td>Deprecated</td><td>2025-05-13</td></tr><tr><td style=\"white-space:nowrap\">urn:ad:dk:medcom:prvs-v1.0:full<a name=\"MedCom-ihe-formatcode-CS-TEMP-urn.58ad.58dk.58medcom.58prvs-v1.460.58full\"> </a></td><td>DK PRVS schema</td><td/><td/></tr><tr><td style=\"white-space:nowrap\">urn:ad:dk:medcom:qfdd-v1.1:full<a name=\"MedCom-ihe-formatcode-CS-TEMP-urn.58ad.58dk.58medcom.58qfdd-v1.461.58full\"> </a></td><td>DK QFDD schema</td><td/><td/></tr><tr><td style=\"white-space:nowrap\">urn:ad:dk:medcom:qfdd-v1.2:full<a name=\"MedCom-ihe-formatcode-CS-TEMP-urn.58ad.58dk.58medcom.58qfdd-v1.462.58full\"> </a></td><td>DK QFDD schema</td><td/><td/></tr><tr><td style=\"white-space:nowrap\">urn:ad:dk:medcom:qrd-v1.1:full<a name=\"MedCom-ihe-formatcode-CS-TEMP-urn.58ad.58dk.58medcom.58qrd-v1.461.58full\"> </a></td><td>DK QRD schema</td><td/><td/></tr><tr><td style=\"white-space:nowrap\">urn:ad:dk:medcom:qrd-v1.2:full<a name=\"MedCom-ihe-formatcode-CS-TEMP-urn.58ad.58dk.58medcom.58qrd-v1.462.58full\"> </a></td><td>DK QRD schema</td><td/><td/></tr><tr><td style=\"white-space:nowrap\">urn:ad:dk:medcom:qrd-v1.3:full<a name=\"MedCom-ihe-formatcode-CS-TEMP-urn.58ad.58dk.58medcom.58qrd-v1.463.58full\"> </a></td><td>DK QRD schema</td><td/><td/></tr><tr><td style=\"white-space:nowrap\">urn:ad:dk:medcom:pdc-v3.0:full<a name=\"MedCom-ihe-formatcode-CS-TEMP-urn.58ad.58dk.58medcom.58pdc-v3.460.58full\"> </a></td><td>DK PDC schema</td><td/><td/></tr><tr><td style=\"white-space:nowrap\">urn:ad:dk:medcom:cpd-v2.0:full<a name=\"MedCom-ihe-formatcode-CS-TEMP-urn.58ad.58dk.58medcom.58cpd-v2.460.58full\"> </a></td><td>DK CPD schema</td><td/><td/></tr><tr><td style=\"white-space:nowrap\">urn:ad:dk:medcom:phad-v1.0:full<a name=\"MedCom-ihe-formatcode-CS-TEMP-urn.58ad.58dk.58medcom.58phad-v1.460.58full\"> </a></td><td>DK PHAD schema</td><td/><td/></tr><tr><td style=\"white-space:nowrap\">urn:ad:dk:medcom:plr-v1.0:full<a name=\"MedCom-ihe-formatcode-CS-TEMP-urn.58ad.58dk.58medcom.58plr-v1.460.58full\"> </a></td><td>DK PLR schema</td><td/><td/></tr><tr><td style=\"white-space:nowrap\">urn:ad:dk:medcom:nauf-v500:full<a name=\"MedCom-ihe-formatcode-CS-TEMP-urn.58ad.58dk.58medcom.58nauf-v500.58full\"> </a></td><td>Noah Audiogram format 500</td><td/><td/></tr><tr><td style=\"white-space:nowrap\">urn:ad:dk:medcom:nauf-v502:full<a name=\"MedCom-ihe-formatcode-CS-TEMP-urn.58ad.58dk.58medcom.58nauf-v502.58full\"> </a></td><td>Noah Audiogram format 502</td><td/><td/></tr><tr><td style=\"white-space:nowrap\">urn:ad:dk:medcom:nimf-v500:full<a name=\"MedCom-ihe-formatcode-CS-TEMP-urn.58ad.58dk.58medcom.58nimf-v500.58full\"> </a></td><td>Noah Impedance format 500</td><td/><td/></tr><tr><td style=\"white-space:nowrap\">urn:ad:dk:medcom:nadf-v501:full<a name=\"MedCom-ihe-formatcode-CS-TEMP-urn.58ad.58dk.58medcom.58nadf-v501.58full\"> </a></td><td>Noah Admittance format 501</td><td/><td/></tr><tr><td style=\"white-space:nowrap\">urn:ad:dk:medcom:nhisf-v500:full<a name=\"MedCom-ihe-formatcode-CS-TEMP-urn.58ad.58dk.58medcom.58nhisf-v500.58full\"> </a></td><td>Noah Hearing Instrument Selection format 500</td><td/><td/></tr><tr style=\"background-color: #ffeeee\"><td style=\"white-space:nowrap\">urn:ad:dk:medcom:prf-v1.0:full<a name=\"MedCom-ihe-formatcode-CS-TEMP-urn.58ad.58dk.58medcom.58prf-v1.460.58full\"> </a></td><td>DK PRF schema</td><td>Deprecated</td><td>2025-12-01</td></tr><tr style=\"background-color: #ffeeee\"><td style=\"white-space:nowrap\">urn:ad:dk:medcom:pscr-v1.0:full<a name=\"MedCom-ihe-formatcode-CS-TEMP-urn.58ad.58dk.58medcom.58pscr-v1.460.58full\"> </a></td><td>DK PSCR schema</td><td>Deprecated</td><td>2025-12-01</td></tr><tr style=\"background-color: #ffeeee\"><td style=\"white-space:nowrap\">urn:ad:dk:medcom:pmr-v1.0:full<a name=\"MedCom-ihe-formatcode-CS-TEMP-urn.58ad.58dk.58medcom.58pmr-v1.460.58full\"> </a></td><td>DK PMR schema</td><td>Deprecated</td><td>2025-12-01</td></tr><tr style=\"background-color: #ffeeee\"><td style=\"white-space:nowrap\">urn:ad:dk:medcom:prf-v2.0:full<a name=\"MedCom-ihe-formatcode-CS-TEMP-urn.58ad.58dk.58medcom.58prf-v2.460.58full\"> </a></td><td>DK PRF schema</td><td>Deprecated</td><td>2025-12-01</td></tr><tr><td style=\"white-space:nowrap\">urn:ad:dk:medcom:pscr-v2.0:full<a name=\"MedCom-ihe-formatcode-CS-TEMP-urn.58ad.58dk.58medcom.58pscr-v2.460.58full\"> </a></td><td>DK PSCR schema</td><td/><td/></tr><tr><td style=\"white-space:nowrap\">urn:ad:dk:medcom:pmr-v2.0:full<a name=\"MedCom-ihe-formatcode-CS-TEMP-urn.58ad.58dk.58medcom.58pmr-v2.460.58full\"> </a></td><td>DK PMR schema</td><td/><td/></tr><tr><td style=\"white-space:nowrap\">urn:ad:dk:medcom:phmr-v2.1:full<a name=\"MedCom-ihe-formatcode-CS-TEMP-urn.58ad.58dk.58medcom.58phmr-v2.461.58full\"> </a></td><td>DK PHMR schema</td><td/><td/></tr><tr><td style=\"white-space:nowrap\">urn:ad:dk:medcom:prf-v3.0:full<a name=\"MedCom-ihe-formatcode-CS-TEMP-urn.58ad.58dk.58medcom.58prf-v3.460.58full\"> </a></td><td>DK PRF schema</td><td/><td/></tr><tr><td style=\"white-space:nowrap\">urn:ad:dk:medcom:ekg-v1.0:full<a name=\"MedCom-ihe-formatcode-CS-TEMP-urn.58ad.58dk.58medcom.58ekg-v1.460.58full\"> </a></td><td>DK EKG schema</td><td/><td/></tr></table></div>"
  },
  "url" : "http://medcomfhir.dk/ig/document/CodeSystem/MedCom-ihe-formatcode-CS-TEMP",
  "identifier" : [{
    "value" : "1.2.208.184.100.10"
  }],
  "version" : "2.0.0",
  "name" : "MedComIHE_FormatCode_TEMP",
  "title" : "DK IHE FormatCode_TEMP",
  "status" : "active",
  "experimental" : false,
  "date" : "2026-01-01",
  "publisher" : "MedCom",
  "contact" : [{
    "name" : "MedCom",
    "telecom" : [{
      "system" : "url",
      "value" : "http://www.medcom.dk"
    },
    {
      "system" : "email",
      "value" : "fhir@medcom.dk"
    }]
  }],
  "description" : "_TEMP Danish Integrating the Healthcare Enterprise (IHE) metadata format codes",
  "jurisdiction" : [{
    "coding" : [{
      "system" : "urn:iso:std:iso:3166",
      "code" : "DK",
      "display" : "Denmark"
    }]
  }],
  "caseSensitive" : false,
  "content" : "complete",
  "count" : 32,
  "property" : [{
    "code" : "deprecationDate",
    "uri" : "http://hl7.org/fhir/concept-properties#deprecationDate",
    "description" : "The date from which the concept is considered deprecated.",
    "type" : "dateTime"
  }],
  "concept" : [{
    "code" : "urn:ad:dk:medcom:apd-v2.0.1:full",
    "display" : "DK APD schema"
  },
  {
    "code" : "urn:ad:dk:medcom:appointmentsummary:full",
    "display" : "DK Appointment Summary Document schema"
  },
  {
    "code" : "urn:ad:dk:medcom:cmr-v1.0:full",
    "display" : "DK CMR schema"
  },
  {
    "code" : "urn:ad:dk:medcom:cpd-v1.0.1:full",
    "display" : "DK CPD schema"
  },
  {
    "code" : "urn:ad:dk:medcom:sds:cpd-v1.0.1:maternity",
    "display" : "DK CPD schema for maternity",
    "property" : [{
      "code" : "deprecationDate",
      "valueDateTime" : "2023-12-31"
    }]
  },
  {
    "code" : "urn:ad:dk:medcom:labreports:svareksponeringsservice",
    "display" : "Laboratoriesvar (samling af svar)"
  },
  {
    "code" : "urn:ad:dk:medcom:pdc-v2.0:full",
    "display" : "DK PDC schema"
  },
  {
    "code" : "urn:ad:dk:medcom:phmr-v1.3:full",
    "display" : "DK PHMR schema",
    "property" : [{
      "code" : "deprecationDate",
      "valueDateTime" : "2025-05-13"
    }]
  },
  {
    "code" : "urn:ad:dk:medcom:prvs-v1.0:full",
    "display" : "DK PRVS schema"
  },
  {
    "code" : "urn:ad:dk:medcom:qfdd-v1.1:full",
    "display" : "DK QFDD schema"
  },
  {
    "code" : "urn:ad:dk:medcom:qfdd-v1.2:full",
    "display" : "DK QFDD schema"
  },
  {
    "code" : "urn:ad:dk:medcom:qrd-v1.1:full",
    "display" : "DK QRD schema"
  },
  {
    "code" : "urn:ad:dk:medcom:qrd-v1.2:full",
    "display" : "DK QRD schema"
  },
  {
    "code" : "urn:ad:dk:medcom:qrd-v1.3:full",
    "display" : "DK QRD schema"
  },
  {
    "code" : "urn:ad:dk:medcom:pdc-v3.0:full",
    "display" : "DK PDC schema"
  },
  {
    "code" : "urn:ad:dk:medcom:cpd-v2.0:full",
    "display" : "DK CPD schema"
  },
  {
    "code" : "urn:ad:dk:medcom:phad-v1.0:full",
    "display" : "DK PHAD schema"
  },
  {
    "code" : "urn:ad:dk:medcom:plr-v1.0:full",
    "display" : "DK PLR schema"
  },
  {
    "code" : "urn:ad:dk:medcom:nauf-v500:full",
    "display" : "Noah Audiogram format 500"
  },
  {
    "code" : "urn:ad:dk:medcom:nauf-v502:full",
    "display" : "Noah Audiogram format 502"
  },
  {
    "code" : "urn:ad:dk:medcom:nimf-v500:full",
    "display" : "Noah Impedance format 500"
  },
  {
    "code" : "urn:ad:dk:medcom:nadf-v501:full",
    "display" : "Noah Admittance format 501"
  },
  {
    "code" : "urn:ad:dk:medcom:nhisf-v500:full",
    "display" : "Noah Hearing Instrument Selection format 500"
  },
  {
    "code" : "urn:ad:dk:medcom:prf-v1.0:full",
    "display" : "DK PRF schema",
    "property" : [{
      "code" : "deprecationDate",
      "valueDateTime" : "2025-12-01"
    }]
  },
  {
    "code" : "urn:ad:dk:medcom:pscr-v1.0:full",
    "display" : "DK PSCR schema",
    "property" : [{
      "code" : "deprecationDate",
      "valueDateTime" : "2025-12-01"
    }]
  },
  {
    "code" : "urn:ad:dk:medcom:pmr-v1.0:full",
    "display" : "DK PMR schema",
    "property" : [{
      "code" : "deprecationDate",
      "valueDateTime" : "2025-12-01"
    }]
  },
  {
    "code" : "urn:ad:dk:medcom:prf-v2.0:full",
    "display" : "DK PRF schema",
    "property" : [{
      "code" : "deprecationDate",
      "valueDateTime" : "2025-12-01"
    }]
  },
  {
    "code" : "urn:ad:dk:medcom:pscr-v2.0:full",
    "display" : "DK PSCR schema"
  },
  {
    "code" : "urn:ad:dk:medcom:pmr-v2.0:full",
    "display" : "DK PMR schema"
  },
  {
    "code" : "urn:ad:dk:medcom:phmr-v2.1:full",
    "display" : "DK PHMR schema"
  },
  {
    "code" : "urn:ad:dk:medcom:prf-v3.0:full",
    "display" : "DK PRF schema"
  },
  {
    "code" : "urn:ad:dk:medcom:ekg-v1.0:full",
    "display" : "DK EKG schema"
  }]
}