{
  "codeSystems" : [
    {
      "url" : "http://hl7.dk/fhir/core/ValueSet/DkCoreProfessionGroupValueSet",
      "version" : "3.2.0",
      "status" : "active",
      "name" : "DkCoreProfessionGroupValueSet",
      "title" : "DK Profession Group",
      "description" : "DK Profession Group codes",
      "systems" : [
        "http://hl7.dk/fhir/core/CodeSystem/DkCoreProfessionGroupCodes"
      ],
      "uses" : {
      },
      "StructureDefinition-medcom-document-practitioner.html" : "MedComDocumentPractitioner"
    },
    {
      "url" : "http://hl7.dk/fhir/core/ValueSet/dk-core-MunicipalityCodes",
      "version" : "3.2.0",
      "status" : "active",
      "name" : "MunicipalityCodes",
      "title" : "DK Municipality Codes",
      "description" : "Municipality codes used in Denmark",
      "systems" : [
        "http://hl7.dk/fhir/core/CodeSystem/dk-core-municipality-codes",
        "http://hl7.dk/fhir/core/CodeSystem/dk-core-municipality-codes-greenland"
      ],
      "uses" : {
      },
      "StructureDefinition-medcom-document-organization.html" : "MedComDocumentOrganization"
    },
    {
      "url" : "http://hl7.dk/fhir/core/ValueSet/dk-core-RelatedPersonRelationshipTypes",
      "version" : "3.2.0",
      "status" : "active",
      "name" : "RelatedPersonRelationshipTypes",
      "title" : "DK Related Person Relationship Types",
      "description" : "DK Related Person Relationship Types",
      "systems" : [
        "http://terminology.hl7.org/CodeSystem/v3-RoleCode",
        "http://hl7.dk/fhir/core/CodeSystem/dk-relatedperson-relationshipcodes"
      ],
      "uses" : {
      },
      "StructureDefinition-medcom-document-patient.html" : "MedComDocumentPatient"
    },
    {
      "url" : "http://hl7.dk/fhir/core/ValueSet/dk-marital-status",
      "version" : "3.2.0",
      "status" : "active",
      "name" : null,
      "title" : "DK MaritalStatus",
      "description" : "This value set defines the set of codes that can be used to indicate the marital status of a person in Denmark.",
      "systems" : [
        "http://terminology.hl7.org/CodeSystem/v3-MaritalStatus",
        "http://hl7.dk/fhir/core/CodeSystem/dk-marital-status",
        "http://terminology.hl7.org/CodeSystem/v3-NullFlavor"
      ],
      "uses" : {
      },
      "StructureDefinition-medcom-document-patient.html" : "MedComDocumentPatient"
    },
    {
      "url" : "http://hl7.dk/fhir/core/ValueSet/sor-organization-type",
      "version" : "3.2.0",
      "status" : "active",
      "name" : "SorOrganizationType",
      "title" : "DK SOR Organization Type",
      "description" : "Value set used for indicating the organization type for organizations from SOR",
      "systems" : ["http://snomed.info/sct"],
      "uses" : {
      },
      "StructureDefinition-medcom-document-organization.html" : "MedComDocumentOrganization"
    },
    {
      "url" : "http://hl7.org/fhir/ValueSet/address-type",
      "version" : "4.0.1",
      "status" : "active",
      "name" : "AddressType",
      "title" : "AddressType",
      "description" : "The type of an address (physical / postal).",
      "systems" : ["http://hl7.org/fhir/address-type"],
      "oids" : ["2.16.840.1.113883.4.642.3.69"],
      "sources" : ["2.16.840.1.113883.4.642.3.69"],
      "uses" : {
      },
      "StructureDefinition-medcom-document-patient.html" : "MedComDocumentPatient"
    },
    {
      "url" : "http://hl7.org/fhir/ValueSet/address-use",
      "version" : "4.0.1",
      "status" : "active",
      "name" : "AddressUse",
      "title" : "AddressUse",
      "description" : "The use of an address.",
      "systems" : ["http://hl7.org/fhir/address-use"],
      "oids" : ["2.16.840.1.113883.4.642.3.67"],
      "sources" : ["2.16.840.1.113883.4.642.3.67"],
      "uses" : {
      },
      "StructureDefinition-medcom-document-patient.html" : "MedComDocumentPatient"
    },
    {
      "url" : "http://hl7.org/fhir/ValueSet/administrative-gender",
      "version" : "4.0.1",
      "status" : "active",
      "name" : "AdministrativeGender",
      "title" : "AdministrativeGender",
      "description" : "The gender of a person used for administrative purposes.",
      "systems" : ["http://hl7.org/fhir/administrative-gender"],
      "oids" : ["2.16.840.1.113883.4.642.3.1"],
      "sources" : ["2.16.840.1.113883.4.642.3.1"],
      "uses" : {
      },
      "StructureDefinition-medcom-document-practitioner.html" : "MedComDocumentPractitioner",
      "StructureDefinition-medcom-document-patient.html" : "MedComDocumentPatient"
    },
    {
      "url" : "http://hl7.org/fhir/ValueSet/bundle-type",
      "version" : "4.0.1",
      "status" : "active",
      "name" : "BundleType",
      "title" : "BundleType",
      "description" : "Indicates the purpose of a bundle - how it is intended to be used.",
      "systems" : ["http://hl7.org/fhir/bundle-type"],
      "oids" : ["2.16.840.1.113883.4.642.3.620"],
      "sources" : ["2.16.840.1.113883.4.642.3.620"],
      "uses" : {
      },
      "StructureDefinition-medcom-document-bundle.html" : "MedComDocumentBundle"
    },
    {
      "url" : "http://hl7.org/fhir/ValueSet/c80-doc-typecodes",
      "version" : "4.0.1",
      "status" : "active",
      "name" : "DocumentTypeValueSet",
      "title" : "Document Type Value Set",
      "description" : "This is the code specifying the precise type of document (e.g. Pulmonary History and  Physical, Discharge Summary, Ultrasound Report, etc.). The Document Type value set includes all LOINC  values listed in HITSP C80 Table 2-144 Document Class Value Set Definition above used for Document Class,  and all LOINC values whose SCALE is DOC in the LOINC database.",
      "systems" : ["http://loinc.org"],
      "oids" : ["2.16.840.1.113883.3.88.12.80.47"],
      "sources" : ["2.16.840.1.113883.3.88.12.80.47"],
      "uses" : {
      },
      "StructureDefinition-medcom-documentreference.html" : "MedComDocumentReference"
    },
    {
      "url" : "http://hl7.org/fhir/ValueSet/c80-facilitycodes",
      "version" : "4.0.1",
      "status" : "active",
      "name" : "FacilityTypeCodeValueSet",
      "title" : "Facility Type Code Value Set",
      "description" : "This is the code representing the type of organizational setting where the clinical encounter, service, interaction, or treatment occurred. The value set used for Healthcare Facility Type has been defined by HITSP to be the value set reproduced from HITSP C80 Table 2-147.",
      "systems" : ["http://snomed.info/sct"],
      "oids" : ["2.16.840.1.113883.3.88.12.80.67"],
      "sources" : ["2.16.840.1.113883.3.88.12.80.67"],
      "uses" : {
      },
      "StructureDefinition-medcom-documentreference.html" : "MedComDocumentReference"
    },
    {
      "url" : "http://hl7.org/fhir/ValueSet/c80-practice-codes",
      "version" : "4.0.1",
      "status" : "active",
      "name" : "PracticeSettingCodeValueSet",
      "title" : "Practice Setting Code Value Set",
      "description" : "This is the code representing the clinical specialty of the clinician or provider who interacted with, treated, or provided a service to/for the patient. The value set used for clinical specialty has been limited by HITSP to the value set reproduced from HITSP C80 Table 2-149 Clinical Specialty Value Set Definition.",
      "systems" : ["http://snomed.info/sct"],
      "oids" : ["2.16.840.1.113883.3.88.12.80.72"],
      "sources" : ["2.16.840.1.113883.3.88.12.80.72"],
      "uses" : {
      },
      "StructureDefinition-medcom-documentreference.html" : "MedComDocumentReference"
    },
    {
      "url" : "http://hl7.org/fhir/ValueSet/common-tags",
      "version" : "4.0.1",
      "status" : "draft",
      "name" : "CommonTags",
      "title" : "Common Tags",
      "description" : "Common Tag Codes defined by FHIR project",
      "systems" : ["http://terminology.hl7.org/CodeSystem/common-tags"],
      "oids" : ["2.16.840.1.113883.4.642.3.79"],
      "sources" : ["2.16.840.1.113883.4.642.3.79"],
      "uses" : {
      },
      "StructureDefinition-medcom-document-composition.html" : "MedComDocumentComposition"
    },
    {
      "url" : "http://hl7.org/fhir/ValueSet/composition-attestation-mode",
      "version" : "4.0.1",
      "status" : "draft",
      "name" : "CompositionAttestationMode",
      "title" : "CompositionAttestationMode",
      "description" : "The way in which a person authenticated a composition.",
      "systems" : ["http://hl7.org/fhir/composition-attestation-mode"],
      "oids" : ["2.16.840.1.113883.4.642.3.238"],
      "sources" : ["2.16.840.1.113883.4.642.3.238"],
      "uses" : {
      },
      "StructureDefinition-medcom-document-composition.html" : "MedComDocumentComposition"
    },
    {
      "url" : "http://hl7.org/fhir/ValueSet/composition-status",
      "version" : "4.0.1",
      "status" : "draft",
      "name" : "CompositionStatus",
      "title" : "CompositionStatus",
      "description" : "The workflow/clinical status of the composition.",
      "systems" : ["http://hl7.org/fhir/composition-status"],
      "oids" : ["2.16.840.1.113883.4.642.3.241"],
      "sources" : ["2.16.840.1.113883.4.642.3.241"],
      "uses" : {
      },
      "StructureDefinition-medcom-documentreference.html" : "MedComDocumentReference",
      "StructureDefinition-medcom-document-composition.html" : "MedComDocumentComposition"
    },
    {
      "url" : "http://hl7.org/fhir/ValueSet/contactentity-type",
      "version" : "4.0.1",
      "status" : "draft",
      "name" : "ContactEntityType",
      "title" : "Contact entity type",
      "description" : "This example value set defines a set of codes that can be used to indicate the purpose for which you would contact a contact party.",
      "systems" : ["http://terminology.hl7.org/CodeSystem/contactentity-type"],
      "oids" : ["2.16.840.1.113883.4.642.3.416"],
      "sources" : ["2.16.840.1.113883.4.642.3.416"],
      "uses" : {
      },
      "StructureDefinition-medcom-document-organization.html" : "MedComDocumentOrganization"
    },
    {
      "url" : "http://hl7.org/fhir/ValueSet/doc-section-codes",
      "version" : "4.0.1",
      "status" : "draft",
      "name" : "DocumentSectionCodes",
      "title" : "Document Section Codes",
      "description" : "Document section codes (LOINC codes used in CCDA sections).",
      "systems" : ["http://loinc.org"],
      "oids" : ["2.16.840.1.113883.4.642.3.237"],
      "sources" : ["2.16.840.1.113883.4.642.3.237"],
      "uses" : {
      },
      "StructureDefinition-medcom-document-composition.html" : "MedComDocumentComposition"
    },
    {
      "url" : "http://hl7.org/fhir/ValueSet/doc-typecodes",
      "version" : "4.0.1",
      "status" : "draft",
      "name" : "FHIRDocumentTypeCodes",
      "title" : "FHIR Document Type Codes",
      "description" : "FHIR Document Codes - all LOINC codes where scale type = 'DOC'.",
      "systems" : ["http://loinc.org"],
      "oids" : ["2.16.840.1.113883.4.642.3.240"],
      "sources" : ["2.16.840.1.113883.4.642.3.240"],
      "uses" : {
      },
      "StructureDefinition-medcom-document-composition.html" : "MedComDocumentComposition"
    },
    {
      "url" : "http://hl7.org/fhir/ValueSet/document-classcodes",
      "version" : "4.0.1",
      "status" : "active",
      "name" : "DocumentClassValueSet",
      "title" : "Document Class Value Set",
      "description" : "This is the code specifying the high-level kind of document (e.g. Prescription, Discharge Summary, Report, etc.). Note: Class code for documents comes from LOINC, and is based upon one of the following:The type of service described by the document. It is described at a very high level in Section 7.3 of the LOINC Manual. The type study performed. It was determined by identifying modalities for study reports. The section of the chart where the document is placed. It was determined from the SETs created for Claims Attachment requests.",
      "systems" : ["http://loinc.org"],
      "oids" : ["2.16.840.1.113883.3.88.12.80.46"],
      "sources" : ["2.16.840.1.113883.3.88.12.80.46"],
      "uses" : {
      },
      "StructureDefinition-medcom-document-composition.html" : "MedComDocumentComposition"
    },
    {
      "url" : "http://hl7.org/fhir/ValueSet/document-reference-status",
      "version" : "4.0.1",
      "status" : "draft",
      "name" : "DocumentReferenceStatus",
      "title" : "DocumentReferenceStatus",
      "description" : "The status of the document reference.",
      "systems" : ["http://hl7.org/fhir/document-reference-status"],
      "oids" : ["2.16.840.1.113883.4.642.3.7"],
      "sources" : ["2.16.840.1.113883.4.642.3.7"],
      "uses" : {
      },
      "StructureDefinition-medcom-documentreference.html" : "MedComDocumentReference"
    },
    {
      "url" : "http://hl7.org/fhir/ValueSet/document-relationship-type",
      "version" : "4.0.1",
      "status" : "draft",
      "name" : "DocumentRelationshipType",
      "title" : "DocumentRelationshipType",
      "description" : "The type of relationship between documents.",
      "systems" : ["http://hl7.org/fhir/document-relationship-type"],
      "oids" : ["2.16.840.1.113883.4.642.3.244"],
      "sources" : ["2.16.840.1.113883.4.642.3.244"],
      "uses" : {
      },
      "StructureDefinition-medcom-documentreference.html" : "MedComDocumentReference",
      "StructureDefinition-medcom-document-composition.html" : "MedComDocumentComposition"
    },
    {
      "url" : "http://hl7.org/fhir/ValueSet/formatcodes",
      "version" : "4.0.1",
      "status" : "active",
      "name" : "DocumentReferenceFormatCodeSet",
      "title" : "DocumentReference Format Code Set",
      "description" : "The value set is defined to be the set of format codes defined by the IHE Technical Framework, and also including additional format codes defined by the    HL7. The value set is listed in HITSP C80 Table 2-153 Format Code Value Set Definition,    with additions published later by IHE as published    at http://wiki.ihe.net/index.php?title=IHE_Format_Codes   and with additions published later by HL7 as published at https://confluence.hl7.org/display/SD/Format+Codes+for+IHE+XDS.   This is the code specifying the technical format of the document. Along with the typeCode,    it should provide sufficient information to allow any potential document consumer to know    if it will be able to process the document. The code shall be sufficiently specific to    ensure processing/display by identifying a document encoding, structure and template. The actual list of codes here is incomplete",
      "systems" : ["http://ihe.net/fhir/ValueSet/IHE.FormatCode.codesystem"],
      "oids" : ["1.3.6.1.4.1.19376.1.2.7.1"],
      "sources" : ["1.3.6.1.4.1.19376.1.2.7.1"],
      "uses" : {
      },
      "StructureDefinition-medcom-documentreference.html" : "MedComDocumentReference"
    },
    {
      "url" : "http://hl7.org/fhir/ValueSet/http-verb",
      "version" : "4.0.1",
      "status" : "active",
      "name" : "HTTPVerb",
      "title" : "HTTPVerb",
      "description" : "HTTP verbs (in the HTTP command line). See [HTTP rfc](https://tools.ietf.org/html/rfc7231) for details.",
      "systems" : ["http://hl7.org/fhir/http-verb"],
      "oids" : ["2.16.840.1.113883.4.642.3.624"],
      "sources" : ["2.16.840.1.113883.4.642.3.624"],
      "uses" : {
      },
      "StructureDefinition-medcom-document-bundle.html" : "MedComDocumentBundle"
    },
    {
      "url" : "http://hl7.org/fhir/ValueSet/identifier-type",
      "version" : "4.0.1",
      "status" : "active",
      "name" : "Identifier Type Codes",
      "title" : "IdentifierType",
      "description" : "A coded type for an identifier that can be used to determine which identifier to use for a specific purpose.",
      "systems" : ["http://terminology.hl7.org/CodeSystem/v2-0203"],
      "oids" : ["2.16.840.1.113883.4.642.3.45"],
      "sources" : ["2.16.840.1.113883.4.642.3.45"],
      "uses" : {
      },
      "StructureDefinition-medcom-documentreference.html" : "MedComDocumentReference",
      "StructureDefinition-medcom-document-patient.html" : "MedComDocumentPatient",
      "StructureDefinition-medcom-document-organization.html" : "MedComDocumentOrganization"
    },
    {
      "url" : "http://hl7.org/fhir/ValueSet/identifier-use",
      "version" : "4.0.1",
      "status" : "active",
      "name" : "IdentifierUse",
      "title" : "IdentifierUse",
      "description" : "Identifies the purpose for this identifier, if known .",
      "systems" : ["http://hl7.org/fhir/identifier-use"],
      "oids" : ["2.16.840.1.113883.4.642.3.57"],
      "sources" : ["2.16.840.1.113883.4.642.3.57"],
      "uses" : {
      },
      "StructureDefinition-medcom-documentreference.html" : "MedComDocumentReference",
      "StructureDefinition-medcom-document-patient.html" : "MedComDocumentPatient",
      "StructureDefinition-medcom-document-organization.html" : "MedComDocumentOrganization"
    },
    {
      "url" : "http://hl7.org/fhir/ValueSet/languages",
      "version" : "4.0.1",
      "status" : "draft",
      "name" : "CommonLanguages",
      "title" : "Common Languages",
      "description" : "This value set includes common codes from BCP-47 (http://tools.ietf.org/html/bcp47)",
      "systems" : ["urn:ietf:bcp:47"],
      "oids" : ["2.16.840.1.113883.4.642.3.20"],
      "sources" : ["2.16.840.1.113883.4.642.3.20"],
      "uses" : {
      },
      "StructureDefinition-medcom-document-practitioner.html" : "MedComDocumentPractitioner",
      "StructureDefinition-medcom-documentreference.html" : "MedComDocumentReference",
      "StructureDefinition-medcom-document-bundle.html" : "MedComDocumentBundle",
      "StructureDefinition-medcom-document-patient.html" : "MedComDocumentPatient",
      "StructureDefinition-medcom-document-organization.html" : "MedComDocumentOrganization",
      "StructureDefinition-medcom-document-composition.html" : "MedComDocumentComposition"
    },
    {
      "url" : "http://hl7.org/fhir/ValueSet/link-type",
      "version" : "4.0.1",
      "status" : "active",
      "name" : "LinkType",
      "title" : "LinkType",
      "description" : "The type of link between this patient resource and another patient resource.",
      "systems" : ["http://hl7.org/fhir/link-type"],
      "oids" : ["2.16.840.1.113883.4.642.3.423"],
      "sources" : ["2.16.840.1.113883.4.642.3.423"],
      "uses" : {
      },
      "StructureDefinition-medcom-document-patient.html" : "MedComDocumentPatient"
    },
    {
      "url" : "http://hl7.org/fhir/ValueSet/list-empty-reason",
      "version" : "4.0.1",
      "status" : "draft",
      "name" : "ListEmptyReasons",
      "title" : "List Empty Reasons",
      "description" : "General reasons for a list to be empty. Reasons are either related to a summary list (i.e. problem or medication list) or to a workflow related list (i.e. consultation list).",
      "systems" : ["http://terminology.hl7.org/CodeSystem/list-empty-reason"],
      "oids" : ["2.16.840.1.113883.4.642.3.322"],
      "sources" : ["2.16.840.1.113883.4.642.3.322"],
      "uses" : {
      },
      "StructureDefinition-medcom-document-composition.html" : "MedComDocumentComposition"
    },
    {
      "url" : "http://hl7.org/fhir/ValueSet/list-mode",
      "version" : "4.0.1",
      "status" : "draft",
      "name" : "ListMode",
      "title" : "ListMode",
      "description" : "The processing mode that applies to this list.",
      "systems" : ["http://hl7.org/fhir/list-mode"],
      "oids" : ["2.16.840.1.113883.4.642.3.318"],
      "sources" : ["2.16.840.1.113883.4.642.3.318"],
      "uses" : {
      },
      "StructureDefinition-medcom-document-composition.html" : "MedComDocumentComposition"
    },
    {
      "url" : "http://hl7.org/fhir/ValueSet/list-order",
      "version" : "4.0.1",
      "status" : "draft",
      "name" : "ListOrderCodes",
      "title" : "List Order Codes",
      "description" : "Base values for the order of the items in a list resource.",
      "systems" : ["http://terminology.hl7.org/CodeSystem/list-order"],
      "oids" : ["2.16.840.1.113883.4.642.3.324"],
      "sources" : ["2.16.840.1.113883.4.642.3.324"],
      "uses" : {
      },
      "StructureDefinition-medcom-document-composition.html" : "MedComDocumentComposition"
    },
    {
      "url" : "http://hl7.org/fhir/ValueSet/name-use",
      "version" : "4.0.1",
      "status" : "active",
      "name" : "NameUse",
      "title" : "NameUse",
      "description" : "The use of a human name.",
      "systems" : ["http://hl7.org/fhir/name-use"],
      "oids" : ["2.16.840.1.113883.4.642.3.65"],
      "sources" : ["2.16.840.1.113883.4.642.3.65"],
      "uses" : {
      },
      "StructureDefinition-medcom-document-practitioner.html" : "MedComDocumentPractitioner",
      "StructureDefinition-medcom-document-patient.html" : "MedComDocumentPatient"
    },
    {
      "url" : "http://hl7.org/fhir/ValueSet/resource-types",
      "version" : "4.0.1",
      "status" : "active",
      "name" : "ResourceType",
      "title" : "ResourceType",
      "description" : "One of the resource types defined as part of this version of FHIR.",
      "systems" : ["http://hl7.org/fhir/resource-types"],
      "oids" : ["2.16.840.1.113883.4.642.3.27"],
      "sources" : ["2.16.840.1.113883.4.642.3.27"],
      "uses" : {
      },
      "StructureDefinition-medcom-document-patient.html" : "MedComDocumentPatient"
    },
    {
      "url" : "http://hl7.org/fhir/ValueSet/search-entry-mode",
      "version" : "4.0.1",
      "status" : "active",
      "name" : "SearchEntryMode",
      "title" : "SearchEntryMode",
      "description" : "Why an entry is in the result set - whether it's included as a match or because of an _include requirement, or to convey information or warning information about the search process.",
      "systems" : ["http://hl7.org/fhir/search-entry-mode"],
      "oids" : ["2.16.840.1.113883.4.642.3.622"],
      "sources" : ["2.16.840.1.113883.4.642.3.622"],
      "uses" : {
      },
      "StructureDefinition-medcom-document-bundle.html" : "MedComDocumentBundle"
    },
    {
      "url" : "http://hl7.org/fhir/ValueSet/security-labels",
      "version" : "4.0.1",
      "status" : "active",
      "name" : "All Security Labels",
      "title" : "SecurityLabels",
      "description" : "A single value set for all security labels defined by FHIR.",
      "systems" : [
        "http://terminology.hl7.org/CodeSystem/v3-ActReason",
        "http://terminology.hl7.org/CodeSystem/v3-ActUSPrivacyLaw",
        "http://terminology.hl7.org/CodeSystem/v3-ObservationValue",
        "http://terminology.hl7.org/CodeSystem/v3-ActCode",
        "http://terminology.hl7.org/CodeSystem/v3-Confidentiality"
      ],
      "oids" : ["2.16.840.1.113883.4.642.3.47"],
      "sources" : ["2.16.840.1.113883.4.642.3.47"],
      "uses" : {
      },
      "StructureDefinition-medcom-documentreference.html" : "MedComDocumentReference",
      "StructureDefinition-medcom-document-composition.html" : "MedComDocumentComposition"
    },
    {
      "url" : "http://medcomfhir.dk/ig/xdsmetadata/ValueSet/MedCom-ihe-core-HealthcareFacilityTypeCode-VS",
      "version" : "1.0.0",
      "status" : "active",
      "name" : "MedComIHE_CoreHealthcareFacilityTypeCode",
      "title" : "IHE HealthcareFacilityTypeCode",
      "description" : "Value set for healthcare facility type code represents the type of organizational setting of the clinical encounter during which the documented act occurred.",
      "systems" : ["urn:oid:2.16.840.1.113883.6.96"],
      "uses" : {
      },
      "StructureDefinition-medcom-documentreference.html" : "MedComDocumentReference"
    },
    {
      "url" : "http://medcomfhir.dk/ig/xdsmetadata/ValueSet/MedCom-ihe-core-PracticeSettingCode-VS",
      "version" : "1.0.0",
      "status" : "active",
      "name" : "MedComIHE_CorePracticeSettingCode",
      "title" : "IHE PracticeSettingCode",
      "description" : "Values used for the document metadata attribute practiceSettingCode, which is an attribute specifying the clinical specialty where the act that resulted in the document was performed (e.g., Family Practice, Laboratory, Radiology). The value set is based on a subset of the code list from the SOR lookup table 'SOR-Kliniske specialer' (https://sor.sum.dsdn.dk/lookupdata/#clinical_speciality, accessable on Sundhedsdatanettet (SDN)), which is based on SNOMED codes. ",
      "systems" : ["urn:oid:2.16.840.1.113883.6.96"],
      "uses" : {
      },
      "StructureDefinition-medcom-documentreference.html" : "MedComDocumentReference"
    },
    {
      "url" : "http://medcomfhir.dk/ig/xdsmetadata/ValueSet/MedCom-ihe-core-classcode-VS",
      "version" : "1.0.0",
      "status" : "active",
      "name" : "MedComIHE_CoreClassCode",
      "title" : "IHE ClassCode",
      "description" : "Value set for the classCode attribute. classCode used in DK IHE Document sharing",
      "systems" : ["urn:oid:1.2.208.184.100.9"],
      "uses" : {
      },
      "StructureDefinition-medcom-documentreference.html" : "MedComDocumentReference"
    },
    {
      "url" : "http://medcomfhir.dk/ig/xdsmetadata/ValueSet/MedCom-ihe-core-languagecode-VS",
      "version" : "1.0.0",
      "status" : "active",
      "name" : "MedComIHE_CoreLanguageCode",
      "title" : "IHE LanguageCode",
      "description" : "Tags for the Identification of Languages (RFC 3066)",
      "systems" : ["urn:oid:2.16.840.1.113883.6.121"],
      "uses" : {
      },
      "StructureDefinition-medcom-documentreference.html" : "MedComDocumentReference"
    },
    {
      "url" : "http://medcomfhir.dk/ig/xdsmetadata/ValueSet/MedCom-ihe-core-mimetype-VS",
      "version" : "1.0.0",
      "status" : "active",
      "name" : "MedComIHE_CoreMimeType",
      "title" : "IHE MimeType",
      "description" : "Values for the document metadata attribute mimeType",
      "systems" : ["urn:oid:2.16.840.1.113883.5.79"],
      "uses" : {
      },
      "StructureDefinition-medcom-documentreference.html" : "MedComDocumentReference"
    },
    {
      "url" : "http://terminology.hl7.org/ValueSet/v2-2.7-0360",
      "version" : "0360",
      "status" : "active",
      "name" : "v2.0360.2.7",
      "title" : "v2 table 0360, Version 2.7",
      "description" : "FHIR Value set/code system definition for HL7 v2 table 0360 ver 2.9 ( Degree/License/Certificate)",
      "systems" : ["http://terminology.hl7.org/CodeSystem/v2-0360|2.7"],
      "uses" : {
      },
      "StructureDefinition-medcom-document-practitioner.html" : "MedComDocumentPractitioner"
    },
    {
      "url" : "http://terminology.hl7.org/ValueSet/v3-ActCode",
      "version" : "3.0.0",
      "status" : "active",
      "name" : "ActCode",
      "title" : "v3 Code System ActCode",
      "description" : "A code specifying the particular kind of Act that the Act-instance represents within its class.  Constraints:\r\nThe kind of Act (e.g. physical examination, serum potassium, inpatient encounter, charge financial transaction, etc.) is specified with a code from one of several, typically external, coding systems.  The coding system will depend on the class of Act, such as LOINC for observations, etc. Conceptually, the Act.code must be a specialization of the Act.classCode. This is why the structure of ActClass domain should be reflected in the superstructure of the ActCode domain and then individual codes or externally referenced vocabularies subordinated under these domains that reflect the ActClass structure. Act.classCode and Act.code are not modifiers of each other but the Act.code concept should really imply the Act.classCode concept. For a negative example, it is not appropriate to use an Act.code \"potassium\" together with and Act.classCode for \"laboratory observation\" to somehow mean \"potassium laboratory observation\" and then use the same Act.code for \"potassium\" together with Act.classCode for \"medication\" to mean \"substitution of potassium\". This mutually modifying use of Act.code and Act.classCode is not permitted.",
      "systems" : ["http://terminology.hl7.org/CodeSystem/v3-ActCode"],
      "uses" : {
      },
      "StructureDefinition-medcom-documentreference.html" : "MedComDocumentReference",
      "StructureDefinition-medcom-document-composition.html" : "MedComDocumentComposition"
    },
    {
      "url" : "http://terminology.hl7.org/ValueSet/v3-ConfidentialityClassification",
      "version" : "2014-03-26",
      "status" : "active",
      "name" : "v3.ConfidentialityClassification",
      "title" : "V3 Value SetConfidentialityClassification",
      "description" : " Set of codes used to value Act.Confidentiality and Role.Confidentiality attribute in accordance with the definition for concept domain \"Confidentiality\".",
      "systems" : ["http://terminology.hl7.org/CodeSystem/v3-Confidentiality"],
      "oids" : ["2.16.840.1.113883.1.11.10228"],
      "sources" : ["2.16.840.1.113883.1.11.10228"],
      "uses" : {
      },
      "StructureDefinition-medcom-document-composition.html" : "MedComDocumentComposition"
    }
  ]
}
