{
  "resourceType" : "ValueSet",
  "id" : "MedCom-ihe-core-typecode-VS-TEMP",
  "text" : {
    "status" : "generated",
    "div" : "<div xmlns=\"http://www.w3.org/1999/xhtml\"><p class=\"res-header-id\"><b>Generated Narrative: ValueSet MedCom-ihe-core-typecode-VS-TEMP</b></p><a name=\"MedCom-ihe-core-typecode-VS-TEMP\"> </a><a name=\"hcMedCom-ihe-core-typecode-VS-TEMP\"> </a><p>This value set includes codes based on the following rules:</p><ul><li>Include these codes as defined in <a href=\"http://loinc.org\"><code>http://loinc.org</code></a><table class=\"none\"><tr><td style=\"white-space:nowrap\"><b>Code</b></td><td><b>Display</b></td></tr><tr><td><a href=\"https://loinc.org/53576-5/\">53576-5</a></td><td>Personal health monitoring report Document</td></tr><tr><td><a href=\"https://loinc.org/74468-0/\">74468-0</a></td><td>Questionnaire Form Definition Document</td></tr><tr><td><a href=\"https://loinc.org/56446-8/\">56446-8</a></td><td>Appointment Summary Document</td></tr><tr><td><a href=\"https://loinc.org/39289-4/\">39289-4</a></td><td>Follow-up (referred to) provider /specialist, appointment date CPHS</td></tr><tr><td><a href=\"https://loinc.org/39290-2/\">39290-2</a></td><td>Follow-up (referred to) program, appointment date CPHS</td></tr><tr><td><a href=\"https://loinc.org/103140-0/\">103140-0</a></td><td>Personal health attachment Document</td></tr><tr><td><a href=\"https://loinc.org/74465-6/\">74465-6</a></td><td>Questionnaire Response Document</td></tr><tr><td><a href=\"https://loinc.org/11450-4/\">11450-4</a></td><td>Problem list - Reported</td></tr><tr><td><a href=\"https://loinc.org/81215-6/\">81215-6</a></td><td>Care plan - recommended C-CDA R2.0 and R2.1 sections</td></tr><tr><td><a href=\"https://loinc.org/11502-2/\">11502-2</a></td><td>Laboratory report</td></tr><tr><td><a href=\"https://loinc.org/57059-8/\">57059-8</a></td><td>Pregnancy visit summary note Narrative</td></tr><tr><td><a href=\"https://loinc.org/28615-3/\">28615-3</a></td><td>Audiology Study</td></tr><tr><td><a href=\"https://loinc.org/11524-6/\">11524-6</a></td><td>EKG study</td></tr></table></li><li>Include these codes as defined in <a href=\"CodeSystem-MedCom-message-codes-CS-TEMP.html\"><code>http://medcomfhir.dk/ig/document/CodeSystem/MedCom-message-codes-CS-TEMP</code></a><table class=\"none\"><tr><td style=\"white-space:nowrap\"><b>Code</b></td><td><b>Display</b></td></tr><tr><td><a href=\"CodeSystem-MedCom-message-codes-CS-TEMP.html#MedCom-message-codes-CS-TEMP-CMR\">CMR</a></td><td>Clinical Mesurement Report</td></tr><tr><td><a href=\"CodeSystem-MedCom-message-codes-CS-TEMP.html#MedCom-message-codes-CS-TEMP-PDC\">PDC</a></td><td>Stamkort</td></tr><tr><td><a href=\"CodeSystem-MedCom-message-codes-CS-TEMP.html#MedCom-message-codes-CS-TEMP-MADC\">MADC</a></td><td>MADC</td></tr><tr><td><a href=\"CodeSystem-MedCom-message-codes-CS-TEMP.html#MedCom-message-codes-CS-TEMP-PRF\">PRF</a></td><td>Pregnancy Referral Form</td></tr><tr><td><a href=\"CodeSystem-MedCom-message-codes-CS-TEMP.html#MedCom-message-codes-CS-TEMP-PSCR\">PSCR</a></td><td>Pregnancy Shared Care Report</td></tr><tr><td><a href=\"CodeSystem-MedCom-message-codes-CS-TEMP.html#MedCom-message-codes-CS-TEMP-PMR\">PMR</a></td><td>Pregnancy Measurement Report</td></tr></table></li></ul></div>"
  },
  "url" : "http://medcomfhir.dk/ig/document/ValueSet/MedCom-ihe-core-typecode-VS-TEMP",
  "version" : "2.0.0",
  "name" : "MedComIHE_CoreTypeCode_TEMP",
  "title" : "IHE TypeCode_TEMP",
  "status" : "active",
  "experimental" : false,
  "date" : "2026-01-01",
  "publisher" : "MedCom",
  "contact" : [{
    "name" : "MedCom",
    "telecom" : [{
      "system" : "url",
      "value" : "http://www.medcom.dk"
    },
    {
      "system" : "email",
      "value" : "fhir@medcom.dk"
    }]
  }],
  "description" : "_TEMP ValueSet containing TypeCode.",
  "jurisdiction" : [{
    "coding" : [{
      "system" : "urn:iso:std:iso:3166",
      "code" : "DK",
      "display" : "Denmark"
    }]
  }],
  "compose" : {
    "include" : [{
      "system" : "http://loinc.org",
      "concept" : [{
        "code" : "53576-5",
        "display" : "Personal health monitoring report Document"
      },
      {
        "code" : "74468-0",
        "display" : "Questionnaire Form Definition Document"
      },
      {
        "code" : "56446-8",
        "display" : "Appointment Summary Document"
      },
      {
        "code" : "39289-4",
        "display" : "Follow-up (referred to) provider /specialist, appointment date CPHS"
      },
      {
        "code" : "39290-2",
        "display" : "Follow-up (referred to) program, appointment date CPHS"
      },
      {
        "code" : "103140-0",
        "display" : "Personal health attachment Document"
      },
      {
        "code" : "74465-6",
        "display" : "Questionnaire Response Document"
      },
      {
        "code" : "11450-4",
        "display" : "Problem list - Reported"
      },
      {
        "code" : "81215-6",
        "display" : "Care plan - recommended C-CDA R2.0 and R2.1 sections"
      },
      {
        "code" : "11502-2",
        "display" : "Laboratory report"
      },
      {
        "code" : "57059-8",
        "display" : "Pregnancy visit summary note Narrative"
      },
      {
        "code" : "28615-3",
        "display" : "Audiology Study"
      },
      {
        "code" : "11524-6",
        "display" : "EKG study"
      }]
    },
    {
      "system" : "http://medcomfhir.dk/ig/document/CodeSystem/MedCom-message-codes-CS-TEMP",
      "concept" : [{
        "code" : "CMR",
        "display" : "Clinical Mesurement Report"
      },
      {
        "code" : "PDC",
        "display" : "Stamkort"
      },
      {
        "code" : "MADC",
        "display" : "MADC"
      },
      {
        "code" : "PRF",
        "display" : "Pregnancy Referral Form"
      },
      {
        "code" : "PSCR",
        "display" : "Pregnancy Shared Care Report"
      },
      {
        "code" : "PMR",
        "display" : "Pregnancy Measurement Report"
      }]
    }]
  }
}