URL,Version,Status,OIDs,Name,Title,Descriptino,Uses,Used,Sources
http://medcomfhir.dk/ig/document/ValueSet/MedCom-ihe-core-HealthcareFacilityTypeCode-VS-TEMP,2.0.0,active,,MedComIHE_CoreHealthcareFacilityTypeCode_TEMP,IHE HealthcareFacilityTypeCode_TEMP,"_TEMP Value set for healthcare facility type code represents the type of organizational setting of the clinical encounter during which the documented act occurred.",,"SCT"
http://medcomfhir.dk/ig/document/ValueSet/MedCom-ihe-core-PracticeSettingCode-VS-TEMP,2.0.0,active,,MedComIHE_CorePracticeSettingCode_TEMP,IHE PracticeSettingCode_TEMP,"_TEMP Values used for the document metadata attribute practiceSettingCode, which is an attribute specifying the clinical specialty where the act that resulted in the document was performed (e.g., Family Practice, Laboratory, Radiology). The value set is based on a subset of the code list from the SOR lookup table 'SOR-Kliniske specialer' (https://sor.sum.dsdn.dk/lookupdata/#clinical_speciality, accessable on Sundhedsdatanettet (SDN)), which is based on SNOMED codes. ",,"SCT"
http://medcomfhir.dk/ig/document/ValueSet/MedCom-ihe-core-classcode-VS-TEMP,2.0.0,active,,MedComIHE_CoreClassCode_TEMP,IHE ClassCode_TEMP,"_TEMP Value set for the classCode attribute. classCode used in DK IHE Document sharing",,"Internal"
http://medcomfhir.dk/ig/document/ValueSet/MedCom-ihe-core-confidentialitycode-VS-TEMP,2.0.0,active,,MedComIHE_CoreConfidentialityCode_TEMP,IHE ConfidentialityCode_TEMP,"_TEMP Confidentiality code used in Danish Document sharing.",,"THO (V3)"
http://medcomfhir.dk/ig/document/ValueSet/MedCom-ihe-core-formatcode-VS-TEMP,2.0.0,active,,MedComIHE_CoreFormatCode_VS_TEMP,IHE FormatCode_TEMP,"_TEMP ValueSet containing FormatCodes defines by MedCom.",,"Internal"
http://medcomfhir.dk/ig/document/ValueSet/MedCom-ihe-core-homeCommunityId-VS-TEMP,2.0.0,active,,MedComIHE_CoreDkHomeCommunityId_TEMP,_TEMP IHE HomeCommunityId,"_TEMP List of operational and in production home communities (XCA) in Danish Document Sharing",,"Internal"
http://medcomfhir.dk/ig/document/ValueSet/MedCom-ihe-core-languagecode-VS-TEMP,2.0.0,active,,MedComIHE_CoreLanguageCode_TEMP,IHE LanguageCode_TEMP,"_TEMP Tags for the Identification of Languages (RFC 3066)",,"hl7.terminology.r4"
http://medcomfhir.dk/ig/document/ValueSet/MedCom-ihe-core-mimetype-VS-TEMP,2.0.0,active,,MedComIHE_CoreMimeType_TEMP,IHE MimeType_TEMP,"_TEMP Values for the document metadata attribute mimeType",,"Other"
http://medcomfhir.dk/ig/document/ValueSet/MedCom-ihe-core-typecode-VS-TEMP,2.0.0,active,,MedComIHE_CoreTypeCode_TEMP,IHE TypeCode_TEMP,"_TEMP ValueSet containing TypeCode.",,"Internal,LOINC"
