URL,Version,Status,OIDs,Name,Title,Description,Used
http://medcomfhir.dk/ig/terminology/CodeSystem/medcom-core-interpretation-codes,2.0.0-draft,active,,MedComCoreInterpretationCodes,MedComCoreInterpretationCodes,"CodeSystem with code for interpretation of an observation","ValueSet/medcom-core-interpreation-valueset"
http://medcomfhir.dk/ig/terminology/CodeSystem/medcom-observation-codes,2.0.0-draft,draft,,MedComObservationCodes,MedComObservationCodes,"CodeSystem with observations codes used in HomeCareObservation","ValueSet/medcom-observation-valueset"
http://terminology.hl7.org/CodeSystem/v3-ObservationInterpretation,3.0.0,active,"2.16.840.1.113883.5.83",ObservationInterpretation,ObservationInterpretation,"One or more codes providing a rough qualitative interpretation of the observation, such as ""normal"" / ""abnormal"", ""low"" / ""high"", ""better"" / ""worse"", ""resistant"" / ""susceptible"", ""expected"" / ""not expected"". The value set is intended to be for ANY use where coded representation of an interpretation is needed.","ValueSet/medcom-core-interpreation-valueset"
urn:oid:1.2.208.176.2.1,3.4.0,active,"1.2.208.176.2.1",NPU,DK NPU Subset,"DK NPU Subsetted code system used in DK Core. The full version of NPU can be found at http://labterm.dk","ValueSet/npu-observation-codes-valueset"
