{
  "resourceType" : "CodeSystem",
  "id" : "ff2fa17d-1e53-45cc-95dd-3659cece5dd3-23",
  "url" : "http://hl7.org/fhir/comparison/CodeSystem/ff2fa17d-1e53-45cc-95dd-3659cece5dd3-23",
  "name" : "UnionMedComMessagingSorEdiSystemAndMedComMessagingSorEdiSystem",
  "title" : "Union of MedComMessagingSorEdiCodeSystem And MedComMessagingSorEdiCodeSystem",
  "status" : "active",
  "date" : "2022-11-21T11:11:07+01:00",
  "jurisdiction" : [{
    "coding" : [{
      "system" : "urn:iso:std:iso:3166",
      "code" : "DK",
      "display" : "Denmark"
    }]
  }],
  "concept" : [{
    "code" : "FDIS20",
    "display" : "Care Communication Message (Korrepondance meddelelse)"
  },
  {
    "code" : "FDIS91",
    "display" : "Hospital Notification Message (Advis om Sygehusophold)"
  }]
}