{
  "resourceType" : "ValueSet",
  "id" : "ff2fa17d-1e53-45cc-95dd-3659cece5dd3-51",
  "url" : "http://hl7.org/fhir/comparison/ValueSet/ff2fa17d-1e53-45cc-95dd-3659cece5dd3-51",
  "name" : "IntersectionMedComHospitalNotificationEncounterClassAndMedComHospitalNotificationEncounterClass",
  "title" : "Intersection of MedComHospitalNotificationEncounterClassCodes And MedComHospitalNotificationEncounterClassCodes",
  "status" : "active",
  "date" : "2022-11-21T11:11:08+01:00",
  "compose" : {
    "include" : [{
      "concept" : [{
        "code" : "EMER",
        "display" : "emergency"
      },
      {
        "code" : "IMP",
        "display" : "inpatient encounter"
      }]
    }]
  },
  "expansion" : {
    "contains" : [{
      "system" : "http://terminology.hl7.org/CodeSystem/v3-ActCode",
      "code" : "EMER",
      "display" : "emergency"
    },
    {
      "system" : "http://terminology.hl7.org/CodeSystem/v3-ActCode",
      "code" : "IMP",
      "display" : "inpatient encounter"
    }]
  }
}