<?xml version="1.0" encoding="UTF-8"?>

<MessageHeader xmlns="http://hl7.org/fhir">
  <id value="e9f4cc68-b1b7-46b2-ba74-7cc39a914bfa"/>
  <meta>
    <profile value="http://medcomfhir.dk/ig/homecareobservation/StructureDefinition/medcom-homecareobservation-messageheader"/>
  </meta>
  <text>
    <status value="generated"/><div xmlns="http://www.w3.org/1999/xhtml"><p class="res-header-id"><b>Generated Narrative: MessageHeader e9f4cc68-b1b7-46b2-ba74-7cc39a914bfa</b></p><a name="e9f4cc68-b1b7-46b2-ba74-7cc39a914bfa"> </a><a name="hce9f4cc68-b1b7-46b2-ba74-7cc39a914bfa"> </a><a name="e9f4cc68-b1b7-46b2-ba74-7cc39a914bfa-da-DK"> </a><div style="display: inline-block; background-color: #d9e0e7; padding: 6px; margin: 4px; border: 1px solid #8da1b4; border-radius: 5px; line-height: 60%"><p style="margin-bottom: 0px"/><p style="margin-bottom: 0px">Profile: <a href="StructureDefinition-medcom-homecareobservation-messageheader.html">MedComHomeCareObservationMessageHeader</a></p></div><p><b>event</b>: <a href="http://medcomfhir.dk/ig/terminology/2.0.0-draft/CodeSystem-medcom-messaging-eventCodes.html#medcom-messaging-eventCodes-homecareobservation-message">MedComMessagingEventCodes homecareobservation-message</a>: HomeCare Observation Message</p><h3>Destinations</h3><table class="grid"><tr><td style="display: none">-</td><td><b>Extension</b></td><td><b>Endpoint</b></td><td><b>Receiver</b></td></tr><tr><td style="display: none">*</td><td/><td><a href="https://sor2.sum.dsdn.dk/#id=52581000016005">https://sor2.sum.dsdn.dk/#id=52581000016005</a></td><td><a href="Organization-d1c1fa90-2c7e-4dd7-b2e8-e40281635a98.html">Organization Skødstrup Lægepraksis</a></td></tr></table><p><b>sender</b>: <a href="Organization-72cc3a2c-1dda-4b95-b50a-0f7ac19640f4.html">Organization Pleje og Rehabilitering</a></p><h3>Sources</h3><table class="grid"><tr><td style="display: none">-</td><td><b>Endpoint</b></td></tr><tr><td style="display: none">*</td><td><a href="https://sor2.sum.dsdn.dk/#id=1144561000016002">https://sor2.sum.dsdn.dk/#id=1144561000016002</a></td></tr></table><p><b>focus</b>: <a href="DiagnosticReport-6d08f000-33cc-41f3-a7c2-c086d53d31a7.html">Diagnostic Report for 'HomeCareDiagnosticReport' for '-&gt;Elmer (official) (no stated gender), DoB Unknown ( urn:oid:1.2.208.176.1.2#2509479989)'</a></p><p><b>definition</b>: <a href="http://medcomfhir.dk/ig/messagedefinitions/1.0.0-trial-use/MessageDefinition-MedComHomeCareObservationMessageDefinition1.1.html">http://medcomfhir.dk/ig/messagedefinitions/MessageDefinition/MedComHomeCareObservationMessageDefinition1.1</a></p></div>
  </text>
  <eventCoding>
    <system value="http://medcomfhir.dk/ig/terminology/CodeSystem/medcom-messaging-eventCodes"/>
    <code value="homecareobservation-message"/>
  </eventCoding>
  <destination>
    <extension url="http://medcomfhir.dk/ig/messaging/StructureDefinition/medcom-messaging-destinationUseExtension">
      <valueCoding>
        <system value="http://medcomfhir.dk/ig/terminology/CodeSystem/medcom-messaging-destinationUse"/>
        <code value="primary"/>
      </valueCoding>
    </extension>
    <endpoint value="https://sor2.sum.dsdn.dk/#id=52581000016005"/>
    <receiver>
      <reference value="Organization/d1c1fa90-2c7e-4dd7-b2e8-e40281635a98"/>
    </receiver>
  </destination>
  <sender>
    <reference value="Organization/72cc3a2c-1dda-4b95-b50a-0f7ac19640f4"/>
  </sender>
  <source>
    <endpoint value="https://sor2.sum.dsdn.dk/#id=1144561000016002"/>
  </source>
  <focus>
    <reference value="DiagnosticReport/6d08f000-33cc-41f3-a7c2-c086d53d31a7"/>
  </focus>
  <definition value="http://medcomfhir.dk/ig/messagedefinitions/MessageDefinition/MedComHomeCareObservationMessageDefinition1.1"/>
</MessageHeader>