<?xml version="1.0" encoding="UTF-8"?>

<MessageHeader xmlns="http://hl7.org/fhir">
  <id value="8dbf63f4-b784-4d40-8802-c1bdb1ecfa63"/>
  <meta>
    <profile value="http://medcomfhir.dk/ig/homecareobservation/StructureDefinition/medcom-homecareobservation-messageheader"/>
  </meta>
  <text>
    <status value="generated"/><div xmlns="http://www.w3.org/1999/xhtml"><p class="res-header-id"><b>Generated Narrative: MessageHeader 8dbf63f4-b784-4d40-8802-c1bdb1ecfa63</b></p><a name="8dbf63f4-b784-4d40-8802-c1bdb1ecfa63"> </a><a name="hc8dbf63f4-b784-4d40-8802-c1bdb1ecfa63"> </a><a name="8dbf63f4-b784-4d40-8802-c1bdb1ecfa63-da-DK"> </a><div style="display: inline-block; background-color: #d9e0e7; padding: 6px; margin: 4px; border: 1px solid #8da1b4; border-radius: 5px; line-height: 60%"><p style="margin-bottom: 0px"/><p style="margin-bottom: 0px">Profile: <a href="StructureDefinition-medcom-homecareobservation-messageheader.html">MedComHomeCareObservationMessageHeader</a></p></div><p><b>event</b>: <a href="http://medcomfhir.dk/ig/terminology/2.0.0-draft/CodeSystem-medcom-messaging-eventCodes.html#medcom-messaging-eventCodes-homecareobservation-message">MedComMessagingEventCodes homecareobservation-message</a>: HomeCare Observation Message</p><h3>Destinations</h3><table class="grid"><tr><td style="display: none">-</td><td><b>Extension</b></td><td><b>Endpoint</b></td><td><b>Receiver</b></td></tr><tr><td style="display: none">*</td><td/><td><a href="https://sor2.sum.dsdn.dk/#id=52581000016005">https://sor2.sum.dsdn.dk/#id=52581000016005</a></td><td><a href="Organization-42541447-b58c-4a1a-9514-02b80494bbd3.html">Organization Skødstrup Lægepraksis</a></td></tr></table><p><b>sender</b>: <a href="Organization-ef5cb9a6-835f-4d18-a34e-179c578b9a2a.html">Organization Pleje og Rehabilitering</a></p><h3>Sources</h3><table class="grid"><tr><td style="display: none">-</td><td><b>Endpoint</b></td></tr><tr><td style="display: none">*</td><td><a href="https://sor2.sum.dsdn.dk/#id=1144561000016002">https://sor2.sum.dsdn.dk/#id=1144561000016002</a></td></tr></table><p><b>focus</b>: <a href="DiagnosticReport-870333ac-3134-4ae6-8257-86e0b0537c5f.html">Diagnostic Report for 'HomeCareDiagnosticReport' for '-&gt;Elmer (official) (no stated gender), DoB Unknown ( urn:oid:1.2.208.176.1.2#2509479989)'</a></p><p><b>definition</b>: <a href="http://medcomfhir.dk/ig/messagedefinitions/1.0.0-trial-use/MessageDefinition-MedComHomeCareObservationMessageDefinition1.1.html">http://medcomfhir.dk/ig/messagedefinitions/MessageDefinition/MedComHomeCareObservationMessageDefinition1.1</a></p></div>
  </text>
  <eventCoding>
    <system value="http://medcomfhir.dk/ig/terminology/CodeSystem/medcom-messaging-eventCodes"/>
    <code value="homecareobservation-message"/>
  </eventCoding>
  <destination>
    <extension url="http://medcomfhir.dk/ig/messaging/StructureDefinition/medcom-messaging-destinationUseExtension">
      <valueCoding>
        <system value="http://medcomfhir.dk/ig/terminology/CodeSystem/medcom-messaging-destinationUse"/>
        <code value="primary"/>
      </valueCoding>
    </extension>
    <endpoint value="https://sor2.sum.dsdn.dk/#id=52581000016005"/>
    <receiver>
      <reference value="Organization/42541447-b58c-4a1a-9514-02b80494bbd3"/>
    </receiver>
  </destination>
  <sender>
    <reference value="Organization/ef5cb9a6-835f-4d18-a34e-179c578b9a2a"/>
  </sender>
  <source>
    <endpoint value="https://sor2.sum.dsdn.dk/#id=1144561000016002"/>
  </source>
  <focus>
    <reference value="DiagnosticReport/870333ac-3134-4ae6-8257-86e0b0537c5f"/>
  </focus>
  <definition value="http://medcomfhir.dk/ig/messagedefinitions/MessageDefinition/MedComHomeCareObservationMessageDefinition1.1"/>
</MessageHeader>