<?xml version="1.0" encoding="UTF-8"?>

<Observation xmlns="http://hl7.org/fhir">
  <id value="ba691ee4-6d38-4f5b-82f1-40b54e3b8ad1"/>
  <meta>
    <profile value="http://medcomfhir.dk/ig/homecareobservation/StructureDefinition/medcom-homeCare-observation"/>
  </meta>
  <text>
    <status value="generated"/><div xmlns="http://www.w3.org/1999/xhtml"><p><b>Generated Narrative: Observation</b><a name="ba691ee4-6d38-4f5b-82f1-40b54e3b8ad1"> </a></p><div style="display: inline-block; background-color: #d9e0e7; padding: 6px; margin: 4px; border: 1px solid #8da1b4; border-radius: 5px; line-height: 60%"><p style="margin-bottom: 0px">Resource Observation &quot;ba691ee4-6d38-4f5b-82f1-40b54e3b8ad1&quot; </p><p style="margin-bottom: 0px">Profile: <a href="StructureDefinition-medcom-homeCare-observation.html">MedComHomeCareObservation</a></p></div><p><b>status</b>: final</p><p><b>code</b>: Hjerte—Systole; frekv. = ? × 1/min <span style="background: LightGoldenRodYellow; margin: 4px; border: 1px solid khaki"> (unknown#NPU21692)</span></p><p><b>subject</b>: <a href="Patient-bbcd4817-1c4b-4089-a712-346f65ec16f9.html">Patient/bbcd4817-1c4b-4089-a712-346f65ec16f9</a> &quot; ELMER&quot;</p><p><b>effective</b>: 2023-09-13 09:24:09+0200</p><p><b>value</b>: 92  1/min</p><p><b>interpretation</b>: NI <span style="background: LightGoldenRodYellow; margin: 4px; border: 1px solid khaki"> ([not stated]#NI)</span></p><p><b>note</b>: Patienten har været ud og går lige inden målingen.</p></div>
  </text>
  <status value="final"/>
  <code>
    <coding>
      <system value="urn:oid:1.2.208.176.2.1"/>
      <code value="NPU21692"/>
      <display value="Hjerte—Systole; frekv. = ? × 1/min"/>
    </coding>
  </code>
  <subject>
    <reference value="Patient/bbcd4817-1c4b-4089-a712-346f65ec16f9"/>
  </subject>
  <effectiveDateTime value="2023-09-13T09:24:09+02:00"/>
  <valueQuantity>
    <value value="92"/>
    <unit value=" 1/min"/>
  </valueQuantity>
  <interpretation>
    <coding>
      <code value="NI"/>
    </coding>
  </interpretation>
  <note>
    <text value="Patienten har været ud og går lige inden målingen."/>
  </note>
</Observation>