<?xml version="1.0" encoding="UTF-8"?>

<Observation xmlns="http://hl7.org/fhir">
  <id value="f84143f7-f586-477f-af56-e50c7d152605"/>
  <meta>
    <profile value="http://medcomfhir.dk/ig/homecareobservation/StructureDefinition/medcom-homecare-observation"/>
  </meta>
  <text>
    <status value="generated"/><div xmlns="http://www.w3.org/1999/xhtml"><p class="res-header-id"><b>Generated Narrative: Observation f84143f7-f586-477f-af56-e50c7d152605</b></p><a name="f84143f7-f586-477f-af56-e50c7d152605"> </a><a name="hcf84143f7-f586-477f-af56-e50c7d152605"> </a><a name="f84143f7-f586-477f-af56-e50c7d152605-da-DK"> </a><div style="display: inline-block; background-color: #d9e0e7; padding: 6px; margin: 4px; border: 1px solid #8da1b4; border-radius: 5px; line-height: 60%"><p style="margin-bottom: 0px"/><p style="margin-bottom: 0px">Profile: <a href="StructureDefinition-medcom-homecare-observation.html">MedComHomeCareObservation</a></p></div><p><b>status</b>: Final</p><p><b>code</b>: <span title="Codes:{urn:oid:1.2.208.176.2.1 NPU02902}">B—Neutrophilocytter; antalk. = ? × 10^9/L</span></p><p><b>subject</b>: <a href="Patient-733cef33-3626-422b-955d-d506aaa65fe1.html">Elmer (official) (no stated gender), DoB Unknown ( urn:oid:1.2.208.176.1.2#2509479989)</a></p><p><b>effective</b>: 2023-09-12 10:34:08+0200</p><p><b>value</b>: 10.1 10^9/L</p><p><b>interpretation</b>: <span title="Codes:{http://medcomfhir.dk/ig/terminology/CodeSystem/medcom-core-interpretation-codes NI}">Not Interpreted</span></p></div>
  </text>
  <status value="final"/>
  <code>
    <coding>
      <system value="urn:oid:1.2.208.176.2.1"/>
      <code value="NPU02902"/>
      <display value="B—Neutrophilocytter; antalk. = ? × 10^9/L"/>
    </coding>
  </code>
  <subject>
    <reference value="Patient/733cef33-3626-422b-955d-d506aaa65fe1"/>
  </subject>
  <effectiveDateTime value="2023-09-12T10:34:08+02:00"/>
  <valueQuantity>
    <value value="10.1"/>
    <unit value="10^9/L"/>
  </valueQuantity>
  <interpretation>
    <coding>
      <system value="http://medcomfhir.dk/ig/terminology/CodeSystem/medcom-core-interpretation-codes"/>
      <code value="NI"/>
      <display value="Not Interpreted"/>
    </coding>
  </interpretation>
</Observation>