<?xml version="1.0" encoding="UTF-8"?>

<Organization xmlns="http://hl7.org/fhir">
  <id value="d1c1fa90-2c7e-4dd7-b2e8-e40281635a98"/>
  <meta>
    <profile value="http://medcomfhir.dk/ig/messaging/StructureDefinition/medcom-requesterorganization"/>
  </meta>
  <text>
    <status value="generated"/><div xmlns="http://www.w3.org/1999/xhtml"><p><b>Generated Narrative: Organization</b><a name="d1c1fa90-2c7e-4dd7-b2e8-e40281635a98"> </a></p><div style="display: inline-block; background-color: #d9e0e7; padding: 6px; margin: 4px; border: 1px solid #8da1b4; border-radius: 5px; line-height: 60%"><p style="margin-bottom: 0px">Resource Organization &quot;d1c1fa90-2c7e-4dd7-b2e8-e40281635a98&quot; </p><p style="margin-bottom: 0px">Profile: <a href="http://medcomfhir.dk/ig/messaging/2.1.0/StructureDefinition-medcom-requesterorganization.html">MedComMessagingRequesterOrganization</a></p></div><p><b>identifier</b>: id: 5790000127092, id: 52581000016005, id: 061654</p><p><b>name</b>: Skødstrup Lægepraksis</p><h3>Contacts</h3><table class="grid"><tr><td style="display: none">-</td><td><b>Name</b></td></tr><tr><td style="display: none">*</td><td>OKM </td></tr></table></div>
  </text>
  <identifier>
    <system value="https://www.gs1.org/gln"/>
    <value value="5790000127092"/>
  </identifier>
  <identifier>
    <system value="urn:oid:1.2.208.176.1.1"/>
    <value value="52581000016005"/>
  </identifier>
  <identifier>
    <system value="urn:oid:1.2.208.176.1.4"/>
    <value value="061654"/>
  </identifier>
  <name value="Skødstrup Lægepraksis"/>
  <contact>
    <name>
      <given value="OKM"/>
    </name>
  </contact>
</Organization>