<?xml version="1.0" encoding="UTF-8"?><CodeSystem xmlns="http://hl7.org/fhir"><id value="medcom-messaging-sorEdiSystem"/><text><status value="generated"/><div xmlns="http://www.w3.org/1999/xhtml"><p class="res-header-id"><b>Generated Narrative: CodeSystem medcom-messaging-sorEdiSystem</b></p><a name="medcom-messaging-sorEdiSystem"> </a><a name="hcmedcom-messaging-sorEdiSystem"> </a><p><b>Properties</b></p><p><b>This code system defines the following properties for its concepts</b></p><table class="grid"><tr><td><b>Name</b></td><td><b>Code</b></td><td><b>URI</b></td><td><b>Type</b></td><td><b>Description</b></td></tr><tr><td>status</td><td>status</td><td>http://hl7.org/fhir/concept-properties#status</td><td>code</td><td>A property that indicates the status of the concept. One of active, experimental, deprecated, or retired.</td></tr><tr><td>effectiveDate</td><td>effectiveDate</td><td>http://hl7.org/fhir/concept-properties#effectiveDate</td><td>dateTime</td><td>The date at which the concept status was last changed.</td></tr></table><p><b>Concepts</b></p><p>This case-insensitive code system <code>http://medcomfhir.dk/ig/terminology/CodeSystem/medcom-messaging-sorEdiSystem</code> defines the following codes:</p><table class="codes"><tr><td style="white-space:nowrap"><b>Code</b></td><td><b>Display</b></td><td><b>status</b></td><td><b>effectiveDate</b></td></tr><tr><td style="white-space:nowrap">FDIS91<a name="medcom-messaging-sorEdiSystem-FDIS91"> </a></td><td>Care Communication Message (Korrepondance meddelelse)</td><td>active</td><td>2022-10-05</td></tr><tr><td style="white-space:nowrap">FDIS20<a name="medcom-messaging-sorEdiSystem-FDIS20"> </a></td><td>Hospital Notification Message (Advis om Sygehusophold)</td><td>active</td><td>2022-10-05</td></tr><tr><td style="white-space:nowrap">FCTL<a name="medcom-messaging-sorEdiSystem-FCTL"> </a></td><td>Acknowledgement Message (Kvittering)</td><td>active</td><td>2022-10-05</td></tr></table></div></text><url value="http://medcomfhir.dk/ig/terminology/CodeSystem/medcom-messaging-sorEdiSystem"/><version value="1.2.1"/><name value="MedComMessagingSorEdiSystem"/><title value="MedComMessagingSorEdiCodeSystem"/><status value="active"/><experimental value="false"/><date value="2025-09-22"/><publisher value="MedCom"/><contact><name value="MedCom"/><telecom><system value="url"/><value value="http://www.medcom.dk"/></telecom></contact><description value="Codes for SOREDI message types"/><jurisdiction><coding><system value="urn:iso:std:iso:3166"/><code value="DK"/><display value="Denmark"/></coding></jurisdiction><caseSensitive value="false"/><content value="complete"/><count value="3"/><property><code value="status"/><uri value="http://hl7.org/fhir/concept-properties#status"/><description value="A property that indicates the status of the concept. One of active, experimental, deprecated, or retired."/><type value="code"/></property><property><code value="effectiveDate"/><uri value="http://hl7.org/fhir/concept-properties#effectiveDate"/><description value="The date at which the concept status was last changed."/><type value="dateTime"/></property><concept><code value="FDIS91"/><display value="Care Communication Message (Korrepondance meddelelse)"/><property><code value="status"/><valueCode value="active"/></property><property><code value="effectiveDate"/><valueDateTime value="2022-10-05"/></property></concept><concept><code value="FDIS20"/><display value="Hospital Notification Message (Advis om Sygehusophold)"/><property><code value="status"/><valueCode value="active"/></property><property><code value="effectiveDate"/><valueDateTime value="2022-10-05"/></property></concept><concept><code value="FCTL"/><display value="Acknowledgement Message (Kvittering)"/><property><code value="status"/><valueCode value="active"/></property><property><code value="effectiveDate"/><valueDateTime value="2022-10-05"/></property></concept></CodeSystem>