{
  "resourceType" : "ValueSet",
  "id" : "7bedf257-9bd2-4462-873e-7e913fa4d5cb-24",
  "url" : "http://hl7.org/fhir/comparison/ValueSet/7bedf257-9bd2-4462-873e-7e913fa4d5cb-24",
  "name" : "IntersectionMedComDiagnosticReportCodesValuesetAndMedComDiagnosticReportCodesValueset",
  "title" : "Intersection of MedComDiagnosticReportCodesValueset And MedComDiagnosticReportCodesValueset",
  "status" : "draft",
  "date" : "2025-12-03T12:36:29+00:00",
  "jurisdiction" : [{
    "coding" : [{
      "system" : "urn:iso:std:iso:3166",
      "code" : "DK",
      "display" : "Denmark"
    }]
  }],
  "compose" : {
    "include" : [{
      "concept" : [{
        "code" : "HomeCareReport"
      }]
    }]
  }
}