{
  "resourceType" : "ValueSet",
  "id" : "9c3cc636-df52-4e3f-8b63-9d30fe03bb66-39",
  "url" : "http://hl7.org/fhir/comparison/ValueSet/9c3cc636-df52-4e3f-8b63-9d30fe03bb66-39",
  "name" : "IntersectionMedComAcknowledgementIssueDetailValuesAndMedComAcknowledgementIssueDetailValues",
  "title" : "Intersection of MedComAcknowledgementIssueDetailValues And MedComAcknowledgementIssueDetailValues",
  "status" : "active",
  "date" : "2023-10-31T13:50:05+01:00",
  "jurisdiction" : [{
    "coding" : [{
      "system" : "urn:iso:std:iso:3166",
      "code" : "DK",
      "display" : "Denmark"
    }]
  }],
  "compose" : {
    "include" : [{
      "concept" : [{
        "code" : "MSG_ID_INVALID",
        "display" : "Id has an invalid character"
      },
      {
        "code" : "MSG_ID_TOO_LONG",
        "display" : "Id %s too long (length limit 36)"
      },
      {
        "code" : "MSG_BAD_FORMAT",
        "display" : "Bad syntaxt: '%s' must be %s'"
      },
      {
        "code" : "MSG_BAD_SYNTAX",
        "display" : "Bad sysntaxt in %s"
      },
      {
        "code" : "MSG_DATE_FORMAT",
        "display" : "The date value is not in the correct format (XML Date Format required)"
      },
      {
        "code" : "MSG_DUPLICATE_ID",
        "display" : "Duplicate Id %s for resource type %s"
      },
      {
        "code" : "MSG_INVALID_ID",
        "display" : "ID not accepted"
      },
      {
        "code" : "MSG_JSON_OBJECT",
        "display" : "JSON Source for a resource should start with an object"
      },
      {
        "code" : "MSG_LOCAL_FAIL",
        "display" : "Unable to resolve local reference to resource %s"
      },
      {
        "code" : "MSG_NO_MATCH",
        "display" : "No Resource found matching the query"
      },
      {
        "code" : "MSG_NO_EXIST",
        "display" : "Resource Id does not exist"
      },
      {
        "code" : "MSG_NO_SUMMARY",
        "display" : "No Summary for this resource"
      },
      {
        "code" : "MSG_PARAM_INVALID",
        "display" : "Parameter %s content is invalid"
      },
      {
        "code" : "MSG_PARAM_NO_REPEAT",
        "display" : "Parameter %s is not allowed to repeat"
      },
      {
        "code" : "MSG_PARAM_UNKNOWN",
        "display" : "Parameter %s not understood"
      },
      {
        "code" : "MSG_RESOURCE_ID_MISMATCH",
        "display" : "Resource Id mismatch"
      },
      {
        "code" : "MSG_RESOURCE_FAIL",
        "display" : "Unable to allocat Resource Id"
      },
      {
        "code" : "MSG_RESOURCE_ID_MISSING",
        "display" : "Resource Id missing"
      },
      {
        "code" : "MSG_RESOURCE_NOT_ALLOWED",
        "display" : "Not allowed to submit a resource for this operation"
      },
      {
        "code" : "MSG_RESOURCE_REQUIRED",
        "display" : "A resource is required"
      },
      {
        "code" : "MSG_RESOURCE_TYPE_MISMATCH",
        "display" : "Resource type mismatch"
      },
      {
        "code" : "MSG_TRANSACTION_DUPLICATE_ID",
        "display" : "Duplicate Identifier in transaction: %s"
      },
      {
        "code" : "MSG_TRANSACTION_MISSING_ID",
        "display" : "Missing Identifier in transaction - an entry.id must be provided"
      },
      {
        "code" : "MSG_UNKNOWN_TYPE",
        "display" : "Resource type %s not recognised"
      },
      {
        "code" : "MSG_VERSION_AWARE",
        "display" : "Version aware updates are required for this resource"
      },
      {
        "code" : "MSG_VERSION_AWARE_CONFLICT",
        "display" : "Update Conflict (server current version = %s, client version referenced =%s)"
      },
      {
        "code" : "MSG_VERSION_AWARE_URL",
        "display" : "Version specific URL not recognised"
      },
      {
        "code" : "MSG_WRONG_NS",
        "display" : "This does not appear to be a FHIR element or resource (wrong namespace %s)"
      }]
    },
    {
      "concept" : [{
        "code" : "MSG_Receiver_Identifier_UNKNOWN",
        "display" : "Receiver identifier unknown"
      },
      {
        "code" : "MSG_Receiver_Identifier_MISSING",
        "display" : "Receiver identifier missing"
      },
      {
        "code" : "MSG_RECEIVER_UNABLE_TO_RECEIVE_MSG_TYPE",
        "display" : "Receiver unable to receive this Message type"
      },
      {
        "code" : "MSG_VALUESET_VALUE_UNKNOWN",
        "display" : "The value provided is not in the valueset"
      },
      {
        "code" : "MSG_CodeSystem_VALUE_UNKNOWN",
        "display" : "The value provided is not in the CodeSystem"
      },
      {
        "code" : "MSG_Element_To_Long",
        "display" : "The value of the element is to long"
      },
      {
        "code" : "MSG_Datatype_Wrong",
        "display" : "The data type is wrong"
      },
      {
        "code" : "MSG_Mailbox_Out_Of_Operation",
        "display" : "The mailbox is temporary out of operation"
      },
      {
        "code" : "MSG_Damaged_durin_transport",
        "display" : "The message has been damaged during trasport"
      }]
    }]
  }
}