<?xml version="1.0" encoding="UTF-8"?>

<ValueSet xmlns="http://hl7.org/fhir">
  <id value="medcom-hospitalNotification-messageActivities"/>
  <text>
    <status value="generated"/><div xmlns="http://www.w3.org/1999/xhtml">Placeholder</div>
  </text>
  <url value="https://medcomfhir.dk/ig/terminology/ValueSet/medcom-hospitalNotification-messageActivities"/>
  <version value="1.5.0"/>
  <name value="MedComHospitalNotificationMessageActivities"/>
  <title value="MedComHospitalNotificationMessageActivityCodes"/>
  <status value="active"/>
  <experimental value="false"/>
  <date value="2023-01-06"/>
  <publisher value="MedCom"/>
  <contact>
    <name value="MedCom"/>
    <telecom>
      <system value="url"/>
      <value value="http://www.medcom.dk"/>
    </telecom>
  </contact>
  <description value="ValueSet containg activity codes for hospital notification messages"/>
  <jurisdiction>
    <coding>
      <system value="urn:iso:std:iso:3166"/>
      <code value="DK"/>
      <display value="Denmark"/>
    </coding>
  </jurisdiction>
  <compose>
    <include>
      <system value="http://medcomfhir.dk/ig/terminology/CodeSystem/medcom-messaging-activityCodes"/>
      <concept>
        <code value="admit-emergency"/>
        <display value="Start hospital stay - acute ambulant"/>
        <designation>
          <language value="da"/>
          <value value="Start sygehusophold - akut ambulant"/>
        </designation>
      </concept>
      <concept>
        <code value="revise-admit-emergency"/>
        <display value="Update Start hospital stay - acute ambulant"/>
        <designation>
          <language value="da"/>
          <value value="Rettelse Start sygehusophold - akut ambulant"/>
        </designation>
      </concept>
      <concept>
        <code value="cancel-admit-emergency"/>
        <display value="Cancellation Start hospital stay - acute ambulant"/>
        <designation>
          <language value="da"/>
          <value value="Annullering Start sygehusophold - akut ambulant"/>
        </designation>
      </concept>
      <concept>
        <code value="admit-inpatient"/>
        <display value="Start hospital stay - admission"/>
        <designation>
          <language value="da"/>
          <value value="Start sygehusophold - indlagt"/>
        </designation>
      </concept>
      <concept>
        <code value="revise-admit-inpatient"/>
        <display value="Update Start hospital stay - admission"/>
        <designation>
          <language value="da"/>
          <value value="Rettelse Start sygehusophold - indlagt"/>
        </designation>
      </concept>
      <concept>
        <code value="cancel-admit-inpatient"/>
        <display value="Cancellation Start hospital stay - admission"/>
        <designation>
          <language value="da"/>
          <value value="Annullering Start sygehusophold  - indlagt"/>
        </designation>
      </concept>
      <concept>
        <code value="start-leave-inpatient"/>
        <display value="Start leave"/>
        <designation>
          <language value="da"/>
          <value value="Start orlov"/>
        </designation>
      </concept>
      <concept>
        <code value="revise-start-leave-inpatient"/>
        <display value="Update Start leave"/>
        <designation>
          <language value="da"/>
          <value value="Rettelse Start orlov"/>
        </designation>
      </concept>
      <concept>
        <code value="cancel-start-leave-inpatient"/>
        <display value="Cancellation Start leave"/>
        <designation>
          <language value="da"/>
          <value value="Annullering Start orlov"/>
        </designation>
      </concept>
      <concept>
        <code value="end-leave-inpatient"/>
        <display value="End leave"/>
        <designation>
          <language value="da"/>
          <value value="Slut orlov"/>
        </designation>
      </concept>
      <concept>
        <code value="revise-end-leave-inpatient"/>
        <display value="Update End leave"/>
        <designation>
          <language value="da"/>
          <value value="Rettelse Slut orlov"/>
        </designation>
      </concept>
      <concept>
        <code value="cancel-end-leave-inpatient"/>
        <display value="Cancellation End leave"/>
        <designation>
          <language value="da"/>
          <value value="Annullering Slut orlov"/>
        </designation>
      </concept>
      <concept>
        <code value="discharge-emergency-home"/>
        <display value="End hospital stay - patient completed to home/primary sector"/>
        <designation>
          <language value="da"/>
          <value value="Slut sygehusophold - afsluttet til hjemmet/primær sektor"/>
        </designation>
      </concept>
      <concept>
        <code value="revise-discharge-emergency-home"/>
        <display value="Update End hospital stay - patient completed to home/primary sector"/>
        <designation>
          <language value="da"/>
          <value value="Rettelse Slut sygehusophold - afsluttet til hjemmet/primær sektor"/>
        </designation>
      </concept>
      <concept>
        <code value="cancel-discharge-emergency-home"/>
        <display value="Cancellation End hospital stay - patient completed to home/primary sector"/>
        <designation>
          <language value="da"/>
          <value value="Annullering Slut sygehusophold - afsluttet til hjemmet/primær sektor"/>
        </designation>
      </concept>
      <concept>
        <code value="discharge-inpatient-home"/>
        <display value="End hospital stay - patient completed to home/primary sector"/>
        <designation>
          <language value="da"/>
          <value value="Slut sygehusophold - afsluttet til hjemmet/primær sektor"/>
        </designation>
      </concept>
      <concept>
        <code value="revise-discharge-inpatient-home"/>
        <display value="Update End hospital stay - patient completed to home/primary sector"/>
        <designation>
          <language value="da"/>
          <value value="Rettelse Slut sygehusophold - afsluttet til hjemmet/primær sektor"/>
        </designation>
      </concept>
      <concept>
        <code value="cancel-discharge-inpatient-home"/>
        <display value="Cancellation End hospital stay - patient completed to home/primary sector"/>
        <designation>
          <language value="da"/>
          <value value="Annullering Slut sygehusophold - afsluttet til hjemmet/primær sektor"/>
        </designation>
      </concept>
    </include>
  </compose>
</ValueSet>