{
  "resourceType" : "CodeSystem",
  "id" : "3112e35a-0232-4eda-803c-a8a5df6e9519-30",
  "url" : "http://hl7.org/fhir/comparison/CodeSystem/3112e35a-0232-4eda-803c-a8a5df6e9519-30",
  "name" : "IntersectionMedComMessageDefinitionIdentifierSystemAndMedComMessageDefinitionIdentifierSystem",
  "title" : "Intersection of MessageDefinitionIdentifierSystemCodeSystem And MessageDefinitionIdentifierSystemCodeSystem",
  "status" : "active",
  "date" : "2024-11-12T08:10:35+01:00",
  "jurisdiction" : [{
    "coding" : [{
      "system" : "urn:iso:std:iso:3166",
      "code" : "DK",
      "display" : "Denmark"
    }]
  }],
  "concept" : [{
    "code" : "urn:dk:healthcare:medcom:messaging:edifact",
    "display" : "urn:dk:healthcare:medcom:messaging:edifact"
  },
  {
    "code" : "urn:dk:healthcare:medcom:messaging:fhir",
    "display" : "urn:dk:healthcare:medcom:messaging:fhir"
  },
  {
    "code" : "urn:dk:healthcare:medcom:messaging:oioxml",
    "display" : "urn:dk:healthcare:medcom:messaging:oioxml"
  },
  {
    "code" : "urn:dk:healthcare:medcom:messaging:envelope",
    "display" : "urn:dk:healthcare:medcom:messaging:envelope"
  }]
}