<?xml version="1.0" encoding="UTF-8"?><TestScript xmlns="http://hl7.org/fhir"><id value="carecommunication-send-forward-add-attachment"/><meta><profile value="http://touchstone.aegis.net/touchstone/fhir/testing/StructureDefinition/testscript"/></meta><url value="http://medcomfhir.dk/ig/carecommunicationtestscript/carecommunication-send-forward-add-attachment"/><version value="4.0.0"/><name value="CareCommunicationTestScript"/><title value="Forward CareCommunication add a new attachments"/><status value="active"/><date value="2024-07-15"/><contact><name value="MedCom"/><telecom><system value="email"/><value value="mailto:fhir@medcom.dk"/></telecom></contact><description value="Forward CareCommunication add a new attachments."/><copyright value="MedCom 2023"/><origin><index value="1"/><profile><system value="http://terminology.hl7.org/CodeSystem/testscript-profile-origin-types"/><code value="FHIR-Client"/></profile></origin><destination><index value="1"/><profile><system value="http://terminology.hl7.org/CodeSystem/testscript-profile-destination-types"/><code value="FHIR-Server"/></profile></destination><fixture id="create-new-message-01"><autocreate value="false"/><autodelete value="false"/><resource><reference value="/Fixtures/CareCommunication-fixture.xml"/></resource></fixture><fixture id="create-forward-message-02"><autocreate value="false"/><autodelete value="false"/><resource><reference value="/Fixtures/CareCommunication-fixture-empty.xml"/></resource></fixture><profile id="carecommunication"><reference value="http://medcomfhir.dk/ig/carecommunication/StructureDefinition/medcom-careCommunication-message"/></profile><variable><name value="messageHeaderid-new-message-01"/><expression value="Bundle.entry[0].resource.id"/><sourceId value="create-message-new-message-01"/></variable><variable><name value="destinationUri-new-message-01"/><expression value="Bundle.entry.resource.ofType(MessageHeader).destination.endpoint"/><sourceId value="create-message-new-message-01"/></variable><variable><name value="bundleid-new-message-01"/><expression value="Bundle.id"/><sourceId value="create-message-new-message-01"/></variable><variable><name value="hospitalSOR-new-message-01"/><expression value="Bundle.entry[0].resource.sender.reference.resolve().identifier.where(system = 'urn:oid:1.2.208.176.1.1').value"/><sourceId value="create-message-new-message-01"/></variable><variable><name value="messageHeaderid-forward-message-02"/><expression value="Bundle.entry[0].resource.id"/><sourceId value="create-message-forward-message-02"/></variable><variable><name value="identifier-new-message-01"/><expression value="Bundle.entry.resource.ofType(Communication).identifier.value"/><sourceId value="create-message-new-message-01"/></variable><variable><name value="identifier-forward-message-02"/><expression value="Bundle.entry.resource.ofType(Communication).identifier.value"/><sourceId value="create-message-forward-message-02"/></variable><setup><action><operation><type><system value="http://terminology.hl7.org/CodeSystem/testscript-operation-codes"/><code value="delete"/></type><resource value="Bundle"/><description value="System-generated search, delete operations from conditional delete on Bundle MessageHeader.destination.endpoint"/><accept value="xml"/><encodeRequestUrl value="true"/><params value="?message.destination-uri=${destinationUri-new-message}"/></operation></action><action><operation><type><system value="http://terminology.hl7.org/CodeSystem/testscript-operation-codes"/><code value="create"/></type><resource value="Bundle"/><description value="Create the Bundle resource in XML format on the destination server."/><accept value="xml"/><contentType value="xml"/><encodeRequestUrl value="true"/><sourceId value="create-new-message-01"/></operation></action><action><operation><type><system value="http://terminology.hl7.org/CodeSystem/testscript-operation-codes"/><code value="updateCreate"/></type><resource value="Bundle"/><description value="Update the Bundle.id in XML format on the destination server, so it corresponds to $bundleid-new-message-01."/><accept value="xml"/><contentType value="xml"/><encodeRequestUrl value="true"/><params value="/${bundleid-new-message-01}"/><sourceId value="create-new-message-01"/></operation></action><action><assert><description value="Confirm that the returned HTTP status is okay or created."/><direction value="response"/><operator value="in"/><responseCode value="200,201"/><warningOnly value="false"/></assert></action></setup><test id="message-read-new-message-01"><name value="Get a new-message message 01"/><description value="GET a message. The expected response is a 200(OK) with a payload of the message resource in XML format."/><action><operation><type><system value="http://terminology.hl7.org/CodeSystem/testscript-operation-codes"/><code value="read"/></type><resource value="Bundle"/><description value="Receive message"/><accept value="xml"/><destination value="1"/><encodeRequestUrl value="true"/><origin value="1"/><params value="/${bundleid-new-message-01}"/></operation></action><action><assert><description value="Confirm that the returned HTTP status is okay or created."/><direction value="response"/><operator value="in"/><responseCode value="200,201"/><warningOnly value="false"/></assert></action></test><test id="carecommunication-create-forward-message-02"><name value="Create a CareCommunication forward-message Message 02"/><description value="Post CareCommunication to the server."/><action><operation><type><system value="http://terminology.hl7.org/CodeSystem/testscript-operation-codes"/><code value="create"/></type><resource value="Bundle"/><description value="Post a carecommunication"/><destination value="1"/><encodeRequestUrl value="true"/><origin value="1"/><requestId value="create-message-forward-message-02"/><sourceId value="create-forward-message-02"/></operation></action><action><assert><description value="Validates the bundle against http://medcomfhir.dk/ig/carecommunication/ImplementationGuide/dk.fhir.ig.dk-medcom-carecommunication"/><direction value="request"/><validateProfileId value="carecommunication"/><warningOnly value="false"/></assert></action><action><assert><description value="Confirm that the returned HTTP status is okay or created."/><direction value="response"/><operator value="in"/><responseCode value="200,201"/><warningOnly value="false"/></assert></action><action><assert><description value="Confirm that the client request payload contains a Bundle resource type."/><direction value="request"/><resource value="Bundle"/><warningOnly value="false"/></assert></action><action><assert><description value="Confirm that the previous MessageHeader.id is identical to Provenance.entity.what"/><direction value="request"/><expression value="Bundle.entry.resource.ofType(Provenance).where(entity.what.reference.contains('${messageHeaderid-new-message-01}')).exists()"/><warningOnly value="false"/></assert></action><action><assert><description value="Confirm that the request resource contains the expected eventCoding.code."/><direction value="request"/><expression value="Bundle.entry.resource.ofType(MessageHeader).event.as(Coding).select(code = 'care-communication-message').allTrue()"/><warningOnly value="false"/></assert></action><action><assert><description value="Confirm that the role is set to revision. Not used when testing the first message in a stream"/><direction value="request"/><expression value="Bundle.entry.resource.ofType(Provenance).entity.where(role = 'revision').exists()"/><warningOnly value="false"/></assert></action><action><assert><description value="Confirm that the target reference in Provenance equals MessageHeader.id"/><direction value="request"/><expression value="Bundle.entry.resource.ofType(Provenance).where(target.reference.contains(%resource.entry[0].resource.id)).exists()"/><warningOnly value="false"/></assert></action><action><assert><description value="Confirm that the 2 Provenance instances exists."/><direction value="request"/><expression value="Bundle.entry.resource.ofType(Provenance).count()"/><operator value="equals"/><value value="2"/><warningOnly value="false"/></assert></action><action><assert><description value="Confirm that number of payloads is '5'"/><direction value="request"/><expression value="Bundle.entry.resource.ofType(Communication).payload.count() = '5'"/><warningOnly value="false"/></assert></action><action><assert><description value="Confirm that the sender SOR number is different from the previous message."/><direction value="request"/><expression value="Bundle.entry[0].resource.sender.reference.resolve().identifier.where(system = 'urn:oid:1.2.208.176.1.1').value != ${hospitalSOR-new-message})"/><warningOnly value="false"/></assert></action><action><assert><description value="Confirm that 1 attachments are included"/><direction value="request"/><expression value="Bundle.entry.resource.ofType(Communication).payload.content.data.count() = 1"/><warningOnly value="false"/></assert></action><action><assert><description value="Confirm that the content is different in the two messages"/><direction value="request"/><expression value="'${identifier-new-message-01}' != '${identifier-forward-message-02}'"/><warningOnly value="false"/></assert></action></test></TestScript>