<?xml version="1.0" encoding="UTF-8"?>

<MessageHeader xmlns="http://hl7.org/fhir">
  <id value="025bdfdd-397b-43e2-9e8c-272664a6e471"/>
  <meta>
    <profile value="http://medcomfhir.dk/ig/carecommunication/StructureDefinition/medcom-careCommunication-messageHeader"/>
  </meta>
  <text>
    <status value="generated"/><div xmlns="http://www.w3.org/1999/xhtml"><p class="res-header-id"><b>Generated Narrative: MessageHeader 025bdfdd-397b-43e2-9e8c-272664a6e471</b></p><a name="025bdfdd-397b-43e2-9e8c-272664a6e471"> </a><a name="hc025bdfdd-397b-43e2-9e8c-272664a6e471"> </a><div style="display: inline-block; background-color: #d9e0e7; padding: 6px; margin: 4px; border: 1px solid #8da1b4; border-radius: 5px; line-height: 60%"><p style="margin-bottom: 0px"/><p style="margin-bottom: 0px">Profile: <a href="StructureDefinition-medcom-careCommunication-messageHeader.html">MedComCareCommunicationMessageHeader</a></p></div><p><b>event</b>: <a href="http://medcomfhir.dk/ig/terminology/2.0.1/CodeSystem-medcom-messaging-eventCodes.html#medcom-messaging-eventCodes-care-communication-message">MedComMessagingEventCodes care-communication-message</a>: Care Communication Message</p><h3>Destinations</h3><table class="grid"><tr><td style="display: none">-</td><td><b>Extension</b></td><td><b>Endpoint</b></td><td><b>Receiver</b></td></tr><tr><td style="display: none">*</td><td/><td><a href="https://sor2.sum.dsdn.dk/#id=953741000016009">https://sor2.sum.dsdn.dk/#id=953741000016009</a></td><td><a href="Organization-b2f762be-6994-44da-a214-72c765655b3e.html">Organization Plejecenter Herlev</a></td></tr></table><p><b>sender</b>: <a href="Organization-0ece868c-6a72-4aa3-8a96-2d985ab630c7.html">Organization Hjerteafdelingen på Herlev og Gentofte hospital</a></p><h3>Sources</h3><table class="grid"><tr><td style="display: none">-</td><td><b>Endpoint</b></td></tr><tr><td style="display: none">*</td><td><a href="https://sor2.sum.dsdn.dk/#id=265161000016000">https://sor2.sum.dsdn.dk/#id=265161000016000</a></td></tr></table><p><b>focus</b>: <a href="Communication-d8434eb5-8286-48f8-a590-4a27175ed82f.html">Communication: identifier = urn:uuid:cefe0dee-13b5-4bec-a843-09b4d58e4fe6; status = unknown; category = Undersøgelsessvar</a></p><p><b>definition</b>: <a href="http://medcomfhir.dk/ig/messagedefinitions/1.0.0/MessageDefinition-MedComCareCommunicationMessageDefinitionV5.0.html">http://medcomfhir.dk/ig/messagedefinitions/MessageDefinition/MedComCareCommunicationMessageDefinition|5.0</a></p></div>
  </text>
  <eventCoding>
    <system value="http://medcomfhir.dk/ig/terminology/CodeSystem/medcom-messaging-eventCodes"/>
    <code value="care-communication-message"/>
  </eventCoding>
  <destination>
    <extension url="http://medcomfhir.dk/ig/messaging/StructureDefinition/medcom-messaging-destinationUseExtension">
      <valueCoding>
        <system value="http://medcomfhir.dk/ig/terminology/CodeSystem/medcom-messaging-destinationUse"/>
        <code value="primary"/>
      </valueCoding>
    </extension>
    <endpoint value="https://sor2.sum.dsdn.dk/#id=953741000016009"/>
    <receiver>
      <reference value="Organization/b2f762be-6994-44da-a214-72c765655b3e"/>
    </receiver>
  </destination>
  <sender>
    <reference value="Organization/0ece868c-6a72-4aa3-8a96-2d985ab630c7"/>
  </sender>
  <source>
    <endpoint value="https://sor2.sum.dsdn.dk/#id=265161000016000"/>
  </source>
  <focus>
    <reference value="Communication/d8434eb5-8286-48f8-a590-4a27175ed82f"/>
  </focus>
  <definition value="http://medcomfhir.dk/ig/messagedefinitions/MessageDefinition/MedComCareCommunicationMessageDefinition|5.0"/>
</MessageHeader>