<?xml version="1.0" encoding="UTF-8"?>

<MessageHeader xmlns="http://hl7.org/fhir">
  <id value="c9a0b728-0807-11ed-861d-0242ac120002"/>
  <meta>
    <profile value="http://medcomfhir.dk/ig/acknowledgement/StructureDefinition/medcom-messaging-acknowledgementHeader"/>
  </meta>
  <text>
    <status value="generated"/><div xmlns="http://www.w3.org/1999/xhtml"><p><b>Generated Narrative: MessageHeader</b><a name="c9a0b728-0807-11ed-861d-0242ac120002"> </a></p><div style="display: inline-block; background-color: #d9e0e7; padding: 6px; margin: 4px; border: 1px solid #8da1b4; border-radius: 5px; line-height: 60%"><p style="margin-bottom: 0px">Resource MessageHeader &quot;c9a0b728-0807-11ed-861d-0242ac120002&quot; </p><p style="margin-bottom: 0px">Profile: <a href="StructureDefinition-medcom-messaging-acknowledgementHeader.html">MedComAcknowledgementMessageHeader</a></p></div><p><b>event</b>: Acknowledgement Message (Details: http://medcomfhir.dk/ig/terminology/CodeSystem/medcom-messaging-eventCodes code acknowledgement-message = 'Acknowledgement Message', stated as 'null')</p><h3>Destinations</h3><table class="grid"><tr><td>-</td><td><b>Extension</b></td><td><b>Endpoint</b></td><td><b>Receiver</b></td></tr><tr><td>*</td><td/><td><a href="https://sor2.sum.dsdn.dk/#id=265161000016000">https://sor2.sum.dsdn.dk/#id=265161000016000</a></td><td><a href="Organization-74cdf292-abf3-4f5f-80ea-60a48013ff6d.html">Organization/74cdf292-abf3-4f5f-80ea-60a48013ff6d</a> &quot;Receiver Organization&quot;</td></tr></table><p><b>sender</b>: <a href="Organization-d7056980-a8b2-42aa-8a0e-c1fc85d1f40d.html">Organization/d7056980-a8b2-42aa-8a0e-c1fc85d1f40d</a> &quot;Sender Organization&quot;</p><h3>Sources</h3><table class="grid"><tr><td>-</td><td><b>Endpoint</b></td></tr><tr><td>*</td><td><a href="https://sor2.sum.dsdn.dk/#id=953741000016009">https://sor2.sum.dsdn.dk/#id=953741000016009</a></td></tr></table><h3>Responses</h3><table class="grid"><tr><td>-</td><td><b>Identifier</b></td><td><b>Code</b></td><td><b>Details</b></td></tr><tr><td>*</td><td>53128d9b-cede-4c7f-8904-809eab322d7d</td><td>transient-error</td><td><a href="OperationOutcome-c0055484-2a56-4da2-81b8-a9d5087d865c.html">OperationOutcome/c0055484-2a56-4da2-81b8-a9d5087d865c</a></td></tr></table></div>
  </text>
  <eventCoding>
    <system value="http://medcomfhir.dk/ig/terminology/CodeSystem/medcom-messaging-eventCodes"/>
    <code value="acknowledgement-message"/>
  </eventCoding>
  <destination>
    <extension url="http://medcomfhir.dk/ig/messaging/StructureDefinition/medcom-messaging-destinationUseExtension">
      <valueCoding>
        <system value="http://medcomfhir.dk/ig/terminology/CodeSystem/medcom-messaging-destinationUse"/>
        <code value="primary"/>
      </valueCoding>
    </extension>
    <endpoint value="https://sor2.sum.dsdn.dk/#id=265161000016000"/>
    <receiver>
      <reference value="Organization/74cdf292-abf3-4f5f-80ea-60a48013ff6d"/>
    </receiver>
  </destination>
  <sender>
    <reference value="Organization/d7056980-a8b2-42aa-8a0e-c1fc85d1f40d"/>
  </sender>
  <source>
    <endpoint value="https://sor2.sum.dsdn.dk/#id=953741000016009"/>
  </source>
  <response>
    <identifier value="53128d9b-cede-4c7f-8904-809eab322d7d"/>
    <code value="transient-error"/>
    <details>
      <reference value="OperationOutcome/c0055484-2a56-4da2-81b8-a9d5087d865c"/>
    </details>
  </response>
</MessageHeader>