[
  {
    "id" : "medcom.fhir.dk.messaging",
    "type" : "ImplementationGuide",
    "url" : "http://medcomfhir.dk/ig/messaging/ImplementationGuide/medcom.fhir.dk.messaging",
    "version" : "2.1.0",
    "name" : "MedComMessaging"
  },
  {
    "id" : "medcom-messaging-destinationUseExtension",
    "type" : "StructureDefinition",
    "url" : "http://medcomfhir.dk/ig/messaging/StructureDefinition/medcom-messaging-destinationUseExtension",
    "version" : "2.1.0",
    "name" : "MedComMessagingDestinationUseExtension"
  },
  {
    "id" : "medcom-messaging-message",
    "type" : "StructureDefinition",
    "url" : "http://medcomfhir.dk/ig/messaging/StructureDefinition/medcom-messaging-message",
    "version" : "2.1.0",
    "name" : "MedComMessagingMessage"
  },
  {
    "id" : "medcom-messaging-messageHeader",
    "type" : "StructureDefinition",
    "url" : "http://medcomfhir.dk/ig/messaging/StructureDefinition/medcom-messaging-messageHeader",
    "version" : "2.1.0",
    "name" : "MedComMessagingMessageHeader"
  },
  {
    "id" : "medcom-messaging-organization",
    "type" : "StructureDefinition",
    "url" : "http://medcomfhir.dk/ig/messaging/StructureDefinition/medcom-messaging-organization",
    "version" : "2.1.0",
    "name" : "MedComMessagingOrganization"
  },
  {
    "id" : "medcom-messaging-provenance",
    "type" : "StructureDefinition",
    "url" : "http://medcomfhir.dk/ig/messaging/StructureDefinition/medcom-messaging-provenance",
    "version" : "2.1.0",
    "name" : "MedComMessagingProvenance"
  },
  {
    "id" : "medcom-producer-organization",
    "type" : "StructureDefinition",
    "url" : "http://medcomfhir.dk/ig/messaging/StructureDefinition/medcom-producer-organization",
    "version" : "2.1.0",
    "name" : "MedComProducerOrganization"
  },
  {
    "id" : "medcom-requesterorganization",
    "type" : "StructureDefinition",
    "url" : "http://medcomfhir.dk/ig/messaging/StructureDefinition/medcom-requesterorganization",
    "version" : "2.1.0",
    "name" : "MedComRequesterOrganization"
  }
]
