<?xml version="1.0" encoding="UTF-8"?>

<Provenance xmlns="http://hl7.org/fhir">
  <id value="9c284936-5454-4116-95fc-3c8eeeed2400"/>
  <meta>
    <profile value="http://medcomfhir.dk/ig/messaging/StructureDefinition/medcom-messaging-provenance"/>
  </meta>
  <text>
    <status value="generated"/><div xmlns="http://www.w3.org/1999/xhtml"><p class="res-header-id"><b>Generated Narrative: Provenance 9c284936-5454-4116-95fc-3c8eeeed2400</b></p><a name="9c284936-5454-4116-95fc-3c8eeeed2400"> </a><a name="hc9c284936-5454-4116-95fc-3c8eeeed2400"> </a><div style="display: inline-block; background-color: #d9e0e7; padding: 6px; margin: 4px; border: 1px solid #8da1b4; border-radius: 5px; line-height: 60%"><p style="margin-bottom: 0px"/><p style="margin-bottom: 0px">Profile: <a href="StructureDefinition-medcom-messaging-provenance.html">MedComMessagingProvenance</a></p></div><p>Provenance for <a href="MessageHeader-42c01434-8feb-11ec-b909-0242ac120002.html">MessageHeader: event[x] = Care Communication Message (MedComMessagingEventCodes#care-communication-message)</a></p><p>Summary</p><table class="grid"><tr><td>Occurrence</td><td>2020-09-28 12:34:56+0000</td></tr><tr><td>Recorded</td><td>2020-09-28 12:34:56+0000</td></tr><tr><td>Activity</td><td><span title="Codes:{http://medcomfhir.dk/ig/terminology/CodeSystem/medcom-messaging-activityCodes new-message}">A new message has been sent</span></td></tr></table><p><b>Agents</b></p><table class="grid"><tr><td><b>who</b></td></tr><tr><td><a href="Organization-d7056980-a8b2-42aa-8a0e-c1fc85d1f40d.html">Organization Sender Organization</a></td></tr></table></div>
  </text>
  <target>
    <reference value="MessageHeader/42c01434-8feb-11ec-b909-0242ac120002"/>
  </target>
  <occurredDateTime value="2020-09-28T12:34:56Z"/>
  <recorded value="2020-09-28T12:34:56Z"/>
  <activity>
    <coding>
      <system value="http://medcomfhir.dk/ig/terminology/CodeSystem/medcom-messaging-activityCodes"/>
      <code value="new-message"/>
    </coding>
  </activity>
  <agent>
    <who>
      <reference value="Organization/d7056980-a8b2-42aa-8a0e-c1fc85d1f40d"/>
    </who>
  </agent>
</Provenance>