{
  "resourceType" : "CodeSystem",
  "id" : "de6a7901-97c2-4f81-8c28-581f4d230d70-2",
  "url" : "http://hl7.org/fhir/comparison/CodeSystem/de6a7901-97c2-4f81-8c28-581f4d230d70-2",
  "name" : "UnionMedComDiagnosticReportCodesAndMedComDiagnosticReportCodes",
  "title" : "Union of MedComDiagnosticReportCodes And MedComDiagnosticReportCodes",
  "status" : "draft",
  "date" : "2025-05-09T06:46:20+00:00",
  "jurisdiction" : [{
    "coding" : [{
      "system" : "urn:iso:std:iso:3166",
      "code" : "DK",
      "display" : "Denmark"
    }]
  }],
  "concept" : [{
    "code" : "HomeCareReport",
    "display" : "HomeCareDiagnosticReport"
  }]
}