{
  "resourceType" : "ValueSet",
  "id" : "de6a7901-97c2-4f81-8c28-581f4d230d70-53",
  "url" : "http://hl7.org/fhir/comparison/ValueSet/de6a7901-97c2-4f81-8c28-581f4d230d70-53",
  "name" : "UnionMedComDiagnosticReportCodesValuesetAndMedComDiagnosticReportCodesValueset",
  "title" : "Union of MedComDiagnosticReportCodesValueset And MedComDiagnosticReportCodesValueset",
  "status" : "draft",
  "date" : "2025-05-09T06:46:20+00:00",
  "jurisdiction" : [{
    "coding" : [{
      "system" : "urn:iso:std:iso:3166",
      "code" : "DK",
      "display" : "Denmark"
    }]
  }],
  "compose" : {
    "include" : [{
      "concept" : [{
        "code" : "HomeCareReport"
      }]
    }]
  }
}