{
  "resourceType" : "ValueSet",
  "id" : "de6a7901-97c2-4f81-8c28-581f4d230d70-117",
  "url" : "http://hl7.org/fhir/comparison/ValueSet/de6a7901-97c2-4f81-8c28-581f4d230d70-117",
  "name" : "IntersectionMedComMessagingActivityCodesAndMedComMessagingActivityCodes",
  "title" : "Intersection of MedComMessagingActivityCodes And MedComMessagingActivityCodes",
  "status" : "active",
  "date" : "2025-05-09T06:46:20+00:00",
  "jurisdiction" : [{
    "coding" : [{
      "system" : "urn:iso:std:iso:3166",
      "code" : "DK",
      "display" : "Denmark"
    }]
  }],
  "compose" : {
    "include" : [{
      "concept" : [{
        "code" : "new-message"
      },
      {
        "code" : "forward-message"
      },
      {
        "code" : "reply-message"
      },
      {
        "code" : "retract-message"
      },
      {
        "code" : "modified-message"
      },
      {
        "code" : "admit-emergency"
      },
      {
        "code" : "carboncopy-message"
      },
      {
        "code" : "revise-admit-emergency"
      },
      {
        "code" : "cancel-admit-emergency"
      },
      {
        "code" : "admit-inpatient"
      },
      {
        "code" : "revise-admit-inpatient"
      },
      {
        "code" : "cancel-admit-inpatient"
      },
      {
        "code" : "start-leave-inpatient"
      },
      {
        "code" : "revise-start-leave-inpatient"
      },
      {
        "code" : "cancel-start-leave-inpatient"
      },
      {
        "code" : "end-leave-inpatient"
      },
      {
        "code" : "revise-end-leave-inpatient"
      },
      {
        "code" : "cancel-end-leave-inpatient"
      },
      {
        "code" : "discharge-emergency-home"
      },
      {
        "code" : "discharge-inpatient-home"
      },
      {
        "code" : "revise-discharge-emergency-home"
      },
      {
        "code" : "revise-discharge-inpatient-home"
      },
      {
        "code" : "cancel-discharge-emergency-home"
      },
      {
        "code" : "cancel-discharge-inpatient-home"
      },
      {
        "code" : "acknowledgement"
      }]
    }]
  }
}