<?xml version="1.0" encoding="UTF-8"?>

<ValueSet xmlns="http://hl7.org/fhir">
  <id value="MedCom-ihe-plr-formatcode-VS"/>
  <text>
    <status value="generated"/><div xmlns="http://www.w3.org/1999/xhtml"><p class="res-header-id"><b>Generated Narrative: ValueSet MedCom-ihe-plr-formatcode-VS</b></p><a name="MedCom-ihe-plr-formatcode-VS"> </a><a name="hcMedCom-ihe-plr-formatcode-VS"> </a><a name="MedCom-ihe-plr-formatcode-VS-en-US"> </a><ul><li>Include these codes as defined in <code>urn:oid:1.2.208.184.100.10</code><table class="none"><tr><td style="white-space:nowrap"><b>Code</b></td><td><b>Display</b></td></tr><tr><td>urn:ad:dk:medcom:plr-v1.0:full</td><td/></tr></table></li></ul></div>
  </text>
  <url value="http://medcomfhir.dk/ig/xdsmetadata/ValueSet/MedCom-ihe-plr-formatcode-VS"/>
  <version value="1.0.1"/>
  <name value="MedComIHE_PLR_DK_FormatCode"/>
  <title value="PLR-DK IHE FormatCode"/>
  <status value="active"/>
  <date value="2025-03-01"/>
  <publisher value="MedCom"/>
  <contact>
    <name value="MedCom"/>
    <telecom>
      <system value="url"/>
      <value value="http://www.medcom.dk"/>
    </telecom>
  </contact>
  <description value="PLR-DK: Code system for document format code used in national Document sharing. The value set for format code is based on code system DK_IHE_FormatCode."/>
  <compose>
    <include>
      <system value="urn:oid:1.2.208.184.100.10"/>
      <concept>
        <code value="urn:ad:dk:medcom:plr-v1.0:full"/>
      </concept>
    </include>
  </compose>
</ValueSet>