{
  "resourceType": "MessageHeader",
  "id": "d8749b54-1aeb-4089-8941-8d876bdffc51",
  "meta": {
    "profile": [
      "http://medcomfhir.dk/ig/hospitalnotification/StructureDefinition/medcom-hospitalNotification-messageHeader"
    ]
  },
  "text": {
    "status": "generated",
    "div": "<div xmlns=\"http://www.w3.org/1999/xhtml\"><p><b>Generated Narrative: MessageHeader</b><a name=\"d8749b54-1aeb-4089-8941-8d876bdffc51\"> </a></p><div style=\"display: inline-block; background-color: #d9e0e7; padding: 6px; margin: 4px; border: 1px solid #8da1b4; border-radius: 5px; line-height: 60%\"><p style=\"margin-bottom: 0px\">Resource MessageHeader &quot;d8749b54-1aeb-4089-8941-8d876bdffc51&quot; </p><p style=\"margin-bottom: 0px\">Profile: <a href=\"StructureDefinition-medcom-hospitalNotification-messageHeader.html\">MedComHospitalNotificationMessageHeader</a></p></div><p><b>event</b>: Hospital Notification Message (Details: http://medcomfhir.dk/ig/terminology/CodeSystem/medcom-messaging-eventCodes code hospital-notification-message = 'Hospital Notification Message', stated as 'null')</p><h3>Destinations</h3><table class=\"grid\"><tr><td>-</td><td><b>Extension</b></td><td><b>Endpoint</b></td><td><b>Receiver</b></td></tr><tr><td>*</td><td/><td><a href=\"https://sor2.sum.dsdn.dk/#id=953741000016009\">https://sor2.sum.dsdn.dk/#id=953741000016009</a></td><td><a href=\"Organization-eefc2dfa-81c6-11ed-a1eb-0242ac120002.html\">Organization/eefc2dfa-81c6-11ed-a1eb-0242ac120002</a> &quot;Plejecenter Herlev&quot;</td></tr></table><p><b>sender</b>: <a href=\"Organization-05266a00-81c7-11ed-a1eb-0242ac120002.html\">Organization/05266a00-81c7-11ed-a1eb-0242ac120002</a> &quot;Hjerteafdelingen på Herlev og Gentofte hospital&quot;</p><h3>Sources</h3><table class=\"grid\"><tr><td>-</td><td><b>Endpoint</b></td></tr><tr><td>*</td><td><a href=\"https://sor2.sum.dsdn.dk/#id=265161000016000\">https://sor2.sum.dsdn.dk/#id=265161000016000</a></td></tr></table><p><b>focus</b>: <a href=\"Encounter-c9782061-ce63-41b5-8be6-655812d23332.html\">Encounter/c9782061-ce63-41b5-8be6-655812d23332</a></p></div>"
  },
  "eventCoding": {
    "system": "http://medcomfhir.dk/ig/terminology/CodeSystem/medcom-messaging-eventCodes",
    "code": "hospital-notification-message"
  },
  "destination": [
    {
      "extension": [
        {
          "url": "http://medcomfhir.dk/ig/messaging/StructureDefinition/medcom-messaging-destinationUseExtension",
          "valueCoding": {
            "system": "http://medcomfhir.dk/ig/terminology/CodeSystem/medcom-messaging-destinationUse",
            "code": "primary"
          }
        }
      ],
      "endpoint": "https://sor2.sum.dsdn.dk/#id=953741000016009",
      "receiver": {
        "reference": "Organization/eefc2dfa-81c6-11ed-a1eb-0242ac120002"
      }
    }
  ],
  "sender": {
    "reference": "Organization/05266a00-81c7-11ed-a1eb-0242ac120002"
  },
  "source": {
    "endpoint": "https://sor2.sum.dsdn.dk/#id=265161000016000"
  },
  "focus": [
    {
      "reference": "Encounter/c9782061-ce63-41b5-8be6-655812d23332"
    }
  ]
}