<?xml version="1.0" encoding="UTF-8"?>

<ValueSet xmlns="http://hl7.org/fhir">
  <id value="medcom-core-PractitionerRoles"/>
  <text>
    <status value="generated"/><div xmlns="http://www.w3.org/1999/xhtml"><p>This value set includes codes based on the following rules:</p><ul><li>Include these codes as defined in <a href="CodeSystem-medcom-core-PractitionerRolesAutorisationsregistret.html"><code>http://medcomfhir.dk/ig/terminology/CodeSystem/medcom-core-PractitionerRolesAutorisationsregistret</code></a><table class="none"><tr><td style="white-space:nowrap"><b>Code</b></td><td><b>Display</b></td></tr><tr><td><a href="CodeSystem-medcom-core-PractitionerRolesAutorisationsregistret.html#medcom-core-PractitionerRolesAutorisationsregistret-ambulancebehandler">ambulancebehandler</a></td><td>Ambulancebehandler</td></tr><tr><td><a href="CodeSystem-medcom-core-PractitionerRolesAutorisationsregistret.html#medcom-core-PractitionerRolesAutorisationsregistret-laege">laege</a></td><td>Læge</td></tr><tr><td><a href="CodeSystem-medcom-core-PractitionerRolesAutorisationsregistret.html#medcom-core-PractitionerRolesAutorisationsregistret-osteopat">osteopat</a></td><td>Osteopat</td></tr></table></li><li>Include these codes as defined in <a href="CodeSystem-medcom-core-PractitionerRolesSKSadministrativ.html"><code>http://medcomfhir.dk/ig/terminology/CodeSystem/medcom-core-PractitionerRolesSKSadministrativ</code></a><table class="none"><tr><td style="white-space:nowrap"><b>Code</b></td><td><b>Display</b></td></tr><tr><td><a href="CodeSystem-medcom-core-PractitionerRolesSKSadministrativ.html#medcom-core-PractitionerRolesSKSadministrativ-speciallaege">speciallaege</a></td><td>Speciallæge</td></tr><tr><td><a href="CodeSystem-medcom-core-PractitionerRolesSKSadministrativ.html#medcom-core-PractitionerRolesSKSadministrativ-speciallaegeipraksis">speciallaegeipraksis</a></td><td>Speciallæge i praksis</td></tr><tr><td><a href="CodeSystem-medcom-core-PractitionerRolesSKSadministrativ.html#medcom-core-PractitionerRolesSKSadministrativ-cheflaege">cheflaege</a></td><td>Cheflæge</td></tr><tr><td><a href="CodeSystem-medcom-core-PractitionerRolesSKSadministrativ.html#medcom-core-PractitionerRolesSKSadministrativ-overlaege">overlaege</a></td><td>Overlæge</td></tr><tr><td><a href="CodeSystem-medcom-core-PractitionerRolesSKSadministrativ.html#medcom-core-PractitionerRolesSKSadministrativ-afdelingslaege">afdelingslaege</a></td><td>Afdelingslæge</td></tr><tr><td><a href="CodeSystem-medcom-core-PractitionerRolesSKSadministrativ.html#medcom-core-PractitionerRolesSKSadministrativ-sygehuslaege">sygehuslaege</a></td><td>Sygehuslæge</td></tr><tr><td><a href="CodeSystem-medcom-core-PractitionerRolesSKSadministrativ.html#medcom-core-PractitionerRolesSKSadministrativ-sygeplejerske">sygeplejerske</a></td><td>Sygeplejerske</td></tr><tr><td><a href="CodeSystem-medcom-core-PractitionerRolesSKSadministrativ.html#medcom-core-PractitionerRolesSKSadministrativ-sundhedsplejerske">sundhedsplejerske</a></td><td>Sundhedsplejerske</td></tr><tr><td><a href="CodeSystem-medcom-core-PractitionerRolesSKSadministrativ.html#medcom-core-PractitionerRolesSKSadministrativ-socialogsundhedsassistent">socialogsundhedsassistent</a></td><td>Social- og sundhedsassistent</td></tr><tr><td><a href="CodeSystem-medcom-core-PractitionerRolesSKSadministrativ.html#medcom-core-PractitionerRolesSKSadministrativ-socialogsundhedsmehjaelper">socialogsundhedsmehjaelper</a></td><td>Social- og sundhedsmedhjælper</td></tr><tr><td><a href="CodeSystem-medcom-core-PractitionerRolesSKSadministrativ.html#medcom-core-PractitionerRolesSKSadministrativ-sygehjaelper">sygehjaelper</a></td><td>Sygehjælper</td></tr><tr><td><a href="CodeSystem-medcom-core-PractitionerRolesSKSadministrativ.html#medcom-core-PractitionerRolesSKSadministrativ-plejer">plejer</a></td><td>Plejer</td></tr><tr><td><a href="CodeSystem-medcom-core-PractitionerRolesSKSadministrativ.html#medcom-core-PractitionerRolesSKSadministrativ-plejehjemsassistent">plejehjemsassistent</a></td><td>Plejehjemsassistent</td></tr><tr><td><a href="CodeSystem-medcom-core-PractitionerRolesSKSadministrativ.html#medcom-core-PractitionerRolesSKSadministrativ-tandlaege">tandlaege</a></td><td>Tandlæge</td></tr><tr><td><a href="CodeSystem-medcom-core-PractitionerRolesSKSadministrativ.html#medcom-core-PractitionerRolesSKSadministrativ-klinisktandtekniker">klinisktandtekniker</a></td><td>Klinisk tandtekniker</td></tr><tr><td><a href="CodeSystem-medcom-core-PractitionerRolesSKSadministrativ.html#medcom-core-PractitionerRolesSKSadministrativ-tandplejer">tandplejer</a></td><td>Tandplejer</td></tr><tr><td><a href="CodeSystem-medcom-core-PractitionerRolesSKSadministrativ.html#medcom-core-PractitionerRolesSKSadministrativ-farmaceut">farmaceut</a></td><td>Farmaceut</td></tr><tr><td><a href="CodeSystem-medcom-core-PractitionerRolesSKSadministrativ.html#medcom-core-PractitionerRolesSKSadministrativ-apoteker">apoteker</a></td><td>Apoteker</td></tr><tr><td><a href="CodeSystem-medcom-core-PractitionerRolesSKSadministrativ.html#medcom-core-PractitionerRolesSKSadministrativ-pyskolog">pyskolog</a></td><td>Psykolog</td></tr><tr><td><a href="CodeSystem-medcom-core-PractitionerRolesSKSadministrativ.html#medcom-core-PractitionerRolesSKSadministrativ-jordemoder">jordemoder</a></td><td>Jordemoder</td></tr><tr><td><a href="CodeSystem-medcom-core-PractitionerRolesSKSadministrativ.html#medcom-core-PractitionerRolesSKSadministrativ-fysioterapeut">fysioterapeut</a></td><td>Fysioterapeut</td></tr><tr><td><a href="CodeSystem-medcom-core-PractitionerRolesSKSadministrativ.html#medcom-core-PractitionerRolesSKSadministrativ-ergoterapeut">ergoterapeut</a></td><td>Ergoterapeut</td></tr><tr><td><a href="CodeSystem-medcom-core-PractitionerRolesSKSadministrativ.html#medcom-core-PractitionerRolesSKSadministrativ-bioanalytiker">bioanalytiker</a></td><td>Bioanalytiker</td></tr><tr><td><a href="CodeSystem-medcom-core-PractitionerRolesSKSadministrativ.html#medcom-core-PractitionerRolesSKSadministrativ-radiograf">radiograf</a></td><td>Radiograf</td></tr><tr><td><a href="CodeSystem-medcom-core-PractitionerRolesSKSadministrativ.html#medcom-core-PractitionerRolesSKSadministrativ-diaetist">diaetist</a></td><td>Diætist</td></tr><tr><td><a href="CodeSystem-medcom-core-PractitionerRolesSKSadministrativ.html#medcom-core-PractitionerRolesSKSadministrativ-diaetistassistent">diaetistassistent</a></td><td>Diætistassistent</td></tr><tr><td><a href="CodeSystem-medcom-core-PractitionerRolesSKSadministrativ.html#medcom-core-PractitionerRolesSKSadministrativ-audilogassistent">audilogassistent</a></td><td>Audilogassistent</td></tr><tr><td><a href="CodeSystem-medcom-core-PractitionerRolesSKSadministrativ.html#medcom-core-PractitionerRolesSKSadministrativ-neurofysiologassistent">neurofysiologassistent</a></td><td>Neurofysiologassistent</td></tr><tr><td><a href="CodeSystem-medcom-core-PractitionerRolesSKSadministrativ.html#medcom-core-PractitionerRolesSKSadministrativ-kiropraktor">kiropraktor</a></td><td>Kiropraktor</td></tr><tr><td><a href="CodeSystem-medcom-core-PractitionerRolesSKSadministrativ.html#medcom-core-PractitionerRolesSKSadministrativ-zoneterapeut">zoneterapeut</a></td><td>Zoneterapeut</td></tr><tr><td><a href="CodeSystem-medcom-core-PractitionerRolesSKSadministrativ.html#medcom-core-PractitionerRolesSKSadministrativ-psykoterapeut">psykoterapeut</a></td><td>Psykoterapeut</td></tr><tr><td><a href="CodeSystem-medcom-core-PractitionerRolesSKSadministrativ.html#medcom-core-PractitionerRolesSKSadministrativ-audiologpaed">audiologpaed</a></td><td>Audiologpæd</td></tr><tr><td><a href="CodeSystem-medcom-core-PractitionerRolesSKSadministrativ.html#medcom-core-PractitionerRolesSKSadministrativ-laegesekretaer">laegesekretaer</a></td><td>Lægesekretær</td></tr><tr><td><a href="CodeSystem-medcom-core-PractitionerRolesSKSadministrativ.html#medcom-core-PractitionerRolesSKSadministrativ-ledendelaegesekretaer">ledendelaegesekretaer</a></td><td>Ledende lægesekretær</td></tr><tr><td><a href="CodeSystem-medcom-core-PractitionerRolesSKSadministrativ.html#medcom-core-PractitionerRolesSKSadministrativ-sygeplejesekretear">sygeplejesekretear</a></td><td>Sygeplejesekretær</td></tr><tr><td><a href="CodeSystem-medcom-core-PractitionerRolesSKSadministrativ.html#medcom-core-PractitionerRolesSKSadministrativ-fodterapeut">fodterapeut</a></td><td>Fodterapeut</td></tr><tr><td><a href="CodeSystem-medcom-core-PractitionerRolesSKSadministrativ.html#medcom-core-PractitionerRolesSKSadministrativ-socialraadgiver">socialraadgiver</a></td><td>Socialrådgiver</td></tr><tr><td><a href="CodeSystem-medcom-core-PractitionerRolesSKSadministrativ.html#medcom-core-PractitionerRolesSKSadministrativ-ledendesocialraadgiver">ledendesocialraadgiver</a></td><td>Ledende socialrådgiver</td></tr><tr><td><a href="CodeSystem-medcom-core-PractitionerRolesSKSadministrativ.html#medcom-core-PractitionerRolesSKSadministrativ-laerer">laerer</a></td><td>Lærer</td></tr><tr><td><a href="CodeSystem-medcom-core-PractitionerRolesSKSadministrativ.html#medcom-core-PractitionerRolesSKSadministrativ-paedagog">paedagog</a></td><td>Pædagog</td></tr><tr><td><a href="CodeSystem-medcom-core-PractitionerRolesSKSadministrativ.html#medcom-core-PractitionerRolesSKSadministrativ-beskaeftigelsesvejleder">beskaeftigelsesvejleder</a></td><td>Beskæftigelsesvejleder</td></tr><tr><td><a href="CodeSystem-medcom-core-PractitionerRolesSKSadministrativ.html#medcom-core-PractitionerRolesSKSadministrativ-bandagist">bandagist</a></td><td>Bandagist</td></tr><tr><td><a href="CodeSystem-medcom-core-PractitionerRolesSKSadministrativ.html#medcom-core-PractitionerRolesSKSadministrativ-skomager">skomager</a></td><td>Skomager</td></tr><tr><td><a href="CodeSystem-medcom-core-PractitionerRolesSKSadministrativ.html#medcom-core-PractitionerRolesSKSadministrativ-optiker">optiker</a></td><td>Optiker</td></tr></table></li></ul></div>
  </text>
  <url value="http://medcomfhir.dk/ig/terminology/ValueSet/medcom-core-PractitionerRoles"/>
  <version value="1.1.0"/>
  <name value="MedComCorePractitionerRoles"/>
  <title value="MedComCorePractitionerRoles"/>
  <status value="active"/>
  <date value="2022-12-01"/>
  <publisher value="MedCom"/>
  <contact>
    <name value="MedCom"/>
    <telecom>
      <system value="url"/>
      <value value="http://www.medcom.dk"/>
    </telecom>
  </contact>
  <description value="ValueSet containing codes for practionerroles (Danish:Stillingsbetegnelser) from medcom "/>
  <jurisdiction>
    <coding>
      <system value="urn:iso:std:iso:3166"/>
      <code value="DK"/>
      <display value="Denmark"/>
    </coding>
  </jurisdiction>
  <compose>
    <include>
      <system value="http://medcomfhir.dk/ig/terminology/CodeSystem/medcom-core-PractitionerRolesAutorisationsregistret"/>
      <concept>
        <code value="ambulancebehandler"/>
        <display value="Ambulancebehandler"/>
      </concept>
      <concept>
        <code value="laege"/>
        <display value="Læge"/>
      </concept>
      <concept>
        <code value="osteopat"/>
        <display value="Osteopat"/>
      </concept>
    </include>
    <include>
      <system value="http://medcomfhir.dk/ig/terminology/CodeSystem/medcom-core-PractitionerRolesSKSadministrativ"/>
      <concept>
        <code value="speciallaege"/>
        <display value="Speciallæge"/>
      </concept>
      <concept>
        <code value="speciallaegeipraksis"/>
        <display value="Speciallæge i praksis"/>
      </concept>
      <concept>
        <code value="cheflaege"/>
        <display value="Cheflæge"/>
      </concept>
      <concept>
        <code value="overlaege"/>
        <display value="Overlæge"/>
      </concept>
      <concept>
        <code value="afdelingslaege"/>
        <display value="Afdelingslæge"/>
      </concept>
      <concept>
        <code value="sygehuslaege"/>
        <display value="Sygehuslæge"/>
      </concept>
      <concept>
        <code value="sygeplejerske"/>
        <display value="Sygeplejerske"/>
      </concept>
      <concept>
        <code value="sundhedsplejerske"/>
        <display value="Sundhedsplejerske"/>
      </concept>
      <concept>
        <code value="socialogsundhedsassistent"/>
        <display value="Social- og sundhedsassistent"/>
      </concept>
      <concept>
        <code value="socialogsundhedsmehjaelper"/>
        <display value="Social- og sundhedsmedhjælper"/>
      </concept>
      <concept>
        <code value="sygehjaelper"/>
        <display value="Sygehjælper"/>
      </concept>
      <concept>
        <code value="plejer"/>
        <display value="Plejer"/>
      </concept>
      <concept>
        <code value="plejehjemsassistent"/>
        <display value="Plejehjemsassistent"/>
      </concept>
      <concept>
        <code value="tandlaege"/>
        <display value="Tandlæge"/>
      </concept>
      <concept>
        <code value="klinisktandtekniker"/>
        <display value="Klinisk tandtekniker"/>
      </concept>
      <concept>
        <code value="tandplejer"/>
        <display value="Tandplejer"/>
      </concept>
      <concept>
        <code value="farmaceut"/>
        <display value="Farmaceut"/>
      </concept>
      <concept>
        <code value="apoteker"/>
        <display value="Apoteker"/>
      </concept>
      <concept>
        <code value="pyskolog"/>
        <display value="Psykolog"/>
      </concept>
      <concept>
        <code value="jordemoder"/>
        <display value="Jordemoder"/>
      </concept>
      <concept>
        <code value="fysioterapeut"/>
        <display value="Fysioterapeut"/>
      </concept>
      <concept>
        <code value="ergoterapeut"/>
        <display value="Ergoterapeut"/>
      </concept>
      <concept>
        <code value="bioanalytiker"/>
        <display value="Bioanalytiker"/>
      </concept>
      <concept>
        <code value="radiograf"/>
        <display value="Radiograf"/>
      </concept>
      <concept>
        <code value="diaetist"/>
        <display value="Diætist"/>
      </concept>
      <concept>
        <code value="diaetistassistent"/>
        <display value="Diætistassistent"/>
      </concept>
      <concept>
        <code value="audilogassistent"/>
        <display value="Audilogassistent"/>
      </concept>
      <concept>
        <code value="neurofysiologassistent"/>
        <display value="Neurofysiologassistent"/>
      </concept>
      <concept>
        <code value="kiropraktor"/>
        <display value="Kiropraktor"/>
      </concept>
      <concept>
        <code value="zoneterapeut"/>
        <display value="Zoneterapeut"/>
      </concept>
      <concept>
        <code value="psykoterapeut"/>
        <display value="Psykoterapeut"/>
      </concept>
      <concept>
        <code value="audiologpaed"/>
        <display value="Audiologpæd"/>
      </concept>
      <concept>
        <code value="laegesekretaer"/>
        <display value="Lægesekretær"/>
      </concept>
      <concept>
        <code value="ledendelaegesekretaer"/>
        <display value="Ledende lægesekretær"/>
      </concept>
      <concept>
        <code value="sygeplejesekretear"/>
        <display value="Sygeplejesekretær"/>
      </concept>
      <concept>
        <code value="fodterapeut"/>
        <display value="Fodterapeut"/>
      </concept>
      <concept>
        <code value="socialraadgiver"/>
        <display value="Socialrådgiver"/>
      </concept>
      <concept>
        <code value="ledendesocialraadgiver"/>
        <display value="Ledende socialrådgiver"/>
      </concept>
      <concept>
        <code value="laerer"/>
        <display value="Lærer"/>
      </concept>
      <concept>
        <code value="paedagog"/>
        <display value="Pædagog"/>
      </concept>
      <concept>
        <code value="beskaeftigelsesvejleder"/>
        <display value="Beskæftigelsesvejleder"/>
      </concept>
      <concept>
        <code value="bandagist"/>
        <display value="Bandagist"/>
      </concept>
      <concept>
        <code value="skomager"/>
        <display value="Skomager"/>
      </concept>
      <concept>
        <code value="optiker"/>
        <display value="Optiker"/>
      </concept>
    </include>
  </compose>
</ValueSet>