{
  "resourceType": "ValueSet",
  "id": "medcom-hospitalNotification-messageActivities",
  "text": {
    "status": "generated",
    "div": "<div xmlns=\"http://www.w3.org/1999/xhtml\"><ul><li>Include these codes as defined in <a href=\"CodeSystem-medcom-messaging-activityCodes.html\"><code>http://medcomfhir.dk/ig/terminology/CodeSystem/medcom-messaging-activityCodes</code></a><table class=\"none\"><tr><td style=\"white-space:nowrap\"><b>Code</b></td><td><b>Display</b></td><td><b>Dansk (Danish, da)</b></td></tr><tr><td><a href=\"CodeSystem-medcom-messaging-activityCodes.html#medcom-messaging-activityCodes-admit-emergency\">admit-emergency</a></td><td>Start hospital stay-acute ambulant</td><td>Start sygehusophold - akut ambulant</td></tr><tr><td><a href=\"CodeSystem-medcom-messaging-activityCodes.html#medcom-messaging-activityCodes-revise-admit-emergency\">revise-admit-emergency</a></td><td>Update of Start hospital stay - acute ambulant</td><td>Rettelse af Start sygehusophold - akut ambulant</td></tr><tr><td><a href=\"CodeSystem-medcom-messaging-activityCodes.html#medcom-messaging-activityCodes-cancel-admit-emergency\">cancel-admit-emergency</a></td><td>Cancellation of start hospital stay - acute ambulant</td><td>Annullering af start sygehusophold - akut ambulant</td></tr><tr><td><a href=\"CodeSystem-medcom-messaging-activityCodes.html#medcom-messaging-activityCodes-admit-inpatient\">admit-inpatient</a></td><td>Start hospital stay - admission</td><td>Start sygehusophold - indlagt</td></tr><tr><td><a href=\"CodeSystem-medcom-messaging-activityCodes.html#medcom-messaging-activityCodes-revise-admit-inpatient\">revise-admit-inpatient</a></td><td>Update of start hospital stay - admission</td><td>Rettelse af start sygehusophold - indlagt</td></tr><tr><td><a href=\"CodeSystem-medcom-messaging-activityCodes.html#medcom-messaging-activityCodes-cancel-admit-inpatient\">cancel-admit-inpatient</a></td><td>Cancellation of start hospital stay - admission</td><td>Annullering af start sygehusophold - indlagt</td></tr><tr><td><a href=\"CodeSystem-medcom-messaging-activityCodes.html#medcom-messaging-activityCodes-start-leave-inpatient\">start-leave-inpatient</a></td><td>Start leave</td><td>Start orlov</td></tr><tr><td><a href=\"CodeSystem-medcom-messaging-activityCodes.html#medcom-messaging-activityCodes-revise-start-leave-inpatient\">revise-start-leave-inpatient</a></td><td>Update of Start leave</td><td>Rettelse Start orlov</td></tr><tr><td><a href=\"CodeSystem-medcom-messaging-activityCodes.html#medcom-messaging-activityCodes-cancel-start-leave-inpatient\">cancel-start-leave-inpatient</a></td><td>Cancellation of Start leave</td><td>Annullering af Start orlov</td></tr><tr><td><a href=\"CodeSystem-medcom-messaging-activityCodes.html#medcom-messaging-activityCodes-end-leave-inpatient\">end-leave-inpatient</a></td><td>End leave</td><td>Slut orlov</td></tr><tr><td><a href=\"CodeSystem-medcom-messaging-activityCodes.html#medcom-messaging-activityCodes-revise-end-leave-inpatient\">revise-end-leave-inpatient</a></td><td>Update of End leave</td><td>Rettelse Slut orlov</td></tr><tr><td><a href=\"CodeSystem-medcom-messaging-activityCodes.html#medcom-messaging-activityCodes-cancel-end-leave-inpatient\">cancel-end-leave-inpatient</a></td><td>Cancellation of End leave</td><td>Annullering Slut orlov</td></tr><tr><td><a href=\"CodeSystem-medcom-messaging-activityCodes.html#medcom-messaging-activityCodes-discharge-emergency-home\">discharge-emergency-home</a></td><td>End hospital Stay - patient discharged to home/primary sector</td><td>Slut sygehusophold - afsluttet til hjemmet</td></tr><tr><td><a href=\"CodeSystem-medcom-messaging-activityCodes.html#medcom-messaging-activityCodes-revise-discharge-emergency-home\">revise-discharge-emergency-home</a></td><td>Update of End hospital Stay</td><td>Rettelse Slut sygehusophold - afsluttet til hjemmet</td></tr><tr><td><a href=\"CodeSystem-medcom-messaging-activityCodes.html#medcom-messaging-activityCodes-cancel-discharge-emergency-home\">cancel-discharge-emergency-home</a></td><td>Cancellation of End hospital Stay</td><td>Annullering Slut sygehusophold - afsluttet til hjemmet</td></tr><tr><td><a href=\"CodeSystem-medcom-messaging-activityCodes.html#medcom-messaging-activityCodes-discharge-inpatient-home\">discharge-inpatient-home</a></td><td>End hospital Stay - patient discharged to home/primary sector</td><td>Slut sygehusophold - afsluttet til hjemmet</td></tr><tr><td><a href=\"CodeSystem-medcom-messaging-activityCodes.html#medcom-messaging-activityCodes-revise-discharge-inpatient-home\">revise-discharge-inpatient-home</a></td><td>Update of End hospital Stay</td><td>Rettelse Slut sygehusophold - afsluttet til hjemmet</td></tr><tr><td><a href=\"CodeSystem-medcom-messaging-activityCodes.html#medcom-messaging-activityCodes-cancel-discharge-inpatient-home\">cancel-discharge-inpatient-home</a></td><td>Cancellation of End hospital Stay</td><td>Annullering Slut sygehusophold - afsluttet til hjemmet</td></tr></table></li></ul></div>"
  },
  "url": "https://medcomfhir.dk/ig/terminology/ValueSet/medcom-hospitalNotification-messageActivities",
  "version": "1.1.0",
  "name": "MedComHospitalNotificationMessageActivities",
  "title": "MedComHospitalNotificationMessageActivityCodes",
  "status": "active",
  "date": "2022-09-01",
  "publisher": "MedCom",
  "contact": [
    {
      "name": "MedCom",
      "telecom": [
        {
          "system": "url",
          "value": "http://www.medcom.dk"
        }
      ]
    }
  ],
  "description": "ValueSet containg activity codes for hospital notification messages",
  "jurisdiction": [
    {
      "coding": [
        {
          "system": "urn:iso:std:iso:3166",
          "code": "DK",
          "display": "Denmark"
        }
      ]
    }
  ],
  "compose": {
    "include": [
      {
        "system": "http://medcomfhir.dk/ig/terminology/CodeSystem/medcom-messaging-activityCodes",
        "concept": [
          {
            "code": "admit-emergency",
            "display": "Start hospital stay-acute ambulant",
            "designation": [
              {
                "language": "da",
                "value": "Start sygehusophold - akut ambulant"
              }
            ]
          },
          {
            "code": "revise-admit-emergency",
            "display": "Update of Start hospital stay - acute ambulant",
            "designation": [
              {
                "language": "da",
                "value": "Rettelse af Start sygehusophold - akut ambulant"
              }
            ]
          },
          {
            "code": "cancel-admit-emergency",
            "display": "Cancellation of start hospital stay - acute ambulant",
            "designation": [
              {
                "language": "da",
                "value": "Annullering af start sygehusophold - akut ambulant"
              }
            ]
          },
          {
            "code": "admit-inpatient",
            "display": "Start hospital stay - admission",
            "designation": [
              {
                "language": "da",
                "value": "Start sygehusophold - indlagt"
              }
            ]
          },
          {
            "code": "revise-admit-inpatient",
            "display": "Update of start hospital stay - admission",
            "designation": [
              {
                "language": "da",
                "value": "Rettelse af start sygehusophold - indlagt"
              }
            ]
          },
          {
            "code": "cancel-admit-inpatient",
            "display": "Cancellation of start hospital stay - admission",
            "designation": [
              {
                "language": "da",
                "value": "Annullering af start sygehusophold - indlagt"
              }
            ]
          },
          {
            "code": "start-leave-inpatient",
            "display": "Start leave",
            "designation": [
              {
                "language": "da",
                "value": "Start orlov"
              }
            ]
          },
          {
            "code": "revise-start-leave-inpatient",
            "display": "Update of Start leave",
            "designation": [
              {
                "language": "da",
                "value": "Rettelse Start orlov"
              }
            ]
          },
          {
            "code": "cancel-start-leave-inpatient",
            "display": "Cancellation of Start leave",
            "designation": [
              {
                "language": "da",
                "value": "Annullering af Start orlov"
              }
            ]
          },
          {
            "code": "end-leave-inpatient",
            "display": "End leave",
            "designation": [
              {
                "language": "da",
                "value": "Slut orlov"
              }
            ]
          },
          {
            "code": "revise-end-leave-inpatient",
            "display": "Update of End leave",
            "designation": [
              {
                "language": "da",
                "value": "Rettelse Slut orlov"
              }
            ]
          },
          {
            "code": "cancel-end-leave-inpatient",
            "display": "Cancellation of End leave",
            "designation": [
              {
                "language": "da",
                "value": "Annullering Slut orlov"
              }
            ]
          },
          {
            "code": "discharge-emergency-home",
            "display": "End hospital Stay - patient discharged to home/primary sector",
            "designation": [
              {
                "language": "da",
                "value": "Slut sygehusophold - afsluttet til hjemmet"
              }
            ]
          },
          {
            "code": "revise-discharge-emergency-home",
            "display": "Update of End hospital Stay",
            "designation": [
              {
                "language": "da",
                "value": "Rettelse Slut sygehusophold - afsluttet til hjemmet"
              }
            ]
          },
          {
            "code": "cancel-discharge-emergency-home",
            "display": "Cancellation of End hospital Stay",
            "designation": [
              {
                "language": "da",
                "value": "Annullering Slut sygehusophold - afsluttet til hjemmet"
              }
            ]
          },
          {
            "code": "discharge-inpatient-home",
            "display": "End hospital Stay - patient discharged to home/primary sector",
            "designation": [
              {
                "language": "da",
                "value": "Slut sygehusophold - afsluttet til hjemmet"
              }
            ]
          },
          {
            "code": "revise-discharge-inpatient-home",
            "display": "Update of End hospital Stay",
            "designation": [
              {
                "language": "da",
                "value": "Rettelse Slut sygehusophold - afsluttet til hjemmet"
              }
            ]
          },
          {
            "code": "cancel-discharge-inpatient-home",
            "display": "Cancellation of End hospital Stay",
            "designation": [
              {
                "language": "da",
                "value": "Annullering Slut sygehusophold - afsluttet til hjemmet"
              }
            ]
          }
        ]
      }
    ]
  }
}