{"resourceType":"ImplementationGuide","id":"medcom.fhir.dk.homecareobservation","text":{"status":"generated","div":"<div xmlns=\"http://www.w3.org/1999/xhtml\"><p class=\"res-header-id\"><b>Generated Narrative: ImplementationGuide medcom.fhir.dk.homecareobservation</b></p><a name=\"medcom.fhir.dk.homecareobservation\"> </a><a name=\"hcmedcom.fhir.dk.homecareobservation\"> </a><h2>MedComHomeCareObservation</h2><p>The official URL for this implementation guide is: </p><pre>http://medcomfhir.dk/ig/homecareobservation/ImplementationGuide/medcom.fhir.dk.homecareobservation</pre><div><p>Communication between general practitioners and municipal acute care team.</p>\n</div></div>"},"url":"http://medcomfhir.dk/ig/homecareobservation/ImplementationGuide/medcom.fhir.dk.homecareobservation","version":"1.2.0","name":"MedComHomeCareObservation","title":"MedCom HomeCareObservation","status":"active","date":"2025-12-03T12:34:53+00:00","publisher":"MedCom","contact":[{"name":"MedCom","telecom":[{"system":"url","value":"http://www.medcom.dk"},{"system":"email","value":"fhir@medcom.dk"}]}],"description":"Communication between general practitioners and municipal acute care team.","jurisdiction":[{"coding":[{"system":"urn:iso:std:iso:3166","code":"DK","display":"Denmark"}]}],"packageId":"medcom.fhir.dk.homecareobservation","license":"CC0-1.0","fhirVersion":["4.0.1"],"dependsOn":[{"id":"hl7tx","extension":[{"url":"http://hl7.org/fhir/tools/StructureDefinition/implementationguide-dependency-comment","valueMarkdown":"Automatically added as a dependency - all IGs depend on HL7 Terminology"}],"uri":"http://terminology.hl7.org/ImplementationGuide/hl7.terminology","packageId":"hl7.terminology.r4","version":"7.0.0"},{"id":"hl7ext","extension":[{"url":"http://hl7.org/fhir/tools/StructureDefinition/implementationguide-dependency-comment","valueMarkdown":"Automatically added as a dependency - all IGs depend on the HL7 Extension Pack"}],"uri":"http://hl7.org/fhir/extensions/ImplementationGuide/hl7.fhir.uv.extensions","packageId":"hl7.fhir.uv.extensions.r4","version":"5.2.0"},{"id":"hl7_fhir_dk_core","uri":"http://hl7.dk/fhir/core/ImplementationGuide/hl7.fhir.dk.core","packageId":"hl7.fhir.dk.core","version":"3.4.0"},{"id":"medcom_fhir_dk_terminology","uri":"http://medcomfhir.dk/ig/terminology/ImplementationGuide/medcom.fhir.dk.terminology","packageId":"medcom.fhir.dk.terminology","version":"2.0.2"},{"id":"medcom_fhir_dk_core","uri":"http://medcomfhir.dk/ig/core/ImplementationGuide/medcom.fhir.dk.core","packageId":"medcom.fhir.dk.core","version":"2.4.0"},{"id":"medcom_fhir_dk_messaging","uri":"http://medcomfhir.dk/ig/messaging/ImplementationGuide/medcom.fhir.dk.messaging","packageId":"medcom.fhir.dk.messaging","version":"3.0.0"},{"id":"medcom_fhir_dk_messagedefinitions","uri":"http://medcomfhir.dk/ig/messagedefinitions/ImplementationGuide/medcom.fhir.dk.messagedefinitions","packageId":"medcom.fhir.dk.messagedefinitions","version":"1.0.1-trial-use"}],"definition":{"extension":[{"extension":[{"url":"code","valueString":"copyrightyear"},{"url":"value","valueString":"2023+"}],"url":"http://hl7.org/fhir/tools/StructureDefinition/ig-parameter"},{"extension":[{"url":"code","valueString":"releaselabel"},{"url":"value","valueString":"release"}],"url":"http://hl7.org/fhir/tools/StructureDefinition/ig-parameter"},{"extension":[{"url":"code","valueString":"apply-version"},{"url":"value","valueString":"false"}],"url":"http://hl7.org/fhir/tools/StructureDefinition/ig-parameter"},{"extension":[{"url":"code","valueString":"default-version"},{"url":"value","valueString":"true"}],"url":"http://hl7.org/fhir/tools/StructureDefinition/ig-parameter"},{"extension":[{"url":"code","valueString":"apply-publisher"},{"url":"value","valueString":"false"}],"url":"http://hl7.org/fhir/tools/StructureDefinition/ig-parameter"},{"extension":[{"url":"code","valueString":"default-publisher"},{"url":"value","valueString":"true"}],"url":"http://hl7.org/fhir/tools/StructureDefinition/ig-parameter"},{"extension":[{"url":"code","valueString":"pin-canonicals"},{"url":"value","valueString":"pin-multiples"}],"url":"http://hl7.org/fhir/tools/StructureDefinition/ig-parameter"},{"extension":[{"url":"code","valueString":"excludettl"},{"url":"value","valueString":"true"}],"url":"http://hl7.org/fhir/tools/StructureDefinition/ig-parameter"},{"extension":[{"url":"code","valueString":"autoload-resources"},{"url":"value","valueString":"true"}],"url":"http://hl7.org/fhir/tools/StructureDefinition/ig-parameter"},{"extension":[{"url":"code","valueString":"path-liquid"},{"url":"value","valueString":"template/liquid"}],"url":"http://hl7.org/fhir/tools/StructureDefinition/ig-parameter"},{"extension":[{"url":"code","valueString":"path-liquid"},{"url":"value","valueString":"input/liquid"}],"url":"http://hl7.org/fhir/tools/StructureDefinition/ig-parameter"},{"extension":[{"url":"code","valueString":"path-qa"},{"url":"value","valueString":"temp/qa"}],"url":"http://hl7.org/fhir/tools/StructureDefinition/ig-parameter"},{"extension":[{"url":"code","valueString":"path-temp"},{"url":"value","valueString":"temp/pages"}],"url":"http://hl7.org/fhir/tools/StructureDefinition/ig-parameter"},{"extension":[{"url":"code","valueString":"path-output"},{"url":"value","valueString":"output"}],"url":"http://hl7.org/fhir/tools/StructureDefinition/ig-parameter"},{"extension":[{"url":"code","valueString":"path-suppressed-warnings"},{"url":"value","valueString":"input/ignoreWarnings.txt"}],"url":"http://hl7.org/fhir/tools/StructureDefinition/ig-parameter"},{"extension":[{"url":"code","valueString":"path-history"},{"url":"value","valueString":"http://medcomfhir.dk/ig/homecareobservation/history.html"}],"url":"http://hl7.org/fhir/tools/StructureDefinition/ig-parameter"},{"extension":[{"url":"code","valueString":"template-html"},{"url":"value","valueString":"template-page.html"}],"url":"http://hl7.org/fhir/tools/StructureDefinition/ig-parameter"},{"extension":[{"url":"code","valueString":"template-md"},{"url":"value","valueString":"template-page-md.html"}],"url":"http://hl7.org/fhir/tools/StructureDefinition/ig-parameter"},{"extension":[{"url":"code","valueString":"apply-contact"},{"url":"value","valueString":"true"}],"url":"http://hl7.org/fhir/tools/StructureDefinition/ig-parameter"},{"extension":[{"url":"code","valueString":"apply-context"},{"url":"value","valueString":"true"}],"url":"http://hl7.org/fhir/tools/StructureDefinition/ig-parameter"},{"extension":[{"url":"code","valueString":"apply-copyright"},{"url":"value","valueString":"true"}],"url":"http://hl7.org/fhir/tools/StructureDefinition/ig-parameter"},{"extension":[{"url":"code","valueString":"apply-jurisdiction"},{"url":"value","valueString":"true"}],"url":"http://hl7.org/fhir/tools/StructureDefinition/ig-parameter"},{"extension":[{"url":"code","valueString":"apply-license"},{"url":"value","valueString":"true"}],"url":"http://hl7.org/fhir/tools/StructureDefinition/ig-parameter"},{"extension":[{"url":"code","valueString":"apply-wg"},{"url":"value","valueString":"true"}],"url":"http://hl7.org/fhir/tools/StructureDefinition/ig-parameter"},{"extension":[{"url":"code","valueString":"active-tables"},{"url":"value","valueString":"true"}],"url":"http://hl7.org/fhir/tools/StructureDefinition/ig-parameter"},{"extension":[{"url":"code","valueString":"fmm-definition"},{"url":"value","valueString":"http://hl7.org/fhir/versions.html#maturity"}],"url":"http://hl7.org/fhir/tools/StructureDefinition/ig-parameter"},{"extension":[{"url":"code","valueString":"propagate-status"},{"url":"value","valueString":"true"}],"url":"http://hl7.org/fhir/tools/StructureDefinition/ig-parameter"},{"extension":[{"url":"code","valueString":"excludelogbinaryformat"},{"url":"value","valueString":"true"}],"url":"http://hl7.org/fhir/tools/StructureDefinition/ig-parameter"},{"extension":[{"url":"code","valueString":"tabbed-snapshots"},{"url":"value","valueString":"true"}],"url":"http://hl7.org/fhir/tools/StructureDefinition/ig-parameter"},{"url":"http://hl7.org/fhir/tools/StructureDefinition/ig-internal-dependency","valueCode":"hl7.fhir.uv.tools.r4#0.8.0"},{"extension":[{"url":"code","valueCode":"copyrightyear"},{"url":"value","valueString":"2023+"}],"url":"http://hl7.org/fhir/tools/StructureDefinition/ig-parameter"},{"extension":[{"url":"code","valueCode":"releaselabel"},{"url":"value","valueString":"release"}],"url":"http://hl7.org/fhir/tools/StructureDefinition/ig-parameter"},{"extension":[{"url":"code","valueCode":"apply-version"},{"url":"value","valueString":"false"}],"url":"http://hl7.org/fhir/tools/StructureDefinition/ig-parameter"},{"extension":[{"url":"code","valueCode":"default-version"},{"url":"value","valueString":"true"}],"url":"http://hl7.org/fhir/tools/StructureDefinition/ig-parameter"},{"extension":[{"url":"code","valueCode":"apply-publisher"},{"url":"value","valueString":"false"}],"url":"http://hl7.org/fhir/tools/StructureDefinition/ig-parameter"},{"extension":[{"url":"code","valueCode":"default-publisher"},{"url":"value","valueString":"true"}],"url":"http://hl7.org/fhir/tools/StructureDefinition/ig-parameter"},{"extension":[{"url":"code","valueCode":"pin-canonicals"},{"url":"value","valueString":"pin-multiples"}],"url":"http://hl7.org/fhir/tools/StructureDefinition/ig-parameter"},{"extension":[{"url":"code","valueCode":"excludettl"},{"url":"value","valueString":"true"}],"url":"http://hl7.org/fhir/tools/StructureDefinition/ig-parameter"},{"extension":[{"url":"code","valueCode":"autoload-resources"},{"url":"value","valueString":"true"}],"url":"http://hl7.org/fhir/tools/StructureDefinition/ig-parameter"},{"extension":[{"url":"code","valueCode":"path-liquid"},{"url":"value","valueString":"template/liquid"}],"url":"http://hl7.org/fhir/tools/StructureDefinition/ig-parameter"},{"extension":[{"url":"code","valueCode":"path-liquid"},{"url":"value","valueString":"input/liquid"}],"url":"http://hl7.org/fhir/tools/StructureDefinition/ig-parameter"},{"extension":[{"url":"code","valueCode":"path-qa"},{"url":"value","valueString":"temp/qa"}],"url":"http://hl7.org/fhir/tools/StructureDefinition/ig-parameter"},{"extension":[{"url":"code","valueCode":"path-temp"},{"url":"value","valueString":"temp/pages"}],"url":"http://hl7.org/fhir/tools/StructureDefinition/ig-parameter"},{"extension":[{"url":"code","valueCode":"path-output"},{"url":"value","valueString":"output"}],"url":"http://hl7.org/fhir/tools/StructureDefinition/ig-parameter"},{"extension":[{"url":"code","valueCode":"path-suppressed-warnings"},{"url":"value","valueString":"input/ignoreWarnings.txt"}],"url":"http://hl7.org/fhir/tools/StructureDefinition/ig-parameter"},{"extension":[{"url":"code","valueCode":"path-history"},{"url":"value","valueString":"http://medcomfhir.dk/ig/homecareobservation/history.html"}],"url":"http://hl7.org/fhir/tools/StructureDefinition/ig-parameter"},{"extension":[{"url":"code","valueCode":"template-html"},{"url":"value","valueString":"template-page.html"}],"url":"http://hl7.org/fhir/tools/StructureDefinition/ig-parameter"},{"extension":[{"url":"code","valueCode":"template-md"},{"url":"value","valueString":"template-page-md.html"}],"url":"http://hl7.org/fhir/tools/StructureDefinition/ig-parameter"},{"extension":[{"url":"code","valueCode":"apply-contact"},{"url":"value","valueString":"true"}],"url":"http://hl7.org/fhir/tools/StructureDefinition/ig-parameter"},{"extension":[{"url":"code","valueCode":"apply-context"},{"url":"value","valueString":"true"}],"url":"http://hl7.org/fhir/tools/StructureDefinition/ig-parameter"},{"extension":[{"url":"code","valueCode":"apply-copyright"},{"url":"value","valueString":"true"}],"url":"http://hl7.org/fhir/tools/StructureDefinition/ig-parameter"},{"extension":[{"url":"code","valueCode":"apply-jurisdiction"},{"url":"value","valueString":"true"}],"url":"http://hl7.org/fhir/tools/StructureDefinition/ig-parameter"},{"extension":[{"url":"code","valueCode":"apply-license"},{"url":"value","valueString":"true"}],"url":"http://hl7.org/fhir/tools/StructureDefinition/ig-parameter"},{"extension":[{"url":"code","valueCode":"apply-wg"},{"url":"value","valueString":"true"}],"url":"http://hl7.org/fhir/tools/StructureDefinition/ig-parameter"},{"extension":[{"url":"code","valueCode":"active-tables"},{"url":"value","valueString":"true"}],"url":"http://hl7.org/fhir/tools/StructureDefinition/ig-parameter"},{"extension":[{"url":"code","valueCode":"fmm-definition"},{"url":"value","valueString":"http://hl7.org/fhir/versions.html#maturity"}],"url":"http://hl7.org/fhir/tools/StructureDefinition/ig-parameter"},{"extension":[{"url":"code","valueCode":"propagate-status"},{"url":"value","valueString":"true"}],"url":"http://hl7.org/fhir/tools/StructureDefinition/ig-parameter"},{"extension":[{"url":"code","valueCode":"excludelogbinaryformat"},{"url":"value","valueString":"true"}],"url":"http://hl7.org/fhir/tools/StructureDefinition/ig-parameter"},{"extension":[{"url":"code","valueCode":"tabbed-snapshots"},{"url":"value","valueString":"true"}],"url":"http://hl7.org/fhir/tools/StructureDefinition/ig-parameter"},{"extension":[{"url":"code","valueCode":"copyrightyear"},{"url":"value","valueString":"2023+"}],"url":"http://hl7.org/fhir/tools/StructureDefinition/ig-parameter"},{"extension":[{"url":"code","valueCode":"releaselabel"},{"url":"value","valueString":"release"}],"url":"http://hl7.org/fhir/tools/StructureDefinition/ig-parameter"},{"extension":[{"url":"code","valueCode":"apply-version"},{"url":"value","valueString":"false"}],"url":"http://hl7.org/fhir/tools/StructureDefinition/ig-parameter"},{"extension":[{"url":"code","valueCode":"default-version"},{"url":"value","valueString":"true"}],"url":"http://hl7.org/fhir/tools/StructureDefinition/ig-parameter"},{"extension":[{"url":"code","valueCode":"apply-publisher"},{"url":"value","valueString":"false"}],"url":"http://hl7.org/fhir/tools/StructureDefinition/ig-parameter"},{"extension":[{"url":"code","valueCode":"default-publisher"},{"url":"value","valueString":"true"}],"url":"http://hl7.org/fhir/tools/StructureDefinition/ig-parameter"},{"extension":[{"url":"code","valueCode":"pin-canonicals"},{"url":"value","valueString":"pin-multiples"}],"url":"http://hl7.org/fhir/tools/StructureDefinition/ig-parameter"},{"extension":[{"url":"code","valueCode":"excludettl"},{"url":"value","valueString":"true"}],"url":"http://hl7.org/fhir/tools/StructureDefinition/ig-parameter"},{"extension":[{"url":"code","valueCode":"autoload-resources"},{"url":"value","valueString":"true"}],"url":"http://hl7.org/fhir/tools/StructureDefinition/ig-parameter"},{"extension":[{"url":"code","valueCode":"path-liquid"},{"url":"value","valueString":"template/liquid"}],"url":"http://hl7.org/fhir/tools/StructureDefinition/ig-parameter"},{"extension":[{"url":"code","valueCode":"path-liquid"},{"url":"value","valueString":"input/liquid"}],"url":"http://hl7.org/fhir/tools/StructureDefinition/ig-parameter"},{"extension":[{"url":"code","valueCode":"path-qa"},{"url":"value","valueString":"temp/qa"}],"url":"http://hl7.org/fhir/tools/StructureDefinition/ig-parameter"},{"extension":[{"url":"code","valueCode":"path-temp"},{"url":"value","valueString":"temp/pages"}],"url":"http://hl7.org/fhir/tools/StructureDefinition/ig-parameter"},{"extension":[{"url":"code","valueCode":"path-output"},{"url":"value","valueString":"output"}],"url":"http://hl7.org/fhir/tools/StructureDefinition/ig-parameter"},{"extension":[{"url":"code","valueCode":"path-suppressed-warnings"},{"url":"value","valueString":"input/ignoreWarnings.txt"}],"url":"http://hl7.org/fhir/tools/StructureDefinition/ig-parameter"},{"extension":[{"url":"code","valueCode":"path-history"},{"url":"value","valueString":"http://medcomfhir.dk/ig/homecareobservation/history.html"}],"url":"http://hl7.org/fhir/tools/StructureDefinition/ig-parameter"},{"extension":[{"url":"code","valueCode":"template-html"},{"url":"value","valueString":"template-page.html"}],"url":"http://hl7.org/fhir/tools/StructureDefinition/ig-parameter"},{"extension":[{"url":"code","valueCode":"template-md"},{"url":"value","valueString":"template-page-md.html"}],"url":"http://hl7.org/fhir/tools/StructureDefinition/ig-parameter"},{"extension":[{"url":"code","valueCode":"apply-contact"},{"url":"value","valueString":"true"}],"url":"http://hl7.org/fhir/tools/StructureDefinition/ig-parameter"},{"extension":[{"url":"code","valueCode":"apply-context"},{"url":"value","valueString":"true"}],"url":"http://hl7.org/fhir/tools/StructureDefinition/ig-parameter"},{"extension":[{"url":"code","valueCode":"apply-copyright"},{"url":"value","valueString":"true"}],"url":"http://hl7.org/fhir/tools/StructureDefinition/ig-parameter"},{"extension":[{"url":"code","valueCode":"apply-jurisdiction"},{"url":"value","valueString":"true"}],"url":"http://hl7.org/fhir/tools/StructureDefinition/ig-parameter"},{"extension":[{"url":"code","valueCode":"apply-license"},{"url":"value","valueString":"true"}],"url":"http://hl7.org/fhir/tools/StructureDefinition/ig-parameter"},{"extension":[{"url":"code","valueCode":"apply-wg"},{"url":"value","valueString":"true"}],"url":"http://hl7.org/fhir/tools/StructureDefinition/ig-parameter"},{"extension":[{"url":"code","valueCode":"active-tables"},{"url":"value","valueString":"true"}],"url":"http://hl7.org/fhir/tools/StructureDefinition/ig-parameter"},{"extension":[{"url":"code","valueCode":"fmm-definition"},{"url":"value","valueString":"http://hl7.org/fhir/versions.html#maturity"}],"url":"http://hl7.org/fhir/tools/StructureDefinition/ig-parameter"},{"extension":[{"url":"code","valueCode":"propagate-status"},{"url":"value","valueString":"true"}],"url":"http://hl7.org/fhir/tools/StructureDefinition/ig-parameter"},{"extension":[{"url":"code","valueCode":"excludelogbinaryformat"},{"url":"value","valueString":"true"}],"url":"http://hl7.org/fhir/tools/StructureDefinition/ig-parameter"},{"extension":[{"url":"code","valueCode":"tabbed-snapshots"},{"url":"value","valueString":"true"}],"url":"http://hl7.org/fhir/tools/StructureDefinition/ig-parameter"}],"grouping":[{"id":"-str-profile","name":"Structures: Resource Profiles","description":"These define constraints on FHIR resources for systems conforming to this implementation guide."},{"id":"-ex-example","name":"Example: Example Instances","description":"These are example instances that show what data produced and consumed by systems conforming with this implementation guide might look like."}],"resource":[{"extension":[{"url":"http://hl7.org/fhir/tools/StructureDefinition/resource-sort","valueInteger":999999999},{"url":"http://hl7.org/fhir/StructureDefinition/implementationguide-page","valueUri":"StructureDefinition-medcom-homecare-observation.html"}],"reference":{"reference":"StructureDefinition/medcom-homecare-observation"},"name":"MedComHomeCareObservation","description":"This profile is intended to be used in HomeCareObservation to hold information about the observation results.","exampleBoolean":false,"groupingId":"-str-profile"},{"extension":[{"url":"http://hl7.org/fhir/tools/StructureDefinition/resource-sort","valueInteger":999999999},{"url":"http://hl7.org/fhir/StructureDefinition/implementationguide-page","valueUri":"StructureDefinition-medcom-homecareobservation-diagnosticreport.html"}],"reference":{"reference":"StructureDefinition/medcom-homecareobservation-diagnosticreport"},"name":"MedComHomeCareObservationDiagnosticReport","description":"This resource is intended to be used in relation with a HomeCareObservation message","exampleBoolean":false,"groupingId":"-str-profile"},{"extension":[{"url":"http://hl7.org/fhir/tools/StructureDefinition/resource-sort","valueInteger":999999999},{"url":"http://hl7.org/fhir/StructureDefinition/implementationguide-page","valueUri":"StructureDefinition-medcom-homecareobservation-message.html"}],"reference":{"reference":"StructureDefinition/medcom-homecareobservation-message"},"name":"MedComHomeCareObservationMessage","description":"The HomeCareObservation Message is used in exchange of the observations results performed by the municipal acute care team to the general practitioner.","exampleBoolean":false,"groupingId":"-str-profile"},{"extension":[{"url":"http://hl7.org/fhir/tools/StructureDefinition/resource-sort","valueInteger":999999999},{"url":"http://hl7.org/fhir/StructureDefinition/implementationguide-page","valueUri":"StructureDefinition-medcom-homecareobservation-messageheader.html"}],"reference":{"reference":"StructureDefinition/medcom-homecareobservation-messageheader"},"name":"MedComHomeCareObservationMessageHeader","description":"MessageHeader for HomeCareObservation","exampleBoolean":false,"groupingId":"-str-profile"},{"extension":[{"url":"http://hl7.org/fhir/tools/StructureDefinition/resource-sort","valueInteger":999999999},{"url":"http://hl7.org/fhir/StructureDefinition/implementationguide-page","valueUri":"Practitioner-70f14d25-0979-4192-8da2-0c0a3950f4b1.html"}],"reference":{"reference":"Practitioner/70f14d25-0979-4192-8da2-0c0a3950f4b1"},"name":"Acute nurse","description":"Acute nurse","exampleBoolean":true,"groupingId":"-ex-example"},{"extension":[{"url":"http://hl7.org/fhir/tools/StructureDefinition/resource-sort","valueInteger":999999999},{"url":"http://hl7.org/fhir/StructureDefinition/implementationguide-page","valueUri":"Practitioner-b56708c6-2df3-4e4a-a110-2f924b9fc072.html"}],"reference":{"reference":"Practitioner/b56708c6-2df3-4e4a-a110-2f924b9fc072"},"name":"Acute nurse","description":"Acute nurse","exampleBoolean":true,"groupingId":"-ex-example"},{"extension":[{"url":"http://hl7.org/fhir/tools/StructureDefinition/resource-sort","valueInteger":999999999},{"url":"http://hl7.org/fhir/StructureDefinition/implementationguide-page","valueUri":"Practitioner-be9f367d-a84a-4815-90a8-c83a03813fd8.html"}],"reference":{"reference":"Practitioner/be9f367d-a84a-4815-90a8-c83a03813fd8"},"name":"Acute nurse","description":"Acute nurse","exampleBoolean":true,"groupingId":"-ex-example"},{"extension":[{"url":"http://hl7.org/fhir/tools/StructureDefinition/resource-sort","valueInteger":999999999},{"url":"http://hl7.org/fhir/StructureDefinition/implementationguide-page","valueUri":"Observation-1e2351e2-77df-4135-a77b-6a4c39e4a4ca.html"}],"reference":{"reference":"Observation/1e2351e2-77df-4135-a77b-6a4c39e4a4ca"},"name":"Basofilocyt observation","description":"Basofilocyt observation performed on a subject by the acute care team","exampleCanonical":"http://medcomfhir.dk/ig/homecareobservation/StructureDefinition/medcom-homecare-observation","groupingId":"-ex-example"},{"extension":[{"url":"http://hl7.org/fhir/tools/StructureDefinition/resource-sort","valueInteger":999999999},{"url":"http://hl7.org/fhir/StructureDefinition/implementationguide-page","valueUri":"Patient-733cef33-3626-422b-955d-d506aaa65fe1.html"}],"reference":{"reference":"Patient/733cef33-3626-422b-955d-d506aaa65fe1"},"name":"Bruno Test Elmer","description":"Patient described with minimal information. Valid only if used in a Bundle.","exampleBoolean":true,"groupingId":"-ex-example"},{"extension":[{"url":"http://hl7.org/fhir/tools/StructureDefinition/resource-sort","valueInteger":999999999},{"url":"http://hl7.org/fhir/StructureDefinition/implementationguide-page","valueUri":"Patient-99f5578f-c9d3-4d8c-aa3e-21690e03e27c.html"}],"reference":{"reference":"Patient/99f5578f-c9d3-4d8c-aa3e-21690e03e27c"},"name":"Bruno Test Elmer","description":"Patient described with minimal information. Valid only if used in a Bundle.","exampleBoolean":true,"groupingId":"-ex-example"},{"extension":[{"url":"http://hl7.org/fhir/tools/StructureDefinition/resource-sort","valueInteger":999999999},{"url":"http://hl7.org/fhir/StructureDefinition/implementationguide-page","valueUri":"Patient-bbcd4817-1c4b-4089-a712-346f65ec16f9.html"}],"reference":{"reference":"Patient/bbcd4817-1c4b-4089-a712-346f65ec16f9"},"name":"Bruno Test Elmer","description":"Patient described with minimal information. Valid only if used in a Bundle.","exampleBoolean":true,"groupingId":"-ex-example"},{"extension":[{"url":"http://hl7.org/fhir/tools/StructureDefinition/resource-sort","valueInteger":999999999},{"url":"http://hl7.org/fhir/StructureDefinition/implementationguide-page","valueUri":"Observation-7fcb76a7-839b-4392-a2ff-f30035faca34.html"}],"reference":{"reference":"Observation/7fcb76a7-839b-4392-a2ff-f30035faca34"},"name":"C-reaktive protein [CRP];P","description":"C-reaktive protein [CRP] test performed by acute care team on the subject.","exampleCanonical":"http://medcomfhir.dk/ig/homecareobservation/StructureDefinition/medcom-homecare-observation","groupingId":"-ex-example"},{"extension":[{"url":"http://hl7.org/fhir/tools/StructureDefinition/resource-sort","valueInteger":999999999},{"url":"http://hl7.org/fhir/StructureDefinition/implementationguide-page","valueUri":"DiagnosticReport-4f013d3a-575c-447d-83e1-7a5fb7f7b0de.html"}],"reference":{"reference":"DiagnosticReport/4f013d3a-575c-447d-83e1-7a5fb7f7b0de"},"name":"Cancelled HomeCareDiagnosticReport: TOBS and ABC examination","description":"Example of a cancelled HomeCareDiagnosticReport, with TOBS and ABC examination of Elmer","exampleCanonical":"http://medcomfhir.dk/ig/homecareobservation/StructureDefinition/medcom-homecareobservation-diagnosticreport","groupingId":"-ex-example"},{"extension":[{"url":"http://hl7.org/fhir/tools/StructureDefinition/resource-sort","valueInteger":999999999},{"url":"http://hl7.org/fhir/StructureDefinition/implementationguide-page","valueUri":"Observation-470d39e4-d3f9-4301-82eb-b957ba33475e.html"}],"reference":{"reference":"Observation/470d39e4-d3f9-4301-82eb-b957ba33475e"},"name":"Coagulation factor test","description":"Coagulation factor on the subject","exampleCanonical":"http://medcomfhir.dk/ig/homecareobservation/StructureDefinition/medcom-homecare-observation","groupingId":"-ex-example"},{"extension":[{"url":"http://hl7.org/fhir/tools/StructureDefinition/resource-sort","valueInteger":999999999},{"url":"http://hl7.org/fhir/StructureDefinition/implementationguide-page","valueUri":"Observation-6bf03841-8397-4a2a-9f9a-8966b0cfa571.html"}],"reference":{"reference":"Observation/6bf03841-8397-4a2a-9f9a-8966b0cfa571"},"name":"Consciousness","description":"Consciousness of Elmer","exampleCanonical":"http://medcomfhir.dk/ig/homecareobservation/StructureDefinition/medcom-homecare-observation","groupingId":"-ex-example"},{"extension":[{"url":"http://hl7.org/fhir/tools/StructureDefinition/resource-sort","valueInteger":999999999},{"url":"http://hl7.org/fhir/StructureDefinition/implementationguide-page","valueUri":"Observation-b22fcbe0-4977-433e-ad1c-d6545bc8c1cb.html"}],"reference":{"reference":"Observation/b22fcbe0-4977-433e-ad1c-d6545bc8c1cb"},"name":"Eosinofilocyt observation","description":"Eosinofilocyt observation performed on a subject by the acute care team","exampleCanonical":"http://medcomfhir.dk/ig/homecareobservation/StructureDefinition/medcom-homecare-observation","groupingId":"-ex-example"},{"extension":[{"url":"http://hl7.org/fhir/tools/StructureDefinition/resource-sort","valueInteger":999999999},{"url":"http://hl7.org/fhir/StructureDefinition/implementationguide-page","valueUri":"Organization-1ab9c2d9-c348-4d75-9122-60ea8a6fdcf1.html"}],"reference":{"reference":"Organization/1ab9c2d9-c348-4d75-9122-60ea8a6fdcf1"},"name":"Example of a reciever organization with a SOR, an EAN  and Ydrenummer identifier.","description":"Example of an organization with a SOR and an EAN and Ydrenummer identifier.","exampleBoolean":true,"groupingId":"-ex-example"},{"extension":[{"url":"http://hl7.org/fhir/tools/StructureDefinition/resource-sort","valueInteger":999999999},{"url":"http://hl7.org/fhir/StructureDefinition/implementationguide-page","valueUri":"Organization-42541447-b58c-4a1a-9514-02b80494bbd3.html"}],"reference":{"reference":"Organization/42541447-b58c-4a1a-9514-02b80494bbd3"},"name":"Example of a reciever organization with a SOR, an EAN  and Ydrenummer identifier.","description":"Example of an organization with a SOR and an EAN and Ydrenummer identifier.","exampleBoolean":true,"groupingId":"-ex-example"},{"extension":[{"url":"http://hl7.org/fhir/tools/StructureDefinition/resource-sort","valueInteger":999999999},{"url":"http://hl7.org/fhir/StructureDefinition/implementationguide-page","valueUri":"Organization-d1c1fa90-2c7e-4dd7-b2e8-e40281635a98.html"}],"reference":{"reference":"Organization/d1c1fa90-2c7e-4dd7-b2e8-e40281635a98"},"name":"Example of a reciever organization with a SOR, an EAN  and Ydrenummer identifier.","description":"Example of an organization with a SOR and an EAN and Ydrenummer identifier.","exampleBoolean":true,"groupingId":"-ex-example"},{"extension":[{"url":"http://hl7.org/fhir/tools/StructureDefinition/resource-sort","valueInteger":999999999},{"url":"http://hl7.org/fhir/StructureDefinition/implementationguide-page","valueUri":"Organization-ef5cb9a6-835f-4d18-a34e-179c578b9a2a.html"}],"reference":{"reference":"Organization/ef5cb9a6-835f-4d18-a34e-179c578b9a2a"},"name":"Example of a sender organization with a SOR, an EAN identifier, and ProdcentID","description":"Example of an organization with a SOR and an EAN identifier.","exampleBoolean":true,"groupingId":"-ex-example"},{"extension":[{"url":"http://hl7.org/fhir/tools/StructureDefinition/resource-sort","valueInteger":999999999},{"url":"http://hl7.org/fhir/StructureDefinition/implementationguide-page","valueUri":"Organization-72cc3a2c-1dda-4b95-b50a-0f7ac19640f4.html"}],"reference":{"reference":"Organization/72cc3a2c-1dda-4b95-b50a-0f7ac19640f4"},"name":"Example of a sender organization with a SOR, and an EAN identifier and producentID.","description":"Example of an organization with a SOR, an EAN identifier and ProducentID.","exampleBoolean":true,"groupingId":"-ex-example"},{"extension":[{"url":"http://hl7.org/fhir/tools/StructureDefinition/resource-sort","valueInteger":999999999},{"url":"http://hl7.org/fhir/StructureDefinition/implementationguide-page","valueUri":"Organization-a0330c62-fe29-4719-83fa-a94959084f29.html"}],"reference":{"reference":"Organization/a0330c62-fe29-4719-83fa-a94959084f29"},"name":"Example of a sender organization with a SOR, and an EAN identifier and producentID.","description":"Example of an organization with a SOR, an EAN identifier and ProducentID.","exampleBoolean":true,"groupingId":"-ex-example"},{"extension":[{"url":"http://hl7.org/fhir/tools/StructureDefinition/resource-sort","valueInteger":999999999},{"url":"http://hl7.org/fhir/StructureDefinition/implementationguide-page","valueUri":"Observation-0e4a5452-1804-42d3-82ed-484df20a09f0.html"}],"reference":{"reference":"Observation/0e4a5452-1804-42d3-82ed-484df20a09f0"},"name":"Glucose measurement","description":"Glucose measurement on the subject.","exampleCanonical":"http://medcomfhir.dk/ig/homecareobservation/StructureDefinition/medcom-homecare-observation","groupingId":"-ex-example"},{"extension":[{"url":"http://hl7.org/fhir/tools/StructureDefinition/resource-sort","valueInteger":999999999},{"url":"http://hl7.org/fhir/StructureDefinition/implementationguide-page","valueUri":"Observation-ba691ee4-6d38-4f5b-82f1-40b54e3b8ad1.html"}],"reference":{"reference":"Observation/ba691ee4-6d38-4f5b-82f1-40b54e3b8ad1"},"name":"Heart Rate","description":"HeartRate of Elmer","exampleCanonical":"http://medcomfhir.dk/ig/homecareobservation/StructureDefinition/medcom-homecare-observation","groupingId":"-ex-example"},{"extension":[{"url":"http://hl7.org/fhir/tools/StructureDefinition/resource-sort","valueInteger":999999999},{"url":"http://hl7.org/fhir/StructureDefinition/implementationguide-page","valueUri":"Provenance-babb316c-796c-4d10-b97b-45274b5a0c44.html"}],"reference":{"reference":"Provenance/babb316c-796c-4d10-b97b-45274b5a0c44"},"name":"HomeCareDiagnosticReport example. The Provenance instance is only valid if used in a bundle (message) - cancelled message","description":"HomeCareDiagnosticReport example. The Provenance instance is only valid if used in a bundle (message) - cancelled message","exampleBoolean":true,"groupingId":"-ex-example"},{"extension":[{"url":"http://hl7.org/fhir/tools/StructureDefinition/resource-sort","valueInteger":999999999},{"url":"http://hl7.org/fhir/StructureDefinition/implementationguide-page","valueUri":"Provenance-8ce47645-4d69-4fa6-a51d-c2bb49d87efb.html"}],"reference":{"reference":"Provenance/8ce47645-4d69-4fa6-a51d-c2bb49d87efb"},"name":"HomeCareDiagnosticReport example. The Provenance instance is only valid if used in a bundle (message) - modified message","description":"HomeCareDiagnosticReport example. The Provenance instance is only valid if used in a bundle (message) - modified message","exampleBoolean":true,"groupingId":"-ex-example"},{"extension":[{"url":"http://hl7.org/fhir/tools/StructureDefinition/resource-sort","valueInteger":999999999},{"url":"http://hl7.org/fhir/StructureDefinition/implementationguide-page","valueUri":"Provenance-008e1c02-605d-458e-8cb8-3eeb16a69aac.html"}],"reference":{"reference":"Provenance/008e1c02-605d-458e-8cb8-3eeb16a69aac"},"name":"HomeCareDiagnosticReport example. The Provenance instance is only valid if used in a bundle (message) - new message","description":"HomeCareDiagnosticReport example. The Provenance instance is only valid if used in a bundle (message) - new message","exampleBoolean":true,"groupingId":"-ex-example"},{"extension":[{"url":"http://hl7.org/fhir/tools/StructureDefinition/resource-sort","valueInteger":999999999},{"url":"http://hl7.org/fhir/StructureDefinition/implementationguide-page","valueUri":"Provenance-4c284936-5454-4116-95fc-3c8eeeed2400.html"}],"reference":{"reference":"Provenance/4c284936-5454-4116-95fc-3c8eeeed2400"},"name":"HomeCareDiagnosticReport example. The Provenance instance is only valid if used in a bundle (message) - new message","description":"HomeCareDiagnosticReport example. The Provenance instance is only valid if used in a bundle (message) - new message","exampleBoolean":true,"groupingId":"-ex-example"},{"extension":[{"url":"http://hl7.org/fhir/tools/StructureDefinition/resource-sort","valueInteger":999999999},{"url":"http://hl7.org/fhir/StructureDefinition/implementationguide-page","valueUri":"Provenance-4c845e97-04b2-40e9-ab51-4c5bf080196f.html"}],"reference":{"reference":"Provenance/4c845e97-04b2-40e9-ab51-4c5bf080196f"},"name":"HomeCareDiagnosticReport example. The Provenance instance is only valid if used in a bundle (message) - new message","description":"HomeCareDiagnosticReport example. The Provenance instance is only valid if used in a bundle (message) - new message","exampleBoolean":true,"groupingId":"-ex-example"},{"extension":[{"url":"http://hl7.org/fhir/tools/StructureDefinition/resource-sort","valueInteger":999999999},{"url":"http://hl7.org/fhir/StructureDefinition/implementationguide-page","valueUri":"DiagnosticReport-6d08f000-33cc-41f3-a7c2-c086d53d31a7.html"}],"reference":{"reference":"DiagnosticReport/6d08f000-33cc-41f3-a7c2-c086d53d31a7"},"name":"HomeCareDiagnosticReport: Urine dipsticks tests and refused consent","description":"Urine dipstick tests performed by the acute care team on a subject, that has refused consent.","exampleCanonical":"http://medcomfhir.dk/ig/homecareobservation/StructureDefinition/medcom-homecareobservation-diagnosticreport","groupingId":"-ex-example"},{"extension":[{"url":"http://hl7.org/fhir/tools/StructureDefinition/resource-sort","valueInteger":999999999},{"url":"http://hl7.org/fhir/StructureDefinition/implementationguide-page","valueUri":"DiagnosticReport-870333ac-3134-4ae6-8257-86e0b0537c5f.html"}],"reference":{"reference":"DiagnosticReport/870333ac-3134-4ae6-8257-86e0b0537c5f"},"name":"HomeCareDiagnosticReport: spot test and EKG","description":"Spot test and EKG performed by the acute care team on a subject.","exampleCanonical":"http://medcomfhir.dk/ig/homecareobservation/StructureDefinition/medcom-homecareobservation-diagnosticreport","groupingId":"-ex-example"},{"extension":[{"url":"http://hl7.org/fhir/tools/StructureDefinition/resource-sort","valueInteger":999999999},{"url":"http://hl7.org/fhir/StructureDefinition/implementationguide-page","valueUri":"DiagnosticReport-efb1ed12-6a5d-4342-9572-861071644e46.html"}],"reference":{"reference":"DiagnosticReport/efb1ed12-6a5d-4342-9572-861071644e46"},"name":"HomeCareDiagnosticReport:TOBS and ABC examination","description":"TOBS and ABC examination of Elmer","exampleCanonical":"http://medcomfhir.dk/ig/homecareobservation/StructureDefinition/medcom-homecareobservation-diagnosticreport","groupingId":"-ex-example"},{"extension":[{"url":"http://hl7.org/fhir/tools/StructureDefinition/resource-sort","valueInteger":999999999},{"url":"http://hl7.org/fhir/StructureDefinition/implementationguide-page","valueUri":"Bundle-add5e7e2-0c0f-4a4a-bfff-f6f984fa7e3c.html"}],"reference":{"reference":"Bundle/add5e7e2-0c0f-4a4a-bfff-f6f984fa7e3c"},"name":"HomeCareObservation message-Spot test and EKG image","description":"Example of a HomeCareObservation message-Spot Test and EKG image.","exampleCanonical":"http://medcomfhir.dk/ig/homecareobservation/StructureDefinition/medcom-homecareobservation-message","groupingId":"-ex-example"},{"extension":[{"url":"http://hl7.org/fhir/tools/StructureDefinition/resource-sort","valueInteger":999999999},{"url":"http://hl7.org/fhir/StructureDefinition/implementationguide-page","valueUri":"Bundle-faa0c104-0ebf-49cb-bad1-9e0f59436e18.html"}],"reference":{"reference":"Bundle/faa0c104-0ebf-49cb-bad1-9e0f59436e18"},"name":"HomeCareObservation message-Urine dipsticks and subject refused consent.","description":"Example of a HomeCareObservation message-Urine dipsticks and subject refused consent.","exampleCanonical":"http://medcomfhir.dk/ig/homecareobservation/StructureDefinition/medcom-homecareobservation-message","groupingId":"-ex-example"},{"extension":[{"url":"http://hl7.org/fhir/tools/StructureDefinition/resource-sort","valueInteger":999999999},{"url":"http://hl7.org/fhir/StructureDefinition/implementationguide-page","valueUri":"Bundle-5f341feb-9a20-463a-96cc-a9ca8ace5567.html"}],"reference":{"reference":"Bundle/5f341feb-9a20-463a-96cc-a9ca8ace5567"},"name":"HomeCareObservation message-retracted.","description":"Example of a retracted HomeCareObservation with clinical and analysis comment.","exampleCanonical":"http://medcomfhir.dk/ig/homecareobservation/StructureDefinition/medcom-homecareobservation-message","groupingId":"-ex-example"},{"extension":[{"url":"http://hl7.org/fhir/tools/StructureDefinition/resource-sort","valueInteger":999999999},{"url":"http://hl7.org/fhir/StructureDefinition/implementationguide-page","valueUri":"Bundle-401cbc36-db1e-4fe0-bf90-6df331dde179.html"}],"reference":{"reference":"Bundle/401cbc36-db1e-4fe0-bf90-6df331dde179"},"name":"HomeCareObservation with clinical and analysis comment.","description":"Example of a HomeCareObservation with clinical and analysis comment.","exampleCanonical":"http://medcomfhir.dk/ig/homecareobservation/StructureDefinition/medcom-homecareobservation-message","groupingId":"-ex-example"},{"extension":[{"url":"http://hl7.org/fhir/tools/StructureDefinition/resource-sort","valueInteger":999999999},{"url":"http://hl7.org/fhir/StructureDefinition/implementationguide-page","valueUri":"MessageHeader-36cb86f1-a01a-4115-a84d-9390aa0ddcbd.html"}],"reference":{"reference":"MessageHeader/36cb86f1-a01a-4115-a84d-9390aa0ddcbd"},"name":"Instance of a MessageHeader resource used in a cancelled message.","description":"Example of a MessageHeader in a cancelled HomeCareDiagnosticReport message. Valid only if used in a bundle (message).","exampleCanonical":"http://medcomfhir.dk/ig/homecareobservation/StructureDefinition/medcom-homecareobservation-messageheader","groupingId":"-ex-example"},{"extension":[{"url":"http://hl7.org/fhir/tools/StructureDefinition/resource-sort","valueInteger":999999999},{"url":"http://hl7.org/fhir/StructureDefinition/implementationguide-page","valueUri":"MessageHeader-07eb074b-be00-47e5-8bcb-484990a1a97e.html"}],"reference":{"reference":"MessageHeader/07eb074b-be00-47e5-8bcb-484990a1a97e"},"name":"Instance of a MessageHeader resource used in a modified message message.","description":"Example of a MessageHeader in a modified HomeCareDiagnosticReport message. Valid only if used in a bundle (message).","exampleCanonical":"http://medcomfhir.dk/ig/homecareobservation/StructureDefinition/medcom-homecareobservation-messageheader","groupingId":"-ex-example"},{"extension":[{"url":"http://hl7.org/fhir/tools/StructureDefinition/resource-sort","valueInteger":999999999},{"url":"http://hl7.org/fhir/StructureDefinition/implementationguide-page","valueUri":"MessageHeader-8dbf63f4-b784-4d40-8802-c1bdb1ecfa63.html"}],"reference":{"reference":"MessageHeader/8dbf63f4-b784-4d40-8802-c1bdb1ecfa63"},"name":"Instance of a MessageHeader resource used in a new Homecare Observation message.","description":"Example of a MessageHeader in a new HomeCareDiagnosticReport message. Valid only if used in a bundle (message).","exampleCanonical":"http://medcomfhir.dk/ig/homecareobservation/StructureDefinition/medcom-homecareobservation-messageheader","groupingId":"-ex-example"},{"extension":[{"url":"http://hl7.org/fhir/tools/StructureDefinition/resource-sort","valueInteger":999999999},{"url":"http://hl7.org/fhir/StructureDefinition/implementationguide-page","valueUri":"MessageHeader-489de4f2-0d8d-4de2-a7ce-ccb93568799f.html"}],"reference":{"reference":"MessageHeader/489de4f2-0d8d-4de2-a7ce-ccb93568799f"},"name":"Instance of a MessageHeader resource used in a new message.","description":"Example of a MessageHeader in a new HomeCareDiagnosticReport message. Valid only if used in a bundle (message).","exampleCanonical":"http://medcomfhir.dk/ig/homecareobservation/StructureDefinition/medcom-homecareobservation-messageheader","groupingId":"-ex-example"},{"extension":[{"url":"http://hl7.org/fhir/tools/StructureDefinition/resource-sort","valueInteger":999999999},{"url":"http://hl7.org/fhir/StructureDefinition/implementationguide-page","valueUri":"MessageHeader-e9f4cc68-b1b7-46b2-ba74-7cc39a914bfa.html"}],"reference":{"reference":"MessageHeader/e9f4cc68-b1b7-46b2-ba74-7cc39a914bfa"},"name":"Instance of a MessageHeader resource used in a new message.","description":"Example of a MessageHeader in a new HomeCareDiagnosticReport message. Valid only if used in a bundle (message).","exampleCanonical":"http://medcomfhir.dk/ig/homecareobservation/StructureDefinition/medcom-homecareobservation-messageheader","groupingId":"-ex-example"},{"extension":[{"url":"http://hl7.org/fhir/tools/StructureDefinition/resource-sort","valueInteger":999999999},{"url":"http://hl7.org/fhir/StructureDefinition/implementationguide-page","valueUri":"Observation-1b089a05-0a5f-479d-9cbd-921a13470221.html"}],"reference":{"reference":"Observation/1b089a05-0a5f-479d-9cbd-921a13470221"},"name":"Leukocyt Observation","description":"Test of leucocyte on the subject by acute care team","exampleCanonical":"http://medcomfhir.dk/ig/homecareobservation/StructureDefinition/medcom-homecare-observation","groupingId":"-ex-example"},{"extension":[{"url":"http://hl7.org/fhir/tools/StructureDefinition/resource-sort","valueInteger":999999999},{"url":"http://hl7.org/fhir/StructureDefinition/implementationguide-page","valueUri":"Observation-2fc2c078-825b-491d-9f8e-34926eb4f06f.html"}],"reference":{"reference":"Observation/2fc2c078-825b-491d-9f8e-34926eb4f06f"},"name":"Leukocyt urine test","description":"Test of leucocyt using urine dipstick","exampleCanonical":"http://medcomfhir.dk/ig/homecareobservation/StructureDefinition/medcom-homecare-observation","groupingId":"-ex-example"},{"extension":[{"url":"http://hl7.org/fhir/tools/StructureDefinition/resource-sort","valueInteger":999999999},{"url":"http://hl7.org/fhir/StructureDefinition/implementationguide-page","valueUri":"Observation-4a94a70e-6957-47a8-bec7-3e27b3145668.html"}],"reference":{"reference":"Observation/4a94a70e-6957-47a8-bec7-3e27b3145668"},"name":"Lymphocyte observation","description":"Lymphocyte observation on the subject by acute care team","exampleCanonical":"http://medcomfhir.dk/ig/homecareobservation/StructureDefinition/medcom-homecare-observation","groupingId":"-ex-example"},{"extension":[{"url":"http://hl7.org/fhir/tools/StructureDefinition/resource-sort","valueInteger":999999999},{"url":"http://hl7.org/fhir/StructureDefinition/implementationguide-page","valueUri":"DiagnosticReport-cfa9e95b-b5ac-4cfe-abe7-ea29e6b67919.html"}],"reference":{"reference":"DiagnosticReport/cfa9e95b-b5ac-4cfe-abe7-ea29e6b67919"},"name":"Modified HomeCareDiagnosticReport:TOBS and ABC examination","description":"Example of a modified HomeCareDiagnosticReport with TOBS and ABC examination of Elmer","exampleCanonical":"http://medcomfhir.dk/ig/homecareobservation/StructureDefinition/medcom-homecareobservation-diagnosticreport","groupingId":"-ex-example"},{"extension":[{"url":"http://hl7.org/fhir/tools/StructureDefinition/resource-sort","valueInteger":999999999},{"url":"http://hl7.org/fhir/StructureDefinition/implementationguide-page","valueUri":"Bundle-73996cdc-3192-4d15-bd16-c365ef0085e7.html"}],"reference":{"reference":"Bundle/73996cdc-3192-4d15-bd16-c365ef0085e7"},"name":"Modified HomeCareObservation message.","description":"Example of a Modified HomeCareObservation with clinical and analysis comment.","exampleCanonical":"http://medcomfhir.dk/ig/homecareobservation/StructureDefinition/medcom-homecareobservation-message","groupingId":"-ex-example"},{"extension":[{"url":"http://hl7.org/fhir/tools/StructureDefinition/resource-sort","valueInteger":999999999},{"url":"http://hl7.org/fhir/StructureDefinition/implementationguide-page","valueUri":"Observation-d2b89faa-979a-430d-8887-21ccdf6f238b.html"}],"reference":{"reference":"Observation/d2b89faa-979a-430d-8887-21ccdf6f238b"},"name":"Monocytes observation","description":"Monocytes observation performed on a subject by the acute care team","exampleCanonical":"http://medcomfhir.dk/ig/homecareobservation/StructureDefinition/medcom-homecare-observation","groupingId":"-ex-example"},{"extension":[{"url":"http://hl7.org/fhir/tools/StructureDefinition/resource-sort","valueInteger":999999999},{"url":"http://hl7.org/fhir/StructureDefinition/implementationguide-page","valueUri":"Observation-f84143f7-f586-477f-af56-e50c7d152605.html"}],"reference":{"reference":"Observation/f84143f7-f586-477f-af56-e50c7d152605"},"name":"Neutrophilocytes observation","description":"Neutrophilocytes observation performed on o subject by the acute care team","exampleCanonical":"http://medcomfhir.dk/ig/homecareobservation/StructureDefinition/medcom-homecare-observation","groupingId":"-ex-example"},{"extension":[{"url":"http://hl7.org/fhir/tools/StructureDefinition/resource-sort","valueInteger":999999999},{"url":"http://hl7.org/fhir/StructureDefinition/implementationguide-page","valueUri":"Observation-f58819ff-d727-4740-a4ef-44eefc77022e.html"}],"reference":{"reference":"Observation/f58819ff-d727-4740-a4ef-44eefc77022e"},"name":"Nitrite observation","description":"Nitrit observation on Bruno","exampleCanonical":"http://medcomfhir.dk/ig/homecareobservation/StructureDefinition/medcom-homecare-observation","groupingId":"-ex-example"},{"extension":[{"url":"http://hl7.org/fhir/tools/StructureDefinition/resource-sort","valueInteger":999999999},{"url":"http://hl7.org/fhir/StructureDefinition/implementationguide-page","valueUri":"Media-cb277ee2-5d96-4762-829d-d36449b2b17f.html"}],"reference":{"reference":"Media/cb277ee2-5d96-4762-829d-d36449b2b17f"},"name":"Normal EKG","description":"An example of an EKG that can be sendt with an diagnostic repport","exampleBoolean":true,"groupingId":"-ex-example"},{"extension":[{"url":"http://hl7.org/fhir/tools/StructureDefinition/resource-sort","valueInteger":999999999},{"url":"http://hl7.org/fhir/StructureDefinition/implementationguide-page","valueUri":"Observation-f70ae8b7-c1af-44a2-a21a-570c552dd7cc.html"}],"reference":{"reference":"Observation/f70ae8b7-c1af-44a2-a21a-570c552dd7cc"},"name":"Observation of the haemoglobin","description":"Observation of the haemoglobin","exampleCanonical":"http://medcomfhir.dk/ig/homecareobservation/StructureDefinition/medcom-homecare-observation","groupingId":"-ex-example"},{"extension":[{"url":"http://hl7.org/fhir/tools/StructureDefinition/resource-sort","valueInteger":999999999},{"url":"http://hl7.org/fhir/StructureDefinition/implementationguide-page","valueUri":"PractitionerRole-4b3b6f0f-a475-4b04-8a92-105e8ce6a7bf.html"}],"reference":{"reference":"PractitionerRole/4b3b6f0f-a475-4b04-8a92-105e8ce6a7bf"},"name":"PractitionerRole with a role and reference to a practitioner","description":"PractitionerRole with a role and reference to a practitioner","exampleBoolean":true,"groupingId":"-ex-example"},{"extension":[{"url":"http://hl7.org/fhir/tools/StructureDefinition/resource-sort","valueInteger":999999999},{"url":"http://hl7.org/fhir/StructureDefinition/implementationguide-page","valueUri":"PractitionerRole-6ff69f1c-690d-11ed-9022-0242ac120002.html"}],"reference":{"reference":"PractitionerRole/6ff69f1c-690d-11ed-9022-0242ac120002"},"name":"PractitionerRole with a role and reference to a practitioner","description":"PractitionerRole with a role and reference to a practitioner","exampleBoolean":true,"groupingId":"-ex-example"},{"extension":[{"url":"http://hl7.org/fhir/tools/StructureDefinition/resource-sort","valueInteger":999999999},{"url":"http://hl7.org/fhir/StructureDefinition/implementationguide-page","valueUri":"PractitionerRole-80284c01-1674-45ca-98b7-d1e669bdeff6.html"}],"reference":{"reference":"PractitionerRole/80284c01-1674-45ca-98b7-d1e669bdeff6"},"name":"PractitionerRole with a role and reference to a practitioner","description":"PractitionerRole with a role and reference to a practitioner","exampleBoolean":true,"groupingId":"-ex-example"},{"extension":[{"url":"http://hl7.org/fhir/tools/StructureDefinition/resource-sort","valueInteger":999999999},{"url":"http://hl7.org/fhir/StructureDefinition/implementationguide-page","valueUri":"Observation-3fd3835d-1758-4d22-8547-000182752817.html"}],"reference":{"reference":"Observation/3fd3835d-1758-4d22-8547-000182752817"},"name":"Respiration frequency","description":"Respiration frequency of Elmer","exampleCanonical":"http://medcomfhir.dk/ig/homecareobservation/StructureDefinition/medcom-homecare-observation","groupingId":"-ex-example"},{"extension":[{"url":"http://hl7.org/fhir/tools/StructureDefinition/resource-sort","valueInteger":999999999},{"url":"http://hl7.org/fhir/StructureDefinition/implementationguide-page","valueUri":"Observation-8917f29d-269c-4bb3-8ce9-d255c351d52b.html"}],"reference":{"reference":"Observation/8917f29d-269c-4bb3-8ce9-d255c351d52b"},"name":"Systolic Blood Pressure","description":"Systolic Blood Pressure of Elmer","exampleCanonical":"http://medcomfhir.dk/ig/homecareobservation/StructureDefinition/medcom-homecare-observation","groupingId":"-ex-example"},{"extension":[{"url":"http://hl7.org/fhir/tools/StructureDefinition/resource-sort","valueInteger":999999999},{"url":"http://hl7.org/fhir/StructureDefinition/implementationguide-page","valueUri":"Observation-f64a0a78-53cf-4a7f-9b89-4a2338a4935c.html"}],"reference":{"reference":"Observation/f64a0a78-53cf-4a7f-9b89-4a2338a4935c"},"name":"TOBS","description":"TOBS of Elmer","exampleCanonical":"http://medcomfhir.dk/ig/homecareobservation/StructureDefinition/medcom-homecare-observation","groupingId":"-ex-example"},{"extension":[{"url":"http://hl7.org/fhir/tools/StructureDefinition/resource-sort","valueInteger":999999999},{"url":"http://hl7.org/fhir/StructureDefinition/implementationguide-page","valueUri":"Observation-85fd1372-cf02-49c6-bd45-7205f5541a66.html"}],"reference":{"reference":"Observation/85fd1372-cf02-49c6-bd45-7205f5541a66"},"name":"Temperature","description":"Temperature of Elmer","exampleCanonical":"http://medcomfhir.dk/ig/homecareobservation/StructureDefinition/medcom-homecare-observation","groupingId":"-ex-example"},{"extension":[{"url":"http://hl7.org/fhir/tools/StructureDefinition/resource-sort","valueInteger":999999999},{"url":"http://hl7.org/fhir/StructureDefinition/implementationguide-page","valueUri":"Observation-4b8f899a-df12-4301-8287-9a77d46ded3d.html"}],"reference":{"reference":"Observation/4b8f899a-df12-4301-8287-9a77d46ded3d"},"name":"Urine dipstick tests","description":"Urine dipstick tests on Bruno","exampleCanonical":"http://medcomfhir.dk/ig/homecareobservation/StructureDefinition/medcom-homecare-observation","groupingId":"-ex-example"}],"page":{"extension":[{"url":"http://hl7.org/fhir/tools/StructureDefinition/ig-page-name","valueUrl":"toc.html"}],"nameUrl":"toc.html","title":"Table of Contents","generation":"html","page":[{"extension":[{"url":"http://hl7.org/fhir/tools/StructureDefinition/ig-page-name","valueUrl":"index.html"}],"nameUrl":"index.html","title":"Home","generation":"markdown"},{"extension":[{"url":"http://hl7.org/fhir/tools/StructureDefinition/ig-page-name","valueUrl":"dependencies.html"}],"nameUrl":"dependencies.html","title":"Dependencies","generation":"html"},{"extension":[{"url":"http://hl7.org/fhir/tools/StructureDefinition/ig-page-name","valueUrl":"downloads.html"}],"nameUrl":"downloads.html","title":"Downloads","generation":"markdown"},{"extension":[{"url":"http://hl7.org/fhir/tools/StructureDefinition/ig-page-name","valueUrl":"extensions.html"}],"nameUrl":"extensions.html","title":"Extensions","generation":"html"},{"extension":[{"url":"http://hl7.org/fhir/tools/StructureDefinition/ig-page-name","valueUrl":"profiles.html"}],"nameUrl":"profiles.html","title":"Profiles","generation":"html"},{"extension":[{"url":"http://hl7.org/fhir/tools/StructureDefinition/ig-page-name","valueUrl":"artifacts.html"}],"nameUrl":"artifacts.html","title":"Artifacts Summary","generation":"html","page":[{"extension":[{"url":"http://hl7.org/fhir/tools/StructureDefinition/ig-page-name","valueUrl":"StructureDefinition-medcom-homecare-observation.html"}],"nameUrl":"StructureDefinition-medcom-homecare-observation.html","title":"MedComHomeCareObservation","generation":"generated"},{"extension":[{"url":"http://hl7.org/fhir/tools/StructureDefinition/ig-page-name","valueUrl":"StructureDefinition-medcom-homecareobservation-diagnosticreport.html"}],"nameUrl":"StructureDefinition-medcom-homecareobservation-diagnosticreport.html","title":"MedComHomeCareObservationDiagnosticReport","generation":"generated"},{"extension":[{"url":"http://hl7.org/fhir/tools/StructureDefinition/ig-page-name","valueUrl":"StructureDefinition-medcom-homecareobservation-message.html"}],"nameUrl":"StructureDefinition-medcom-homecareobservation-message.html","title":"MedComHomeCareObservationMessage","generation":"generated"},{"extension":[{"url":"http://hl7.org/fhir/tools/StructureDefinition/ig-page-name","valueUrl":"StructureDefinition-medcom-homecareobservation-messageheader.html"}],"nameUrl":"StructureDefinition-medcom-homecareobservation-messageheader.html","title":"MedComHomeCareObservationMessageHeader","generation":"generated"},{"extension":[{"url":"http://hl7.org/fhir/tools/StructureDefinition/ig-page-name","valueUrl":"Practitioner-b56708c6-2df3-4e4a-a110-2f924b9fc072.html"}],"nameUrl":"Practitioner-b56708c6-2df3-4e4a-a110-2f924b9fc072.html","title":"Acute nurse","generation":"generated"},{"extension":[{"url":"http://hl7.org/fhir/tools/StructureDefinition/ig-page-name","valueUrl":"Practitioner-be9f367d-a84a-4815-90a8-c83a03813fd8.html"}],"nameUrl":"Practitioner-be9f367d-a84a-4815-90a8-c83a03813fd8.html","title":"Acute nurse","generation":"generated"},{"extension":[{"url":"http://hl7.org/fhir/tools/StructureDefinition/ig-page-name","valueUrl":"Practitioner-70f14d25-0979-4192-8da2-0c0a3950f4b1.html"}],"nameUrl":"Practitioner-70f14d25-0979-4192-8da2-0c0a3950f4b1.html","title":"Acute nurse","generation":"generated"},{"extension":[{"url":"http://hl7.org/fhir/tools/StructureDefinition/ig-page-name","valueUrl":"Observation-1e2351e2-77df-4135-a77b-6a4c39e4a4ca.html"}],"nameUrl":"Observation-1e2351e2-77df-4135-a77b-6a4c39e4a4ca.html","title":"Basofilocyt observation","generation":"generated"},{"extension":[{"url":"http://hl7.org/fhir/tools/StructureDefinition/ig-page-name","valueUrl":"Patient-733cef33-3626-422b-955d-d506aaa65fe1.html"}],"nameUrl":"Patient-733cef33-3626-422b-955d-d506aaa65fe1.html","title":"Bruno Test Elmer","generation":"generated"},{"extension":[{"url":"http://hl7.org/fhir/tools/StructureDefinition/ig-page-name","valueUrl":"Patient-99f5578f-c9d3-4d8c-aa3e-21690e03e27c.html"}],"nameUrl":"Patient-99f5578f-c9d3-4d8c-aa3e-21690e03e27c.html","title":"Bruno Test Elmer","generation":"generated"},{"extension":[{"url":"http://hl7.org/fhir/tools/StructureDefinition/ig-page-name","valueUrl":"Patient-bbcd4817-1c4b-4089-a712-346f65ec16f9.html"}],"nameUrl":"Patient-bbcd4817-1c4b-4089-a712-346f65ec16f9.html","title":"Bruno Test Elmer","generation":"generated"},{"extension":[{"url":"http://hl7.org/fhir/tools/StructureDefinition/ig-page-name","valueUrl":"Observation-7fcb76a7-839b-4392-a2ff-f30035faca34.html"}],"nameUrl":"Observation-7fcb76a7-839b-4392-a2ff-f30035faca34.html","title":"C-reaktive protein [CRP];P","generation":"generated"},{"extension":[{"url":"http://hl7.org/fhir/tools/StructureDefinition/ig-page-name","valueUrl":"DiagnosticReport-4f013d3a-575c-447d-83e1-7a5fb7f7b0de.html"}],"nameUrl":"DiagnosticReport-4f013d3a-575c-447d-83e1-7a5fb7f7b0de.html","title":"Cancelled HomeCareDiagnosticReport: TOBS and ABC examination","generation":"generated"},{"extension":[{"url":"http://hl7.org/fhir/tools/StructureDefinition/ig-page-name","valueUrl":"Observation-470d39e4-d3f9-4301-82eb-b957ba33475e.html"}],"nameUrl":"Observation-470d39e4-d3f9-4301-82eb-b957ba33475e.html","title":"Coagulation factor test","generation":"generated"},{"extension":[{"url":"http://hl7.org/fhir/tools/StructureDefinition/ig-page-name","valueUrl":"Observation-6bf03841-8397-4a2a-9f9a-8966b0cfa571.html"}],"nameUrl":"Observation-6bf03841-8397-4a2a-9f9a-8966b0cfa571.html","title":"Consciousness","generation":"generated"},{"extension":[{"url":"http://hl7.org/fhir/tools/StructureDefinition/ig-page-name","valueUrl":"Observation-b22fcbe0-4977-433e-ad1c-d6545bc8c1cb.html"}],"nameUrl":"Observation-b22fcbe0-4977-433e-ad1c-d6545bc8c1cb.html","title":"Eosinofilocyt observation","generation":"generated"},{"extension":[{"url":"http://hl7.org/fhir/tools/StructureDefinition/ig-page-name","valueUrl":"Organization-42541447-b58c-4a1a-9514-02b80494bbd3.html"}],"nameUrl":"Organization-42541447-b58c-4a1a-9514-02b80494bbd3.html","title":"Example of a reciever organization with a SOR, an EAN  and Ydrenummer identifier.","generation":"generated"},{"extension":[{"url":"http://hl7.org/fhir/tools/StructureDefinition/ig-page-name","valueUrl":"Organization-d1c1fa90-2c7e-4dd7-b2e8-e40281635a98.html"}],"nameUrl":"Organization-d1c1fa90-2c7e-4dd7-b2e8-e40281635a98.html","title":"Example of a reciever organization with a SOR, an EAN  and Ydrenummer identifier.","generation":"generated"},{"extension":[{"url":"http://hl7.org/fhir/tools/StructureDefinition/ig-page-name","valueUrl":"Organization-1ab9c2d9-c348-4d75-9122-60ea8a6fdcf1.html"}],"nameUrl":"Organization-1ab9c2d9-c348-4d75-9122-60ea8a6fdcf1.html","title":"Example of a reciever organization with a SOR, an EAN  and Ydrenummer identifier.","generation":"generated"},{"extension":[{"url":"http://hl7.org/fhir/tools/StructureDefinition/ig-page-name","valueUrl":"Organization-ef5cb9a6-835f-4d18-a34e-179c578b9a2a.html"}],"nameUrl":"Organization-ef5cb9a6-835f-4d18-a34e-179c578b9a2a.html","title":"Example of a sender organization with a SOR, an EAN identifier, and ProdcentID","generation":"generated"},{"extension":[{"url":"http://hl7.org/fhir/tools/StructureDefinition/ig-page-name","valueUrl":"Organization-72cc3a2c-1dda-4b95-b50a-0f7ac19640f4.html"}],"nameUrl":"Organization-72cc3a2c-1dda-4b95-b50a-0f7ac19640f4.html","title":"Example of a sender organization with a SOR, and an EAN identifier and producentID.","generation":"generated"},{"extension":[{"url":"http://hl7.org/fhir/tools/StructureDefinition/ig-page-name","valueUrl":"Organization-a0330c62-fe29-4719-83fa-a94959084f29.html"}],"nameUrl":"Organization-a0330c62-fe29-4719-83fa-a94959084f29.html","title":"Example of a sender organization with a SOR, and an EAN identifier and producentID.","generation":"generated"},{"extension":[{"url":"http://hl7.org/fhir/tools/StructureDefinition/ig-page-name","valueUrl":"Observation-0e4a5452-1804-42d3-82ed-484df20a09f0.html"}],"nameUrl":"Observation-0e4a5452-1804-42d3-82ed-484df20a09f0.html","title":"Glucose measurement","generation":"generated"},{"extension":[{"url":"http://hl7.org/fhir/tools/StructureDefinition/ig-page-name","valueUrl":"Observation-ba691ee4-6d38-4f5b-82f1-40b54e3b8ad1.html"}],"nameUrl":"Observation-ba691ee4-6d38-4f5b-82f1-40b54e3b8ad1.html","title":"Heart Rate","generation":"generated"},{"extension":[{"url":"http://hl7.org/fhir/tools/StructureDefinition/ig-page-name","valueUrl":"Provenance-babb316c-796c-4d10-b97b-45274b5a0c44.html"}],"nameUrl":"Provenance-babb316c-796c-4d10-b97b-45274b5a0c44.html","title":"HomeCareDiagnosticReport example. The Provenance instance is only valid if used in a bundle (message) - cancelled message","generation":"generated"},{"extension":[{"url":"http://hl7.org/fhir/tools/StructureDefinition/ig-page-name","valueUrl":"Provenance-8ce47645-4d69-4fa6-a51d-c2bb49d87efb.html"}],"nameUrl":"Provenance-8ce47645-4d69-4fa6-a51d-c2bb49d87efb.html","title":"HomeCareDiagnosticReport example. The Provenance instance is only valid if used in a bundle (message) - modified message","generation":"generated"},{"extension":[{"url":"http://hl7.org/fhir/tools/StructureDefinition/ig-page-name","valueUrl":"Provenance-4c284936-5454-4116-95fc-3c8eeeed2400.html"}],"nameUrl":"Provenance-4c284936-5454-4116-95fc-3c8eeeed2400.html","title":"HomeCareDiagnosticReport example. The Provenance instance is only valid if used in a bundle (message) - new message","generation":"generated"},{"extension":[{"url":"http://hl7.org/fhir/tools/StructureDefinition/ig-page-name","valueUrl":"Provenance-4c845e97-04b2-40e9-ab51-4c5bf080196f.html"}],"nameUrl":"Provenance-4c845e97-04b2-40e9-ab51-4c5bf080196f.html","title":"HomeCareDiagnosticReport example. The Provenance instance is only valid if used in a bundle (message) - new message","generation":"generated"},{"extension":[{"url":"http://hl7.org/fhir/tools/StructureDefinition/ig-page-name","valueUrl":"Provenance-008e1c02-605d-458e-8cb8-3eeb16a69aac.html"}],"nameUrl":"Provenance-008e1c02-605d-458e-8cb8-3eeb16a69aac.html","title":"HomeCareDiagnosticReport example. The Provenance instance is only valid if used in a bundle (message) - new message","generation":"generated"},{"extension":[{"url":"http://hl7.org/fhir/tools/StructureDefinition/ig-page-name","valueUrl":"DiagnosticReport-870333ac-3134-4ae6-8257-86e0b0537c5f.html"}],"nameUrl":"DiagnosticReport-870333ac-3134-4ae6-8257-86e0b0537c5f.html","title":"HomeCareDiagnosticReport: spot test and EKG","generation":"generated"},{"extension":[{"url":"http://hl7.org/fhir/tools/StructureDefinition/ig-page-name","valueUrl":"DiagnosticReport-6d08f000-33cc-41f3-a7c2-c086d53d31a7.html"}],"nameUrl":"DiagnosticReport-6d08f000-33cc-41f3-a7c2-c086d53d31a7.html","title":"HomeCareDiagnosticReport: Urine dipsticks tests and refused consent","generation":"generated"},{"extension":[{"url":"http://hl7.org/fhir/tools/StructureDefinition/ig-page-name","valueUrl":"DiagnosticReport-efb1ed12-6a5d-4342-9572-861071644e46.html"}],"nameUrl":"DiagnosticReport-efb1ed12-6a5d-4342-9572-861071644e46.html","title":"HomeCareDiagnosticReport:TOBS and ABC examination","generation":"generated"},{"extension":[{"url":"http://hl7.org/fhir/tools/StructureDefinition/ig-page-name","valueUrl":"Bundle-5f341feb-9a20-463a-96cc-a9ca8ace5567.html"}],"nameUrl":"Bundle-5f341feb-9a20-463a-96cc-a9ca8ace5567.html","title":"HomeCareObservation message-retracted.","generation":"generated"},{"extension":[{"url":"http://hl7.org/fhir/tools/StructureDefinition/ig-page-name","valueUrl":"Bundle-add5e7e2-0c0f-4a4a-bfff-f6f984fa7e3c.html"}],"nameUrl":"Bundle-add5e7e2-0c0f-4a4a-bfff-f6f984fa7e3c.html","title":"HomeCareObservation message-Spot test and EKG image","generation":"generated"},{"extension":[{"url":"http://hl7.org/fhir/tools/StructureDefinition/ig-page-name","valueUrl":"Bundle-faa0c104-0ebf-49cb-bad1-9e0f59436e18.html"}],"nameUrl":"Bundle-faa0c104-0ebf-49cb-bad1-9e0f59436e18.html","title":"HomeCareObservation message-Urine dipsticks and subject refused consent.","generation":"generated"},{"extension":[{"url":"http://hl7.org/fhir/tools/StructureDefinition/ig-page-name","valueUrl":"Bundle-401cbc36-db1e-4fe0-bf90-6df331dde179.html"}],"nameUrl":"Bundle-401cbc36-db1e-4fe0-bf90-6df331dde179.html","title":"HomeCareObservation with clinical and analysis comment.","generation":"generated"},{"extension":[{"url":"http://hl7.org/fhir/tools/StructureDefinition/ig-page-name","valueUrl":"MessageHeader-36cb86f1-a01a-4115-a84d-9390aa0ddcbd.html"}],"nameUrl":"MessageHeader-36cb86f1-a01a-4115-a84d-9390aa0ddcbd.html","title":"Instance of a MessageHeader resource used in a cancelled message.","generation":"generated"},{"extension":[{"url":"http://hl7.org/fhir/tools/StructureDefinition/ig-page-name","valueUrl":"MessageHeader-07eb074b-be00-47e5-8bcb-484990a1a97e.html"}],"nameUrl":"MessageHeader-07eb074b-be00-47e5-8bcb-484990a1a97e.html","title":"Instance of a MessageHeader resource used in a modified message message.","generation":"generated"},{"extension":[{"url":"http://hl7.org/fhir/tools/StructureDefinition/ig-page-name","valueUrl":"MessageHeader-8dbf63f4-b784-4d40-8802-c1bdb1ecfa63.html"}],"nameUrl":"MessageHeader-8dbf63f4-b784-4d40-8802-c1bdb1ecfa63.html","title":"Instance of a MessageHeader resource used in a new Homecare Observation message.","generation":"generated"},{"extension":[{"url":"http://hl7.org/fhir/tools/StructureDefinition/ig-page-name","valueUrl":"MessageHeader-e9f4cc68-b1b7-46b2-ba74-7cc39a914bfa.html"}],"nameUrl":"MessageHeader-e9f4cc68-b1b7-46b2-ba74-7cc39a914bfa.html","title":"Instance of a MessageHeader resource used in a new message.","generation":"generated"},{"extension":[{"url":"http://hl7.org/fhir/tools/StructureDefinition/ig-page-name","valueUrl":"MessageHeader-489de4f2-0d8d-4de2-a7ce-ccb93568799f.html"}],"nameUrl":"MessageHeader-489de4f2-0d8d-4de2-a7ce-ccb93568799f.html","title":"Instance of a MessageHeader resource used in a new message.","generation":"generated"},{"extension":[{"url":"http://hl7.org/fhir/tools/StructureDefinition/ig-page-name","valueUrl":"Observation-1b089a05-0a5f-479d-9cbd-921a13470221.html"}],"nameUrl":"Observation-1b089a05-0a5f-479d-9cbd-921a13470221.html","title":"Leukocyt Observation","generation":"generated"},{"extension":[{"url":"http://hl7.org/fhir/tools/StructureDefinition/ig-page-name","valueUrl":"Observation-2fc2c078-825b-491d-9f8e-34926eb4f06f.html"}],"nameUrl":"Observation-2fc2c078-825b-491d-9f8e-34926eb4f06f.html","title":"Leukocyt urine test","generation":"generated"},{"extension":[{"url":"http://hl7.org/fhir/tools/StructureDefinition/ig-page-name","valueUrl":"Observation-4a94a70e-6957-47a8-bec7-3e27b3145668.html"}],"nameUrl":"Observation-4a94a70e-6957-47a8-bec7-3e27b3145668.html","title":"Lymphocyte observation","generation":"generated"},{"extension":[{"url":"http://hl7.org/fhir/tools/StructureDefinition/ig-page-name","valueUrl":"DiagnosticReport-cfa9e95b-b5ac-4cfe-abe7-ea29e6b67919.html"}],"nameUrl":"DiagnosticReport-cfa9e95b-b5ac-4cfe-abe7-ea29e6b67919.html","title":"Modified HomeCareDiagnosticReport:TOBS and ABC examination","generation":"generated"},{"extension":[{"url":"http://hl7.org/fhir/tools/StructureDefinition/ig-page-name","valueUrl":"Bundle-73996cdc-3192-4d15-bd16-c365ef0085e7.html"}],"nameUrl":"Bundle-73996cdc-3192-4d15-bd16-c365ef0085e7.html","title":"Modified HomeCareObservation message.","generation":"generated"},{"extension":[{"url":"http://hl7.org/fhir/tools/StructureDefinition/ig-page-name","valueUrl":"Observation-d2b89faa-979a-430d-8887-21ccdf6f238b.html"}],"nameUrl":"Observation-d2b89faa-979a-430d-8887-21ccdf6f238b.html","title":"Monocytes observation","generation":"generated"},{"extension":[{"url":"http://hl7.org/fhir/tools/StructureDefinition/ig-page-name","valueUrl":"Observation-f84143f7-f586-477f-af56-e50c7d152605.html"}],"nameUrl":"Observation-f84143f7-f586-477f-af56-e50c7d152605.html","title":"Neutrophilocytes observation","generation":"generated"},{"extension":[{"url":"http://hl7.org/fhir/tools/StructureDefinition/ig-page-name","valueUrl":"Observation-f58819ff-d727-4740-a4ef-44eefc77022e.html"}],"nameUrl":"Observation-f58819ff-d727-4740-a4ef-44eefc77022e.html","title":"Nitrite observation","generation":"generated"},{"extension":[{"url":"http://hl7.org/fhir/tools/StructureDefinition/ig-page-name","valueUrl":"Media-cb277ee2-5d96-4762-829d-d36449b2b17f.html"}],"nameUrl":"Media-cb277ee2-5d96-4762-829d-d36449b2b17f.html","title":"Normal EKG","generation":"generated"},{"extension":[{"url":"http://hl7.org/fhir/tools/StructureDefinition/ig-page-name","valueUrl":"Observation-f70ae8b7-c1af-44a2-a21a-570c552dd7cc.html"}],"nameUrl":"Observation-f70ae8b7-c1af-44a2-a21a-570c552dd7cc.html","title":"Observation of the haemoglobin","generation":"generated"},{"extension":[{"url":"http://hl7.org/fhir/tools/StructureDefinition/ig-page-name","valueUrl":"PractitionerRole-6ff69f1c-690d-11ed-9022-0242ac120002.html"}],"nameUrl":"PractitionerRole-6ff69f1c-690d-11ed-9022-0242ac120002.html","title":"PractitionerRole with a role and reference to a practitioner","generation":"generated"},{"extension":[{"url":"http://hl7.org/fhir/tools/StructureDefinition/ig-page-name","valueUrl":"PractitionerRole-4b3b6f0f-a475-4b04-8a92-105e8ce6a7bf.html"}],"nameUrl":"PractitionerRole-4b3b6f0f-a475-4b04-8a92-105e8ce6a7bf.html","title":"PractitionerRole with a role and reference to a practitioner","generation":"generated"},{"extension":[{"url":"http://hl7.org/fhir/tools/StructureDefinition/ig-page-name","valueUrl":"PractitionerRole-80284c01-1674-45ca-98b7-d1e669bdeff6.html"}],"nameUrl":"PractitionerRole-80284c01-1674-45ca-98b7-d1e669bdeff6.html","title":"PractitionerRole with a role and reference to a practitioner","generation":"generated"},{"extension":[{"url":"http://hl7.org/fhir/tools/StructureDefinition/ig-page-name","valueUrl":"Observation-3fd3835d-1758-4d22-8547-000182752817.html"}],"nameUrl":"Observation-3fd3835d-1758-4d22-8547-000182752817.html","title":"Respiration frequency","generation":"generated"},{"extension":[{"url":"http://hl7.org/fhir/tools/StructureDefinition/ig-page-name","valueUrl":"Observation-8917f29d-269c-4bb3-8ce9-d255c351d52b.html"}],"nameUrl":"Observation-8917f29d-269c-4bb3-8ce9-d255c351d52b.html","title":"Systolic Blood Pressure","generation":"generated"},{"extension":[{"url":"http://hl7.org/fhir/tools/StructureDefinition/ig-page-name","valueUrl":"Observation-85fd1372-cf02-49c6-bd45-7205f5541a66.html"}],"nameUrl":"Observation-85fd1372-cf02-49c6-bd45-7205f5541a66.html","title":"Temperature","generation":"generated"},{"extension":[{"url":"http://hl7.org/fhir/tools/StructureDefinition/ig-page-name","valueUrl":"Observation-f64a0a78-53cf-4a7f-9b89-4a2338a4935c.html"}],"nameUrl":"Observation-f64a0a78-53cf-4a7f-9b89-4a2338a4935c.html","title":"TOBS","generation":"generated"},{"extension":[{"url":"http://hl7.org/fhir/tools/StructureDefinition/ig-page-name","valueUrl":"Observation-4b8f899a-df12-4301-8287-9a77d46ded3d.html"}],"nameUrl":"Observation-4b8f899a-df12-4301-8287-9a77d46ded3d.html","title":"Urine dipstick tests","generation":"generated"}]}]},"parameter":[{"code":"path-resource","value":"input/capabilities"},{"code":"path-resource","value":"input/examples"},{"code":"path-resource","value":"input/extensions"},{"code":"path-resource","value":"input/models"},{"code":"path-resource","value":"input/operations"},{"code":"path-resource","value":"input/profiles"},{"code":"path-resource","value":"input/resources"},{"code":"path-resource","value":"input/vocabulary"},{"code":"path-resource","value":"input/maps"},{"code":"path-resource","value":"input/testing"},{"code":"path-resource","value":"input/history"},{"code":"path-resource","value":"fsh-generated/resources"},{"code":"path-pages","value":"template/config"},{"code":"path-pages","value":"input/images"},{"code":"path-tx-cache","value":"input-cache/txcache"}]}}