<?xml version="1.0" encoding="UTF-8"?>

<Practitioner xmlns="http://hl7.org/fhir">
  <id value="ad055a3d-16b6-41f9-891a-7dd73eecaf03"/>
  <meta>
    <profile value="http://medcomfhir.dk/ig/core/StructureDefinition/medcom-core-practitioner"/>
  </meta>
  <text>
    <status value="generated"/><div xmlns="http://www.w3.org/1999/xhtml"><p class="res-header-id"><b>Generated Narrative: Practitioner ad055a3d-16b6-41f9-891a-7dd73eecaf03</b></p><a name="ad055a3d-16b6-41f9-891a-7dd73eecaf03"> </a><a name="hcad055a3d-16b6-41f9-891a-7dd73eecaf03"> </a><div style="display: inline-block; background-color: #d9e0e7; padding: 6px; margin: 4px; border: 1px solid #8da1b4; border-radius: 5px; line-height: 60%"><p style="margin-bottom: 0px"/><p style="margin-bottom: 0px">Profile: <a href="http://medcomfhir.dk/ig/core/3.0.0/StructureDefinition-medcom-core-practitioner.html">MedComCorePractitioner</a></p></div><p><b>name</b>: Emma Waters </p></div>
  </text>
  <name>
    <family value="Waters"/>
    <given value="Emma"/>
  </name>
</Practitioner>