<?xml version="1.0" encoding="UTF-8"?>

<Provenance xmlns="http://hl7.org/fhir">
  <id value="af9b0255-1bdd-49c7-9d39-d652a587e4b2"/>
  <meta>
    <profile value="http://medcomfhir.dk/ig/carecommunication/StructureDefinition/medcom-careCommunication-provenance"/>
  </meta>
  <text>
    <status value="generated"/><div xmlns="http://www.w3.org/1999/xhtml"><p class="res-header-id"><b>Generated Narrative: Provenance af9b0255-1bdd-49c7-9d39-d652a587e4b2</b></p><a name="af9b0255-1bdd-49c7-9d39-d652a587e4b2"> </a><a name="hcaf9b0255-1bdd-49c7-9d39-d652a587e4b2"> </a><div style="display: inline-block; background-color: #d9e0e7; padding: 6px; margin: 4px; border: 1px solid #8da1b4; border-radius: 5px; line-height: 60%"><p style="margin-bottom: 0px"/><p style="margin-bottom: 0px">Profile: <a href="StructureDefinition-medcom-careCommunication-provenance.html">MedComCareCommunicationProvenance</a></p></div><p>Provenance for <a href="MessageHeader-42cb9200-f421-4d08-8391-7d51a2503cb4.html">MessageHeader: event[x] = Care Communication Message (MedComMessagingEventCodes#care-communication-message); definition = http://medcomfhir.dk/ig/messagedefinitions/MessageDefinition/MedComCareCommunicationMessageDefinition|5.0</a></p><p>Summary</p><table class="grid"><tr><td>Occurrence</td><td>2024-05-01 12:00:00+0200</td></tr><tr><td>Recorded</td><td>2024-05-01 12:00:00+0200</td></tr><tr><td>Activity</td><td><span title="Codes:{http://medcomfhir.dk/ig/terminology/CodeSystem/medcom-messaging-activityCodes new-message}">A new message has been sent</span></td></tr></table><p><b>Agents</b></p><table class="grid"><tr><td><b>who</b></td></tr><tr><td><a href="Organization-82210440-6826-44fc-9fc8-2a29bab6a5c2.html">Organization Hjerteafdelingen på Herlev og Gentofte hospital</a></td></tr></table></div>
  </text>
  <target>
    <reference value="MessageHeader/42cb9200-f421-4d08-8391-7d51a2503cb4"/>
  </target>
  <occurredDateTime value="2024-05-01T12:00:00+02:00"/>
  <recorded value="2024-05-01T12:00:00+02:00"/>
  <activity>
    <coding>
      <system value="http://medcomfhir.dk/ig/terminology/CodeSystem/medcom-messaging-activityCodes"/>
      <code value="new-message"/>
    </coding>
  </activity>
  <agent>
    <who>
      <reference value="Organization/82210440-6826-44fc-9fc8-2a29bab6a5c2"/>
    </who>
  </agent>
  <entity>
    <role value="source"/>
    <what>
      <identifier>
        <value value="urn:uuid:24d01288-ad36-4af2-96a8-fd1432dadee1"/>
      </identifier>
    </what>
  </entity>
</Provenance>