{
  "resourceType" : "CodeSystem",
  "id" : "f174b9bd-14d5-4fbd-8e6d-2ab9361b1b34-50",
  "url" : "http://hl7.org/fhir/comparison/CodeSystem/f174b9bd-14d5-4fbd-8e6d-2ab9361b1b34-50",
  "name" : "UnionMedComObservationCodesAndMedComObservationCodes",
  "title" : "Union of MedComObservationCodes And MedComObservationCodes",
  "status" : "draft",
  "date" : "2025-09-24T11:26:46+00:00",
  "jurisdiction" : [{
    "coding" : [{
      "system" : "urn:iso:std:iso:3166",
      "code" : "DK",
      "display" : "Denmark"
    }]
  }],
  "property" : [{
    "code" : "status",
    "uri" : "http://hl7.org/fhir/concept-properties#status",
    "description" : "A property that indicates the status of the concept. One of experimental, active, deprecated, retired. Find Governance for MedCom Terminology in the 'Home' tab.",
    "type" : "code"
  },
  {
    "code" : "effectiveDate",
    "uri" : "http://hl7.org/fhir/concept-properties#effectiveDate",
    "description" : "The date at which the code status was last changed.",
    "type" : "dateTime"
  },
  {
    "code" : "status",
    "uri" : "http://hl7.org/fhir/concept-properties#status",
    "description" : "A property that indicates the status of the concept. One of experimental, active, deprecated, retired. Find Governance for MedCom Terminology in the 'Home' tab.",
    "type" : "code"
  },
  {
    "code" : "effectiveDate",
    "uri" : "http://hl7.org/fhir/concept-properties#effectiveDate",
    "description" : "The date at which the code status was last changed.",
    "type" : "dateTime"
  }],
  "concept" : [{
    "code" : "MCS88122",
    "display" : "Pt—Respiration; frekvens = ? X 1/min",
    "designation" : [{
      "use" : {
        "system" : "http://snomed.info/sct",
        "code" : "900000000000013009"
      },
      "value" : "Respirationsfrekvens;Pt"
    }],
    "property" : [{
      "code" : "status",
      "valueCode" : "experimental"
    },
    {
      "code" : "effectiveDate",
      "valueDateTime" : "2025-06-28"
    },
    {
      "code" : "status",
      "valueCode" : "experimental"
    },
    {
      "code" : "effectiveDate",
      "valueDateTime" : "2025-06-28"
    }]
  },
  {
    "code" : "MCS88125",
    "display" : "Pt—Tidlig Opsporing af Begyndende Sygdom (TOBS) score; antal (værdi 0-15) = ?",
    "designation" : [{
      "use" : {
        "system" : "http://snomed.info/sct",
        "code" : "900000000000013009"
      },
      "value" : "TOBS score;Pt"
    }],
    "property" : [{
      "code" : "status",
      "valueCode" : "experimental"
    },
    {
      "code" : "effectiveDate",
      "valueDateTime" : "2025-06-28"
    },
    {
      "code" : "status",
      "valueCode" : "experimental"
    },
    {
      "code" : "effectiveDate",
      "valueDateTime" : "2025-06-28"
    }]
  },
  {
    "code" : "MCS88126",
    "display" : "Pt—Bevidsthedsniveau; arb.antal(værdi 0-3) = ?",
    "designation" : [{
      "use" : {
        "system" : "http://snomed.info/sct",
        "code" : "900000000000013009"
      },
      "value" : "Bevidsthed;Pt"
    }],
    "property" : [{
      "code" : "status",
      "valueCode" : "experimental"
    },
    {
      "code" : "effectiveDate",
      "valueDateTime" : "2025-06-28"
    },
    {
      "code" : "status",
      "valueCode" : "experimental"
    },
    {
      "code" : "effectiveDate",
      "valueDateTime" : "2025-06-28"
    }]
  },
  {
    "code" : "MCS88147",
    "display" : "Pt—Manniche VAS-score(total); antal(værdi 0-60) = ?",
    "designation" : [{
      "use" : {
        "system" : "http://snomed.info/sct",
        "code" : "900000000000013009"
      },
      "value" : "Manniche VAS-score(total);Pt"
    }],
    "property" : [{
      "code" : "status",
      "valueCode" : "experimental"
    },
    {
      "code" : "effectiveDate",
      "valueDateTime" : "2025-06-28"
    },
    {
      "code" : "status",
      "valueCode" : "experimental"
    },
    {
      "code" : "effectiveDate",
      "valueDateTime" : "2025-06-28"
    }]
  }]
}