{
  "resourceType" : "CodeSystem",
  "id" : "f174b9bd-14d5-4fbd-8e6d-2ab9361b1b34-26",
  "url" : "http://hl7.org/fhir/comparison/CodeSystem/f174b9bd-14d5-4fbd-8e6d-2ab9361b1b34-26",
  "name" : "UnionMedComMessageDefinitionTypeAndMedComMessageDefinitionType",
  "title" : "Union of MedComMessageDefinitionTypeCodeSystem And MedComMessageDefinitionTypeCodeSystem",
  "status" : "active",
  "date" : "2025-09-24T11:26:46+00:00",
  "jurisdiction" : [{
    "coding" : [{
      "system" : "urn:iso:std:iso:3166",
      "code" : "DK",
      "display" : "Denmark"
    }]
  }],
  "concept" : [{
    "code" : "EDIFACT",
    "display" : "Edifact"
  },
  {
    "code" : "OIOXML",
    "display" : "OIOXML"
  },
  {
    "code" : "FHIR",
    "display" : "FHIR"
  },
  {
    "code" : "ENVELOPE",
    "display" : "Envelope"
  }]
}