{
  "resourceType" : "CodeSystem",
  "id" : "f174b9bd-14d5-4fbd-8e6d-2ab9361b1b34-2",
  "url" : "http://hl7.org/fhir/comparison/CodeSystem/f174b9bd-14d5-4fbd-8e6d-2ab9361b1b34-2",
  "name" : "UnionMedComDiagnosticReportCodesAndMedComDiagnosticReportCodes",
  "title" : "Union of MedComDiagnosticReportCodes And MedComDiagnosticReportCodes",
  "status" : "draft",
  "date" : "2025-09-24T11:26:46+00:00",
  "jurisdiction" : [{
    "coding" : [{
      "system" : "urn:iso:std:iso:3166",
      "code" : "DK",
      "display" : "Denmark"
    }]
  }],
  "concept" : [{
    "code" : "HomeCareReport",
    "display" : "HomeCareDiagnosticReport"
  }]
}