{
  "resourceType" : "CodeSystem",
  "id" : "f174b9bd-14d5-4fbd-8e6d-2ab9361b1b34-57",
  "url" : "http://hl7.org/fhir/comparison/CodeSystem/f174b9bd-14d5-4fbd-8e6d-2ab9361b1b34-57",
  "name" : "IntersectionNPUObservationCodesAndNPUObservationCodes",
  "title" : "Intersection of NPUObservationCodes And NPUObservationCodes",
  "status" : "draft",
  "date" : "2025-09-24T11:26:46+00:00",
  "jurisdiction" : [{
    "coding" : [{
      "system" : "urn:iso:std:iso:3166",
      "code" : "DK",
      "display" : "Denmark"
    }]
  }],
  "property" : [{
    "code" : "status",
    "uri" : "http://hl7.org/fhir/concept-properties#status",
    "description" : "A property that indicates the status of the concept. One of experimental, active, deprecated, retired. Find Governance for MedCom Terminology in the 'Home' tab.",
    "type" : "code"
  },
  {
    "code" : "effectiveDate",
    "uri" : "http://hl7.org/fhir/concept-properties#effectiveDate",
    "description" : "The date at which the code status was last changed.",
    "type" : "dateTime"
  },
  {
    "code" : "status",
    "uri" : "http://hl7.org/fhir/concept-properties#status",
    "description" : "A property that indicates the status of the concept. One of experimental, active, deprecated, retired. Find Governance for MedCom Terminology in the 'Home' tab.",
    "type" : "code"
  },
  {
    "code" : "effectiveDate",
    "uri" : "http://hl7.org/fhir/concept-properties#effectiveDate",
    "description" : "The date at which the code status was last changed.",
    "type" : "dateTime"
  }],
  "concept" : [{
    "code" : "DNK05473",
    "display" : "Arm—Blodtryk(diastolisk); tryk =? mmHg",
    "designation" : [{
      "use" : {
        "system" : "http://snomed.info/sct",
        "code" : "900000000000013009"
      },
      "value" : "Blodtryk diastolisk;Arm"
    }],
    "property" : [{
      "code" : "status",
      "valueCode" : "experimental"
    },
    {
      "code" : "effectiveDate",
      "valueDateTime" : "2025-06-28"
    },
    {
      "code" : "status",
      "valueCode" : "experimental"
    },
    {
      "code" : "effectiveDate",
      "valueDateTime" : "2025-06-28"
    }]
  },
  {
    "code" : "DNK05472",
    "display" : "Arm—Blodtryk(systolisk); tryk = ? mmHg",
    "designation" : [{
      "use" : {
        "system" : "http://snomed.info/sct",
        "code" : "900000000000013009"
      },
      "value" : "Blodtryk systolisk;Arm"
    }],
    "property" : [{
      "code" : "status",
      "valueCode" : "experimental"
    },
    {
      "code" : "effectiveDate",
      "valueDateTime" : "2025-06-28"
    },
    {
      "code" : "status",
      "valueCode" : "experimental"
    },
    {
      "code" : "effectiveDate",
      "valueDateTime" : "2025-06-28"
    }]
  },
  {
    "code" : "NPU21692",
    "display" : "Hjerte—Systole; frekv. = ? × 1/min",
    "designation" : [{
      "use" : {
        "system" : "http://snomed.info/sct",
        "code" : "900000000000013009"
      },
      "value" : "Puls;Hjerte"
    }],
    "property" : [{
      "code" : "status",
      "valueCode" : "experimental"
    },
    {
      "code" : "effectiveDate",
      "valueDateTime" : "2025-06-28"
    },
    {
      "code" : "status",
      "valueCode" : "experimental"
    },
    {
      "code" : "effectiveDate",
      "valueDateTime" : "2025-06-28"
    }]
  },
  {
    "code" : "NPU10197",
    "display" : "Hb(Fe; O2-bind.; kB)—Oxygen(O2); mætn. = ?",
    "designation" : [{
      "use" : {
        "system" : "http://snomed.info/sct",
        "code" : "900000000000013009"
      },
      "value" : "O2 sat.;Hb(kB)"
    }],
    "property" : [{
      "code" : "status",
      "valueCode" : "experimental"
    },
    {
      "code" : "effectiveDate",
      "valueDateTime" : "2025-06-28"
    },
    {
      "code" : "status",
      "valueCode" : "experimental"
    },
    {
      "code" : "effectiveDate",
      "valueDateTime" : "2025-06-28"
    }]
  },
  {
    "code" : "NPU08676",
    "display" : "Pt—Legeme; temp. = ? °C",
    "designation" : [{
      "use" : {
        "system" : "http://snomed.info/sct",
        "code" : "900000000000013009"
      },
      "value" : "Legeme temp.;Pt"
    }],
    "property" : [{
      "code" : "status",
      "valueCode" : "experimental"
    },
    {
      "code" : "effectiveDate",
      "valueDateTime" : "2025-06-28"
    },
    {
      "code" : "status",
      "valueCode" : "experimental"
    },
    {
      "code" : "effectiveDate",
      "valueDateTime" : "2025-06-28"
    }]
  },
  {
    "code" : "NPU19748",
    "display" : "P—C-reaktivt protein; massek. = ? mg/L",
    "designation" : [{
      "use" : {
        "system" : "http://snomed.info/sct",
        "code" : "900000000000013009"
      },
      "value" : "C-reaktivt protein [CRP];P"
    }],
    "property" : [{
      "code" : "status",
      "valueCode" : "experimental"
    },
    {
      "code" : "effectiveDate",
      "valueDateTime" : "2025-06-28"
    },
    {
      "code" : "status",
      "valueCode" : "experimental"
    },
    {
      "code" : "effectiveDate",
      "valueDateTime" : "2025-06-28"
    }]
  },
  {
    "code" : "NPU02593",
    "display" : "B—Leukocytter; antalk. = ? × 10^9/L",
    "designation" : [{
      "use" : {
        "system" : "http://snomed.info/sct",
        "code" : "900000000000013009"
      },
      "value" : "Leukocytter;B"
    }],
    "property" : [{
      "code" : "status",
      "valueCode" : "experimental"
    },
    {
      "code" : "effectiveDate",
      "valueDateTime" : "2025-06-28"
    },
    {
      "code" : "status",
      "valueCode" : "experimental"
    },
    {
      "code" : "effectiveDate",
      "valueDateTime" : "2025-06-28"
    }]
  },
  {
    "code" : "NPU02636",
    "display" : "B—Leukocytter; antalk. = ? × 10^9/L",
    "designation" : [{
      "use" : {
        "system" : "http://snomed.info/sct",
        "code" : "900000000000013009"
      },
      "value" : "Leukocyttype gruppe;B"
    }],
    "property" : [{
      "code" : "status",
      "valueCode" : "experimental"
    },
    {
      "code" : "effectiveDate",
      "valueDateTime" : "2025-06-28"
    },
    {
      "code" : "status",
      "valueCode" : "experimental"
    },
    {
      "code" : "effectiveDate",
      "valueDateTime" : "2025-06-28"
    }]
  },
  {
    "code" : "NPU02840",
    "display" : "B—Monocytter; antalk. = ? × 10^9/L",
    "designation" : [{
      "use" : {
        "system" : "http://snomed.info/sct",
        "code" : "900000000000013009"
      },
      "value" : "Monocytter;B"
    }],
    "property" : [{
      "code" : "status",
      "valueCode" : "experimental"
    },
    {
      "code" : "effectiveDate",
      "valueDateTime" : "2025-06-28"
    },
    {
      "code" : "status",
      "valueCode" : "experimental"
    },
    {
      "code" : "effectiveDate",
      "valueDateTime" : "2025-06-28"
    }]
  },
  {
    "code" : "NPU02902",
    "display" : "B—Neutrophilocytter; antalk. = ? × 10^9/L",
    "designation" : [{
      "use" : {
        "system" : "http://snomed.info/sct",
        "code" : "900000000000013009"
      },
      "value" : "Neutrofilocytter;B"
    }],
    "property" : [{
      "code" : "status",
      "valueCode" : "experimental"
    },
    {
      "code" : "effectiveDate",
      "valueDateTime" : "2025-06-28"
    },
    {
      "code" : "status",
      "valueCode" : "experimental"
    },
    {
      "code" : "effectiveDate",
      "valueDateTime" : "2025-06-28"
    }]
  },
  {
    "code" : "NPU01933",
    "display" : "B—Eosinophilocytter; antalk. = ? × 10^9/L",
    "designation" : [{
      "use" : {
        "system" : "http://snomed.info/sct",
        "code" : "900000000000013009"
      },
      "value" : "Eosinofilocytter;B"
    }],
    "property" : [{
      "code" : "status",
      "valueCode" : "experimental"
    },
    {
      "code" : "effectiveDate",
      "valueDateTime" : "2025-06-28"
    },
    {
      "code" : "status",
      "valueCode" : "experimental"
    },
    {
      "code" : "effectiveDate",
      "valueDateTime" : "2025-06-28"
    }]
  },
  {
    "code" : "NPU01349",
    "display" : "B—Basophilocytter; antalk. = ? × 10^9/L",
    "designation" : [{
      "use" : {
        "system" : "http://snomed.info/sct",
        "code" : "900000000000013009"
      },
      "value" : "Basofilocytter;B"
    }],
    "property" : [{
      "code" : "status",
      "valueCode" : "experimental"
    },
    {
      "code" : "effectiveDate",
      "valueDateTime" : "2025-06-28"
    },
    {
      "code" : "status",
      "valueCode" : "experimental"
    },
    {
      "code" : "effectiveDate",
      "valueDateTime" : "2025-06-28"
    }]
  },
  {
    "code" : "NPU22089",
    "display" : "P(kB)—Glucose; stofk. = ? mmol/L",
    "designation" : [{
      "use" : {
        "system" : "http://snomed.info/sct",
        "code" : "900000000000013009"
      },
      "value" : "Glukose;P(kB)"
    }],
    "property" : [{
      "code" : "status",
      "valueCode" : "experimental"
    },
    {
      "code" : "effectiveDate",
      "valueDateTime" : "2025-06-28"
    },
    {
      "code" : "status",
      "valueCode" : "experimental"
    },
    {
      "code" : "effectiveDate",
      "valueDateTime" : "2025-06-28"
    }]
  },
  {
    "code" : "NPU01685",
    "display" : "P—Koagulation, vævsfaktor-induceret; rel.tid(aktuel/norm; INR; IRP 67/40; proc.) = ?",
    "designation" : [{
      "use" : {
        "system" : "http://snomed.info/sct",
        "code" : "900000000000013009"
      },
      "value" : "Koagulationsfaktor II+VII+X [INR];P"
    }],
    "property" : [{
      "code" : "status",
      "valueCode" : "experimental"
    },
    {
      "code" : "effectiveDate",
      "valueDateTime" : "2025-06-28"
    },
    {
      "code" : "status",
      "valueCode" : "experimental"
    },
    {
      "code" : "effectiveDate",
      "valueDateTime" : "2025-06-28"
    }]
  },
  {
    "code" : "NPU03429",
    "display" : "P—Natrium-ion; stofk. = ? mmol/L",
    "designation" : [{
      "use" : {
        "system" : "http://snomed.info/sct",
        "code" : "900000000000013009"
      },
      "value" : "Natrium;P"
    }],
    "property" : [{
      "code" : "status",
      "valueCode" : "experimental"
    },
    {
      "code" : "effectiveDate",
      "valueDateTime" : "2025-06-28"
    },
    {
      "code" : "status",
      "valueCode" : "experimental"
    },
    {
      "code" : "effectiveDate",
      "valueDateTime" : "2025-06-28"
    }]
  },
  {
    "code" : "NPU03230",
    "display" : "P—Kalium-ion; stofk. = ? mmol/L",
    "designation" : [{
      "use" : {
        "system" : "http://snomed.info/sct",
        "code" : "900000000000013009"
      },
      "value" : "Kalium;P"
    }],
    "property" : [{
      "code" : "status",
      "valueCode" : "experimental"
    },
    {
      "code" : "effectiveDate",
      "valueDateTime" : "2025-06-28"
    },
    {
      "code" : "status",
      "valueCode" : "experimental"
    },
    {
      "code" : "effectiveDate",
      "valueDateTime" : "2025-06-28"
    }]
  },
  {
    "code" : "NPU01536",
    "display" : "P—Chlorid; stofk. = ? mmol/L",
    "designation" : [{
      "use" : {
        "system" : "http://snomed.info/sct",
        "code" : "900000000000013009"
      },
      "value" : "Klorid;P"
    }],
    "property" : [{
      "code" : "status",
      "valueCode" : "experimental"
    },
    {
      "code" : "effectiveDate",
      "valueDateTime" : "2025-06-28"
    },
    {
      "code" : "status",
      "valueCode" : "experimental"
    },
    {
      "code" : "effectiveDate",
      "valueDateTime" : "2025-06-28"
    }]
  },
  {
    "code" : "NPU04144",
    "display" : "P—Calcium-ion(frit); stofk.(pH = 7,40; proc.) = ? mmol/L",
    "designation" : [{
      "use" : {
        "system" : "http://snomed.info/sct",
        "code" : "900000000000013009"
      },
      "value" : "Calcium-ion frit (pH=7,4);P"
    }],
    "property" : [{
      "code" : "status",
      "valueCode" : "experimental"
    },
    {
      "code" : "effectiveDate",
      "valueDateTime" : "2025-06-28"
    },
    {
      "code" : "status",
      "valueCode" : "experimental"
    },
    {
      "code" : "effectiveDate",
      "valueDateTime" : "2025-06-28"
    }]
  },
  {
    "code" : "NPU02319",
    "display" : "B—Hæmoglobin(Fe); stofk. = ? mmol/L",
    "designation" : [{
      "use" : {
        "system" : "http://snomed.info/sct",
        "code" : "900000000000013009"
      },
      "value" : "Hæmoglobin;B"
    }],
    "property" : [{
      "code" : "status",
      "valueCode" : "experimental"
    },
    {
      "code" : "effectiveDate",
      "valueDateTime" : "2025-06-28"
    },
    {
      "code" : "status",
      "valueCode" : "experimental"
    },
    {
      "code" : "effectiveDate",
      "valueDateTime" : "2025-06-28"
    }]
  },
  {
    "code" : "NPU02187",
    "display" : "B—Glucose; stofk. = ? mmol/L",
    "designation" : [{
      "use" : {
        "system" : "http://snomed.info/sct",
        "code" : "900000000000013009"
      },
      "value" : "Glukose;B"
    }],
    "property" : [{
      "code" : "status",
      "valueCode" : "experimental"
    },
    {
      "code" : "effectiveDate",
      "valueDateTime" : "2025-06-28"
    },
    {
      "code" : "status",
      "valueCode" : "experimental"
    },
    {
      "code" : "effectiveDate",
      "valueDateTime" : "2025-06-28"
    }]
  },
  {
    "code" : "NPU21531",
    "display" : "P(vB)—Glucose; stofk. = ? mmol/L",
    "designation" : [{
      "use" : {
        "system" : "http://snomed.info/sct",
        "code" : "900000000000013009"
      },
      "value" : "Glukose;P(vB)"
    }],
    "property" : [{
      "code" : "status",
      "valueCode" : "experimental"
    },
    {
      "code" : "effectiveDate",
      "valueDateTime" : "2025-06-28"
    },
    {
      "code" : "status",
      "valueCode" : "experimental"
    },
    {
      "code" : "effectiveDate",
      "valueDateTime" : "2025-06-28"
    }]
  },
  {
    "code" : "NPU01459",
    "display" : "P—Carbamid; stofk. = ? mmol/L",
    "designation" : [{
      "use" : {
        "system" : "http://snomed.info/sct",
        "code" : "900000000000013009"
      },
      "value" : "Karbamid;P"
    }],
    "property" : [{
      "code" : "status",
      "valueCode" : "experimental"
    },
    {
      "code" : "effectiveDate",
      "valueDateTime" : "2025-06-28"
    },
    {
      "code" : "status",
      "valueCode" : "experimental"
    },
    {
      "code" : "effectiveDate",
      "valueDateTime" : "2025-06-28"
    }]
  },
  {
    "code" : "NPU04998",
    "display" : "P—Creatininium; stofk.(enz.) = ? µmol/L",
    "designation" : [{
      "use" : {
        "system" : "http://snomed.info/sct",
        "code" : "900000000000013009"
      },
      "value" : "Kreatinin;P"
    }],
    "property" : [{
      "code" : "status",
      "valueCode" : "experimental"
    },
    {
      "code" : "effectiveDate",
      "valueDateTime" : "2025-06-28"
    },
    {
      "code" : "status",
      "valueCode" : "experimental"
    },
    {
      "code" : "effectiveDate",
      "valueDateTime" : "2025-06-28"
    }]
  },
  {
    "code" : "NPU18016",
    "display" : "P—Creatininium; stofk. = ? µmol/L",
    "designation" : [{
      "use" : {
        "system" : "http://snomed.info/sct",
        "code" : "900000000000013009"
      },
      "value" : "Kreatinin;P"
    }],
    "property" : [{
      "code" : "status",
      "valueCode" : "experimental"
    },
    {
      "code" : "effectiveDate",
      "valueDateTime" : "2025-06-28"
    },
    {
      "code" : "status",
      "valueCode" : "experimental"
    },
    {
      "code" : "effectiveDate",
      "valueDateTime" : "2025-06-28"
    }]
  },
  {
    "code" : "NPU04206",
    "display" : "U—Protein; arb.k.(proc.) = ?",
    "designation" : [{
      "use" : {
        "system" : "http://snomed.info/sct",
        "code" : "900000000000013009"
      },
      "value" : "Protein(semikvant);U"
    }],
    "property" : [{
      "code" : "status",
      "valueCode" : "experimental"
    },
    {
      "code" : "effectiveDate",
      "valueDateTime" : "2025-06-28"
    },
    {
      "code" : "status",
      "valueCode" : "experimental"
    },
    {
      "code" : "effectiveDate",
      "valueDateTime" : "2025-06-28"
    }]
  },
  {
    "code" : "NPU21578",
    "display" : "U—Nitrit; arb.k.(proc.) = ?",
    "designation" : [{
      "use" : {
        "system" : "http://snomed.info/sct",
        "code" : "900000000000013009"
      },
      "value" : "Nitrit (semikvant);U"
    }],
    "property" : [{
      "code" : "status",
      "valueCode" : "experimental"
    },
    {
      "code" : "effectiveDate",
      "valueDateTime" : "2025-06-28"
    },
    {
      "code" : "status",
      "valueCode" : "experimental"
    },
    {
      "code" : "effectiveDate",
      "valueDateTime" : "2025-06-28"
    }]
  },
  {
    "code" : "NPU04207",
    "display" : "U—Glucose; arb.k.(proc.) = ?",
    "designation" : [{
      "use" : {
        "system" : "http://snomed.info/sct",
        "code" : "900000000000013009"
      },
      "value" : "Glukose(semikvant);U"
    }],
    "property" : [{
      "code" : "status",
      "valueCode" : "experimental"
    },
    {
      "code" : "effectiveDate",
      "valueDateTime" : "2025-06-28"
    },
    {
      "code" : "status",
      "valueCode" : "experimental"
    },
    {
      "code" : "effectiveDate",
      "valueDateTime" : "2025-06-28"
    }]
  },
  {
    "code" : "NPU03987",
    "display" : "U—Leukocytter; arb.k.(proc.) = ?",
    "designation" : [{
      "use" : {
        "system" : "http://snomed.info/sct",
        "code" : "900000000000013009"
      },
      "value" : "Leukocytter(semikvant);U"
    }],
    "property" : [{
      "code" : "status",
      "valueCode" : "experimental"
    },
    {
      "code" : "effectiveDate",
      "valueDateTime" : "2025-06-28"
    },
    {
      "code" : "status",
      "valueCode" : "experimental"
    },
    {
      "code" : "effectiveDate",
      "valueDateTime" : "2025-06-28"
    }]
  },
  {
    "code" : "NPU04208",
    "display" : "U—Hæmoglobin; arb.k.(proc.) = ?",
    "designation" : [{
      "use" : {
        "system" : "http://snomed.info/sct",
        "code" : "900000000000013009"
      },
      "value" : "Hæmoglobin(semikvant);U"
    }],
    "property" : [{
      "code" : "status",
      "valueCode" : "experimental"
    },
    {
      "code" : "effectiveDate",
      "valueDateTime" : "2025-06-28"
    },
    {
      "code" : "status",
      "valueCode" : "experimental"
    },
    {
      "code" : "effectiveDate",
      "valueDateTime" : "2025-06-28"
    }]
  },
  {
    "code" : "NPU10504",
    "display" : "U—Acetoacetat; arb.k.(proc.) = ?",
    "designation" : [{
      "use" : {
        "system" : "http://snomed.info/sct",
        "code" : "900000000000013009"
      },
      "value" : "Acetoacetat(semikvant);U"
    }],
    "property" : [{
      "code" : "status",
      "valueCode" : "experimental"
    },
    {
      "code" : "effectiveDate",
      "valueDateTime" : "2025-06-28"
    },
    {
      "code" : "status",
      "valueCode" : "experimental"
    },
    {
      "code" : "effectiveDate",
      "valueDateTime" : "2025-06-28"
    }]
  },
  {
    "code" : "NPU16328",
    "display" : "U(midtstråle)—Bacterium+fungus; taxon(proc.) = ?",
    "designation" : [{
      "use" : {
        "system" : "http://snomed.info/sct",
        "code" : "900000000000013009"
      },
      "value" : "Dyrkning(bacterium+fungus);U(midt)"
    }],
    "property" : [{
      "code" : "status",
      "valueCode" : "experimental"
    },
    {
      "code" : "effectiveDate",
      "valueDateTime" : "2025-06-28"
    },
    {
      "code" : "status",
      "valueCode" : "experimental"
    },
    {
      "code" : "effectiveDate",
      "valueDateTime" : "2025-06-28"
    }]
  },
  {
    "code" : "NPU18542",
    "display" : "U(spec.)—Bacterium+fungus; taxon(proc.) = ?",
    "designation" : [{
      "use" : {
        "system" : "http://snomed.info/sct",
        "code" : "900000000000013009"
      },
      "value" : "Dyrkning (bacterium+fungus);U"
    }],
    "property" : [{
      "code" : "status",
      "valueCode" : "experimental"
    },
    {
      "code" : "effectiveDate",
      "valueDateTime" : "2025-06-28"
    },
    {
      "code" : "status",
      "valueCode" : "experimental"
    },
    {
      "code" : "effectiveDate",
      "valueDateTime" : "2025-06-28"
    }]
  },
  {
    "code" : "NPU16271",
    "display" : "Ex—Bacterium+fungus; taxon(proc.) = ?",
    "designation" : [{
      "use" : {
        "system" : "http://snomed.info/sct",
        "code" : "900000000000013009"
      },
      "value" : "Dyrkning (bacterium+fungus);Ex"
    }],
    "property" : [{
      "code" : "status",
      "valueCode" : "experimental"
    },
    {
      "code" : "effectiveDate",
      "valueDateTime" : "2025-06-28"
    },
    {
      "code" : "status",
      "valueCode" : "experimental"
    },
    {
      "code" : "effectiveDate",
      "valueDateTime" : "2025-06-28"
    }]
  },
  {
    "code" : "NPU03794",
    "display" : "Pt—Legeme; højde = ? m",
    "designation" : [{
      "use" : {
        "system" : "http://snomed.info/sct",
        "code" : "900000000000013009"
      },
      "value" : "Legeme højde;Pt"
    }],
    "property" : [{
      "code" : "status",
      "valueCode" : "experimental"
    },
    {
      "code" : "effectiveDate",
      "valueDateTime" : "2025-06-28"
    },
    {
      "code" : "status",
      "valueCode" : "experimental"
    },
    {
      "code" : "effectiveDate",
      "valueDateTime" : "2025-06-28"
    }]
  },
  {
    "code" : "NPU03804",
    "display" : "Pt—Legeme; masse = ? kg",
    "designation" : [{
      "use" : {
        "system" : "http://snomed.info/sct",
        "code" : "900000000000013009"
      },
      "value" : "Legeme vægt;Pt"
    }],
    "property" : [{
      "code" : "status",
      "valueCode" : "experimental"
    },
    {
      "code" : "effectiveDate",
      "valueDateTime" : "2025-06-28"
    },
    {
      "code" : "status",
      "valueCode" : "experimental"
    },
    {
      "code" : "effectiveDate",
      "valueDateTime" : "2025-06-28"
    }]
  }]
}