{
  "resourceType" : "ValueSet",
  "id" : "f174b9bd-14d5-4fbd-8e6d-2ab9361b1b34-98",
  "url" : "http://hl7.org/fhir/comparison/ValueSet/f174b9bd-14d5-4fbd-8e6d-2ab9361b1b34-98",
  "name" : "UnionMedComCoreDiagnosticReportStatusAndMedComCoreDiagnosticReportStatus",
  "title" : "Union of MedComCoreDiagnosticReportStatus And MedComCoreDiagnosticReportStatus",
  "status" : "active",
  "date" : "2025-09-24T11:26:46+00:00",
  "jurisdiction" : [{
    "coding" : [{
      "system" : "urn:iso:std:iso:3166",
      "code" : "DK",
      "display" : "Denmark"
    }]
  }],
  "compose" : {
    "include" : [{
      "concept" : [{
        "code" : "registered",
        "display" : "Registered"
      },
      {
        "code" : "partial",
        "display" : "Partial"
      },
      {
        "code" : "final",
        "display" : "Final"
      },
      {
        "code" : "corrected",
        "display" : "Corrected"
      },
      {
        "code" : "cancelled",
        "display" : "Cancelled"
      }]
    }]
  }
}