{
  "resourceType" : "ValueSet",
  "id" : "09299821-df2d-439e-ac31-f4642147f93d-8",
  "url" : "http://hl7.org/fhir/comparison/ValueSet/09299821-df2d-439e-ac31-f4642147f93d-8",
  "name" : "UnionActPriorityAndActPriority",
  "title" : "Union of ActPriority And ActPriority",
  "status" : "active",
  "date" : "2025-11-21T07:55:29+00:00",
  "compose" : {
    "include" : [{
      "concept" : [{
        "code" : "A"
      },
      {
        "code" : "CR"
      },
      {
        "code" : "EL"
      },
      {
        "code" : "EM"
      },
      {
        "code" : "P"
      },
      {
        "code" : "PRN"
      },
      {
        "code" : "R"
      },
      {
        "code" : "RR"
      },
      {
        "code" : "S"
      },
      {
        "code" : "T"
      },
      {
        "code" : "UD"
      },
      {
        "code" : "UR"
      }]
    },
    {
      "valueSet" : ["http://terminology.hl7.org/ValueSet/v3-ActPriorityCallback"]
    },
    {
      "valueSet" : ["http://terminology.hl7.org/ValueSet/v3-xEncounterAdmissionUrgency"]
    }]
  }
}