{"resourceType":"ImplementationGuide","id":"hl7.fhir.uv.tools","text":{"status":"extensions","div":"<div xmlns=\"http://www.w3.org/1999/xhtml\"><h2>FHIRToolExtensionsIG</h2><p>The official URL for this implementation guide is: </p><pre>http://hl7.org/fhir/tools/ImplementationGuide/hl7.fhir.uv.tools</pre><div><p>This IG defines the extensions that the tools use internally. Some of these extensions are content that are being evaluated for elevation into the main spec, and others are tooling concerns</p>\n</div></div>"},"url":"http://hl7.org/fhir/tools/ImplementationGuide/hl7.fhir.uv.tools","version":"0.1.0","name":"FHIRToolExtensionsIG","title":"FHIR Tooling Extensions IG","status":"active","experimental":false,"date":"2022-12-31T07:22:17+00:00","publisher":"HL7 International / FHIR Infrastructure","contact":[{"telecom":[{"system":"url","value":"http://hl7.org/Special/committees/fhir-i"}]}],"description":"This IG defines the extensions that the tools use internally. Some of these extensions are content that are being evaluated for elevation into the main spec, and others are tooling concerns","jurisdiction":[{"coding":[{"system":"http://unstats.un.org/unsd/methods/m49/m49.htm","code":"001"}]}],"packageId":"hl7.fhir.uv.tools","license":"CC0-1.0","fhirVersion":["4.0.1"],"dependsOn":[{"id":"hl7tx","extension":[{"url":"http://hl7.org/fhir/tools/StructureDefinition/implementationguide-dependency-comment","valueMarkdown":"Automatically added as a dependency - all IGs depend on HL7 Terminology"}],"uri":"http://terminology.hl7.org/ImplementationGuide/hl7.terminology","packageId":"hl7.terminology.r4","version":"5.0.0"}],"definition":{"extension":[{"extension":[{"url":"code","valueString":"copyrightyear"},{"url":"value","valueString":"2022+"}],"url":"http://hl7.org/fhir/tools/StructureDefinition/ig-parameter"},{"extension":[{"url":"code","valueString":"releaselabel"},{"url":"value","valueString":"Working Copy"}],"url":"http://hl7.org/fhir/tools/StructureDefinition/ig-parameter"},{"extension":[{"url":"code","valueString":"releaselabel"},{"url":"value","valueString":"Working Copy"}],"url":"http://hl7.org/fhir/tools/StructureDefinition/ig-parameter"},{"extension":[{"url":"code","valueString":"path-binary"},{"url":"value","valueString":"input/cdshooks"}],"url":"http://hl7.org/fhir/tools/StructureDefinition/ig-parameter"},{"extension":[{"url":"code","valueString":"showsource"},{"url":"value","valueString":"true"}],"url":"http://hl7.org/fhir/tools/StructureDefinition/ig-parameter"},{"extension":[{"url":"code","valueString":"generate-version"},{"url":"value","valueString":"r3"}],"url":"http://hl7.org/fhir/tools/StructureDefinition/ig-parameter"},{"extension":[{"url":"code","valueString":"generate-version"},{"url":"value","valueString":"r4"}],"url":"http://hl7.org/fhir/tools/StructureDefinition/ig-parameter"},{"extension":[{"url":"code","valueString":"generate-version"},{"url":"value","valueString":"r5"}],"url":"http://hl7.org/fhir/tools/StructureDefinition/ig-parameter"},{"extension":[{"url":"code","valueString":"autoload-resources"},{"url":"value","valueString":"true"}],"url":"http://hl7.org/fhir/tools/StructureDefinition/ig-parameter"},{"extension":[{"url":"code","valueString":"path-liquid"},{"url":"value","valueString":"template/liquid"}],"url":"http://hl7.org/fhir/tools/StructureDefinition/ig-parameter"},{"extension":[{"url":"code","valueString":"path-liquid"},{"url":"value","valueString":"input/liquid"}],"url":"http://hl7.org/fhir/tools/StructureDefinition/ig-parameter"},{"extension":[{"url":"code","valueString":"path-qa"},{"url":"value","valueString":"temp/qa"}],"url":"http://hl7.org/fhir/tools/StructureDefinition/ig-parameter"},{"extension":[{"url":"code","valueString":"path-temp"},{"url":"value","valueString":"temp/pages"}],"url":"http://hl7.org/fhir/tools/StructureDefinition/ig-parameter"},{"extension":[{"url":"code","valueString":"path-output"},{"url":"value","valueString":"output"}],"url":"http://hl7.org/fhir/tools/StructureDefinition/ig-parameter"},{"extension":[{"url":"code","valueString":"path-suppressed-warnings"},{"url":"value","valueString":"input/ignoreWarnings.txt"}],"url":"http://hl7.org/fhir/tools/StructureDefinition/ig-parameter"},{"extension":[{"url":"code","valueString":"path-history"},{"url":"value","valueString":"http://hl7.org/fhir/tools/history.html"}],"url":"http://hl7.org/fhir/tools/StructureDefinition/ig-parameter"},{"extension":[{"url":"code","valueString":"template-html"},{"url":"value","valueString":"template-page.html"}],"url":"http://hl7.org/fhir/tools/StructureDefinition/ig-parameter"},{"extension":[{"url":"code","valueString":"template-md"},{"url":"value","valueString":"template-page-md.html"}],"url":"http://hl7.org/fhir/tools/StructureDefinition/ig-parameter"},{"extension":[{"url":"code","valueString":"apply-contact"},{"url":"value","valueString":"true"}],"url":"http://hl7.org/fhir/tools/StructureDefinition/ig-parameter"},{"extension":[{"url":"code","valueString":"apply-context"},{"url":"value","valueString":"true"}],"url":"http://hl7.org/fhir/tools/StructureDefinition/ig-parameter"},{"extension":[{"url":"code","valueString":"apply-copyright"},{"url":"value","valueString":"true"}],"url":"http://hl7.org/fhir/tools/StructureDefinition/ig-parameter"},{"extension":[{"url":"code","valueString":"apply-jurisdiction"},{"url":"value","valueString":"true"}],"url":"http://hl7.org/fhir/tools/StructureDefinition/ig-parameter"},{"extension":[{"url":"code","valueString":"apply-license"},{"url":"value","valueString":"true"}],"url":"http://hl7.org/fhir/tools/StructureDefinition/ig-parameter"},{"extension":[{"url":"code","valueString":"apply-publisher"},{"url":"value","valueString":"true"}],"url":"http://hl7.org/fhir/tools/StructureDefinition/ig-parameter"},{"extension":[{"url":"code","valueString":"apply-version"},{"url":"value","valueString":"true"}],"url":"http://hl7.org/fhir/tools/StructureDefinition/ig-parameter"},{"extension":[{"url":"code","valueString":"active-tables"},{"url":"value","valueString":"true"}],"url":"http://hl7.org/fhir/tools/StructureDefinition/ig-parameter"},{"extension":[{"url":"code","valueString":"fmm-definition"},{"url":"value","valueString":"http://hl7.org/fhir/versions.html#maturity"}],"url":"http://hl7.org/fhir/tools/StructureDefinition/ig-parameter"},{"extension":[{"url":"code","valueString":"propagate-status"},{"url":"value","valueString":"true"}],"url":"http://hl7.org/fhir/tools/StructureDefinition/ig-parameter"},{"extension":[{"url":"code","valueString":"excludelogbinaryformat"},{"url":"value","valueString":"true"}],"url":"http://hl7.org/fhir/tools/StructureDefinition/ig-parameter"},{"extension":[{"url":"code","valueString":"tabbed-snapshots"},{"url":"value","valueString":"true"}],"url":"http://hl7.org/fhir/tools/StructureDefinition/ig-parameter"},{"extension":[{"url":"code","valueString":"copyrightyear"},{"url":"value","valueString":"2022+"}],"url":"http://hl7.org/fhir/tools/StructureDefinition/ig-parameter"},{"extension":[{"url":"code","valueString":"releaselabel"},{"url":"value","valueString":"Working Copy"}],"url":"http://hl7.org/fhir/tools/StructureDefinition/ig-parameter"},{"extension":[{"url":"code","valueString":"releaselabel"},{"url":"value","valueString":"Working Copy"}],"url":"http://hl7.org/fhir/tools/StructureDefinition/ig-parameter"},{"extension":[{"url":"code","valueString":"path-binary"},{"url":"value","valueString":"input/cdshooks"}],"url":"http://hl7.org/fhir/tools/StructureDefinition/ig-parameter"},{"extension":[{"url":"code","valueString":"showsource"},{"url":"value","valueString":"true"}],"url":"http://hl7.org/fhir/tools/StructureDefinition/ig-parameter"},{"extension":[{"url":"code","valueString":"generate-version"},{"url":"value","valueString":"r3"}],"url":"http://hl7.org/fhir/tools/StructureDefinition/ig-parameter"},{"extension":[{"url":"code","valueString":"generate-version"},{"url":"value","valueString":"r4"}],"url":"http://hl7.org/fhir/tools/StructureDefinition/ig-parameter"},{"extension":[{"url":"code","valueString":"generate-version"},{"url":"value","valueString":"r5"}],"url":"http://hl7.org/fhir/tools/StructureDefinition/ig-parameter"},{"extension":[{"url":"code","valueString":"autoload-resources"},{"url":"value","valueString":"true"}],"url":"http://hl7.org/fhir/tools/StructureDefinition/ig-parameter"},{"extension":[{"url":"code","valueString":"path-liquid"},{"url":"value","valueString":"template/liquid"}],"url":"http://hl7.org/fhir/tools/StructureDefinition/ig-parameter"},{"extension":[{"url":"code","valueString":"path-liquid"},{"url":"value","valueString":"input/liquid"}],"url":"http://hl7.org/fhir/tools/StructureDefinition/ig-parameter"},{"extension":[{"url":"code","valueString":"path-qa"},{"url":"value","valueString":"temp/qa"}],"url":"http://hl7.org/fhir/tools/StructureDefinition/ig-parameter"},{"extension":[{"url":"code","valueString":"path-temp"},{"url":"value","valueString":"temp/pages"}],"url":"http://hl7.org/fhir/tools/StructureDefinition/ig-parameter"},{"extension":[{"url":"code","valueString":"path-output"},{"url":"value","valueString":"output"}],"url":"http://hl7.org/fhir/tools/StructureDefinition/ig-parameter"},{"extension":[{"url":"code","valueString":"path-suppressed-warnings"},{"url":"value","valueString":"input/ignoreWarnings.txt"}],"url":"http://hl7.org/fhir/tools/StructureDefinition/ig-parameter"},{"extension":[{"url":"code","valueString":"path-history"},{"url":"value","valueString":"http://hl7.org/fhir/tools/history.html"}],"url":"http://hl7.org/fhir/tools/StructureDefinition/ig-parameter"},{"extension":[{"url":"code","valueString":"template-html"},{"url":"value","valueString":"template-page.html"}],"url":"http://hl7.org/fhir/tools/StructureDefinition/ig-parameter"},{"extension":[{"url":"code","valueString":"template-md"},{"url":"value","valueString":"template-page-md.html"}],"url":"http://hl7.org/fhir/tools/StructureDefinition/ig-parameter"},{"extension":[{"url":"code","valueString":"apply-contact"},{"url":"value","valueString":"true"}],"url":"http://hl7.org/fhir/tools/StructureDefinition/ig-parameter"},{"extension":[{"url":"code","valueString":"apply-context"},{"url":"value","valueString":"true"}],"url":"http://hl7.org/fhir/tools/StructureDefinition/ig-parameter"},{"extension":[{"url":"code","valueString":"apply-copyright"},{"url":"value","valueString":"true"}],"url":"http://hl7.org/fhir/tools/StructureDefinition/ig-parameter"},{"extension":[{"url":"code","valueString":"apply-jurisdiction"},{"url":"value","valueString":"true"}],"url":"http://hl7.org/fhir/tools/StructureDefinition/ig-parameter"},{"extension":[{"url":"code","valueString":"apply-license"},{"url":"value","valueString":"true"}],"url":"http://hl7.org/fhir/tools/StructureDefinition/ig-parameter"},{"extension":[{"url":"code","valueString":"apply-publisher"},{"url":"value","valueString":"true"}],"url":"http://hl7.org/fhir/tools/StructureDefinition/ig-parameter"},{"extension":[{"url":"code","valueString":"apply-version"},{"url":"value","valueString":"true"}],"url":"http://hl7.org/fhir/tools/StructureDefinition/ig-parameter"},{"extension":[{"url":"code","valueString":"active-tables"},{"url":"value","valueString":"true"}],"url":"http://hl7.org/fhir/tools/StructureDefinition/ig-parameter"},{"extension":[{"url":"code","valueString":"fmm-definition"},{"url":"value","valueString":"http://hl7.org/fhir/versions.html#maturity"}],"url":"http://hl7.org/fhir/tools/StructureDefinition/ig-parameter"},{"extension":[{"url":"code","valueString":"propagate-status"},{"url":"value","valueString":"true"}],"url":"http://hl7.org/fhir/tools/StructureDefinition/ig-parameter"},{"extension":[{"url":"code","valueString":"excludelogbinaryformat"},{"url":"value","valueString":"true"}],"url":"http://hl7.org/fhir/tools/StructureDefinition/ig-parameter"},{"extension":[{"url":"code","valueString":"tabbed-snapshots"},{"url":"value","valueString":"true"}],"url":"http://hl7.org/fhir/tools/StructureDefinition/ig-parameter"}],"resource":[{"extension":[{"url":"http://hl7.org/fhir/tools/StructureDefinition/resource-information","valueString":"StructureDefinition:extension"}],"reference":{"reference":"StructureDefinition/additional-binding"},"name":"Additional Binding Extension","description":"Extension definition for Additional Binding"},{"extension":[{"url":"http://hl7.org/fhir/tools/StructureDefinition/resource-information","valueString":"StructureDefinition:extension"}],"reference":{"reference":"StructureDefinition/obligation"},"name":"Obligation Extension","description":"Extension definition for Obligation"},{"extension":[{"url":"http://hl7.org/fhir/tools/StructureDefinition/resource-information","valueString":"StructureDefinition:extension"}],"reference":{"reference":"StructureDefinition/json-property-key"},"name":"Json Property Key Extension","description":"If true, indicates that in a JSON representation, the indicated child element is the json property key for the value. Implies that this is a property with max = * that has two children, one of which is the key and the other is the value"},{"extension":[{"url":"http://hl7.org/fhir/tools/StructureDefinition/resource-information","valueString":"StructureDefinition:extension"}],"reference":{"reference":"StructureDefinition/implied-string-prefix"},"name":"Implied String Prefix","description":"A prefix value that is automatically prefixed to the value before it's validated (for use in logical models)"},{"extension":[{"url":"http://hl7.org/fhir/tools/StructureDefinition/resource-information","valueString":"StructureDefinition:extension"}],"reference":{"reference":"StructureDefinition/type-specifier"},"name":"Type Specifier Extension","description":"In some logical models, the type of content at one location depends on the value of some other element, and the type is otherwise not explicit in the instance. In such cases, the type of the element is assigned an abstract ancestor type, and this extension specifies how to determine what type is actually used"},{"extension":[{"url":"http://hl7.org/fhir/tools/StructureDefinition/resource-information","valueString":"StructureDefinition:extension"}],"reference":{"reference":"StructureDefinition/implementationguide-resource-logical"},"name":"Binary Resource Logical","description":"This extension specifies a logical model to use to validate the binary contents."},{"extension":[{"url":"http://hl7.org/fhir/tools/StructureDefinition/resource-information","valueString":"StructureDefinition:logical"}],"reference":{"reference":"StructureDefinition/CDSHooksServices"},"name":"CDSHooks Services Request (Logical Definition)","description":"This structure is defined to allow the FHIR Validator to validate a CDSHooks Services response body"},{"extension":[{"url":"http://hl7.org/fhir/tools/StructureDefinition/resource-information","valueString":"StructureDefinition:logical"}],"reference":{"reference":"StructureDefinition/CDSHooksRequest"},"name":"CDSHooks Request (Logical Definition)","description":"This structure is defined to allow the FHIR Validator to validate a CDSHooks Request Body"},{"extension":[{"url":"http://hl7.org/fhir/tools/StructureDefinition/resource-information","valueString":"StructureDefinition:logical"}],"reference":{"reference":"StructureDefinition/CDSHooksResponse"},"name":"CDSHooks Response (Logical Definition)","description":"This structure is defined to allow the FHIR Validator to validate a CDSHooks Response body"},{"extension":[{"url":"http://hl7.org/fhir/tools/StructureDefinition/resource-information","valueString":"StructureDefinition:logical:abstract"}],"reference":{"reference":"StructureDefinition/CDSHookContext"},"name":"CDS Hook Specific Context (Logical Definition)","description":"This structure is defined to allow the FHIR Validator to validate a CDSHooks Request Context"},{"extension":[{"url":"http://hl7.org/fhir/tools/StructureDefinition/resource-information","valueString":"StructureDefinition:logical"}],"reference":{"reference":"StructureDefinition/CDSHookPatientViewContext"},"name":"CDS Hook Specific Context for patient-view (Logical Definition)","description":"This structure is defined to allow the FHIR Validator to validate a CDSHooks Patient-View context"},{"extension":[{"url":"http://hl7.org/fhir/tools/StructureDefinition/resource-information","valueString":"StructureDefinition:logical"}],"reference":{"reference":"StructureDefinition/CDSHookOrderSignContext"},"name":"CDS Hook Specific Context for order-sign (Logical Definition)","description":"This structure is defined to allow the FHIR Validator to validate a CDSHooks Order-Sign context"},{"extension":[{"url":"http://hl7.org/fhir/tools/StructureDefinition/implementationguide-resource-format","valueCode":"application/json"},{"url":"http://hl7.org/fhir/tools/StructureDefinition/implementationguide-resource-logical","valueUrl":"http://hl7.org/fhir/tools/StructureDefinition/CDSHooksServices"},{"url":"http://hl7.org/fhir/tools/StructureDefinition/resource-information","valueString":"Binary"}],"reference":{"reference":"Binary/CDSHookServices"},"name":"CDSHookServices Example","description":"An example a CDS Hooks Service Request"},{"extension":[{"url":"http://hl7.org/fhir/tools/StructureDefinition/resource-information","valueString":"ActorDefinition"}],"reference":{"reference":"ActorDefinition/server"},"name":"Server Actor 1","description":"Example Server Actor"},{"extension":[{"url":"http://hl7.org/fhir/tools/StructureDefinition/resource-information","valueString":"Requirements"}],"reference":{"reference":"Requirements/example"},"name":"Example Requirements Set 1","description":"An example of how to to include requirements in an IG"},{"extension":[{"url":"http://hl7.org/fhir/tools/StructureDefinition/resource-information","valueString":"Practitioner"}],"reference":{"reference":"Practitioner/grahame"},"name":"Supporting Practitioner","description":"Supporting practitioner for requirements resource"},{"extension":[{"url":"http://hl7.org/fhir/tools/StructureDefinition/resource-information","valueString":"ValueSet"}],"reference":{"reference":"ValueSet/json-empty-behavior"},"name":"Json Empty Behavior Codes Value Set","description":"empty-behaviour: what should be in JSON when a repeating elements has no items? Can be absent, present, or either"},{"extension":[{"url":"http://hl7.org/fhir/tools/StructureDefinition/resource-information","valueString":"ValueSet"}],"reference":{"reference":"ValueSet/obligation"},"name":"Obligation Codes ValueSet","description":"Obligation Codes"},{"extension":[{"url":"http://hl7.org/fhir/tools/StructureDefinition/resource-information","valueString":"CodeSystem"}],"reference":{"reference":"CodeSystem/binding-style"},"name":"Vocab Binding Style Codes","description":"How the data type is bound to vocabulary"},{"extension":[{"url":"http://hl7.org/fhir/tools/StructureDefinition/resource-information","valueString":"StructureDefinition:extension"}],"reference":{"reference":"StructureDefinition/binding-style"},"name":"Vocab Binding Style Extension","description":"How the data type is bound to vocabulary"},{"extension":[{"url":"http://hl7.org/fhir/tools/StructureDefinition/resource-information","valueString":"StructureDefinition:logical"}],"reference":{"reference":"StructureDefinition/CDSHooksExtension-DaVinci-config"},"name":"CDS Hook Extension Definition for DaVinci Configuration  (Test)","description":"This structure is defines the CRD Configuration  (Test only)"},{"extension":[{"url":"http://hl7.org/fhir/tools/StructureDefinition/resource-information","valueString":"StructureDefinition:extension"}],"reference":{"reference":"StructureDefinition/elementdefinition-date-format"},"name":"Date Format String","description":"The date format, as a Java date/time format (todo: extract a common subset from FHIRPath? Java? DotNet? Windows API?)"},{"extension":[{"url":"http://hl7.org/fhir/tools/StructureDefinition/resource-information","valueString":"CodeSystem"}],"reference":{"reference":"CodeSystem/json-empty-behavior"},"name":"Json Empty Behavior Codes","description":"empty-behaviour: what should be in JSON when a repeating elements has no items. Can be absent, present, or either"},{"extension":[{"url":"http://hl7.org/fhir/tools/StructureDefinition/resource-information","valueString":"ValueSet"}],"reference":{"reference":"ValueSet/id-expectation"},"name":"Id Expectation Set","description":"Specifies whether a particular element or resource is expected to have an id or not"},{"extension":[{"url":"http://hl7.org/fhir/tools/StructureDefinition/resource-information","valueString":"StructureDefinition:extension"}],"reference":{"reference":"StructureDefinition/elementdefinition-json-name"},"name":"Json Property Name Extension","description":"Provides the JSON property name for when the JSON name is not a valid element name, or on the root of a type to give the type itself an element name"},{"extension":[{"url":"http://hl7.org/fhir/tools/StructureDefinition/resource-information","valueString":"ValueSet"}],"reference":{"reference":"ValueSet/extension-style"},"name":"Extension Style ValueSet","description":"How the type can be extended. Note that all FHIR types that inherit from ```Element``` have extension-style = fhir-extensions"},{"extension":[{"url":"http://hl7.org/fhir/tools/StructureDefinition/resource-information","valueString":"StructureDefinition:extension"}],"reference":{"reference":"StructureDefinition/extension-style"},"name":"Extension Style Extension","description":"How the type can be extended. Note that all FHIR types that inherit from ```Element``` have extension-style = fhir-extensions"},{"extension":[{"url":"http://hl7.org/fhir/tools/StructureDefinition/resource-information","valueString":"StructureDefinition:logical"}],"reference":{"reference":"StructureDefinition/CDSHookOrderSelectContext"},"name":"CDS Hook Specific Context for order-select (Logical Definition)","description":"This structure is defined to allow the FHIR Validator to validate a CDSHooks order-select context"},{"extension":[{"url":"http://hl7.org/fhir/tools/StructureDefinition/resource-information","valueString":"CodeSystem"}],"reference":{"reference":"CodeSystem/id-expectation"},"name":"Id Expectation Codes","description":"Specifies whether a particular element or resource is expected to have an id or not"},{"extension":[{"url":"http://hl7.org/fhir/tools/StructureDefinition/resource-information","valueString":"StructureDefinition:extension"}],"reference":{"reference":"StructureDefinition/implementationguide-dependency-comment"},"name":"IG Dependency Comment","description":"This extension provides a comment explaining the why an IG depends on another IG."},{"extension":[{"url":"http://hl7.org/fhir/tools/StructureDefinition/resource-information","valueString":"CodeSystem"}],"reference":{"reference":"CodeSystem/CDSSelectionBehavior"},"name":"CDSSelectionBehavior Codes","description":"Codes that describe application CDSSelectionBehaviors"},{"extension":[{"url":"http://hl7.org/fhir/tools/StructureDefinition/resource-information","valueString":"StructureDefinition:extension"}],"reference":{"reference":"StructureDefinition/profile-mapping"},"name":"Profile Mapping Extension","description":"Extension definition for Mapping between ```API``` and ```Profile```. CapabilityStatement.rest.resource.profile has two different profile statements:\n\n* profile - the overall system profile for a resource\n* supportedProfile 0..* - a particular profile that the system supports\n\nWhat is missing from this picture is defining which resources conform to\nwhich profile. Sometimes, of course, it's impossible to define this, but\nquite often, there's an algorithmic relationship that a server or client\ncould use to know that resources with a particular set of values will or should\nconform to a given profile.\n\nThis extension defines a relationship between a search string and a profile.\nAny resource that meets a given search string will be expected to conform to the particular profile. If more than one profile is nominated for a search string, resources SHALL conform to all the listed profiles. The last extension can be without a search matches and remaining resources\n\nThis extension repeats, and order is important - once a match is found, this profile is the one that applies."},{"extension":[{"url":"http://hl7.org/fhir/tools/StructureDefinition/resource-information","valueString":"CodeSystem"}],"reference":{"reference":"CodeSystem/extension-style"},"name":"Extension Style Codes","description":"How the type can be extended. Note that all FHIR types that inherit from ```Element``` have extension-style = fhir-extensions"},{"extension":[{"url":"http://hl7.org/fhir/tools/StructureDefinition/resource-information","valueString":"CodeSystem"}],"reference":{"reference":"CodeSystem/additional-binding-purpose"},"name":"Additional Binding Purpose Codes","description":"Additional Binding Purpose"},{"extension":[{"url":"http://hl7.org/fhir/tools/StructureDefinition/resource-information","valueString":"CodeSystem"}],"reference":{"reference":"CodeSystem/obligation"},"name":"Obligation Codes","description":"Codes that describe application Obligations"},{"extension":[{"url":"http://hl7.org/fhir/tools/StructureDefinition/resource-information","valueString":"ValueSet"}],"reference":{"reference":"ValueSet/CDSActionType"},"name":"CDSActionType Codes ValueSet","description":"CDSActionType Codes"},{"extension":[{"url":"http://hl7.org/fhir/tools/StructureDefinition/resource-information","valueString":"CodeSystem"}],"reference":{"reference":"CodeSystem/CDSLinkType"},"name":"CDSLinkType Codes","description":"Codes that describe application CDSLinkTypes"},{"extension":[{"url":"http://hl7.org/fhir/tools/StructureDefinition/resource-information","valueString":"CodeSystem"}],"reference":{"reference":"CodeSystem/ig-parameters"},"name":"IG Parameter Codes","description":"Ig Parameter Codes Defined by the FHIR Tooling. These parameter codes go in [ImplementationGuide.definition.parameter.code](http://hl7.org/fhir/R4/implementationguide-definitions.html#ImplementationGuide.definition.parameter.code)"},{"extension":[{"url":"http://hl7.org/fhir/tools/StructureDefinition/resource-information","valueString":"CodeSystem"}],"reference":{"reference":"CodeSystem/CDSActionType"},"name":"CDSActionType Codes","description":"Codes that describe application CDSActionTypes"},{"extension":[{"url":"http://hl7.org/fhir/tools/StructureDefinition/resource-information","valueString":"ValueSet"}],"reference":{"reference":"ValueSet/additional-binding-purpose"},"name":"Additional Binding Purpose ValueSet","description":"Additional Binding Purpose"},{"extension":[{"url":"http://hl7.org/fhir/tools/StructureDefinition/resource-information","valueString":"ValueSet"}],"reference":{"reference":"ValueSet/CDSSelectionBehavior"},"name":"CDSSelectionBehavior Codes ValueSet","description":"CDSSelectionBehavior Codes"},{"extension":[{"url":"http://hl7.org/fhir/tools/StructureDefinition/resource-information","valueString":"ValueSet"}],"reference":{"reference":"ValueSet/binding-style"},"name":"Vocab Binding Style ValueSet","description":"How the data type is bound to vocabulary"},{"extension":[{"url":"http://hl7.org/fhir/tools/StructureDefinition/resource-information","valueString":"StructureDefinition:extension"}],"reference":{"reference":"StructureDefinition/json-empty-behavior"},"name":"Json Empty Behavior Extension","description":"empty-behaviour: what should be in JSON when a repeating elements has no items? Can be absent, present, or either"},{"extension":[{"url":"http://hl7.org/fhir/tools/StructureDefinition/resource-information","valueString":"ValueSet"}],"reference":{"reference":"ValueSet/CDSIndicator"},"name":"CDSIndicator Codes ValueSet","description":"CDSIndicator Codes"},{"extension":[{"url":"http://hl7.org/fhir/tools/StructureDefinition/resource-information","valueString":"ValueSet"}],"reference":{"reference":"ValueSet/CDSLinkType"},"name":"CDSLinkType Codes ValueSet","description":"CDSLinkType Codes"},{"extension":[{"url":"http://hl7.org/fhir/tools/StructureDefinition/resource-information","valueString":"StructureDefinition:logical"}],"reference":{"reference":"StructureDefinition/CDSHooksExtension-DaVinci-configoptions"},"name":"CDS Hook Extension Definition for DaVinci Configuration Options (Test)","description":"This structure is defines the CRD Configuration Options (Test only)"},{"extension":[{"url":"http://hl7.org/fhir/tools/StructureDefinition/resource-information","valueString":"StructureDefinition:extension"}],"reference":{"reference":"StructureDefinition/json-nullable"},"name":"Json Nullable Extension","description":"If an element is labelled nullable, it can be present as a null value in the json. If this extension does not appear, a null value is treated as an error"},{"extension":[{"url":"http://hl7.org/fhir/tools/StructureDefinition/resource-information","valueString":"CodeSystem"}],"reference":{"reference":"CodeSystem/CDSIndicator"},"name":"CDSIndicator Codes","description":"Codes that describe application CDSIndicators"},{"extension":[{"url":"http://hl7.org/fhir/tools/StructureDefinition/resource-information","valueString":"StructureDefinition:logical:abstract"}],"reference":{"reference":"StructureDefinition/CDSHooksElement"},"name":"CDSHooks Services Base Extensible Element","description":"This structure is defined to allow the FHIR Validator to validate a CDSHooks Services Element with Extensions"},{"extension":[{"url":"http://hl7.org/fhir/tools/StructureDefinition/resource-information","valueString":"StructureDefinition:extension"}],"reference":{"reference":"StructureDefinition/id-expectation"},"name":"Id Expectation Extension","description":"Specifies whether a particular element or resource is expected to have an id or not. Note that this can be done in a profile on the element, but it is sometimes useful to say this e.g. on an abstract element in a logical model"},{"extension":[{"url":"http://hl7.org/fhir/tools/StructureDefinition/resource-information","valueString":"StructureDefinition:extension"}],"reference":{"reference":"StructureDefinition/implementationguide-resource-format"},"name":"Binary Resource Format","description":"This extension specifies the format (= mime type) of a binary resource, when the binary resource is provided to the IG publisher as raw content (rather than as a FHIR binary resource with base64 content)."},{"extension":[{"url":"http://hl7.org/fhir/tools/StructureDefinition/resource-information","valueString":"StructureDefinition:extension"}],"reference":{"reference":"StructureDefinition/json-primitive-choice"},"name":"Json Primitive Choice Extension","description":"Marks an element as a choice of types where the type is implied by the JSON type. The only valid types at string, integer, decimal, and boolean"}],"page":{"extension":[{"url":"http://hl7.org/fhir/tools/StructureDefinition/ig-page-name","valueUrl":"index.html"}],"nameUrl":"index.html","title":"Home Page","generation":"html","page":[{"extension":[{"url":"http://hl7.org/fhir/tools/StructureDefinition/ig-page-name","valueUrl":"binary.html"}],"nameUrl":"binary.html","title":"Binary Support","generation":"html"},{"extension":[{"url":"http://hl7.org/fhir/tools/StructureDefinition/ig-page-name","valueUrl":"format-extensions.html"}],"nameUrl":"format-extensions.html","title":"Format Extensions","generation":"markdown"},{"extension":[{"url":"http://hl7.org/fhir/tools/StructureDefinition/ig-page-name","valueUrl":"other.html"}],"nameUrl":"other.html","title":"Other Information","generation":"markdown"}]},"parameter":[{"code":"path-resource","value":"input/capabilities"},{"code":"path-resource","value":"input/examples"},{"code":"path-resource","value":"input/extensions"},{"code":"path-resource","value":"input/models"},{"code":"path-resource","value":"input/operations"},{"code":"path-resource","value":"input/profiles"},{"code":"path-resource","value":"input/resources"},{"code":"path-resource","value":"input/vocabulary"},{"code":"path-resource","value":"input/maps"},{"code":"path-resource","value":"input/testing"},{"code":"path-resource","value":"input/history"},{"code":"path-resource","value":"fsh-generated/resources"},{"code":"path-pages","value":"template/config"},{"code":"path-pages","value":"input/images"},{"code":"path-tx-cache","value":"input-cache/txcache"}]}}