{
  "resourceType" : "PractitionerRole",
  "id" : "8adda490-63ef-4d97-86f0-14553628e53a",
  "meta" : {
    "profile" : ["http://medcomfhir.dk/ig/core/StructureDefinition/medcom-core-practitionerrole"]
  },
  "text" : {
    "status" : "generated",
    "div" : "<div xmlns=\"http://www.w3.org/1999/xhtml\"><p class=\"res-header-id\"><b>Generated Narrative: PractitionerRole 8adda490-63ef-4d97-86f0-14553628e53a</b></p><a name=\"8adda490-63ef-4d97-86f0-14553628e53a\"> </a><a name=\"hc8adda490-63ef-4d97-86f0-14553628e53a\"> </a><div style=\"display: inline-block; background-color: #d9e0e7; padding: 6px; margin: 4px; border: 1px solid #8da1b4; border-radius: 5px; line-height: 60%\"><p style=\"margin-bottom: 0px\"/><p style=\"margin-bottom: 0px\">Profile: <a href=\"http://medcomfhir.dk/ig/core/3.0.0/StructureDefinition-medcom-core-practitionerrole.html\">MedComCorePractitionerRole</a></p></div><p><b>practitioner</b>: <a href=\"Practitioner-ed8d4f6a-a2e4-4343-b823-37ca90c1872a.html\">Practitioner Ann Marie Wounds </a></p><p><b>code</b>: <span title=\"Codes:\">Visitator</span></p></div>"
  },
  "practitioner" : {
    "reference" : "Practitioner/ed8d4f6a-a2e4-4343-b823-37ca90c1872a"
  },
  "code" : [{
    "text" : "Visitator"
  }]
}