{
  "resourceType" : "Communication",
  "id" : "94e65db8-2f0c-4a2c-a7c9-06a160d59a12",
  "meta" : {
    "profile" : ["http://medcomfhir.dk/ig/carecommunication/StructureDefinition/medcom-careCommunication-communication"]
  },
  "text" : {
    "status" : "generated",
    "div" : "<div xmlns=\"http://www.w3.org/1999/xhtml\"><p><b>Generated Narrative: Communication</b><a name=\"94e65db8-2f0c-4a2c-a7c9-06a160d59a12\"> </a></p><div style=\"display: inline-block; background-color: #d9e0e7; padding: 6px; margin: 4px; border: 1px solid #8da1b4; border-radius: 5px; line-height: 60%\"><p style=\"margin-bottom: 0px\">Resource Communication &quot;94e65db8-2f0c-4a2c-a7c9-06a160d59a12&quot; </p><p style=\"margin-bottom: 0px\">Profile: <a href=\"StructureDefinition-medcom-careCommunication-communication.html\">MedComCareCommunication</a></p></div><p><b>status</b>: unknown</p><p><b>category</b>: Care Coordination <span style=\"background: LightGoldenRodYellow; margin: 4px; border: 1px solid khaki\"> (<a href=\"http://medcomfhir.dk/ig/terminology/1.4.0/CodeSystem-medcom-careCommunication-categoryCodes.html\">MedComCareCommunicationCategories</a>#carecoordination)</span></p><p><b>subject</b>: <a href=\"Patient-733cef33-3626-422b-955d-d506aaa65fe1.html\">Patient/733cef33-3626-422b-955d-d506aaa65fe1</a> &quot; ELMER&quot;</p><h3>Payloads</h3><table class=\"grid\"><tr><td style=\"display: none\">-</td><td><b>Extension</b></td><td><b>Content[x]</b></td></tr><tr><td style=\"display: none\">*</td><td>, , , </td><td>Regarding the rehabilitation plan, please notice that...</td></tr></table></div>"
  },
  "status" : "unknown",
  "category" : [{
    "coding" : [{
      "system" : "http://medcomfhir.dk/ig/terminology/CodeSystem/medcom-careCommunication-categoryCodes",
      "code" : "carecoordination"
    }]
  }],
  "subject" : {
    "reference" : "Patient/733cef33-3626-422b-955d-d506aaa65fe1"
  },
  "payload" : [{
    "extension" : [{
      "url" : "http://medcomfhir.dk/ig/core/StructureDefinition/medcom-core-datetime-extension",
      "valueDateTime" : "2023-03-01T12:00:00+01:00"
    },
    {
      "url" : "http://medcomfhir.dk/ig/core/StructureDefinition/medcom-core-identifier-extension",
      "valueIdentifier" : {
        "value" : "urn:uuid:24d01288-ad36-4af2-96a8-fd1432dadee1",
        "assigner" : {
          "reference" : "Organization/o7056980-a8b2-42aa-8a0e-c1fc85d1f40d"
        }
      }
    },
    {
      "url" : "http://medcomfhir.dk/ig/core/StructureDefinition/medcom-core-practitioner-extension",
      "valueReference" : {
        "reference" : "PractitionerRole/eda90bde-54f9-11ed-bdc3-0242ac120002"
      }
    },
    {
      "url" : "http://medcomfhir.dk/ig/core/StructureDefinition/medcom-core-contact-extension",
      "valueContactPoint" : {
        "system" : "phone",
        "value" : "38683868"
      }
    }],
    "contentString" : "Regarding the rehabilitation plan, please notice that..."
  }]
}