{
  "resourceType" : "PractitionerRole",
  "id" : "ac1dfd45-a135-47b8-acd7-db0405e21dd0",
  "meta" : {
    "profile" : ["http://medcomfhir.dk/ig/core/StructureDefinition/medcom-core-practitionerrole"]
  },
  "text" : {
    "status" : "generated",
    "div" : "<div xmlns=\"http://www.w3.org/1999/xhtml\"><p><b>Generated Narrative: PractitionerRole</b><a name=\"ac1dfd45-a135-47b8-acd7-db0405e21dd0\"> </a></p><div style=\"display: inline-block; background-color: #d9e0e7; padding: 6px; margin: 4px; border: 1px solid #8da1b4; border-radius: 5px; line-height: 60%\"><p style=\"margin-bottom: 0px\">Resource PractitionerRole &quot;ac1dfd45-a135-47b8-acd7-db0405e21dd0&quot; </p><p style=\"margin-bottom: 0px\">Profile: <a href=\"http://medcomfhir.dk/ig/core/2.2.0/StructureDefinition-medcom-core-practitionerrole.html\">MedComCorePractitionerRole</a></p></div><p><b>practitioner</b>: <a href=\"Practitioner-e081a7fc-2df6-47e9-b6cd-77d8aaf7e8df.html\">Practitioner/e081a7fc-2df6-47e9-b6cd-77d8aaf7e8df</a> &quot; BURNS&quot;</p><p><b>code</b>: Sygeplejerske <span style=\"background: LightGoldenRodYellow; margin: 4px; border: 1px solid khaki\"> (<a href=\"http://medcomfhir.dk/ig/terminology/1.4.0/CodeSystem-medcom-core-PractitionerRolesSKSadministrativ.html\">MedComCorePractitionerRolesSKSadministrativ</a>#sygeplejerske)</span></p></div>"
  },
  "practitioner" : {
    "reference" : "Practitioner/e081a7fc-2df6-47e9-b6cd-77d8aaf7e8df"
  },
  "code" : [{
    "coding" : [{
      "system" : "http://medcomfhir.dk/ig/terminology/CodeSystem/medcom-core-PractitionerRolesSKSadministrativ",
      "code" : "sygeplejerske"
    }]
  }]
}