URL,Version,Status,OIDs,Name,Title,Description,Used
http://medcomfhir.dk/ig/xdsmetadata/CodeSystem/MedCom-ihe-classcode-CS,1.0.1,active,,MedComIHE_ClassCode,DK IHE ClassCode,"CodeSystem for ClassCode",
http://medcomfhir.dk/ig/xdsmetadata/CodeSystem/MedCom-ihe-formatcode-CS,1.0.1,active,,MedComIHE_FormatCode,DK IHE FormatCode,"CodeSystem for FormatCode",
http://medcomfhir.dk/ig/xdsmetadata/CodeSystem/MedCom-ihe-homeCommunityId-CS,1.0.1,active,,MedComIHE_HomeCommunityId,IHE XDS Affinity Domain,"IHE XDS Affinity Domains who has agreed to share healthcare related documents in Denmark",
http://medcomfhir.dk/ig/xdsmetadata/CodeSystem/MedCom-ihe-typecode-CS,1.0.1,active,,MedComIHE_TypeCode,MedCom Message Codes,"MedCom document type codes (Danish)",
