{
  "codeSystems" : [
    {
      "url" : "http://hl7.org/fhir/ValueSet/contact-point-system",
      "version" : "4.0.1",
      "status" : "active",
      "name" : "ContactPointSystem",
      "title" : "ContactPointSystem",
      "description" : "Telecommunications form for contact point.",
      "systems" : ["http://hl7.org/fhir/contact-point-system"],
      "oids" : ["2.16.840.1.113883.4.642.3.71"],
      "sources" : ["2.16.840.1.113883.4.642.3.71"],
      "uses" : {
      },
      "StructureDefinition-medcom-messaging-messagedefinition.html" : "MedComMessagingMessageDefinition",
      "StructureDefinition-medcom-careCommunication-message-definition.html" : "MedComCareCommunicationMessageDefinition",
      "StructureDefinition-medcom-acknowledgement-message-definition.html" : "MedComAcknowledgementMessageDefinition",
      "StructureDefinition-medcom-homecareobservation-message-definition.html" : "MedComHomeCareObservationMessageDefinition",
      "StructureDefinition-medcom-messaging-messagedefinition-fhir.html" : "MedComMessagingMessageDefinitionFhir"
    },
    {
      "url" : "http://hl7.org/fhir/ValueSet/contact-point-use",
      "version" : "4.0.1",
      "status" : "active",
      "name" : "ContactPointUse",
      "title" : "ContactPointUse",
      "description" : "Use of contact point.",
      "systems" : ["http://hl7.org/fhir/contact-point-use"],
      "oids" : ["2.16.840.1.113883.4.642.3.73"],
      "sources" : ["2.16.840.1.113883.4.642.3.73"],
      "uses" : {
      },
      "StructureDefinition-medcom-messaging-messagedefinition.html" : "MedComMessagingMessageDefinition",
      "StructureDefinition-medcom-careCommunication-message-definition.html" : "MedComCareCommunicationMessageDefinition",
      "StructureDefinition-medcom-acknowledgement-message-definition.html" : "MedComAcknowledgementMessageDefinition",
      "StructureDefinition-medcom-homecareobservation-message-definition.html" : "MedComHomeCareObservationMessageDefinition",
      "StructureDefinition-medcom-messaging-messagedefinition-fhir.html" : "MedComMessagingMessageDefinitionFhir"
    },
    {
      "url" : "http://hl7.org/fhir/ValueSet/identifier-use",
      "version" : "4.0.1",
      "status" : "active",
      "name" : "IdentifierUse",
      "title" : "IdentifierUse",
      "description" : "Identifies the purpose for this identifier, if known .",
      "systems" : ["http://hl7.org/fhir/identifier-use"],
      "oids" : ["2.16.840.1.113883.4.642.3.57"],
      "sources" : ["2.16.840.1.113883.4.642.3.57"],
      "uses" : {
      },
      "StructureDefinition-medcom-messaging-messagedefinition.html" : "MedComMessagingMessageDefinition",
      "StructureDefinition-medcom-careCommunication-message-definition.html" : "MedComCareCommunicationMessageDefinition",
      "StructureDefinition-medcom-acknowledgement-message-definition.html" : "MedComAcknowledgementMessageDefinition",
      "StructureDefinition-medcom-homecareobservation-message-definition.html" : "MedComHomeCareObservationMessageDefinition",
      "StructureDefinition-medcom-messaging-messagedefinition-fhir.html" : "MedComMessagingMessageDefinitionFhir"
    },
    {
      "url" : "http://hl7.org/fhir/ValueSet/jurisdiction",
      "version" : "4.0.1",
      "status" : "active",
      "name" : "Jurisdiction ValueSet",
      "title" : "Jurisdiction",
      "description" : "This value set defines a base set of codes for country, country subdivision and region    for indicating where a resource is intended to be used.   \r\n   \r\n   Note: The codes for countries and country subdivisions are taken from    [ISO 3166](https://www.iso.org/iso-3166-country-codes.html)    while the codes for \"supra-national\" regions are from    [UN Standard country or area codes for statistical use (M49)](http://unstats.un.org/unsd/methods/m49/m49.htm).",
      "systems" : [
        "http://unstats.un.org/unsd/methods/m49/m49.htm",
        "urn:iso:std:iso:3166",
        "urn:iso:std:iso:3166:-2"
      ],
      "oids" : ["2.16.840.1.113883.4.642.3.48"],
      "sources" : ["2.16.840.1.113883.4.642.3.48"],
      "uses" : {
      },
      "StructureDefinition-medcom-messaging-messagedefinition.html" : "MedComMessagingMessageDefinition",
      "StructureDefinition-medcom-careCommunication-message-definition.html" : "MedComCareCommunicationMessageDefinition",
      "StructureDefinition-medcom-acknowledgement-message-definition.html" : "MedComAcknowledgementMessageDefinition",
      "StructureDefinition-medcom-homecareobservation-message-definition.html" : "MedComHomeCareObservationMessageDefinition",
      "StructureDefinition-medcom-messaging-messagedefinition-fhir.html" : "MedComMessagingMessageDefinitionFhir"
    },
    {
      "url" : "http://hl7.org/fhir/ValueSet/languages",
      "version" : "4.0.1",
      "status" : "draft",
      "name" : "CommonLanguages",
      "title" : "Common Languages",
      "description" : "This value set includes common codes from BCP-47 (http://tools.ietf.org/html/bcp47)",
      "systems" : ["urn:ietf:bcp:47"],
      "oids" : ["2.16.840.1.113883.4.642.3.20"],
      "sources" : ["2.16.840.1.113883.4.642.3.20"],
      "uses" : {
      },
      "StructureDefinition-medcom-messaging-messagedefinition.html" : "MedComMessagingMessageDefinition",
      "StructureDefinition-medcom-careCommunication-message-definition.html" : "MedComCareCommunicationMessageDefinition",
      "StructureDefinition-medcom-acknowledgement-message-definition.html" : "MedComAcknowledgementMessageDefinition",
      "StructureDefinition-medcom-homecareobservation-message-definition.html" : "MedComHomeCareObservationMessageDefinition",
      "StructureDefinition-medcom-messaging-messagedefinition-fhir.html" : "MedComMessagingMessageDefinitionFhir"
    },
    {
      "url" : "http://hl7.org/fhir/ValueSet/message-events",
      "version" : "4.0.1",
      "status" : "active",
      "name" : "MessageEvent",
      "title" : "MessageEvent",
      "description" : "One of the message events defined as part of this version of FHIR.",
      "systems" : ["http://hl7.org/fhir/message-events"],
      "oids" : ["2.16.840.1.113883.4.642.3.26"],
      "sources" : ["2.16.840.1.113883.4.642.3.26"],
      "uses" : {
      },
      "StructureDefinition-medcom-messaging-messagedefinition.html" : "MedComMessagingMessageDefinition",
      "StructureDefinition-medcom-careCommunication-message-definition.html" : "MedComCareCommunicationMessageDefinition",
      "StructureDefinition-medcom-acknowledgement-message-definition.html" : "MedComAcknowledgementMessageDefinition",
      "StructureDefinition-medcom-homecareobservation-message-definition.html" : "MedComHomeCareObservationMessageDefinition",
      "StructureDefinition-medcom-messaging-messagedefinition-fhir.html" : "MedComMessagingMessageDefinitionFhir"
    },
    {
      "url" : "http://hl7.org/fhir/ValueSet/message-significance-category",
      "version" : "4.0.1",
      "status" : "draft",
      "name" : "MessageSignificanceCategory",
      "title" : "MessageSignificanceCategory",
      "description" : "The impact of the content of a message.",
      "systems" : ["http://hl7.org/fhir/message-significance-category"],
      "oids" : ["2.16.840.1.113883.4.642.3.188"],
      "sources" : ["2.16.840.1.113883.4.642.3.188"],
      "uses" : {
      },
      "StructureDefinition-medcom-messaging-messagedefinition.html" : "MedComMessagingMessageDefinition",
      "StructureDefinition-medcom-careCommunication-message-definition.html" : "MedComCareCommunicationMessageDefinition",
      "StructureDefinition-medcom-acknowledgement-message-definition.html" : "MedComAcknowledgementMessageDefinition",
      "StructureDefinition-medcom-homecareobservation-message-definition.html" : "MedComHomeCareObservationMessageDefinition",
      "StructureDefinition-medcom-messaging-messagedefinition-fhir.html" : "MedComMessagingMessageDefinitionFhir"
    },
    {
      "url" : "http://hl7.org/fhir/ValueSet/messageheader-response-request",
      "version" : "4.0.1",
      "status" : "draft",
      "name" : "messageheader-response-request",
      "title" : "messageheader-response-request",
      "description" : "HL7-defined table of codes which identify conditions under which acknowledgments are required to be returned in response to a message.",
      "systems" : ["http://hl7.org/fhir/messageheader-response-request"],
      "oids" : ["2.16.840.1.113883.4.642.3.924"],
      "sources" : ["2.16.840.1.113883.4.642.3.924"],
      "uses" : {
      },
      "StructureDefinition-medcom-messaging-messagedefinition.html" : "MedComMessagingMessageDefinition",
      "StructureDefinition-medcom-careCommunication-message-definition.html" : "MedComCareCommunicationMessageDefinition",
      "StructureDefinition-medcom-acknowledgement-message-definition.html" : "MedComAcknowledgementMessageDefinition",
      "StructureDefinition-medcom-homecareobservation-message-definition.html" : "MedComHomeCareObservationMessageDefinition",
      "StructureDefinition-medcom-messaging-messagedefinition-fhir.html" : "MedComMessagingMessageDefinitionFhir"
    },
    {
      "url" : "http://hl7.org/fhir/ValueSet/publication-status",
      "version" : "4.0.1",
      "status" : "active",
      "name" : "PublicationStatus",
      "title" : "PublicationStatus",
      "description" : "The lifecycle status of an artifact.",
      "systems" : ["http://hl7.org/fhir/publication-status"],
      "oids" : ["2.16.840.1.113883.4.642.3.3"],
      "sources" : ["2.16.840.1.113883.4.642.3.3"],
      "uses" : {
      },
      "StructureDefinition-medcom-messaging-messagedefinition.html" : "MedComMessagingMessageDefinition",
      "StructureDefinition-medcom-careCommunication-message-definition.html" : "MedComCareCommunicationMessageDefinition",
      "StructureDefinition-medcom-acknowledgement-message-definition.html" : "MedComAcknowledgementMessageDefinition",
      "StructureDefinition-medcom-homecareobservation-message-definition.html" : "MedComHomeCareObservationMessageDefinition",
      "StructureDefinition-medcom-messaging-messagedefinition-fhir.html" : "MedComMessagingMessageDefinitionFhir"
    },
    {
      "url" : "http://hl7.org/fhir/ValueSet/resource-types",
      "version" : "4.0.1",
      "status" : "active",
      "name" : "ResourceType",
      "title" : "ResourceType",
      "description" : "One of the resource types defined as part of this version of FHIR.",
      "systems" : ["http://hl7.org/fhir/resource-types"],
      "oids" : ["2.16.840.1.113883.4.642.3.27"],
      "sources" : ["2.16.840.1.113883.4.642.3.27"],
      "uses" : {
      },
      "StructureDefinition-medcom-messaging-messagedefinition.html" : "MedComMessagingMessageDefinition",
      "StructureDefinition-medcom-careCommunication-message-definition.html" : "MedComCareCommunicationMessageDefinition",
      "StructureDefinition-medcom-acknowledgement-message-definition.html" : "MedComAcknowledgementMessageDefinition",
      "StructureDefinition-medcom-homecareobservation-message-definition.html" : "MedComHomeCareObservationMessageDefinition",
      "StructureDefinition-medcom-messaging-messagedefinition-fhir.html" : "MedComMessagingMessageDefinitionFhir"
    },
    {
      "url" : "http://hl7.org/fhir/ValueSet/use-context",
      "version" : "4.0.1",
      "status" : "draft",
      "name" : "Context of Use ValueSet",
      "title" : "ConformanceUseContext",
      "description" : "This value set defines a base set of codes that can be used to indicate that the content in a resource was developed with a focus and intent of supporting use within particular contexts.",
      "systems" : [
        "http://unstats.un.org/unsd/methods/m49/m49.htm",
        "http://hl7.org/fhir/administrative-gender",
        "urn:iso:std:iso:3166",
        "http://hl7.org/fhir/practitioner-specialty",
        "http://nucc.org/provider-taxonomy",
        "http://terminology.hl7.org/CodeSystem/v3-ActCode",
        "http://snomed.info/sct"
      ],
      "oids" : ["2.16.840.1.113883.4.642.3.28"],
      "sources" : ["2.16.840.1.113883.4.642.3.28"],
      "uses" : {
      },
      "StructureDefinition-medcom-messaging-messagedefinition.html" : "MedComMessagingMessageDefinition",
      "StructureDefinition-medcom-careCommunication-message-definition.html" : "MedComCareCommunicationMessageDefinition",
      "StructureDefinition-medcom-acknowledgement-message-definition.html" : "MedComAcknowledgementMessageDefinition",
      "StructureDefinition-medcom-homecareobservation-message-definition.html" : "MedComHomeCareObservationMessageDefinition",
      "StructureDefinition-medcom-messaging-messagedefinition-fhir.html" : "MedComMessagingMessageDefinitionFhir"
    },
    {
      "url" : "http://medcomfhir.dk/ig/terminology/ValueSet/medcom-message-definition-type-valueset",
      "version" : "1.8.1",
      "status" : "active",
      "name" : "MedComMessageDefinitionTypeVS",
      "title" : "MedComMessageDefinitionTypeValueset",
      "description" : "MedComMessageDefinitionTypeVS for the messaging infrastructure",
      "systems" : [
        "http://medcomfhir.dk/ig/terminology/CodeSystem/medcom-message-definition-type"
      ],
      "uses" : {
      },
      "StructureDefinition-medcom-messaging-messagedefinition.html" : "MedComMessagingMessageDefinition",
      "StructureDefinition-medcom-careCommunication-message-definition.html" : "MedComCareCommunicationMessageDefinition",
      "StructureDefinition-medcom-acknowledgement-message-definition.html" : "MedComAcknowledgementMessageDefinition",
      "StructureDefinition-medcom-homecareobservation-message-definition.html" : "MedComHomeCareObservationMessageDefinition",
      "StructureDefinition-medcom-messaging-messagedefinition-fhir.html" : "MedComMessagingMessageDefinitionFhir"
    },
    {
      "url" : "http://medcomfhir.dk/ig/terminology/ValueSet/medcom-messagedefinition-use-context-code-valueset",
      "version" : "1.8.1",
      "status" : "active",
      "name" : "MedComUseContextCodeSystemVS",
      "title" : "UseContextCodeSystemValueset",
      "description" : "UseContextCodeSystemVS for the messaging infrastructure",
      "systems" : ["http://terminology.hl7.org/CodeSystem/usage-context-type"],
      "uses" : {
      },
      "StructureDefinition-medcom-messaging-messagedefinition.html" : "MedComMessagingMessageDefinition",
      "StructureDefinition-medcom-careCommunication-message-definition.html" : "MedComCareCommunicationMessageDefinition",
      "StructureDefinition-medcom-acknowledgement-message-definition.html" : "MedComAcknowledgementMessageDefinition",
      "StructureDefinition-medcom-homecareobservation-message-definition.html" : "MedComHomeCareObservationMessageDefinition",
      "StructureDefinition-medcom-messaging-messagedefinition-fhir.html" : "MedComMessagingMessageDefinitionFhir"
    }
  ]
}
