<?xml version="1.0" encoding="UTF-8"?>

<MessageHeader xmlns="http://hl7.org/fhir">
  <id value="aac67161-d0de-4933-a78c-060beafb4814"/>
  <meta>
    <profile value="http://medcomfhir.dk/ig/carecommunication/StructureDefinition/medcom-careCommunication-messageHeader"/>
  </meta>
  <text>
    <status value="generated"/><div xmlns="http://www.w3.org/1999/xhtml"><p class="res-header-id"><b>Generated Narrative: MessageHeader aac67161-d0de-4933-a78c-060beafb4814</b></p><a name="aac67161-d0de-4933-a78c-060beafb4814"> </a><a name="hcaac67161-d0de-4933-a78c-060beafb4814"> </a><div style="display: inline-block; background-color: #d9e0e7; padding: 6px; margin: 4px; border: 1px solid #8da1b4; border-radius: 5px; line-height: 60%"><p style="margin-bottom: 0px"/><p style="margin-bottom: 0px">Profile: <a href="StructureDefinition-medcom-careCommunication-messageHeader.html">MedComCareCommunicationMessageHeader</a></p></div><p><b>event</b>: <a href="http://medcomfhir.dk/ig/terminology/1.8.1/CodeSystem-medcom-messaging-eventCodes.html#medcom-messaging-eventCodes-care-communication-message">MedComMessagingEventCodes care-communication-message</a>: Care Communication Message</p><h3>Destinations</h3><table class="grid"><tr><td style="display: none">-</td><td><b>Extension</b></td><td><b>Endpoint</b></td><td><b>Receiver</b></td></tr><tr><td style="display: none">*</td><td/><td><a href="https://sor2.sum.dsdn.dk/#id=1042981000016003">https://sor2.sum.dsdn.dk/#id=1042981000016003</a></td><td><a href="Organization-f98ed410-54fe-11ed-bdc3-0242ac120002.html">Organization: identifier = https://www.gs1.org/gln#5790001348120,urn:oid:1.2.208.176.1.1#1042981000016003</a></td></tr></table><p><b>sender</b>: <a href="Organization-f20f31cd-5dd2-4a80-ab00-97f7109864a7.html">Organization Plejecenter Herlev</a></p><h3>Sources</h3><table class="grid"><tr><td style="display: none">-</td><td><b>Endpoint</b></td></tr><tr><td style="display: none">*</td><td><a href="https://sor2.sum.dsdn.dk/#id=265161000016000">https://sor2.sum.dsdn.dk/#id=265161000016000</a></td></tr></table><p><b>focus</b>: <a href="Communication-5485bde0-8246-4f46-b1a1-1f14e0a7a856.html">Communication: identifier = urn:uuid:546b19ba-3e50-4da8-b9ec-7caeefad6928; status = unknown; category = Undersøgelsessvar</a></p><p><b>definition</b>: <a href="http://medcomfhir.dk/ig/messagedefinitions/1.0.0/MessageDefinition-MedComCareCommunicationMessageDefinitionV5.0.html">http://medcomfhir.dk/ig/messagedefinitions/MessageDefinition/MedComCareCommunicationMessageDefinition|5.0</a></p></div>
  </text>
  <eventCoding>
    <system value="http://medcomfhir.dk/ig/terminology/CodeSystem/medcom-messaging-eventCodes"/>
    <code value="care-communication-message"/>
  </eventCoding>
  <destination>
    <extension url="http://medcomfhir.dk/ig/messaging/StructureDefinition/medcom-messaging-destinationUseExtension">
      <valueCoding>
        <system value="http://medcomfhir.dk/ig/terminology/CodeSystem/medcom-messaging-destinationUse"/>
        <code value="primary"/>
      </valueCoding>
    </extension>
    <endpoint value="https://sor2.sum.dsdn.dk/#id=1042981000016003"/>
    <receiver>
      <reference value="Organization/f98ed410-54fe-11ed-bdc3-0242ac120002"/>
    </receiver>
  </destination>
  <sender>
    <reference value="Organization/f20f31cd-5dd2-4a80-ab00-97f7109864a7"/>
  </sender>
  <source>
    <endpoint value="https://sor2.sum.dsdn.dk/#id=265161000016000"/>
  </source>
  <focus>
    <reference value="Communication/5485bde0-8246-4f46-b1a1-1f14e0a7a856"/>
  </focus>
  <definition value="http://medcomfhir.dk/ig/messagedefinitions/MessageDefinition/MedComCareCommunicationMessageDefinition|5.0"/>
</MessageHeader>