<?xml version="1.0" encoding="UTF-8"?>

<PractitionerRole xmlns="http://hl7.org/fhir">
  <id value="7f3c3dbb-1b40-41f7-8acc-fb82eb3d4dd3"/>
  <meta>
    <profile value="http://medcomfhir.dk/ig/core/StructureDefinition/medcom-core-practitionerrole"/>
  </meta>
  <text>
    <status value="generated"/><div xmlns="http://www.w3.org/1999/xhtml"><p class="res-header-id"><b>Generated Narrative: PractitionerRole 7f3c3dbb-1b40-41f7-8acc-fb82eb3d4dd3</b></p><a name="7f3c3dbb-1b40-41f7-8acc-fb82eb3d4dd3"> </a><a name="hc7f3c3dbb-1b40-41f7-8acc-fb82eb3d4dd3"> </a><div style="display: inline-block; background-color: #d9e0e7; padding: 6px; margin: 4px; border: 1px solid #8da1b4; border-radius: 5px; line-height: 60%"><p style="margin-bottom: 0px"/><p style="margin-bottom: 0px">Profile: <a href="http://medcomfhir.dk/ig/core/3.0.0/StructureDefinition-medcom-core-practitionerrole.html">MedComCorePractitionerRole</a></p></div><p><b>practitioner</b>: <a href="Practitioner-b12c1357-62f1-455e-b07a-3ebf454c50bc.html">Practitioner Hans Hansen </a></p><p><b>code</b>: <span title="Codes:{http://medcomfhir.dk/ig/terminology/CodeSystem/medcom-core-PractitionerRolesSKSadministrativ speciallaege}">Speciallæge</span></p></div>
  </text>
  <practitioner>
    <reference value="Practitioner/b12c1357-62f1-455e-b07a-3ebf454c50bc"/>
  </practitioner>
  <code>
    <coding>
      <system value="http://medcomfhir.dk/ig/terminology/CodeSystem/medcom-core-PractitionerRolesSKSadministrativ"/>
      <code value="speciallaege"/>
    </coding>
  </code>
</PractitionerRole>