<?xml version="1.0" encoding="UTF-8"?>

<Practitioner xmlns="http://hl7.org/fhir">
  <id value="ed8d4f6a-a2e4-4343-b823-37ca90c1872a"/>
  <meta>
    <profile value="http://medcomfhir.dk/ig/core/StructureDefinition/medcom-core-practitioner"/>
  </meta>
  <text>
    <status value="generated"/><div xmlns="http://www.w3.org/1999/xhtml"><p class="res-header-id"><b>Generated Narrative: Practitioner ed8d4f6a-a2e4-4343-b823-37ca90c1872a</b></p><a name="ed8d4f6a-a2e4-4343-b823-37ca90c1872a"> </a><a name="hced8d4f6a-a2e4-4343-b823-37ca90c1872a"> </a><div style="display: inline-block; background-color: #d9e0e7; padding: 6px; margin: 4px; border: 1px solid #8da1b4; border-radius: 5px; line-height: 60%"><p style="margin-bottom: 0px"/><p style="margin-bottom: 0px">Profile: <a href="http://medcomfhir.dk/ig/core/3.0.0/StructureDefinition-medcom-core-practitioner.html">MedComCorePractitioner</a></p></div><p><b>name</b>: Ann Marie Wounds </p></div>
  </text>
  <name>
    <family value="Wounds"/>
    <given value="Ann"/>
    <given value="Marie"/>
  </name>
</Practitioner>