{
  "package": "medcom.fhir.dk.carecommunication",
  "version": "5.0.0",
  "fhirVersion": "4.0.1",
  "jurisdiction": "DK",
  "extensions": [],
  "profiles": {
    "Communication": [
      {
        "url": "http://medcomfhir.dk/ig/carecommunication/StructureDefinition/medcom-careCommunication-communication",
        "title": "MedComCareCommunication"
      }
    ],
    "Bundle": [
      {
        "url": "http://medcomfhir.dk/ig/carecommunication/StructureDefinition/medcom-careCommunication-message",
        "title": "MedComCareCommunicationMessage"
      }
    ],
    "MessageHeader": [
      {
        "url": "http://medcomfhir.dk/ig/carecommunication/StructureDefinition/medcom-careCommunication-messageHeader",
        "title": "MedComCareCommunicationMessageHeader"
      }
    ],
    "Provenance": [
      {
        "url": "http://medcomfhir.dk/ig/carecommunication/StructureDefinition/medcom-careCommunication-provenance",
        "title": "MedComCareCommunicationProvenance"
      }
    ]
  },
  "usage": {
    "http://hl7.org/fhir/5.0/StructureDefinition/extension-ActorDefinition.contact": [
      "Basic"
    ],
    "http://hl7.org/fhir/5.0/StructureDefinition/extension-ActorDefinition.date": [
      "Basic"
    ],
    "http://hl7.org/fhir/5.0/StructureDefinition/extension-ActorDefinition.description": [
      "Basic"
    ],
    "http://hl7.org/fhir/5.0/StructureDefinition/extension-ActorDefinition.jurisdiction": [
      "Basic"
    ],
    "http://hl7.org/fhir/5.0/StructureDefinition/extension-ActorDefinition.name": [
      "Basic"
    ],
    "http://hl7.org/fhir/5.0/StructureDefinition/extension-ActorDefinition.publisher": [
      "Basic"
    ],
    "http://hl7.org/fhir/5.0/StructureDefinition/extension-ActorDefinition.status": [
      "Basic"
    ],
    "http://hl7.org/fhir/5.0/StructureDefinition/extension-ActorDefinition.title": [
      "Basic"
    ],
    "http://hl7.org/fhir/5.0/StructureDefinition/extension-ActorDefinition.type": [
      "Basic"
    ],
    "http://hl7.org/fhir/5.0/StructureDefinition/extension-ActorDefinition.url": [
      "Basic"
    ],
    "http://hl7.org/fhir/5.0/StructureDefinition/extension-ActorDefinition.version": [
      "Basic"
    ],
    "http://hl7.org/fhir/StructureDefinition/elementdefinition-bestpractice": [
      "StructureDefinition.snapshot.element.constraint"
    ],
    "http://hl7.org/fhir/StructureDefinition/elementdefinition-bestpractice-explanation": [
      "StructureDefinition.snapshot.element.constraint"
    ],
    "http://hl7.org/fhir/StructureDefinition/elementdefinition-bindingName": [
      "StructureDefinition.snapshot.element.binding"
    ],
    "http://hl7.org/fhir/StructureDefinition/elementdefinition-maxValueSet": [
      "StructureDefinition.snapshot.element.binding"
    ],
    "http://hl7.org/fhir/StructureDefinition/elementdefinition-translatable": [
      "StructureDefinition.differential.element",
      "StructureDefinition.snapshot.element"
    ],
    "http://hl7.org/fhir/StructureDefinition/obligation": [
      "StructureDefinition.differential.element",
      "StructureDefinition.snapshot.element"
    ],
    "http://hl7.org/fhir/StructureDefinition/structuredefinition-fhir-type": [
      "StructureDefinition.snapshot.element.type"
    ],
    "http://hl7.org/fhir/tools/StructureDefinition/ig-internal-dependency": [
      "ImplementationGuide.definition"
    ],
    "http://hl7.org/fhir/tools/StructureDefinition/ig-page-name": [
      "ImplementationGuide.definition.page",
      "ImplementationGuide.definition.page.page"
    ],
    "http://hl7.org/fhir/tools/StructureDefinition/ig-parameter": [
      "ImplementationGuide.definition"
    ],
    "http://hl7.org/fhir/tools/StructureDefinition/implementationguide-dependency-comment": [
      "ImplementationGuide.dependsOn"
    ],
    "http://hl7.org/fhir/tools/StructureDefinition/resource-information": [
      "ImplementationGuide.definition.resource"
    ],
    "http://hl7.org/fhir/tools/StructureDefinition/snapshot-base-version": [
      "StructureDefinition.snapshot"
    ],
    "http://medcomfhir.dk/ig/core/StructureDefinition/medcom-core-contact-extension": [
      "Bundle.entry.resource.payload",
      "Communication.payload"
    ],
    "http://medcomfhir.dk/ig/core/StructureDefinition/medcom-core-contact-extension|3.0.0": [
      "Communication.payload"
    ],
    "http://medcomfhir.dk/ig/core/StructureDefinition/medcom-core-datetime-extension": [
      "Bundle.entry.resource.payload",
      "Communication.payload"
    ],
    "http://medcomfhir.dk/ig/core/StructureDefinition/medcom-core-datetime-extension|3.0.0": [
      "Communication.payload"
    ],
    "http://medcomfhir.dk/ig/core/StructureDefinition/medcom-core-identifier-extension": [
      "Bundle.entry.resource.payload",
      "Communication.payload"
    ],
    "http://medcomfhir.dk/ig/core/StructureDefinition/medcom-core-identifier-extension|3.0.0": [
      "Communication.payload"
    ],
    "http://medcomfhir.dk/ig/core/StructureDefinition/medcom-core-practitioner-extension": [
      "Bundle.entry.resource.payload",
      "Communication.payload"
    ],
    "http://medcomfhir.dk/ig/core/StructureDefinition/medcom-core-practitioner-extension|3.0.0": [
      "Communication.payload"
    ],
    "http://medcomfhir.dk/ig/core/StructureDefinition/medcom-core-sender-extension": [
      "Bundle.entry.resource",
      "Communication"
    ],
    "http://medcomfhir.dk/ig/core/StructureDefinition/medcom-core-sender-extension|3.0.0": [
      "Communication"
    ],
    "http://medcomfhir.dk/ig/messaging/StructureDefinition/medcom-messaging-destinationUseExtension": [
      "Bundle.entry.resource.destination",
      "MessageHeader.destination"
    ]
  }
}