URL,Version,Status,OIDs,Name,Title,Description,Used
http://medcomfhir.dk/ig/document/CodeSystem/MedCom-ihe-classcode-CS-TEMP,2.0.0,active,,MedComIHE_ClassCode_TEMP,DK IHE ClassCode_TEMP,"_TEMP Danish Integrating the Healthcare Enterprise (IHE) metadata class codes",
http://medcomfhir.dk/ig/document/CodeSystem/MedCom-ihe-formatcode-CS-TEMP,2.0.0,active,,MedComIHE_FormatCode_TEMP,DK IHE FormatCode_TEMP,"_TEMP Danish Integrating the Healthcare Enterprise (IHE) metadata format codes",
http://medcomfhir.dk/ig/document/CodeSystem/MedCom-ihe-homeCommunityId-CS-TEMP,2.0.0,active,,MedComIHE_HomeCommunityId_TEMP,_TEMP IHE XDS Affinity Domain,"_TEMPIHE XDS Affinity Domains who has agreed to share healthcare related documents in Denmark",
http://medcomfhir.dk/ig/document/CodeSystem/MedCom-message-codes-CS-TEMP,2.0.0,active,"1.2.208.184.100.1",MedCom_Message_Codes_TEMP,MedCom Message Codes_TEMP,"_TEMP MedCom Message Codes, which includes document type codes (Danish).",
