<?xml version="1.0" encoding="UTF-8"?>

<Patient xmlns="http://hl7.org/fhir">
  <id value="23ebfcd8-e4f2-4ce8-908b-aa7cfb9ffef5"/>
  <meta>
    <profile value="http://medcomfhir.dk/ig/core/StructureDefinition/medcom-core-patient"/>
  </meta>
  <text>
    <status value="generated"/><div xmlns="http://www.w3.org/1999/xhtml"><p class="res-header-id"><b>Generated Narrative: Patient 23ebfcd8-e4f2-4ce8-908b-aa7cfb9ffef5</b></p><a name="23ebfcd8-e4f2-4ce8-908b-aa7cfb9ffef5"> </a><a name="hc23ebfcd8-e4f2-4ce8-908b-aa7cfb9ffef5"> </a><a name="hc23ebfcd8-e4f2-4ce8-908b-aa7cfb9ffef5-da-DK"> </a><p style="border: 1px #661aff solid; background-color: #e6e6ff; padding: 10px;">Elmer (official) (no stated gender), DoB Unknown ( urn:oid:1.2.208.176.1.2#2509479989)</p><hr/></div>
  </text>
  <identifier>
    <system value="urn:oid:1.2.208.176.1.2"/>
    <value value="2509479989"/>
  </identifier>
  <name>
    <use value="official"/>
    <family value="Elmer"/>
  </name>
</Patient>