<?xml version="1.0" encoding="UTF-8"?>

<Practitioner xmlns="http://hl7.org/fhir">
  <id value="2a57c93e-de08-423b-b4ee-fcab85cc29bd"/>
  <meta>
    <profile value="http://medcomfhir.dk/ig/core/StructureDefinition/medcom-core-practitioner"/>
  </meta>
  <text>
    <status value="generated"/><div xmlns="http://www.w3.org/1999/xhtml"><p class="res-header-id"><b>Generated Narrative: Practitioner 2a57c93e-de08-423b-b4ee-fcab85cc29bd</b></p><a name="2a57c93e-de08-423b-b4ee-fcab85cc29bd"> </a><a name="hc2a57c93e-de08-423b-b4ee-fcab85cc29bd"> </a><a name="hc2a57c93e-de08-423b-b4ee-fcab85cc29bd-da-DK"> </a><p><b>name</b>: Emma Waters </p></div>
  </text>
  <name>
    <family value="Waters"/>
    <given value="Emma"/>
  </name>
</Practitioner>