{
  "resourceType" : "Encounter",
  "id" : "6220b42d-c4fd-4c77-bae7-78e7d890dc8d",
  "meta" : {
    "profile" : ["http://medcomfhir.dk/ig/core/StructureDefinition/medcom-core-encounter"]
  },
  "text" : {
    "status" : "generated",
    "div" : "<div xmlns=\"http://www.w3.org/1999/xhtml\"><p><b>Generated Narrative: Encounter</b><a name=\"6220b42d-c4fd-4c77-bae7-78e7d890dc8d\"> </a></p><div style=\"display: inline-block; background-color: #d9e0e7; padding: 6px; margin: 4px; border: 1px solid #8da1b4; border-radius: 5px; line-height: 60%\"><p style=\"margin-bottom: 0px\">Resource Encounter &quot;6220b42d-c4fd-4c77-bae7-78e7d890dc8d&quot; </p><p style=\"margin-bottom: 0px\">Profile: <a href=\"StructureDefinition-medcom-core-encounter.html\">MedComCoreEncounter</a></p></div><p><b>status</b>: planned</p><p><b>class</b>: ambulatory (Details: http://terminology.hl7.org/CodeSystem/v3-ActCode code AMB = 'ambulatory', stated as 'null')</p><p><b>subject</b>: <a href=\"Patient-733cef33-3626-422b-955d-d506aaa65fe1.html\">Patient/733cef33-3626-422b-955d-d506aaa65fe1</a> &quot; ELMER&quot;</p></div>"
  },
  "status" : "planned",
  "class" : {
    "system" : "http://terminology.hl7.org/CodeSystem/v3-ActCode",
    "code" : "AMB"
  },
  "subject" : {
    "reference" : "Patient/733cef33-3626-422b-955d-d506aaa65fe1"
  }
}