<?xml version="1.0" encoding="UTF-8"?>

<MessageHeader xmlns="http://hl7.org/fhir">
  <id value="42c01434-8feb-11ec-b909-0242ac120002"/>
  <meta>
    <profile value="http://medcomfhir.dk/ig/messaging/StructureDefinition/medcom-messaging-messageHeader"/>
  </meta>
  <text>
    <status value="generated"/><div xmlns="http://www.w3.org/1999/xhtml"><p class="res-header-id"><b>Generated Narrative: MessageHeader 42c01434-8feb-11ec-b909-0242ac120002</b></p><a name="42c01434-8feb-11ec-b909-0242ac120002"> </a><a name="hc42c01434-8feb-11ec-b909-0242ac120002"> </a><a name="hc42c01434-8feb-11ec-b909-0242ac120002-da-DK"> </a><p><b>event</b>: <a href="http://medcomfhir.dk/ig/terminology/1.7.0/CodeSystem-medcom-messaging-eventCodes.html#medcom-messaging-eventCodes-care-communication-message">MedComMessagingEventCodes</a> care-communication-message: Care Communication Message</p><h3>Destinations</h3><table class="grid"><tr><td style="display: none">-</td><td><b>Extension</b></td><td><b>Endpoint</b></td><td><b>Receiver</b></td></tr><tr><td style="display: none">*</td><td/><td><a href="http://medcomfhir.dk/unknown">http://medcomfhir.dk/unknown</a></td><td><a href="Organization-74cdf292-abf3-4f5f-80ea-60a48013ff6d.html">Organization Receiver Organization</a></td></tr></table><p><b>sender</b>: <a href="Organization-d7056980-a8b2-42aa-8a0e-c1fc85d1f40d.html">Organization Sender Organization</a></p><h3>Sources</h3><table class="grid"><tr><td style="display: none">-</td><td><b>Endpoint</b></td></tr><tr><td style="display: none">*</td><td><a href="http://medcomfhir.dk/unknown">http://medcomfhir.dk/unknown</a></td></tr></table></div>
  </text>
  <eventCoding>
    <system value="http://medcomfhir.dk/ig/terminology/CodeSystem/medcom-messaging-eventCodes"/>
    <code value="care-communication-message"/>
  </eventCoding>
  <destination>
    <extension url="http://medcomfhir.dk/ig/messaging/StructureDefinition/medcom-messaging-destinationUseExtension">
      <valueCoding>
        <system value="http://medcomfhir.dk/ig/terminology/CodeSystem/medcom-messaging-destinationUse"/>
        <code value="primary"/>
      </valueCoding>
    </extension>
    <endpoint value="http://medcomfhir.dk/unknown"/>
    <receiver>
      <reference value="Organization/74cdf292-abf3-4f5f-80ea-60a48013ff6d"/>
    </receiver>
  </destination>
  <sender>
    <reference value="Organization/d7056980-a8b2-42aa-8a0e-c1fc85d1f40d"/>
  </sender>
  <source>
    <endpoint value="http://medcomfhir.dk/unknown"/>
  </source>
</MessageHeader>