<?xml version="1.0" encoding="UTF-8"?>

<Organization xmlns="http://hl7.org/fhir">
  <id value="74cdf292-abf3-4f5f-80ea-60a48013ff6d"/>
  <meta>
    <profile value="http://medcomfhir.dk/ig/messaging/StructureDefinition/medcom-messaging-organization"/>
  </meta>
  <text>
    <status value="generated"/><div xmlns="http://www.w3.org/1999/xhtml"><p class="res-header-id"><b>Generated Narrative: Organization 74cdf292-abf3-4f5f-80ea-60a48013ff6d</b></p><a name="74cdf292-abf3-4f5f-80ea-60a48013ff6d"> </a><a name="hc74cdf292-abf3-4f5f-80ea-60a48013ff6d"> </a><a name="hc74cdf292-abf3-4f5f-80ea-60a48013ff6d-da-DK"> </a><p><b>identifier</b>: <code>https://www.gs1.org/gln</code>/5790000121526, <code>urn:oid:1.2.208.176.1.1</code>/543210987654321</p><p><b>name</b>: Receiver Organization</p></div>
  </text>
  <identifier>
    <system value="https://www.gs1.org/gln"/>
    <value value="5790000121526"/>
  </identifier>
  <identifier>
    <system value="urn:oid:1.2.208.176.1.1"/>
    <value value="543210987654321"/>
  </identifier>
  <name value="Receiver Organization"/>
</Organization>