{"resourceType":"TestScript","id":"hospitalnotification-PF-send-imp-02","meta":{"profile":["http://touchstone.aegis.net/touchstone/fhir/testing/StructureDefinition/testscript"]},"url":"http://medcomfhir.dk/ig/hospitalnotificationtestscript/hospitalnotification-PF-send-imp-02","version":"1.0.0","name":"HospitalNotificationTestScript","title":"Send: Admit patient, register patient as being on leave, patient doesn't return from leave, discharge patient. - PF-send-imp-02","status":"active","date":"2023-05-01","publisher":"MedCom","contact":[{"name":"MedCom","telecom":[{"system":"email","value":"mailto:fhir@medcom.dk"}]}],"description":"Send: Admit patient, register patient as being on leave, patient doesn't return from leave, discharge patient.","copyright":"MedCom 2021","origin":[{"index":1,"profile":{"system":"http://terminology.hl7.org/CodeSystem/testscript-profile-origin-types","code":"FHIR-Client"}}],"destination":[{"index":1,"profile":{"system":"http://terminology.hl7.org/CodeSystem/testscript-profile-destination-types","code":"FHIR-Server"}}],"fixture":[{"id":"create-STIN-01","autocreate":false,"autodelete":false,"resource":{"reference":"/FHIRSandbox/MedCom/HospitalNotification/v300/Send/Fixtures/HospitalNotification-fixture.xml"}},{"id":"create-STOR-02","autocreate":false,"autodelete":false,"resource":{"reference":"/FHIRSandbox/MedCom/HospitalNotification/v300/Send/Fixtures/HospitalNotification-fixture.xml"}},{"id":"create-SLHJ-03","autocreate":false,"autodelete":false,"resource":{"reference":"/FHIRSandbox/MedCom/HospitalNotification/v300/Send/Fixtures/HospitalNotification-fixture.xml"}}],"profile":[{"id":"hospitalnotification","reference":"http://medcomfhir.dk/ig/hospitalnotification/StructureDefinition/medcom-hospitalNotification-message"}],"variable":[{"name":"messageHeaderid-STIN","expression":"Bundle.entry[0].fullUrl","sourceId":"create-message-STIN"},{"name":"episodeOfCareID-STIN","expression":"Bundle.entry.resource.ofType(Encounter).episodeOfCare.identifier.value","sourceId":"create-message-STIN"},{"name":"searchParamIdentifier-STIN","expression":"Bundle.entry.resource.ofType(MessageHeader).id","sourceId":"create-message-STIN"},{"name":"occurredDateTime-STIN","expression":"Bundle.entry.resource.ofType(Provenance).where(target.reference = %resource.entry[0].fullUrl).occurred","sourceId":"create-message-STIN"},{"name":"messageHeaderid-STOR","expression":"Bundle.entry[0].fullUrl","sourceId":"create-message-STOR"},{"name":"episodeOfCareID-STOR","expression":"Bundle.entry.resource.ofType(Encounter).episodeOfCare.identifier.value","sourceId":"create-message-STOR"},{"name":"messageHeaderid-SLHJ","expression":"Bundle.entry[0].fullUrl","sourceId":"create-message-SLHJ"},{"name":"episodeOfCareID-SLHJ","expression":"Bundle.entry.resource.ofType(Encounter).episodeOfCare.identifier.value","sourceId":"create-message-SLHJ"}],"test":[{"id":"hospitalnotification-create-STIN-01","name":"Create a HospitalNotification STIN Message 01","description":"Post HospitalNotification to the server.","action":[{"operation":{"type":{"system":"http://terminology.hl7.org/CodeSystem/testscript-operation-codes","code":"create"},"resource":"Bundle","description":"Post a Hospitalnotification","destination":1,"encodeRequestUrl":true,"origin":1,"responseId":"create-message-STIN","sourceId":"create-STIN-01"}},{"assert":{"description":"Confirm that the returned HTTP status is okay or created.","direction":"response","operator":"in","responseCode":"200,201","warningOnly":false}},{"assert":{"description":"Confirm that the client request payload contains a Bundle resource type.","direction":"request","resource":"Bundle","warningOnly":false}},{"assert":{"description":"Confirm that the request resource contains the expected eventCoding.code.","direction":"request","expression":"Bundle.entry.resource.ofType(MessageHeader).event.as(Coding).select(code = 'hospital-notification-message').allTrue()","warningOnly":false}},{"assert":{"description":"Confirm that the Encounter class of the request resource is IMP.","direction":"request","expression":"Bundle.entry.resource.ofType(Encounter).class.code","operator":"equals","value":"IMP","warningOnly":false}},{"assert":{"description":"Confirm that the Encounter status of the request resource is in-progress.","direction":"request","expression":"Bundle.entry.resource.ofType(Encounter).status","operator":"equals","value":"in-progress","warningOnly":false}},{"assert":{"description":"Confirm that the request resource contains the expected activity code.","direction":"request","expression":"Bundle.entry.resource.ofType(Provenance).where(activity.coding.code = 'admit-inpatient').exists()","warningOnly":false}},{"assert":{"description":"Confirm that the report of admission flag is true.","direction":"request","expression":"Bundle.entry.resource.ofType(MessageHeader).extension.where(url='http://medcomfhir.dk/ig/hospitalnotification/StructureDefinition/medcom-messaging-reportOfAdmissionExtension').value","operator":"equals","value":"true","warningOnly":false}},{"assert":{"description":"Confirm that the target reference in Provenance equals MessageHeader.id","direction":"request","expression":"Bundle.entry.resource.ofType(Provenance).where(target.reference = %resource.entry[0].fullUrl).exists()","warningOnly":false}},{"assert":{"description":"Confirm that the episodeOfCare-identifier has the structure of an UUID","direction":"request","expression":"Bundle.entry.resource.ofType(Encounter).episodeOfCare.identifier.value.matches('[0-9a-f]{8}-[0-9a-f]{4}-[0-9a-f]{4}-[0-9a-f]{4}-[0-9a-f]{12}')","warningOnly":false}},{"assert":{"description":"Confirm that the a receiver of the report of admission exists, when the flag is true, and doesn't exists when the flag is false.","direction":"request","expression":"Bundle.entry.resource.ofType(MessageHeader).extension.where(url='http://medcomfhir.dk/ig/hospitalnotification/StructureDefinition/medcom-messaging-reportOfAdmissionRecipientExtension').exists() = true","warningOnly":false}}]},{"id":"hospitalnotification-create-STOR-02","name":"Create a HospitalNotification STOR Message 02","description":"Post HospitalNotification to the server.","action":[{"operation":{"type":{"system":"http://terminology.hl7.org/CodeSystem/testscript-operation-codes","code":"create"},"resource":"Bundle","description":"Post a Hospitalnotification","destination":1,"encodeRequestUrl":true,"origin":1,"responseId":"create-message-STOR","sourceId":"create-STOR-02"}},{"assert":{"description":"Confirm that the returned HTTP status is okay or created.","direction":"response","operator":"in","responseCode":"200,201","warningOnly":false}},{"assert":{"description":"Confirm that the client request payload contains a Bundle resource type.","direction":"request","resource":"Bundle","warningOnly":false}},{"assert":{"description":"Confirm that the previous MessageHeader fullURL is identical to Provenance.entity.what","direction":"request","expression":"Bundle.entry.resource.ofType(Provenance).where(entity.what.reference = '${messageHeaderid-STIN}').count() = 1","warningOnly":false}},{"assert":{"description":"Confirm that the request resource contains the expected eventCoding.code.","direction":"request","expression":"Bundle.entry.resource.ofType(MessageHeader).event.as(Coding).select(code = 'hospital-notification-message').allTrue()","warningOnly":false}},{"assert":{"description":"Confirm that the role is set to revision. Not used when testing the first message in a stream","direction":"request","expression":"Bundle.entry.resource.ofType(Provenance).entity.role","operator":"equals","value":"revision","warningOnly":false}},{"assert":{"description":"Confirm that the Encounter class of the request resource is IMP.","direction":"request","expression":"Bundle.entry.resource.ofType(Encounter).class.code","operator":"equals","value":"IMP","warningOnly":false}},{"assert":{"description":"Confirm that the Encounter status of the request resource is onleave.","direction":"request","expression":"Bundle.entry.resource.ofType(Encounter).status","operator":"equals","value":"onleave","warningOnly":false}},{"assert":{"description":"Confirm that the request resource contains the expected activity code.","direction":"request","expression":"Bundle.entry.resource.ofType(Provenance).where(activity.coding.code = 'start-leave-inpatient').exists()","warningOnly":false}},{"assert":{"description":"Confirm that the target reference in Provenance equals MessageHeader.id","direction":"request","expression":"Bundle.entry.resource.ofType(Provenance).where(target.reference = %resource.entry[0].fullUrl).exists()","warningOnly":false}},{"assert":{"description":"Confirm that the 2 Provenance instances exists.","direction":"request","expression":"Bundle.entry.resource.ofType(Provenance).count()","operator":"equals","value":"2","warningOnly":false}},{"assert":{"description":"Confirm that the episodeOfCare-identifier is episodeOfCareID-STIN","direction":"request","expression":"Bundle.entry.resource.ofType(Encounter).where(episodeOfCare.identifier.value = '${episodeOfCareID-STIN}').count() = 1","warningOnly":false}}]},{"id":"hospitalnotification-create-SLHJ-03","name":"Create a HospitalNotification SLHJ Message 03","description":"Post HospitalNotification to the server.","action":[{"operation":{"type":{"system":"http://terminology.hl7.org/CodeSystem/testscript-operation-codes","code":"create"},"resource":"Bundle","description":"Post a Hospitalnotification","destination":1,"encodeRequestUrl":true,"origin":1,"responseId":"create-message-SLHJ","sourceId":"create-SLHJ-03"}},{"assert":{"description":"Confirm that the returned HTTP status is okay or created.","direction":"response","operator":"in","responseCode":"200,201","warningOnly":false}},{"assert":{"description":"Confirm that the client request payload contains a Bundle resource type.","direction":"request","resource":"Bundle","warningOnly":false}},{"assert":{"description":"Confirm that the previous MessageHeader fullURL is identical to Provenance.entity.what","direction":"request","expression":"Bundle.entry.resource.ofType(Provenance).where(entity.what.reference = '${messageHeaderid-STOR}').count() = 1","warningOnly":false}},{"assert":{"description":"Confirm that the request resource contains the expected eventCoding.code.","direction":"request","expression":"Bundle.entry.resource.ofType(MessageHeader).event.as(Coding).select(code = 'hospital-notification-message').allTrue()","warningOnly":false}},{"assert":{"description":"Confirm that the role is set to revision. Not used when testing the first message in a stream","direction":"request","expression":"Bundle.entry.resource.ofType(Provenance).entity.role","operator":"equals","value":"revision","warningOnly":false}},{"assert":{"description":"Confirm that the Encounter class of the request resource is IMP.","direction":"request","expression":"Bundle.entry.resource.ofType(Encounter).class.code","operator":"equals","value":"IMP","warningOnly":false}},{"assert":{"description":"Confirm that the Encounter status of the request resource is finished.","direction":"request","expression":"Bundle.entry.resource.ofType(Encounter).status","operator":"equals","value":"finished","warningOnly":false}},{"assert":{"description":"Confirm that the request resource contains the expected activity code.","direction":"request","expression":"Bundle.entry.resource.ofType(Provenance).where(activity.coding.code = 'discharge-patient-home').exists()","warningOnly":false}},{"assert":{"description":"Confirm that the target reference in Provenance equals MessageHeader.id","direction":"request","expression":"Bundle.entry.resource.ofType(Provenance).where(target.reference = %resource.entry[0].fullUrl).exists()","warningOnly":false}},{"assert":{"description":"Confirm that the 3 Provenance instances exists.","direction":"request","expression":"Bundle.entry.resource.ofType(Provenance).count()","operator":"equals","value":"3","warningOnly":false}},{"assert":{"description":"Confirm that the episodeOfCare-identifier is episodeOfCareID-STOR","direction":"request","expression":"Bundle.entry.resource.ofType(Encounter).where(episodeOfCare.identifier.value = '${episodeOfCareID-STOR}').count() = 1","warningOnly":false}}]}]}