{"resourceType":"TestScript","id":"hospitalnotification-send-re-mors-emer","meta":{"profile":["http://touchstone.aegis.net/touchstone/fhir/testing/StructureDefinition/testscript"]},"url":"http://medcomfhir.dk/ig/hospitalnotificationtestscript/hospitalnotification-send-re-mors-emer","version":"1.0.0","name":"HospitalNotificationTestScript","title":"Send: Update Deceased - deceased during acute ambulant - RE-MORS","status":"active","date":"2023-05-01","publisher":"MedCom","contact":[{"name":"MedCom","telecom":[{"system":"email","value":"mailto:fhir@medcom.dk"}]}],"description":"Send: Update Deceased - deceased during acute ambulant","copyright":"MedCom 2021","origin":[{"index":1,"profile":{"system":"http://terminology.hl7.org/CodeSystem/testscript-profile-origin-types","code":"FHIR-Client"}}],"destination":[{"index":1,"profile":{"system":"http://terminology.hl7.org/CodeSystem/testscript-profile-destination-types","code":"FHIR-Server"}}],"fixture":[{"id":"create-STAA-01","autocreate":false,"autodelete":false,"resource":{"reference":"/FHIRSandbox/MedCom/HospitalNotification/v300/Send/Fixtures/HospitalNotification-fixture.xml"}},{"id":"create-MORS-02","autocreate":false,"autodelete":false,"resource":{"reference":"/FHIRSandbox/MedCom/HospitalNotification/v300/Send/Fixtures/HospitalNotification-fixture.xml"}},{"id":"create-RE-MORS-03","autocreate":false,"autodelete":false,"resource":{"reference":"/FHIRSandbox/MedCom/HospitalNotification/v300/Send/Fixtures/HospitalNotification-fixture.xml"}}],"profile":[{"id":"hospitalnotification","reference":"http://medcomfhir.dk/ig/hospitalnotification/StructureDefinition/medcom-hospitalNotification-message"}],"variable":[{"name":"messageHeaderid-STAA","expression":"Bundle.entry[0].fullUrl","sourceId":"create-message-STAA"},{"name":"episodeOfCareID-STAA","expression":"Bundle.entry.resource.ofType(Encounter).episodeOfCare.identifier.value","sourceId":"create-message-STAA"},{"name":"searchParamIdentifier-STAA","expression":"Bundle.entry.resource.ofType(MessageHeader).id","sourceId":"create-message-STAA"},{"name":"occurredDateTime-STAA","expression":"Bundle.entry.resource.ofType(Provenance).where(target.reference = %resource.entry[0].fullUrl).occurred","sourceId":"create-message-STAA"},{"name":"messageHeaderid-MORS","expression":"Bundle.entry[0].fullUrl","sourceId":"create-message-MORS"},{"name":"episodeOfCareID-MORS","expression":"Bundle.entry.resource.ofType(Encounter).episodeOfCare.identifier.value","sourceId":"create-message-MORS"},{"name":"messageHeaderid-RE-MORS","expression":"Bundle.entry[0].fullUrl","sourceId":"create-message-RE-MORS"},{"name":"episodeOfCareID-RE-MORS","expression":"Bundle.entry.resource.ofType(Encounter).episodeOfCare.identifier.value","sourceId":"create-message-RE-MORS"}],"test":[{"id":"hospitalnotification-create-STAA-01","name":"Create a HospitalNotification STAA Message 01","description":"Post HospitalNotification to the server.","action":[{"operation":{"type":{"system":"http://terminology.hl7.org/CodeSystem/testscript-operation-codes","code":"create"},"resource":"Bundle","description":"Post a Hospitalnotification","destination":1,"encodeRequestUrl":true,"origin":1,"responseId":"create-message-STAA","sourceId":"create-STAA-01"}},{"assert":{"description":"Confirm that the returned HTTP status is okay or created.","direction":"response","operator":"in","responseCode":"200,201","warningOnly":false}},{"assert":{"description":"Confirm that the client request payload contains a Bundle resource type.","direction":"request","resource":"Bundle","warningOnly":false}},{"assert":{"description":"Confirm that the request resource contains the expected eventCoding.code.","direction":"request","expression":"Bundle.entry.resource.ofType(MessageHeader).event.as(Coding).select(code = 'hospital-notification-message').allTrue()","warningOnly":false}},{"assert":{"description":"Confirm that the Encounter class of the request resource is EMER.","direction":"request","expression":"Bundle.entry.resource.ofType(Encounter).class.code","operator":"equals","value":"EMER","warningOnly":false}},{"assert":{"description":"Confirm that the Encounter status of the request resource is in-progress.","direction":"request","expression":"Bundle.entry.resource.ofType(Encounter).status","operator":"equals","value":"in-progress","warningOnly":false}},{"assert":{"description":"Confirm that the request resource contains the expected activity code.","direction":"request","expression":"Bundle.entry.resource.ofType(Provenance).where(activity.coding.code = 'admit-emergency').exists()","warningOnly":false}},{"assert":{"description":"Confirm that the report of admission flag is true.","direction":"request","expression":"Bundle.entry.resource.ofType(MessageHeader).extension.where(url='http://medcomfhir.dk/ig/hospitalnotification/StructureDefinition/medcom-messaging-reportOfAdmissionExtension').value","operator":"equals","value":"true","warningOnly":false}},{"assert":{"description":"Confirm that the target reference in Provenance equals MessageHeader.id","direction":"request","expression":"Bundle.entry.resource.ofType(Provenance).where(target.reference = %resource.entry[0].fullUrl).exists()","warningOnly":false}},{"assert":{"description":"Confirm that the episodeOfCare-identifier has the structure of an UUID","direction":"request","expression":"Bundle.entry.resource.ofType(Encounter).episodeOfCare.identifier.value.matches('[0-9a-f]{8}-[0-9a-f]{4}-[0-9a-f]{4}-[0-9a-f]{4}-[0-9a-f]{12}')","warningOnly":false}},{"assert":{"description":"Confirm that the a receiver of the report of admission exists, when the flag is true, and doesn't exists when the flag is false.","direction":"request","expression":"Bundle.entry.resource.ofType(MessageHeader).extension.where(url='http://medcomfhir.dk/ig/hospitalnotification/StructureDefinition/medcom-messaging-reportOfAdmissionRecipientExtension').exists() = true","warningOnly":false}}]},{"id":"hospitalnotification-create-MORS-02","name":"Create a HospitalNotification MORS Message 02","description":"Post HospitalNotification to the server.","action":[{"operation":{"type":{"system":"http://terminology.hl7.org/CodeSystem/testscript-operation-codes","code":"create"},"resource":"Bundle","description":"Post a Hospitalnotification","destination":1,"encodeRequestUrl":true,"origin":1,"responseId":"create-message-MORS","sourceId":"create-MORS-02"}},{"assert":{"description":"Confirm that the returned HTTP status is okay or created.","direction":"response","operator":"in","responseCode":"200,201","warningOnly":false}},{"assert":{"description":"Confirm that the client request payload contains a Bundle resource type.","direction":"request","resource":"Bundle","warningOnly":false}},{"assert":{"description":"Confirm that the previous MessageHeader fullURL is identical to Provenance.entity.what","direction":"request","expression":"Bundle.entry.resource.ofType(Provenance).where(entity.what.reference = '${messageHeaderid-STAA}').count() = 1","warningOnly":false}},{"assert":{"description":"Confirm that the request resource contains the expected eventCoding.code.","direction":"request","expression":"Bundle.entry.resource.ofType(MessageHeader).event.as(Coding).select(code = 'hospital-notification-message').allTrue()","warningOnly":false}},{"assert":{"description":"Confirm that the role is set to revision. Not used when testing the first message in a stream","direction":"request","expression":"Bundle.entry.resource.ofType(Provenance).entity.role","operator":"equals","value":"revision","warningOnly":false}},{"assert":{"description":"Confirm that the Encounter class of the request resource is EMER.","direction":"request","expression":"Bundle.entry.resource.ofType(Encounter).class.code","operator":"equals","value":"EMER","warningOnly":false}},{"assert":{"description":"Confirm that the Encounter status of the request resource is finished.","direction":"request","expression":"Bundle.entry.resource.ofType(Encounter).status","operator":"equals","value":"finished","warningOnly":false}},{"assert":{"description":"Confirm that the request resource contains the expected activity code.","direction":"request","expression":"Bundle.entry.resource.ofType(Provenance).where(activity.coding.code = 'admit-emergency').exists()","warningOnly":false}},{"assert":{"description":"Confirm that the target reference in Provenance equals MessageHeader.id","direction":"request","expression":"Bundle.entry.resource.ofType(Provenance).where(target.reference = %resource.entry[0].fullUrl).exists()","warningOnly":false}},{"assert":{"description":"Confirm that the 2 Provenance instances exists.","direction":"request","expression":"Bundle.entry.resource.ofType(Provenance).count()","operator":"equals","value":"2","warningOnly":false}},{"assert":{"description":"Confirm that the episodeOfCare-identifier is episodeOfCareID-STAA","direction":"request","expression":"Bundle.entry.resource.ofType(Encounter).where(episodeOfCare.identifier.value = '${episodeOfCareID-STAA}').count() = 1","warningOnly":false}},{"assert":{"description":"Confirm that the patient.deceased is set to true","direction":"request","expression":"Bundle.entry.resource.ofType(Patient).deceased","operator":"equals","value":"true","warningOnly":false}}]},{"id":"hospitalnotification-create-RE-MORS-03","name":"Create a HospitalNotification RE-MORS Message 03","description":"Post HospitalNotification to the server.","action":[{"operation":{"type":{"system":"http://terminology.hl7.org/CodeSystem/testscript-operation-codes","code":"create"},"resource":"Bundle","description":"Post a Hospitalnotification","destination":1,"encodeRequestUrl":true,"origin":1,"responseId":"create-message-RE-MORS","sourceId":"create-RE-MORS-03"}},{"assert":{"description":"Confirm that the returned HTTP status is okay or created.","direction":"response","operator":"in","responseCode":"200,201","warningOnly":false}},{"assert":{"description":"Confirm that the client request payload contains a Bundle resource type.","direction":"request","resource":"Bundle","warningOnly":false}},{"assert":{"description":"Confirm that the previous MessageHeader fullURL is identical to Provenance.entity.what","direction":"request","expression":"Bundle.entry.resource.ofType(Provenance).where(entity.what.reference = '${messageHeaderid-MORS}').count() = 1","warningOnly":false}},{"assert":{"description":"Confirm that the request resource contains the expected eventCoding.code.","direction":"request","expression":"Bundle.entry.resource.ofType(MessageHeader).event.as(Coding).select(code = 'hospital-notification-message').allTrue()","warningOnly":false}},{"assert":{"description":"Confirm that the role is set to revision. Not used when testing the first message in a stream","direction":"request","expression":"Bundle.entry.resource.ofType(Provenance).entity.role","operator":"equals","value":"revision","warningOnly":false}},{"assert":{"description":"Confirm that the Encounter class of the request resource is EMER.","direction":"request","expression":"Bundle.entry.resource.ofType(Encounter).class.code","operator":"equals","value":"EMER","warningOnly":false}},{"assert":{"description":"Confirm that the Encounter status of the request resource is finished.","direction":"request","expression":"Bundle.entry.resource.ofType(Encounter).status","operator":"equals","value":"finished","warningOnly":false}},{"assert":{"description":"Confirm that the request resource contains the expected activity code.","direction":"request","expression":"Bundle.entry.resource.ofType(Provenance).where(activity.coding.code = 'admit-emergency').exists()","warningOnly":false}},{"assert":{"description":"Confirm that the target reference in Provenance equals MessageHeader.id","direction":"request","expression":"Bundle.entry.resource.ofType(Provenance).where(target.reference = %resource.entry[0].fullUrl).exists()","warningOnly":false}},{"assert":{"description":"Confirm that the 3 Provenance instances exists.","direction":"request","expression":"Bundle.entry.resource.ofType(Provenance).count()","operator":"equals","value":"3","warningOnly":false}},{"assert":{"description":"Confirm that the episodeOfCare-identifier is episodeOfCareID-MORS","direction":"request","expression":"Bundle.entry.resource.ofType(Encounter).where(episodeOfCare.identifier.value = '${episodeOfCareID-MORS}').count() = 1","warningOnly":false}},{"assert":{"description":"Confirm that the patient.deceased is set to true","direction":"request","expression":"Bundle.entry.resource.ofType(Patient).deceased","operator":"equals","value":"true","warningOnly":false}}]}]}