{"resourceType":"TestScript","id":"hospitalnotification-PF-receive-emer-02","meta":{"profile":["http://touchstone.aegis.net/touchstone/fhir/testing/StructureDefinition/testscript"]},"url":"http://medcomfhir.dk/ig/hospitalnotificationtestscript/hospitalnotification-PF-receive-emer-02","version":"1.0.0","name":"HospitalNotificationTestScript","title":"Receive: Patient is admitted, message is corrected due to incorrect time of admission - PF-receive-emer-02","status":"active","date":"2023-05-01","publisher":"MedCom","contact":[{"name":"MedCom","telecom":[{"system":"email","value":"mailto:fhir@medcom.dk"}]}],"description":"Receive: Patient is admitted, message is corrected due to incorrect time of admission","copyright":"MedCom 2021","origin":[{"index":1,"profile":{"system":"http://terminology.hl7.org/CodeSystem/testscript-profile-origin-types","code":"FHIR-Client"}}],"destination":[{"index":1,"profile":{"system":"http://terminology.hl7.org/CodeSystem/testscript-profile-destination-types","code":"FHIR-Server"}}],"fixture":[{"id":"create-STAA-01","autocreate":false,"autodelete":false,"resource":{"reference":"/FHIRSandbox/MedCom/HospitalNotification/v300/Receive/Fixtures/HospitalNotification-fixture-STAA.xml"}},{"id":"create-RE-STAA-02","autocreate":false,"autodelete":false,"resource":{"reference":"/FHIRSandbox/MedCom/HospitalNotification/v300/Receive/Fixtures/HospitalNotification-fixture-RE-STAA-admissionTime.xml"}}],"profile":[{"id":"hospitalnotification","reference":"http://medcomfhir.dk/ig/hospitalnotification/StructureDefinition/medcom-hospitalNotification-message"}],"variable":[{"name":"destinationUri-STAA","expression":"Bundle.entry.resource.ofType(MessageHeader).destination.endpoint","sourceId":"create-STAA-01"},{"name":"bundleid-STAA","expression":"Bundle.entry.resource.ofType(MessageHeader).id","sourceId":"create-STAA-01"},{"name":"destinationUri-RE-STAA","expression":"Bundle.entry.resource.ofType(MessageHeader).destination.endpoint","sourceId":"create-RE-STAA-02"},{"name":"bundleid-RE-STAA","expression":"Bundle.entry.resource.ofType(MessageHeader).id","sourceId":"create-RE-STAA-02"}],"setup":{"action":[{"operation":{"type":{"system":"http://terminology.hl7.org/CodeSystem/testscript-operation-codes","code":"delete"},"resource":"Bundle","description":"System-generated search and delete operations from conditional delete on Bundle MessageHeader.destination.endpoint","accept":"xml","encodeRequestUrl":true,"params":"?message.destination-uri=${destinationUri-STAA}"}},{"operation":{"type":{"system":"http://terminology.hl7.org/CodeSystem/testscript-operation-codes","code":"create"},"resource":"Bundle","description":"Create the Bundle resource in XML format on the destination server.","accept":"xml","contentType":"xml","encodeRequestUrl":true,"sourceId":"create-STAA-01"}},{"assert":{"description":"Confirm that the returned HTTP status is okay or created.","direction":"response","operator":"in","responseCode":"200,201","warningOnly":false}},{"operation":{"type":{"system":"http://terminology.hl7.org/CodeSystem/testscript-operation-codes","code":"create"},"resource":"Bundle","description":"Create the Bundle resource in XML format on the destination server.","accept":"xml","contentType":"xml","encodeRequestUrl":true,"sourceId":"create-RE-STAA-02"}},{"assert":{"description":"Confirm that the returned HTTP status is okay or created.","direction":"response","operator":"in","responseCode":"200,201","warningOnly":false}}]},"test":[{"id":"hospitalnotification-read-STAA-01","name":"Get a HospitalNotification STAA Message 01","description":"GET a Hospital notification. The expected response is a 200(OK) with a payload of the Hospital notification resource in XML format.","action":[{"operation":{"type":{"system":"http://terminology.hl7.org/CodeSystem/testscript-operation-codes","code":"read"},"resource":"Bundle","description":"Receive Hospital Notification","accept":"xml","destination":1,"encodeRequestUrl":true,"origin":1,"params":"?message.destination-uri=${destinationUri-STAA}&amp;member._id=${bundleid-STAA}"}},{"assert":{"description":"Confirm that the returned HTTP status is okay or created.","direction":"response","operator":"in","responseCode":"200,201","warningOnly":false}}]},{"id":"hospitalnotification-read-RE-STAA-02","name":"Get a HospitalNotification RE-STAA Message 02","description":"GET a Hospital notification. The expected response is a 200(OK) with a payload of the Hospital notification resource in XML format.","action":[{"operation":{"type":{"system":"http://terminology.hl7.org/CodeSystem/testscript-operation-codes","code":"read"},"resource":"Bundle","description":"Receive Hospital Notification","accept":"xml","destination":1,"encodeRequestUrl":true,"origin":1,"params":"?message.destination-uri=${destinationUri-RE-STAA}&amp;member._id=${bundleid-RE-STAA}"}},{"assert":{"description":"Confirm that the returned HTTP status is okay or created.","direction":"response","operator":"in","responseCode":"200,201","warningOnly":false}}]}]}