[
  {
    "id" : "MedComDiagnosticReportCodes",
    "type" : "CodeSystem",
    "url" : "http://medcomfhir.dk/ig/terminology/CodeSystem/MedComDiagnosticReportCodes",
    "version" : "1.8.0",
    "name" : "MedComDiagnosticReportCodes"
  },
  {
    "id" : "MedComProducentID",
    "type" : "CodeSystem",
    "url" : "http://medcomfhir.dk/ig/terminology/CodeSystem/MedComProducentID",
    "version" : "1.8.0",
    "name" : "MedComProducentID"
  },
  {
    "id" : "medcom-acknowledgement-error-codes",
    "type" : "CodeSystem",
    "url" : "http://medcomfhir.dk/ig/terminology/CodeSystem/medcom-acknowledgement-error-codes",
    "version" : "1.8.0",
    "name" : "MedComAcknowledgementErrorCodes"
  },
  {
    "id" : "medcom-careCommunication-categoryCodes",
    "type" : "CodeSystem",
    "url" : "http://medcomfhir.dk/ig/terminology/CodeSystem/medcom-careCommunication-categoryCodes",
    "version" : "1.8.0",
    "name" : "MedComCareCommunicationCategoryCodes"
  },
  {
    "id" : "medcom-core-PractitionerRolesAutorisationsregistret",
    "type" : "CodeSystem",
    "url" : "http://medcomfhir.dk/ig/terminology/CodeSystem/medcom-core-PractitionerRolesAutorisationsregistret",
    "version" : "1.8.0",
    "name" : "MedComCorePractitionerRolesAutorisationsregistret"
  },
  {
    "id" : "medcom-core-PractitionerRolesSKSadministrativ",
    "type" : "CodeSystem",
    "url" : "http://medcomfhir.dk/ig/terminology/CodeSystem/medcom-core-PractitionerRolesSKSadministrativ",
    "version" : "1.8.0",
    "name" : "MedComCorePractitionerRolesSKSadministrativ"
  },
  {
    "id" : "medcom-core-encounter-act-codes",
    "type" : "CodeSystem",
    "url" : "http://medcomfhir.dk/ig/terminology/CodeSystem/medcom-core-encounter-act-codes",
    "version" : "1.8.0",
    "name" : "MedComCoreEncounterActCodes"
  },
  {
    "id" : "medcom-core-interpretation-codes",
    "type" : "CodeSystem",
    "url" : "http://medcomfhir.dk/ig/terminology/CodeSystem/medcom-core-interpretation-codes",
    "version" : "1.8.0",
    "name" : "MedComCoreInterpretationCodes"
  },
  {
    "id" : "medcom-message-definition-type",
    "type" : "CodeSystem",
    "url" : "http://medcomfhir.dk/ig/terminology/CodeSystem/medcom-message-definition-type",
    "version" : "1.8.0",
    "name" : "MedComMessageDefinitionType"
  },
  {
    "id" : "medcom-messagedefinition-identifer-system",
    "type" : "CodeSystem",
    "url" : "http://medcomfhir.dk/ig/terminology/CodeSystem/medcom-messagedefinition-identifer-system",
    "version" : "1.8.0",
    "name" : "MedComMessageDefinitionIdentifierSystem"
  },
  {
    "id" : "medcom-messaging-activityCodes",
    "type" : "CodeSystem",
    "url" : "http://medcomfhir.dk/ig/terminology/CodeSystem/medcom-messaging-activityCodes",
    "version" : "1.8.0",
    "name" : "MedComMessagingActivityCodes"
  },
  {
    "id" : "medcom-messaging-cancellation-reason",
    "type" : "CodeSystem",
    "url" : "http://medcomfhir.dk/ig/terminology/CodeSystem/medcom-messaging-cancellation-reason",
    "version" : "1.8.0",
    "name" : "MedComMessagingCancellationReason"
  },
  {
    "id" : "medcom-messaging-destinationUse",
    "type" : "CodeSystem",
    "url" : "http://medcomfhir.dk/ig/terminology/CodeSystem/medcom-messaging-destinationUse",
    "version" : "1.8.0",
    "name" : "MedComMessagingDesinationUseCodes"
  },
  {
    "id" : "medcom-messaging-eventCodes",
    "type" : "CodeSystem",
    "url" : "http://medcomfhir.dk/ig/terminology/CodeSystem/medcom-messaging-eventCodes",
    "version" : "1.8.0",
    "name" : "MedComMessageEventCodes"
  },
  {
    "id" : "medcom-messaging-sorEdiSystem",
    "type" : "CodeSystem",
    "url" : "http://medcomfhir.dk/ig/terminology/CodeSystem/medcom-messaging-sorEdiSystem",
    "version" : "1.8.0",
    "name" : "MedComMessagingSorEdiSystem"
  },
  {
    "id" : "medcom-messaging-statisticalCodes",
    "type" : "CodeSystem",
    "url" : "http://medcomfhir.dk/ig/terminology/CodeSystem/medcom-messaging-statisticalCodes",
    "version" : "1.8.0",
    "name" : "MedComMessagingStatisticalCodes"
  },
  {
    "id" : "medcom-observation-resultGroup",
    "type" : "CodeSystem",
    "url" : "http://medcomfhir.dk/ig/terminology/CodeSystem/medcom-observation-resultGroup",
    "version" : "1.8.0",
    "name" : "MedComObservationResultGroup"
  },
  {
    "id" : "medcom-messaging-mapFhirToSorEdi",
    "type" : "ConceptMap",
    "url" : "http://medcomfhir.dk/ig/terminology/ConceptMap/medcom-messaging-mapFhirToSorEdi",
    "version" : "1.8.0",
    "name" : "MedComMessagingMapFhirToSorEdi"
  },
  {
    "id" : "medcom.fhir.dk.terminology",
    "type" : "ImplementationGuide",
    "url" : "http://medcomfhir.dk/ig/terminology/ImplementationGuide/medcom.fhir.dk.terminology",
    "version" : "1.8.0",
    "name" : "MedComTerminology"
  },
  {
    "id" : "MedComDiagnosticReportCodesValueset",
    "type" : "ValueSet",
    "url" : "http://medcomfhir.dk/ig/terminology/ValueSet/MedComDiagnosticReportCodesValueset",
    "version" : "1.8.0",
    "name" : "MedComDiagnosticReportCodesValueset"
  },
  {
    "id" : "MedComObservationValueSet",
    "type" : "ValueSet",
    "url" : "http://medcomfhir.dk/ig/terminology/ValueSet/MedComObservationValueSet",
    "version" : "1.8.0",
    "name" : "MedComObservationValueSet"
  },
  {
    "id" : "NPUObservationCodesValueSet",
    "type" : "ValueSet",
    "url" : "http://medcomfhir.dk/ig/terminology/ValueSet/NPUObservationCodesValueSet",
    "version" : "1.8.0",
    "name" : "NPUObservationCodesValueSet"
  },
  {
    "id" : "medcm-producentID-valueset",
    "type" : "ValueSet",
    "url" : "http://medcomfhir.dk/ig/terminology/ValueSet/medcm-producentID-valueset",
    "version" : "1.8.0",
    "name" : "MedComProducentIDValueSet"
  },
  {
    "id" : "medcom-HomeCareObservation-messagingActivities",
    "type" : "ValueSet",
    "url" : "http://medcomfhir.dk/ig/terminology/ValueSet/medcom-HomeCareObservation-messagingActivities",
    "version" : "1.8.0",
    "name" : "MedComHomeCareObservationMessageActivities"
  },
  {
    "id" : "medcom-acknowledgement-issue-details",
    "type" : "ValueSet",
    "url" : "http://medcomfhir.dk/ig/terminology/ValueSet/medcom-acknowledgement-issue-details",
    "version" : "1.8.0",
    "name" : "MedComAcknowledgementIssueDetailValues"
  },
  {
    "id" : "medcom-careCommunication-categories",
    "type" : "ValueSet",
    "url" : "http://medcomfhir.dk/ig/terminology/ValueSet/medcom-careCommunication-categories",
    "version" : "1.8.0",
    "name" : "MedComCareCommunicationCategories"
  },
  {
    "id" : "medcom-careCommunication-messagingActivities",
    "type" : "ValueSet",
    "url" : "http://medcomfhir.dk/ig/terminology/ValueSet/medcom-careCommunication-messagingActivities",
    "version" : "1.8.0",
    "name" : "MedComCareCommunicationMessageActivities"
  },
  {
    "id" : "medcom-careCommunication-requestPriority",
    "type" : "ValueSet",
    "url" : "http://medcomfhir.dk/ig/terminology/ValueSet/medcom-careCommunication-requestPriority",
    "version" : "1.8.0",
    "name" : "MedComCareCommunicationRequestPriority"
  },
  {
    "id" : "medcom-conditionlist-status-valueset",
    "type" : "ValueSet",
    "url" : "http://medcomfhir.dk/ig/terminology/ValueSet/medcom-conditionlist-status-valueset",
    "version" : "1.8.0",
    "name" : "MedComConditionListStatus"
  },
  {
    "id" : "medcom-core-PractitionerRoles",
    "type" : "ValueSet",
    "url" : "http://medcomfhir.dk/ig/terminology/ValueSet/medcom-core-PractitionerRoles",
    "version" : "1.8.0",
    "name" : "MedComCorePractitionerRoles"
  },
  {
    "id" : "medcom-core-attachmentMimeTypes",
    "type" : "ValueSet",
    "url" : "http://medcomfhir.dk/ig/terminology/ValueSet/medcom-core-attachmentMimeTypes",
    "version" : "1.8.0",
    "name" : "MedComCoreAttachmentMimeTypes"
  },
  {
    "id" : "medcom-core-encounter-class",
    "type" : "ValueSet",
    "url" : "http://medcomfhir.dk/ig/terminology/ValueSet/medcom-core-encounter-class",
    "version" : "1.8.0",
    "name" : "MedComCoreEncounterClass"
  },
  {
    "id" : "medcom-core-interpreation-valueset",
    "type" : "ValueSet",
    "url" : "http://medcomfhir.dk/ig/terminology/ValueSet/medcom-core-interpreation-valueset",
    "version" : "1.8.0",
    "name" : "MedComCoreInterpretationCodesValueset"
  },
  {
    "id" : "medcom-core-observation-status",
    "type" : "ValueSet",
    "url" : "http://medcomfhir.dk/ig/terminology/ValueSet/medcom-core-observation-status",
    "version" : "1.8.0",
    "name" : "MedComCoreObservationStatus"
  },
  {
    "id" : "medcom-corediagnosticreport-status",
    "type" : "ValueSet",
    "url" : "http://medcomfhir.dk/ig/terminology/ValueSet/medcom-corediagnosticreport-status",
    "version" : "1.8.0",
    "name" : "MedComCoreDiagnosticReportStatus"
  },
  {
    "id" : "medcom-hospitalNotification-encounterClass",
    "type" : "ValueSet",
    "url" : "http://medcomfhir.dk/ig/terminology/ValueSet/medcom-hospitalNotification-encounterClass",
    "version" : "1.8.0",
    "name" : "MedComHospitalNotificationEncounterClass"
  },
  {
    "id" : "medcom-hospitalNotification-encounterStatus",
    "type" : "ValueSet",
    "url" : "http://medcomfhir.dk/ig/terminology/ValueSet/medcom-hospitalNotification-encounterStatus",
    "version" : "1.8.0",
    "name" : "MedComHospitalNotificationEncounterStatus"
  },
  {
    "id" : "medcom-hospitalNotification-messageActivities",
    "type" : "ValueSet",
    "url" : "http://medcomfhir.dk/ig/terminology/ValueSet/medcom-hospitalNotification-messageActivities",
    "version" : "1.8.0",
    "name" : "MedComHospitalNotificationMessageActivities"
  },
  {
    "id" : "medcom-message-definition-type-valueset",
    "type" : "ValueSet",
    "url" : "http://medcomfhir.dk/ig/terminology/ValueSet/medcom-message-definition-type-valueset",
    "version" : "1.8.0",
    "name" : "MedComMessageDefinitionTypeVS"
  },
  {
    "id" : "medcom-messagedefinition-identifer-system-valueset",
    "type" : "ValueSet",
    "url" : "http://medcomfhir.dk/ig/terminology/ValueSet/medcom-messagedefinition-identifer-system-valueset",
    "version" : "1.8.0",
    "name" : "MedComMessageDefinitionIdentifierSystemVS"
  },
  {
    "id" : "medcom-messagedefinition-use-context-code-valueset",
    "type" : "ValueSet",
    "url" : "http://medcomfhir.dk/ig/terminology/ValueSet/medcom-messagedefinition-use-context-code-valueset",
    "version" : "1.8.0",
    "name" : "MedComUseContextCodeSystemVS"
  },
  {
    "id" : "medcom-messaging-activityCodes",
    "type" : "ValueSet",
    "url" : "http://medcomfhir.dk/ig/terminology/ValueSet/medcom-messaging-activityCodes",
    "version" : "1.8.0",
    "name" : "MedComMessagingActivityCodes"
  },
  {
    "id" : "medcom-messaging-messageTypes",
    "type" : "ValueSet",
    "url" : "http://medcomfhir.dk/ig/terminology/ValueSet/medcom-messaging-messageTypes",
    "version" : "1.8.0",
    "name" : "MedComMessagingMessageTypes"
  },
  {
    "id" : "medcom-messaging-sorEdiValues",
    "type" : "ValueSet",
    "url" : "http://medcomfhir.dk/ig/terminology/ValueSet/medcom-messaging-sorEdiValues",
    "version" : "1.8.0",
    "name" : "MedComMessagingSorEdiValues"
  },
  {
    "id" : "medcom-obs-responseGroup",
    "type" : "ValueSet",
    "url" : "http://medcomfhir.dk/ig/terminology/ValueSet/medcom-obs-responseGroup",
    "version" : "1.8.0",
    "name" : "MedComObservarionResponesGroupValueSet"
  }
]
