<?xml version="1.0" encoding="UTF-8"?>

<CodeSystem xmlns="http://hl7.org/fhir">
  <id value="MedComDiagnosticReportCodes"/>
  <text>
    <status value="generated"/><div xmlns="http://www.w3.org/1999/xhtml"><p class="res-header-id"><b>Generated Narrative: CodeSystem MedComDiagnosticReportCodes</b></p><a name="MedComDiagnosticReportCodes"> </a><a name="hcMedComDiagnosticReportCodes"> </a><a name="hcMedComDiagnosticReportCodes-da-DK"> </a><p>This case-insensitive code system <code>http://medcomfhir.dk/ig/terminology/CodeSystem/MedComDiagnosticReportCodes</code> defines the following code:</p><table class="codes"><tr><td style="white-space:nowrap"><b>Code</b></td><td><b>Display</b></td></tr><tr><td style="white-space:nowrap">HomeCareReport<a name="MedComDiagnosticReportCodes-HomeCareReport"> </a></td><td>HomeCareDiagnosticReport</td></tr></table></div>
  </text>
  <url value="http://medcomfhir.dk/ig/terminology/CodeSystem/MedComDiagnosticReportCodes"/>
  <version value="1.8.0"/>
  <name value="MedComDiagnosticReportCodes"/>
  <title value="MedComDiagnosticReportCodes"/>
  <status value="draft"/>
  <experimental value="true"/>
  <date value="2023-10-31"/>
  <publisher value="MedCom"/>
  <contact>
    <name value="MedCom"/>
    <telecom>
      <system value="url"/>
      <value value="http://www.medcom.dk"/>
    </telecom>
  </contact>
  <description value="Codes that represents the name of the diagnostic report"/>
  <jurisdiction>
    <coding>
      <system value="urn:iso:std:iso:3166"/>
      <code value="DK"/>
      <display value="Denmark"/>
    </coding>
  </jurisdiction>
  <caseSensitive value="false"/>
  <content value="complete"/>
  <count value="1"/>
  <concept>
    <code value="HomeCareReport"/>
    <display value="HomeCareDiagnosticReport"/>
  </concept>
</CodeSystem>