{
  "resourceType" : "CodeSystem",
  "id" : "medcom-core-PractitionerRolesSKSadministrativ",
  "text" : {
    "status" : "generated",
    "div" : "<div xmlns=\"http://www.w3.org/1999/xhtml\"><p class=\"res-header-id\"><b>Generated Narrative: CodeSystem medcom-core-PractitionerRolesSKSadministrativ</b></p><a name=\"medcom-core-PractitionerRolesSKSadministrativ\"> </a><a name=\"hcmedcom-core-PractitionerRolesSKSadministrativ\"> </a><a name=\"hcmedcom-core-PractitionerRolesSKSadministrativ-da-DK\"> </a><p>This case-insensitive code system <code>http://medcomfhir.dk/ig/terminology/CodeSystem/medcom-core-PractitionerRolesSKSadministrativ</code> defines the following codes:</p><table class=\"codes\"><tr><td style=\"white-space:nowrap\"><b>Code</b></td><td><b>Display</b></td></tr><tr><td style=\"white-space:nowrap\">speciallaege<a name=\"medcom-core-PractitionerRolesSKSadministrativ-speciallaege\"> </a></td><td>Speciallæge</td></tr><tr><td style=\"white-space:nowrap\">speciallaegeipraksis<a name=\"medcom-core-PractitionerRolesSKSadministrativ-speciallaegeipraksis\"> </a></td><td>Speciallæge i praksis</td></tr><tr><td style=\"white-space:nowrap\">cheflaege<a name=\"medcom-core-PractitionerRolesSKSadministrativ-cheflaege\"> </a></td><td>Cheflæge</td></tr><tr><td style=\"white-space:nowrap\">overlaege<a name=\"medcom-core-PractitionerRolesSKSadministrativ-overlaege\"> </a></td><td>Overlæge</td></tr><tr><td style=\"white-space:nowrap\">afdelingslaege<a name=\"medcom-core-PractitionerRolesSKSadministrativ-afdelingslaege\"> </a></td><td>Afdelingslæge</td></tr><tr><td style=\"white-space:nowrap\">sygehuslaege<a name=\"medcom-core-PractitionerRolesSKSadministrativ-sygehuslaege\"> </a></td><td>Sygehuslæge</td></tr><tr><td style=\"white-space:nowrap\">sygeplejerske<a name=\"medcom-core-PractitionerRolesSKSadministrativ-sygeplejerske\"> </a></td><td>Sygeplejerske</td></tr><tr><td style=\"white-space:nowrap\">sundhedsplejerske<a name=\"medcom-core-PractitionerRolesSKSadministrativ-sundhedsplejerske\"> </a></td><td>Sundhedsplejerske</td></tr><tr><td style=\"white-space:nowrap\">socialogsundhedsassistent<a name=\"medcom-core-PractitionerRolesSKSadministrativ-socialogsundhedsassistent\"> </a></td><td>Social- og sundhedsassistent</td></tr><tr><td style=\"white-space:nowrap\">socialogsundhedsmehjaelper<a name=\"medcom-core-PractitionerRolesSKSadministrativ-socialogsundhedsmehjaelper\"> </a></td><td>Social- og sundhedsmedhjælper</td></tr><tr><td style=\"white-space:nowrap\">sygehjaelper<a name=\"medcom-core-PractitionerRolesSKSadministrativ-sygehjaelper\"> </a></td><td>Sygehjælper</td></tr><tr><td style=\"white-space:nowrap\">plejer<a name=\"medcom-core-PractitionerRolesSKSadministrativ-plejer\"> </a></td><td>Plejer</td></tr><tr><td style=\"white-space:nowrap\">plejehjemsassistent<a name=\"medcom-core-PractitionerRolesSKSadministrativ-plejehjemsassistent\"> </a></td><td>Plejehjemsassistent</td></tr><tr><td style=\"white-space:nowrap\">tandlaege<a name=\"medcom-core-PractitionerRolesSKSadministrativ-tandlaege\"> </a></td><td>Tandlæge</td></tr><tr><td style=\"white-space:nowrap\">klinisktandtekniker<a name=\"medcom-core-PractitionerRolesSKSadministrativ-klinisktandtekniker\"> </a></td><td>Klinisk tandtekniker</td></tr><tr><td style=\"white-space:nowrap\">tandplejer<a name=\"medcom-core-PractitionerRolesSKSadministrativ-tandplejer\"> </a></td><td>Tandplejer</td></tr><tr><td style=\"white-space:nowrap\">farmaceut<a name=\"medcom-core-PractitionerRolesSKSadministrativ-farmaceut\"> </a></td><td>Farmaceut</td></tr><tr><td style=\"white-space:nowrap\">apoteker<a name=\"medcom-core-PractitionerRolesSKSadministrativ-apoteker\"> </a></td><td>Apoteker</td></tr><tr><td style=\"white-space:nowrap\">pyskolog<a name=\"medcom-core-PractitionerRolesSKSadministrativ-pyskolog\"> </a></td><td>Psykolog</td></tr><tr><td style=\"white-space:nowrap\">jordemoder<a name=\"medcom-core-PractitionerRolesSKSadministrativ-jordemoder\"> </a></td><td>Jordemoder</td></tr><tr><td style=\"white-space:nowrap\">fysioterapeut<a name=\"medcom-core-PractitionerRolesSKSadministrativ-fysioterapeut\"> </a></td><td>Fysioterapeut</td></tr><tr><td style=\"white-space:nowrap\">ergoterapeut<a name=\"medcom-core-PractitionerRolesSKSadministrativ-ergoterapeut\"> </a></td><td>Ergoterapeut</td></tr><tr><td style=\"white-space:nowrap\">bioanalytiker<a name=\"medcom-core-PractitionerRolesSKSadministrativ-bioanalytiker\"> </a></td><td>Bioanalytiker</td></tr><tr><td style=\"white-space:nowrap\">radiograf<a name=\"medcom-core-PractitionerRolesSKSadministrativ-radiograf\"> </a></td><td>Radiograf</td></tr><tr><td style=\"white-space:nowrap\">diaetist<a name=\"medcom-core-PractitionerRolesSKSadministrativ-diaetist\"> </a></td><td>Diætist</td></tr><tr><td style=\"white-space:nowrap\">diaetistassistent<a name=\"medcom-core-PractitionerRolesSKSadministrativ-diaetistassistent\"> </a></td><td>Diætistassistent</td></tr><tr><td style=\"white-space:nowrap\">audilogiassistent<a name=\"medcom-core-PractitionerRolesSKSadministrativ-audilogiassistent\"> </a></td><td>Audilogiassistent</td></tr><tr><td style=\"white-space:nowrap\">neurofysiologassistent<a name=\"medcom-core-PractitionerRolesSKSadministrativ-neurofysiologassistent\"> </a></td><td>Neurofysiologassistent</td></tr><tr><td style=\"white-space:nowrap\">kiropraktor<a name=\"medcom-core-PractitionerRolesSKSadministrativ-kiropraktor\"> </a></td><td>Kiropraktor</td></tr><tr><td style=\"white-space:nowrap\">zoneterapeut<a name=\"medcom-core-PractitionerRolesSKSadministrativ-zoneterapeut\"> </a></td><td>Zoneterapeut</td></tr><tr><td style=\"white-space:nowrap\">psykoterapeut<a name=\"medcom-core-PractitionerRolesSKSadministrativ-psykoterapeut\"> </a></td><td>Psykoterapeut</td></tr><tr><td style=\"white-space:nowrap\">audiologopaed<a name=\"medcom-core-PractitionerRolesSKSadministrativ-audiologopaed\"> </a></td><td>Audiologopæd</td></tr><tr><td style=\"white-space:nowrap\">laegesekretaer<a name=\"medcom-core-PractitionerRolesSKSadministrativ-laegesekretaer\"> </a></td><td>Lægesekretær</td></tr><tr><td style=\"white-space:nowrap\">ledendelaegesekretaer<a name=\"medcom-core-PractitionerRolesSKSadministrativ-ledendelaegesekretaer\"> </a></td><td>Ledende lægesekretær</td></tr><tr><td style=\"white-space:nowrap\">sygeplejesekretear<a name=\"medcom-core-PractitionerRolesSKSadministrativ-sygeplejesekretear\"> </a></td><td>Sygeplejesekretær</td></tr><tr><td style=\"white-space:nowrap\">fodterapeut<a name=\"medcom-core-PractitionerRolesSKSadministrativ-fodterapeut\"> </a></td><td>Fodterapeut</td></tr><tr><td style=\"white-space:nowrap\">socialraadgiver<a name=\"medcom-core-PractitionerRolesSKSadministrativ-socialraadgiver\"> </a></td><td>Socialrådgiver</td></tr><tr><td style=\"white-space:nowrap\">ledendesocialraadgiver<a name=\"medcom-core-PractitionerRolesSKSadministrativ-ledendesocialraadgiver\"> </a></td><td>Ledende socialrådgiver</td></tr><tr><td style=\"white-space:nowrap\">laerer<a name=\"medcom-core-PractitionerRolesSKSadministrativ-laerer\"> </a></td><td>Lærer</td></tr><tr><td style=\"white-space:nowrap\">paedagog<a name=\"medcom-core-PractitionerRolesSKSadministrativ-paedagog\"> </a></td><td>Pædagog</td></tr><tr><td style=\"white-space:nowrap\">beskaeftigelsesvejleder<a name=\"medcom-core-PractitionerRolesSKSadministrativ-beskaeftigelsesvejleder\"> </a></td><td>Beskæftigelsesvejleder</td></tr><tr><td style=\"white-space:nowrap\">bandagist<a name=\"medcom-core-PractitionerRolesSKSadministrativ-bandagist\"> </a></td><td>Bandagist</td></tr><tr><td style=\"white-space:nowrap\">skomager<a name=\"medcom-core-PractitionerRolesSKSadministrativ-skomager\"> </a></td><td>Skomager</td></tr><tr><td style=\"white-space:nowrap\">optiker<a name=\"medcom-core-PractitionerRolesSKSadministrativ-optiker\"> </a></td><td>Optiker</td></tr></table></div>"
  },
  "url" : "http://medcomfhir.dk/ig/terminology/CodeSystem/medcom-core-PractitionerRolesSKSadministrativ",
  "version" : "1.8.0",
  "name" : "MedComCorePractitionerRolesSKSadministrativ",
  "title" : "MedComCorePractitionerRolesSKSadministrativ",
  "status" : "active",
  "experimental" : false,
  "date" : "2023-10-31",
  "publisher" : "MedCom",
  "contact" : [{
    "name" : "MedCom",
    "telecom" : [{
      "system" : "url",
      "value" : "http://www.medcom.dk"
    }]
  }],
  "description" : "CodeSystem containing codes for practionerroles (Danish:Stillingsbetegnelser) from [SKS Administrativt-Personaleklassifikation](https://medinfo.dk/sks/brows.php?s_nod=924) ",
  "jurisdiction" : [{
    "coding" : [{
      "system" : "urn:iso:std:iso:3166",
      "code" : "DK",
      "display" : "Denmark"
    }]
  }],
  "caseSensitive" : false,
  "content" : "complete",
  "count" : 44,
  "concept" : [{
    "code" : "speciallaege",
    "display" : "Speciallæge"
  },
  {
    "code" : "speciallaegeipraksis",
    "display" : "Speciallæge i praksis"
  },
  {
    "code" : "cheflaege",
    "display" : "Cheflæge"
  },
  {
    "code" : "overlaege",
    "display" : "Overlæge"
  },
  {
    "code" : "afdelingslaege",
    "display" : "Afdelingslæge"
  },
  {
    "code" : "sygehuslaege",
    "display" : "Sygehuslæge"
  },
  {
    "code" : "sygeplejerske",
    "display" : "Sygeplejerske"
  },
  {
    "code" : "sundhedsplejerske",
    "display" : "Sundhedsplejerske"
  },
  {
    "code" : "socialogsundhedsassistent",
    "display" : "Social- og sundhedsassistent"
  },
  {
    "code" : "socialogsundhedsmehjaelper",
    "display" : "Social- og sundhedsmedhjælper"
  },
  {
    "code" : "sygehjaelper",
    "display" : "Sygehjælper"
  },
  {
    "code" : "plejer",
    "display" : "Plejer"
  },
  {
    "code" : "plejehjemsassistent",
    "display" : "Plejehjemsassistent"
  },
  {
    "code" : "tandlaege",
    "display" : "Tandlæge"
  },
  {
    "code" : "klinisktandtekniker",
    "display" : "Klinisk tandtekniker"
  },
  {
    "code" : "tandplejer",
    "display" : "Tandplejer"
  },
  {
    "code" : "farmaceut",
    "display" : "Farmaceut"
  },
  {
    "code" : "apoteker",
    "display" : "Apoteker"
  },
  {
    "code" : "pyskolog",
    "display" : "Psykolog"
  },
  {
    "code" : "jordemoder",
    "display" : "Jordemoder"
  },
  {
    "code" : "fysioterapeut",
    "display" : "Fysioterapeut"
  },
  {
    "code" : "ergoterapeut",
    "display" : "Ergoterapeut"
  },
  {
    "code" : "bioanalytiker",
    "display" : "Bioanalytiker"
  },
  {
    "code" : "radiograf",
    "display" : "Radiograf"
  },
  {
    "code" : "diaetist",
    "display" : "Diætist"
  },
  {
    "code" : "diaetistassistent",
    "display" : "Diætistassistent"
  },
  {
    "code" : "audilogiassistent",
    "display" : "Audilogiassistent"
  },
  {
    "code" : "neurofysiologassistent",
    "display" : "Neurofysiologassistent"
  },
  {
    "code" : "kiropraktor",
    "display" : "Kiropraktor"
  },
  {
    "code" : "zoneterapeut",
    "display" : "Zoneterapeut"
  },
  {
    "code" : "psykoterapeut",
    "display" : "Psykoterapeut"
  },
  {
    "code" : "audiologopaed",
    "display" : "Audiologopæd"
  },
  {
    "code" : "laegesekretaer",
    "display" : "Lægesekretær"
  },
  {
    "code" : "ledendelaegesekretaer",
    "display" : "Ledende lægesekretær"
  },
  {
    "code" : "sygeplejesekretear",
    "display" : "Sygeplejesekretær"
  },
  {
    "code" : "fodterapeut",
    "display" : "Fodterapeut"
  },
  {
    "code" : "socialraadgiver",
    "display" : "Socialrådgiver"
  },
  {
    "code" : "ledendesocialraadgiver",
    "display" : "Ledende socialrådgiver"
  },
  {
    "code" : "laerer",
    "display" : "Lærer"
  },
  {
    "code" : "paedagog",
    "display" : "Pædagog"
  },
  {
    "code" : "beskaeftigelsesvejleder",
    "display" : "Beskæftigelsesvejleder"
  },
  {
    "code" : "bandagist",
    "display" : "Bandagist"
  },
  {
    "code" : "skomager",
    "display" : "Skomager"
  },
  {
    "code" : "optiker",
    "display" : "Optiker"
  }]
}