{
  "resourceType" : "ValueSet",
  "id" : "medcom-messagedefinition-identifer-system-valueset",
  "text" : {
    "status" : "generated",
    "div" : "<div xmlns=\"http://www.w3.org/1999/xhtml\"><p class=\"res-header-id\"><b>Generated Narrative: ValueSet medcom-messagedefinition-identifer-system-valueset</b></p><a name=\"medcom-messagedefinition-identifer-system-valueset\"> </a><a name=\"hcmedcom-messagedefinition-identifer-system-valueset\"> </a><a name=\"hcmedcom-messagedefinition-identifer-system-valueset-da-DK\"> </a><ul><li>Include all codes defined in <a href=\"CodeSystem-medcom-messagedefinition-identifer-system.html\"><code>http://medcomfhir.dk/ig/terminology/CodeSystem/medcom-messagedefinition-identifer-system</code></a></li></ul></div>"
  },
  "url" : "http://medcomfhir.dk/ig/terminology/ValueSet/medcom-messagedefinition-identifer-system-valueset",
  "version" : "1.8.0",
  "name" : "MedComMessageDefinitionIdentifierSystemVS",
  "title" : "MessageDefinitionIdentifierSystemValueset",
  "status" : "active",
  "experimental" : false,
  "date" : "2024-06-26",
  "publisher" : "MedCom",
  "contact" : [{
    "name" : "MedCom",
    "telecom" : [{
      "system" : "url",
      "value" : "http://www.medcom.dk"
    }]
  }],
  "description" : "MessageDefinitionIdentifierSystemVS for the messaging infrastructure",
  "jurisdiction" : [{
    "coding" : [{
      "system" : "urn:iso:std:iso:3166",
      "code" : "DK",
      "display" : "Denmark"
    }]
  }],
  "compose" : {
    "include" : [{
      "system" : "http://medcomfhir.dk/ig/terminology/CodeSystem/medcom-messagedefinition-identifer-system"
    }]
  }
}