{
  "resourceType" : "CodeSystem",
  "id" : "32102f54-a80b-403c-8e4e-e3fd9a57ce2d-2",
  "url" : "http://hl7.org/fhir/comparison/CodeSystem/32102f54-a80b-403c-8e4e-e3fd9a57ce2d-2",
  "name" : "UnionMedComDiagnosticReportCodesAndMedComDiagnosticReportCodes",
  "title" : "Union of MedComDiagnosticReportCodes And MedComDiagnosticReportCodes",
  "status" : "draft",
  "date" : "2025-12-03T07:55:28+00:00",
  "jurisdiction" : [{
    "coding" : [{
      "system" : "urn:iso:std:iso:3166",
      "code" : "DK",
      "display" : "Denmark"
    }]
  }],
  "concept" : [{
    "code" : "HomeCareReport",
    "display" : "HomeCareDiagnosticReport"
  }]
}