{
  "resourceType" : "ValueSet",
  "id" : "32102f54-a80b-403c-8e4e-e3fd9a57ce2d-60",
  "url" : "http://hl7.org/fhir/comparison/ValueSet/32102f54-a80b-403c-8e4e-e3fd9a57ce2d-60",
  "name" : "IntersectionMedComDiagnosticReportCodesValuesetAndMedComDiagnosticReportCodesValueset",
  "title" : "Intersection of MedComDiagnosticReportCodesValueset And MedComDiagnosticReportCodesValueset",
  "status" : "draft",
  "date" : "2025-12-03T07:55:28+00:00",
  "jurisdiction" : [{
    "coding" : [{
      "system" : "urn:iso:std:iso:3166",
      "code" : "DK",
      "display" : "Denmark"
    }]
  }],
  "compose" : {
    "include" : [{
      "concept" : [{
        "code" : "HomeCareReport"
      }]
    }]
  }
}