{
  "resourceType" : "ValueSet",
  "id" : "58c7bd3a-803c-4106-a6e1-9e1f7c221ba3-66",
  "url" : "http://hl7.org/fhir/comparison/ValueSet/58c7bd3a-803c-4106-a6e1-9e1f7c221ba3-66",
  "name" : "IntersectionSNOMEDCTBodyStructuresAndSNOMEDCTBodyStructures",
  "title" : "Intersection of SNOMED CT Body Structures And SNOMED CT Body Structures",
  "status" : "draft",
  "date" : "2025-10-29T07:28:45+00:00",
  "compose" : {
    "include" : [{
      "filter" : [{
        "property" : "concept",
        "op" : "is-a",
        "value" : "442083009"
      }]
    }]
  }
}