{
  "resourceType" : "ValueSet",
  "id" : "58c7bd3a-803c-4106-a6e1-9e1f7c221ba3-89",
  "url" : "http://hl7.org/fhir/comparison/ValueSet/58c7bd3a-803c-4106-a6e1-9e1f7c221ba3-89",
  "name" : "UnionSpecialCourtesyAndSpecialCourtesy",
  "title" : "Union of Special courtesy And Special courtesy",
  "status" : "draft",
  "date" : "2025-10-29T07:28:45+00:00",
  "compose" : {
    "include" : [{
      "concept" : [{
        "code" : "EXT"
      },
      {
        "code" : "NRM"
      },
      {
        "code" : "PRF"
      },
      {
        "code" : "STF"
      },
      {
        "code" : "VIP"
      }]
    },
    {
      "concept" : [{
        "code" : "UNK"
      }]
    }]
  }
}