{
  "resourceType" : "ValueSet",
  "id" : "58c7bd3a-803c-4106-a6e1-9e1f7c221ba3-77",
  "url" : "http://hl7.org/fhir/comparison/ValueSet/58c7bd3a-803c-4106-a6e1-9e1f7c221ba3-77",
  "name" : "UnionEncounterReasonCodesAndEncounterReasonCodes",
  "title" : "Union of Encounter Reason Codes And Encounter Reason Codes",
  "status" : "draft",
  "date" : "2025-10-29T07:28:45+00:00",
  "compose" : {
    "include" : [{
      "filter" : [{
        "property" : "concept",
        "op" : "is-a",
        "value" : "404684003"
      }]
    },
    {
      "filter" : [{
        "property" : "concept",
        "op" : "is-a",
        "value" : "71388002"
      }]
    },
    {
      "filter" : [{
        "property" : "concept",
        "op" : "is-a",
        "value" : "243796009"
      }]
    },
    {
      "filter" : [{
        "property" : "concept",
        "op" : "is-a",
        "value" : "272379006"
      }]
    }]
  }
}