{
  "resourceType" : "ValueSet",
  "id" : "58c7bd3a-803c-4106-a6e1-9e1f7c221ba3-20",
  "url" : "http://hl7.org/fhir/comparison/ValueSet/58c7bd3a-803c-4106-a6e1-9e1f7c221ba3-20",
  "name" : "UnionParticipantRolesAndParticipantRoles",
  "title" : "Union of Participant Roles And Participant Roles",
  "status" : "draft",
  "date" : "2025-10-29T07:28:45+00:00",
  "compose" : {
    "include" : [{
      "filter" : [{
        "property" : "concept",
        "op" : "is-a",
        "value" : "125676002"
      }]
    },
    {
      "filter" : [{
        "property" : "concept",
        "op" : "is-a",
        "value" : "223366009"
      }]
    },
    {
      "filter" : [{
        "property" : "concept",
        "op" : "is-a",
        "value" : "394730007"
      }]
    }]
  }
}