{
  "resourceType" : "Bundle",
  "id" : "17a0c807-372b-452c-972e-c59036153b57",
  "meta" : {
    "profile" : ["http://medcomfhir.dk/ig/hospitalnotification/StructureDefinition/medcom-hospitalNotification-message"]
  },
  "type" : "message",
  "timestamp" : "2023-03-01T12:00:00+01:00",
  "entry" : [{
    "fullUrl" : "MessageHeader/c4888e5e-ec5c-4b16-a875-7b287e63e214",
    "resource" : {
      "resourceType" : "MessageHeader",
      "id" : "c4888e5e-ec5c-4b16-a875-7b287e63e214",
      "meta" : {
        "profile" : ["http://medcomfhir.dk/ig/hospitalnotification/StructureDefinition/medcom-hospitalNotification-messageHeader"]
      },
      "text" : {
        "status" : "extensions",
        "div" : "<div xmlns=\"http://www.w3.org/1999/xhtml\"><p><b>Generated Narrative: MessageHeader</b><a name=\"c4888e5e-ec5c-4b16-a875-7b287e63e214\"> </a></p><div style=\"display: inline-block; background-color: #d9e0e7; padding: 6px; margin: 4px; border: 1px solid #8da1b4; border-radius: 5px; line-height: 60%\"><p style=\"margin-bottom: 0px\">Resource MessageHeader &quot;c4888e5e-ec5c-4b16-a875-7b287e63e214&quot; </p><p style=\"margin-bottom: 0px\">Profile: <a href=\"StructureDefinition-medcom-hospitalNotification-messageHeader.html\">MedComHospitalNotificationMessageHeader</a></p></div><p><b>MedComReportOfAdmissionExtension</b>: true</p><p><b>MedComReportOfAdmissionRecipientExtension</b>: <a href=\"#Organization_o7056980-a8b2-42aa-8a0e-c1fc85d1f40d\">See above (Organization/o7056980-a8b2-42aa-8a0e-c1fc85d1f40d)</a></p><p><b>event</b>: Hospital Notification Message (Details: http://medcomfhir.dk/ig/terminology/CodeSystem/medcom-messaging-eventCodes code hospital-notification-message = 'Hospital Notification Message', stated as 'null')</p><h3>Destinations</h3><table class=\"grid\"><tr><td>-</td><td><b>Extension</b></td><td><b>Endpoint</b></td><td><b>Receiver</b></td></tr><tr><td>*</td><td/><td><a href=\"https://sor2.sum.dsdn.dk/#id=953741000016009\">https://sor2.sum.dsdn.dk/#id=953741000016009</a></td><td><a href=\"#Organization_o4cdf292-abf3-4f5f-80ea-60a48013ff6d\">See above (Organization/o4cdf292-abf3-4f5f-80ea-60a48013ff6d)</a></td></tr></table><p><b>sender</b>: <a href=\"#Organization_o7056980-a8b2-42aa-8a0e-c1fc85d1f40d\">See above (Organization/o7056980-a8b2-42aa-8a0e-c1fc85d1f40d)</a></p><h3>Sources</h3><table class=\"grid\"><tr><td>-</td><td><b>Endpoint</b></td></tr><tr><td>*</td><td><a href=\"https://sor2.sum.dsdn.dk/#id=265161000016000\">https://sor2.sum.dsdn.dk/#id=265161000016000</a></td></tr></table><p><b>focus</b>: <a href=\"#Encounter_08c8a882-7f62-4766-b4a5-43e3c1707003\">See above (Encounter/08c8a882-7f62-4766-b4a5-43e3c1707003)</a></p></div>"
      },
      "extension" : [{
        "url" : "http://medcomfhir.dk/ig/hospitalnotification/StructureDefinition/medcom-messaging-reportOfAdmissionExtension",
        "valueBoolean" : true
      },
      {
        "url" : "http://medcomfhir.dk/ig/hospitalnotification/StructureDefinition/medcom-messaging-reportOfAdmissionRecipientExtension",
        "valueReference" : {
          "reference" : "Organization/o7056980-a8b2-42aa-8a0e-c1fc85d1f40d"
        }
      }],
      "destination" : [{
        "extension" : [{
          "url" : "http://medcomfhir.dk/ig/messaging/StructureDefinition/medcom-messaging-destinationUseExtension",
          "valueCoding" : {
            "system" : "http://medcomfhir.dk/ig/terminology/CodeSystem/medcom-messaging-destinationUse",
            "code" : "primary"
          }
        }],
        "endpoint" : "https://sor2.sum.dsdn.dk/#id=953741000016009",
        "receiver" : {
          "reference" : "Organization/o4cdf292-abf3-4f5f-80ea-60a48013ff6d"
        }
      }],
      "sender" : {
        "reference" : "Organization/o7056980-a8b2-42aa-8a0e-c1fc85d1f40d"
      },
      "source" : {
        "endpoint" : "https://sor2.sum.dsdn.dk/#id=265161000016000"
      },
      "focus" : [{
        "reference" : "Encounter/08c8a882-7f62-4766-b4a5-43e3c1707003"
      }]
    }
  },
  {
    "fullUrl" : "Patient/895b1a82-4b37-4721-aafa-599f2811b7f2",
    "resource" : {
      "resourceType" : "Patient",
      "id" : "895b1a82-4b37-4721-aafa-599f2811b7f2",
      "meta" : {
        "profile" : ["http://medcomfhir.dk/ig/core/StructureDefinition/medcom-core-patient"]
      },
      "text" : {
        "status" : "generated",
        "div" : "<div xmlns=\"http://www.w3.org/1999/xhtml\"><p><b>Generated Narrative: Patient</b><a name=\"895b1a82-4b37-4721-aafa-599f2811b7f2\"> </a></p><div style=\"display: inline-block; background-color: #d9e0e7; padding: 6px; margin: 4px; border: 1px solid #8da1b4; border-radius: 5px; line-height: 60%\"><p style=\"margin-bottom: 0px\">Resource Patient &quot;895b1a82-4b37-4721-aafa-599f2811b7f2&quot; </p><p style=\"margin-bottom: 0px\">Profile: <a href=\"http://medcomfhir.dk/ig/core/2.1.0/StructureDefinition-medcom-core-patient.html\">MedComCorePatient</a></p></div><p><b>identifier</b>: id: 2509479989</p><p><b>name</b>: Elmer (OFFICIAL)</p></div>"
      },
      "identifier" : [{
        "system" : "urn:oid:1.2.208.176.1.2",
        "value" : "2509479989"
      }],
      "name" : [{
        "use" : "official",
        "family" : "Elmer"
      }]
    }
  },
  {
    "fullUrl" : "Encounter/08c8a882-7f62-4766-b4a5-43e3c1707003",
    "resource" : {
      "resourceType" : "Encounter",
      "id" : "08c8a882-7f62-4766-b4a5-43e3c1707003",
      "meta" : {
        "profile" : ["http://medcomfhir.dk/ig/hospitalnotification/StructureDefinition/medcom-hospitalNotification-encounter"]
      },
      "text" : {
        "status" : "generated",
        "div" : "<div xmlns=\"http://www.w3.org/1999/xhtml\"><p><b>Generated Narrative: Encounter</b><a name=\"08c8a882-7f62-4766-b4a5-43e3c1707003\"> </a></p><div style=\"display: inline-block; background-color: #d9e0e7; padding: 6px; margin: 4px; border: 1px solid #8da1b4; border-radius: 5px; line-height: 60%\"><p style=\"margin-bottom: 0px\">Resource Encounter &quot;08c8a882-7f62-4766-b4a5-43e3c1707003&quot; </p><p style=\"margin-bottom: 0px\">Profile: <a href=\"StructureDefinition-medcom-hospitalNotification-encounter.html\">MedComHospitalNotificationEncounter</a></p></div><p><b>status</b>: in-progress</p><p><b>class</b>: inpatient encounter (Details: http://terminology.hl7.org/CodeSystem/v3-ActCode code IMP = 'inpatient encounter', stated as 'null')</p><p><b>subject</b>: <a href=\"#Patient_895b1a82-4b37-4721-aafa-599f2811b7f2\">See above (Patient/895b1a82-4b37-4721-aafa-599f2811b7f2)</a></p><p><b>episodeOfCare</b>: <span/></p><p><b>period</b>: 2022-12-07 12:00:00+0200 --&gt; (ongoing)</p><p><b>serviceProvider</b>: <a href=\"#Organization_o7056980-a8b2-42aa-8a0e-c1fc85d1f40d\">See above (Organization/o7056980-a8b2-42aa-8a0e-c1fc85d1f40d)</a></p></div>"
      },
      "status" : "in-progress",
      "subject" : {
        "reference" : "Patient/895b1a82-4b37-4721-aafa-599f2811b7f2"
      },
      "episodeOfCare" : [{
        "identifier" : {
          "system" : "https://sor2.sum.dsdn.dk/#id=265161000016000",
          "value" : "aba0b466-7933-418c-925d-e60ebe0fb870"
        }
      }],
      "period" : {
        "start" : "2023-03-01T12:00:00+01:00"
      },
      "serviceProvider" : {
        "reference" : "Organization/o7056980-a8b2-42aa-8a0e-c1fc85d1f40d"
      }
    }
  },
  {
    "fullUrl" : "Organization/o4cdf292-abf3-4f5f-80ea-60a48013ff6d",
    "resource" : {
      "resourceType" : "Organization",
      "id" : "o4cdf292-abf3-4f5f-80ea-60a48013ff6d",
      "meta" : {
        "profile" : ["http://medcomfhir.dk/ig/messaging/StructureDefinition/medcom-messaging-organization"]
      },
      "text" : {
        "status" : "generated",
        "div" : "<div xmlns=\"http://www.w3.org/1999/xhtml\"><p><b>Generated Narrative: Organization</b><a name=\"o4cdf292-abf3-4f5f-80ea-60a48013ff6d\"> </a></p><div style=\"display: inline-block; background-color: #d9e0e7; padding: 6px; margin: 4px; border: 1px solid #8da1b4; border-radius: 5px; line-height: 60%\"><p style=\"margin-bottom: 0px\">Resource Organization &quot;o4cdf292-abf3-4f5f-80ea-60a48013ff6d&quot; </p><p style=\"margin-bottom: 0px\">Profile: <a href=\"http://medcomfhir.dk/ig/messaging/2.0.0/StructureDefinition-medcom-messaging-organization.html\">MedComMessagingOrganization</a></p></div><p><b>identifier</b>: id: 5790001348120, id: 953741000016009</p><p><b>name</b>: Plejecenter Herlev</p></div>"
      },
      "identifier" : [{
        "system" : "https://www.gs1.org/gln",
        "value" : "5790001348120"
      },
      {
        "system" : "urn:oid:1.2.208.176.1.1",
        "value" : "953741000016009"
      }],
      "name" : "Plejecenter Herlev"
    }
  },
  {
    "fullUrl" : "Organization/o7056980-a8b2-42aa-8a0e-c1fc85d1f40d",
    "resource" : {
      "resourceType" : "Organization",
      "id" : "o7056980-a8b2-42aa-8a0e-c1fc85d1f40d",
      "meta" : {
        "profile" : ["http://medcomfhir.dk/ig/messaging/StructureDefinition/medcom-messaging-organization"]
      },
      "text" : {
        "status" : "generated",
        "div" : "<div xmlns=\"http://www.w3.org/1999/xhtml\"><p><b>Generated Narrative: Organization</b><a name=\"o7056980-a8b2-42aa-8a0e-c1fc85d1f40d\"> </a></p><div style=\"display: inline-block; background-color: #d9e0e7; padding: 6px; margin: 4px; border: 1px solid #8da1b4; border-radius: 5px; line-height: 60%\"><p style=\"margin-bottom: 0px\">Resource Organization &quot;o7056980-a8b2-42aa-8a0e-c1fc85d1f40d&quot; </p><p style=\"margin-bottom: 0px\">Profile: <a href=\"http://medcomfhir.dk/ig/messaging/2.0.0/StructureDefinition-medcom-messaging-organization.html\">MedComMessagingOrganization</a></p></div><p><b>identifier</b>: id: 5790000209354, id: 265161000016000</p><p><b>name</b>: Hjerteafdelingen på Herlev og Gentofte hospital</p></div>"
      },
      "identifier" : [{
        "system" : "https://www.gs1.org/gln",
        "value" : "5790000209354"
      },
      {
        "system" : "urn:oid:1.2.208.176.1.1",
        "value" : "265161000016000"
      }],
      "name" : "Hjerteafdelingen på Herlev og Gentofte hospital"
    }
  },
  {
    "fullUrl" : "Provenance/110cb807-5501-461f-a87a-10e6c214825a",
    "resource" : {
      "resourceType" : "Provenance",
      "id" : "110cb807-5501-461f-a87a-10e6c214825a",
      "meta" : {
        "profile" : ["http://medcomfhir.dk/ig/messaging/StructureDefinition/medcom-messaging-provenance"]
      },
      "text" : {
        "status" : "generated",
        "div" : "<div xmlns=\"http://www.w3.org/1999/xhtml\"><p><b>Generated Narrative: Provenance</b><a name=\"110cb807-5501-461f-a87a-10e6c214825a\"> </a></p><div style=\"display: inline-block; background-color: #d9e0e7; padding: 6px; margin: 4px; border: 1px solid #8da1b4; border-radius: 5px; line-height: 60%\"><p style=\"margin-bottom: 0px\">Resource Provenance &quot;110cb807-5501-461f-a87a-10e6c214825a&quot; </p><p style=\"margin-bottom: 0px\">Profile: <a href=\"http://medcomfhir.dk/ig/messaging/2.0.0/StructureDefinition-medcom-messaging-provenance.html\">MedComMessagingProvenance</a></p></div><p><b>target</b>: <a href=\"#MessageHeader_c4888e5e-ec5c-4b16-a875-7b287e63e214\">See above (MessageHeader/c4888e5e-ec5c-4b16-a875-7b287e63e214)</a></p><p><b>occurred</b>: 2022-12-07 12:00:02+0200</p><p><b>recorded</b>: 7. dec. 2022 11.00.02</p><p><b>activity</b>: Start hospital stay-admission <span style=\"background: LightGoldenRodYellow; margin: 4px; border: 1px solid khaki\"> (<a href=\"http://medcomfhir.dk/ig/terminology/1.1.1/CodeSystem-medcom-messaging-activityCodes.html\">MedComMessagingActivityCodes</a>#admit-inpatient)</span></p><h3>Agents</h3><table class=\"grid\"><tr><td>-</td><td><b>Who</b></td></tr><tr><td>*</td><td><a href=\"#Organization_o7056980-a8b2-42aa-8a0e-c1fc85d1f40d\">See above (Organization/o7056980-a8b2-42aa-8a0e-c1fc85d1f40d)</a></td></tr></table></div>"
      },
      "target" : [{
        "reference" : "MessageHeader/c4888e5e-ec5c-4b16-a875-7b287e63e214"
      }],
      "occurredDateTime" : "2023-03-01T12:00:00+01:00",
      "recorded" : "2023-03-01T12:00:00+01:00",
      "activity" : {
        "coding" : [{
          "system" : "http://medcomfhir.dk/ig/terminology/CodeSystem/medcom-messaging-activityCodes",
          "code" : "admit-inpatient"
        }]
      },
      "agent" : [{
        "who" : {
          "reference" : "Organization/o7056980-a8b2-42aa-8a0e-c1fc85d1f40d"
        }
      }]
    }
  }]
}