{
  "resourceType" : "MessageHeader",
  "id" : "3076d9b0-5521-11ed-bdc3-0242ac120002",
  "meta" : {
    "profile" : ["http://medcomfhir.dk/ig/carecommunication/StructureDefinition/medcom-careCommunication-messageHeader"]
  },
  "text" : {
    "status" : "generated",
    "div" : "<div xmlns=\"http://www.w3.org/1999/xhtml\"><p><b>Generated Narrative: MessageHeader</b><a name=\"3076d9b0-5521-11ed-bdc3-0242ac120002\"> </a></p><div style=\"display: inline-block; background-color: #d9e0e7; padding: 6px; margin: 4px; border: 1px solid #8da1b4; border-radius: 5px; line-height: 60%\"><p style=\"margin-bottom: 0px\">Resource MessageHeader &quot;3076d9b0-5521-11ed-bdc3-0242ac120002&quot; </p><p style=\"margin-bottom: 0px\">Profile: <a href=\"StructureDefinition-medcom-careCommunication-messageHeader.html\">MedComCareCommunicationMessageHeader</a></p></div><p><b>event</b>: Care Communication Message (Details: http://medcomfhir.dk/ig/terminology/CodeSystem/medcom-messaging-eventCodes code care-communication-message = 'Care Communication Message', stated as 'null')</p><h3>Destinations</h3><table class=\"grid\"><tr><td>-</td><td><b>Extension</b></td><td><b>Endpoint</b></td><td><b>Receiver</b></td></tr><tr><td>*</td><td/><td><a href=\"https://sor2.sum.dsdn.dk/#id=953741000016009\">https://sor2.sum.dsdn.dk/#id=953741000016009</a></td><td><a href=\"Organization-ae899cbd-933b-4581-9a16-bd2da73f06a0.html\">Organization/ae899cbd-933b-4581-9a16-bd2da73f06a0</a> &quot;Plejecenter Herlev&quot;</td></tr></table><p><b>sender</b>: <a href=\"Organization-e17d03b8-e7fd-4654-bc9c-cb2eb5dda71f.html\">Organization/e17d03b8-e7fd-4654-bc9c-cb2eb5dda71f</a> &quot;Hjerteafdelingen på Herlev og Gentofte hospital&quot;</p><h3>Sources</h3><table class=\"grid\"><tr><td>-</td><td><b>Endpoint</b></td></tr><tr><td>*</td><td><a href=\"https://sor2.sum.dsdn.dk/#id=265161000016000\">https://sor2.sum.dsdn.dk/#id=265161000016000</a></td></tr></table><p><b>focus</b>: <a href=\"Communication-f54efd18-5520-11ed-bdc3-0242ac120002.html\">Communication/f54efd18-5520-11ed-bdc3-0242ac120002</a></p></div>"
  },
  "eventCoding" : {
    "system" : "http://medcomfhir.dk/ig/terminology/CodeSystem/medcom-messaging-eventCodes",
    "code" : "care-communication-message"
  },
  "destination" : [{
    "extension" : [{
      "url" : "http://medcomfhir.dk/ig/messaging/StructureDefinition/medcom-messaging-destinationUseExtension",
      "valueCoding" : {
        "system" : "http://medcomfhir.dk/ig/terminology/CodeSystem/medcom-messaging-destinationUse",
        "code" : "primary"
      }
    }],
    "endpoint" : "https://sor2.sum.dsdn.dk/#id=953741000016009",
    "receiver" : {
      "reference" : "Organization/ae899cbd-933b-4581-9a16-bd2da73f06a0"
    }
  }],
  "sender" : {
    "reference" : "Organization/e17d03b8-e7fd-4654-bc9c-cb2eb5dda71f"
  },
  "source" : {
    "endpoint" : "https://sor2.sum.dsdn.dk/#id=265161000016000"
  },
  "focus" : [{
    "reference" : "Communication/f54efd18-5520-11ed-bdc3-0242ac120002"
  }]
}