<?xml version="1.0" encoding="UTF-8"?>

<Provenance xmlns="http://hl7.org/fhir">
  <id value="4c845e97-04b2-40e9-ab51-4c5bf080196f"/>
  <meta>
    <profile value="http://medcomfhir.dk/ig/messaging/StructureDefinition/medcom-messaging-provenance"/>
  </meta>
  <text>
    <status value="generated"/><div xmlns="http://www.w3.org/1999/xhtml"><p class="res-header-id"><b>Generated Narrative: Provenance 4c845e97-04b2-40e9-ab51-4c5bf080196f</b></p><a name="4c845e97-04b2-40e9-ab51-4c5bf080196f"> </a><a name="hc4c845e97-04b2-40e9-ab51-4c5bf080196f"> </a><div style="display: inline-block; background-color: #d9e0e7; padding: 6px; margin: 4px; border: 1px solid #8da1b4; border-radius: 5px; line-height: 60%"><p style="margin-bottom: 0px"/><p style="margin-bottom: 0px">Profile: <a href="http://medcomfhir.dk/ig/messaging/3.0.0/StructureDefinition-medcom-messaging-provenance.html">MedComMessagingProvenance</a></p></div><p>Provenance for <a href="MessageHeader-e9f4cc68-b1b7-46b2-ba74-7cc39a914bfa.html">MessageHeader: event[x] = HomeCare Observation Message (MedComMessagingEventCodes#homecareobservation-message); definition = http://medcomfhir.dk/ig/messagedefinitions/MessageDefinition/MedComHomeCareObservationMessageDefinition|1.1</a></p><p>Summary</p><table class="grid"><tr><td>Occurrence</td><td>2023-09-13 12:24:08+0200</td></tr><tr><td>Recorded</td><td>2023-09-13 12:24:08+0200</td></tr><tr><td>Activity</td><td><span title="Codes:{http://medcomfhir.dk/ig/terminology/CodeSystem/medcom-messaging-activityCodes new-message}">A new message has been sent</span></td></tr></table><p><b>Agents</b></p><table class="grid"><tr><td><b>who</b></td></tr><tr><td><a href="Organization-72cc3a2c-1dda-4b95-b50a-0f7ac19640f4.html">Organization Pleje og Rehabilitering</a></td></tr></table></div>
  </text>
  <target>
    <reference value="MessageHeader/e9f4cc68-b1b7-46b2-ba74-7cc39a914bfa"/>
  </target>
  <occurredDateTime value="2023-09-13T12:24:08+02:00"/>
  <recorded value="2023-09-13T12:24:08+02:00"/>
  <activity>
    <coding>
      <system value="http://medcomfhir.dk/ig/terminology/CodeSystem/medcom-messaging-activityCodes"/>
      <code value="new-message"/>
    </coding>
  </activity>
  <agent>
    <who>
      <reference value="Organization/72cc3a2c-1dda-4b95-b50a-0f7ac19640f4"/>
    </who>
  </agent>
</Provenance>