[
  {
    "id" : "medcom.fhir.dk.conditionlist",
    "type" : "ImplementationGuide",
    "url" : "http://medcomfhir.dk/ig/conditionlist/ImplementationGuide/medcom.fhir.dk.conditionlist",
    "version" : "1.0.0",
    "name" : "MedComConditionList"
  },
  {
    "id" : "medcom-conditionlist-bundle",
    "type" : "StructureDefinition",
    "url" : "http://medcomfhir.dk/ig/conditionlist/StructureDefinition/medcom-conditionlist-bundle",
    "version" : "1.0.0",
    "name" : "MedComConditionListBundle"
  },
  {
    "id" : "medcom-conditionlist-composition",
    "type" : "StructureDefinition",
    "url" : "http://medcomfhir.dk/ig/conditionlist/StructureDefinition/medcom-conditionlist-composition",
    "version" : "1.0.0",
    "name" : "MedComConditionListComposition"
  },
  {
    "id" : "medcom-conditionlist-condition",
    "type" : "StructureDefinition",
    "url" : "http://medcomfhir.dk/ig/conditionlist/StructureDefinition/medcom-conditionlist-condition",
    "version" : "1.0.0",
    "name" : "MedComConditionListCondition"
  },
  {
    "id" : "medcom-conditionlist-documentreference",
    "type" : "StructureDefinition",
    "url" : "http://medcomfhir.dk/ig/conditionlist/StructureDefinition/medcom-conditionlist-documentreference",
    "version" : "1.0.0",
    "name" : "MedComConditionListDocumentReference"
  },
  {
    "id" : "medcom-conditionlist-organization",
    "type" : "StructureDefinition",
    "url" : "http://medcomfhir.dk/ig/conditionlist/StructureDefinition/medcom-conditionlist-organization",
    "version" : "1.0.0",
    "name" : "MedComConditionListOrganization"
  }
]
