<?xml version="1.0" encoding="UTF-8"?>

<Organization xmlns="http://hl7.org/fhir">
  <id value="465b576f-9620-4394-adc7-ff00a95971d1"/>
  <meta>
    <profile value="http://medcomfhir.dk/ig/conditionlist/StructureDefinition/medcom-conditionlist-organization"/>
  </meta>
  <text>
    <status value="generated"/><div xmlns="http://www.w3.org/1999/xhtml"><p class="res-header-id"><b>Generated Narrative: Organization 465b576f-9620-4394-adc7-ff00a95971d1</b></p><a name="465b576f-9620-4394-adc7-ff00a95971d1"> </a><a name="hc465b576f-9620-4394-adc7-ff00a95971d1"> </a><a name="465b576f-9620-4394-adc7-ff00a95971d1-en-US"> </a><p><b>identifier</b>: <code>urn:oid:1.2.208.176.1.1</code>/325381000016008</p><p><b>name</b>: MedCom Testcenter</p></div>
  </text>
  <identifier>
    <system value="urn:oid:1.2.208.176.1.1"/>
    <value value="325381000016008"/>
  </identifier>
  <name value="MedCom Testcenter"/>
</Organization>