{
  "package": "medcom.fhir.dk.conditionlist",
  "version": "1.0.0",
  "fhirVersion": "4.0.1",
  "extensions": [],
  "profiles": {
    "Bundle": [
      {
        "url": "http://medcomfhir.dk/ig/conditionlist/StructureDefinition/medcom-conditionlist-bundle",
        "title": "MedComConditionListBundle"
      }
    ],
    "Composition": [
      {
        "url": "http://medcomfhir.dk/ig/conditionlist/StructureDefinition/medcom-conditionlist-composition",
        "title": "MedComConditionListComposition"
      }
    ],
    "Condition": [
      {
        "url": "http://medcomfhir.dk/ig/conditionlist/StructureDefinition/medcom-conditionlist-condition",
        "title": "MedComConditionListCondition"
      }
    ],
    "DocumentReference": [
      {
        "url": "http://medcomfhir.dk/ig/conditionlist/StructureDefinition/medcom-conditionlist-documentreference",
        "title": "MedComConditionListDocumentReference"
      }
    ],
    "Organization": [
      {
        "url": "http://medcomfhir.dk/ig/conditionlist/StructureDefinition/medcom-conditionlist-organization",
        "title": "MedComConditionListOrganization"
      }
    ]
  },
  "usage": {
    "http://hl7.dk/fhir/core/StructureDefinition/ConditionLastAssertedDate": [
      "Condition"
    ],
    "http://hl7.dk/fhir/core/StructureDefinition/NotFollowedAnymore": [
      "Condition"
    ],
    "http://hl7.org/fhir/StructureDefinition/condition-dueTo": [
      "Condition"
    ],
    "http://hl7.org/fhir/StructureDefinition/elementdefinition-bestpractice": [
      "StructureDefinition.snapshot.element.constraint"
    ],
    "http://hl7.org/fhir/StructureDefinition/elementdefinition-bestpractice-explanation": [
      "StructureDefinition.snapshot.element.constraint"
    ],
    "http://hl7.org/fhir/StructureDefinition/elementdefinition-bindingName": [
      "StructureDefinition.snapshot.element.binding"
    ],
    "http://hl7.org/fhir/StructureDefinition/elementdefinition-maxValueSet": [
      "StructureDefinition.snapshot.element.binding"
    ],
    "http://hl7.org/fhir/StructureDefinition/elementdefinition-translatable": [
      "StructureDefinition.snapshot.element"
    ],
    "http://hl7.org/fhir/StructureDefinition/structuredefinition-fhir-type": [
      "StructureDefinition.snapshot.element.type"
    ],
    "http://hl7.org/fhir/StructureDefinition/structuredefinition-hierarchy": [
      "StructureDefinition.snapshot.element.type"
    ],
    "http://hl7.org/fhir/tools/StructureDefinition/ig-internal-dependency": [
      "ImplementationGuide.definition"
    ],
    "http://hl7.org/fhir/tools/StructureDefinition/ig-page-name": [
      "ImplementationGuide.definition.page",
      "ImplementationGuide.definition.page.page"
    ],
    "http://hl7.org/fhir/tools/StructureDefinition/ig-parameter": [
      "ImplementationGuide.definition"
    ],
    "http://hl7.org/fhir/tools/StructureDefinition/implementationguide-dependency-comment": [
      "ImplementationGuide.dependsOn"
    ],
    "http://hl7.org/fhir/tools/StructureDefinition/resource-information": [
      "ImplementationGuide.definition.resource"
    ],
    "http://medcomfhir.dk/ig/document/StructureDefinition/medcom-document-homecommunityid-extension": [
      "DocumentReference"
    ],
    "http://medcomfhir.dk/ig/document/StructureDefinition/medcom-document-version-id-extension": [
      "DocumentReference"
    ]
  }
}