URL,Version,Status,OIDs,Name,Title,Descriptino,Uses,Used,Sources
http://hl7.org/fhir/ValueSet/condition-category,4.0.1,draft,"2.16.840.1.113883.4.642.3.162",ConditionCategoryCodes,Condition Category Codes,"Preferred value set for Condition Categories.","StructureDefinition/medcom-conditionlist-condition","THO"
http://medcomfhir.dk/ig/terminology/ValueSet/medcom-conditionlist-status-valueset,1.8.1,active,,MedComConditionListStatus,MedComConditionListStatus,"MedComConditionListStatus used to define the status of a condition","StructureDefinition/medcom-conditionlist-condition","SCT"
http://medcomfhir.dk/ig/xdsmetadata/ValueSet/MedCom-dk-ihe-plr-typecode-VS,1.0.1,active,,PLR_DK_IHE_TypeCode,PLR-DK IHE TypeCode,"PLR-DK: Value set for the typeCode attribute. The typeCode specifies the precise type of document from the user perspective. The granularity of typeCode is finer grained than its superior classCode.","StructureDefinition/medcom-conditionlist-documentreference","Other"
http://medcomfhir.dk/ig/xdsmetadata/ValueSet/MedCom-ihe-plr-formatcode-VS,1.0.1,active,,MedComIHE_PLR_DK_FormatCode,PLR-DK IHE FormatCode,"PLR-DK: Code system for document format code used in national Document sharing. The value set for format code is based on code system DK_IHE_FormatCode.","StructureDefinition/medcom-conditionlist-documentreference","Other"
