<?xml version="1.0" encoding="UTF-8"?><CodeSystem xmlns="http://hl7.org/fhir"><id value="medcom-core-ecpr-codes"/><text><status value="generated"/><div xmlns="http://www.w3.org/1999/xhtml"><p>This code system <code>http://medcomfhir.dk/ig/terminology/CodeSystem/medcom-core-ecpr-codes</code> defines the following codes:</p><table class="codes"><tr><td style="white-space:nowrap"><b>Code</b></td><td><b>Display</b></td></tr><tr><td style="white-space:nowrap">nationalEcprregister<a name="medcom-core-ecpr-codes-nationalEcprregister"> </a></td><td>https://sundhedsdatastyrelsen.dk/da/registre-og-services/ecpr</td></tr></table></div></text><url value="http://medcomfhir.dk/ig/terminology/CodeSystem/medcom-core-ecpr-codes"/><version value="1.1.0"/><name value="MedComCoreECPRCodes"/><title value="MedComCoreECPRCodes"/><status value="active"/><date value="2022-09-01"/><publisher value="MedCom"/><contact><name value="MedCom"/><telecom><system value="url"/><value value="http://www.medcom.dk"/></telecom></contact><description value="CodeSystem with systems used to represent the system of a Danish replacement person identifier (eCPR)."/><jurisdiction><coding><system value="urn:iso:std:iso:3166"/><code value="DK"/><display value="Denmark"/></coding></jurisdiction><caseSensitive value="false"/><content value="complete"/><count value="1"/><concept><code value="nationalEcprregister"/><display value="https://sundhedsdatastyrelsen.dk/da/registre-og-services/ecpr"/></concept></CodeSystem>