<?xml version="1.0" encoding="UTF-8"?>

<Communication xmlns="http://hl7.org/fhir">
  <id value="d8434eb5-8286-48f8-a590-4a27175ed82f"/>
  <meta>
    <profile value="http://medcomfhir.dk/ig/carecommunication/StructureDefinition/medcom-careCommunication-communication"/>
  </meta>
  <text>
    <status value="extensions"/><div xmlns="http://www.w3.org/1999/xhtml"><p class="res-header-id"><b>Generated Narrative: Communication d8434eb5-8286-48f8-a590-4a27175ed82f</b></p><a name="d8434eb5-8286-48f8-a590-4a27175ed82f"> </a><a name="hcd8434eb5-8286-48f8-a590-4a27175ed82f"> </a><a name="d8434eb5-8286-48f8-a590-4a27175ed82f-da-DK"> </a><p><b>identifier</b>: urn:uuid:b2eb3d0e-5de5-4de9-b2a3-0ff321ad1c3a</p><p><b>status</b>: Unknown</p><p><b>category</b>: <span title="Codes:{http://medcomfhir.dk/ig/terminology/CodeSystem/medcom-careCommunication-categoryCodes examination-results}">Examination Results</span></p><p><b>subject</b>: <a href="Patient-50c51ef0-00b0-429a-b212-35ee0773fd5a.html">Birgit Berggren (official) (no stated gender), DoB Unknown ( urn:oid:1.2.208.176.1.6.1.1#0703921VJ4 (use: temp, ))</a></p><blockquote><p><b>payload</b></p><p><b>DateTimeExtension</b>: 2024-06-01 13:55:00+0200</p><p><b>IdentifierExtension</b>: urn:uuid:24d01288-ad36-4af2-96a8-fd1432dadee1</p><p><b>PractitionerExtension</b>: <a href="PractitionerRole-2e8c8e54-388c-4547-954c-1917652986da.html">PractitionerRole Sygeplejerske</a></p><p><b>ContactExtension</b>: ph: 38683868</p><p><b>content</b>: Til rette vedkommende. Vi ønsker information om de seneste undersøgelser udført på Bruno. På forhånd tak. Hilsen Michael, sygeplejerske.</p></blockquote></div>
  </text>
  <identifier>
    <value value="urn:uuid:b2eb3d0e-5de5-4de9-b2a3-0ff321ad1c3a"/>
  </identifier>
  <status value="unknown"/>
  <category>
    <coding>
      <system value="http://medcomfhir.dk/ig/terminology/CodeSystem/medcom-careCommunication-categoryCodes"/>
      <code value="examination-results"/>
    </coding>
  </category>
  <subject>
    <reference value="Patient/50c51ef0-00b0-429a-b212-35ee0773fd5a"/>
  </subject>
  <payload>
    <extension url="http://medcomfhir.dk/ig/core/StructureDefinition/medcom-core-datetime-extension">
      <valueDateTime value="2024-06-01T13:55:00+02:00"/>
    </extension>
    <extension url="http://medcomfhir.dk/ig/core/StructureDefinition/medcom-core-identifier-extension">
      <valueIdentifier>
        <value value="urn:uuid:24d01288-ad36-4af2-96a8-fd1432dadee1"/>
        <assigner>
          <reference value="Organization/0ece868c-6a72-4aa3-8a96-2d985ab630c7"/>
        </assigner>
      </valueIdentifier>
    </extension>
    <extension url="http://medcomfhir.dk/ig/core/StructureDefinition/medcom-core-practitioner-extension">
      <valueReference>
        <reference value="PractitionerRole/2e8c8e54-388c-4547-954c-1917652986da"/>
      </valueReference>
    </extension>
    <extension url="http://medcomfhir.dk/ig/core/StructureDefinition/medcom-core-contact-extension">
      <valueContactPoint>
        <system value="phone"/>
        <value value="38683868"/>
      </valueContactPoint>
    </extension>
    <contentString value="Til rette vedkommende. Vi ønsker information om de seneste undersøgelser udført på Bruno. På forhånd tak. Hilsen Michael, sygeplejerske."/>
  </payload>
</Communication>