<?xml version="1.0" encoding="UTF-8"?>

<Patient xmlns="http://hl7.org/fhir">
  <id value="b8e3000b-3b95-43e2-8e5b-fc347d0a2411"/>
  <meta>
    <profile value="http://medcomfhir.dk/ig/core/StructureDefinition/medcom-core-patient"/>
  </meta>
  <text>
    <status value="generated"/><div xmlns="http://www.w3.org/1999/xhtml"><p class="res-header-id"><b>Generated Narrative: Patient b8e3000b-3b95-43e2-8e5b-fc347d0a2411</b></p><a name="b8e3000b-3b95-43e2-8e5b-fc347d0a2411"> </a><a name="hcb8e3000b-3b95-43e2-8e5b-fc347d0a2411"> </a><div style="display: inline-block; background-color: #d9e0e7; padding: 6px; margin: 4px; border: 1px solid #8da1b4; border-radius: 5px; line-height: 60%"><p style="margin-bottom: 0px"/><p style="margin-bottom: 0px">Profile: <a href="http://medcomfhir.dk/ig/core/3.0.1/StructureDefinition-medcom-core-patient.html">MedComCorePatient</a></p></div><p style="border: 1px #661aff solid; background-color: #e6e6ff; padding: 10px;">Elmer (official) (no stated gender), DoB Unknown ( urn:oid:1.2.208.176.1.2#2509479989)</p><hr/></div>
  </text>
  <identifier>
    <system value="urn:oid:1.2.208.176.1.2"/>
    <value value="2509479989"/>
  </identifier>
  <name>
    <use value="official"/>
    <family value="Elmer"/>
  </name>
</Patient>