<?xml version="1.0" encoding="UTF-8"?>

<Provenance xmlns="http://hl7.org/fhir">
  <id value="790daa1e-bf50-4ee0-af8c-31c493e272bb"/>
  <meta>
    <profile value="http://medcomfhir.dk/ig/carecommunication/StructureDefinition/medcom-careCommunication-provenance"/>
  </meta>
  <text>
    <status value="generated"/><div xmlns="http://www.w3.org/1999/xhtml"><p class="res-header-id"><b>Generated Narrative: Provenance 790daa1e-bf50-4ee0-af8c-31c493e272bb</b></p><a name="790daa1e-bf50-4ee0-af8c-31c493e272bb"> </a><a name="hc790daa1e-bf50-4ee0-af8c-31c493e272bb"> </a><div style="display: inline-block; background-color: #d9e0e7; padding: 6px; margin: 4px; border: 1px solid #8da1b4; border-radius: 5px; line-height: 60%"><p style="margin-bottom: 0px"/><p style="margin-bottom: 0px">Profile: <a href="StructureDefinition-medcom-careCommunication-provenance.html">MedComCareCommunicationProvenance</a></p></div><p>Provenance for <a href="MessageHeader-375293b8-2f91-4d08-b13a-83ea76b6d001.html">MessageHeader: event[x] = Care Communication Message (MedComMessagingEventCodes#care-communication-message); definition = http://medcomfhir.dk/ig/messagedefinitions/MessageDefinition/MedComCareCommunicationMessageDefinition|5.0</a></p><p>Summary</p><table class="grid"><tr><td>Occurrence</td><td>2024-05-01 12:00:00+0200</td></tr><tr><td>Recorded</td><td>2024-05-01 12:00:00+0200</td></tr><tr><td>Activity</td><td><span title="Codes:{http://medcomfhir.dk/ig/terminology/CodeSystem/medcom-messaging-activityCodes new-message}">A new message has been sent</span></td></tr></table><p><b>Agents</b></p><table class="grid"><tr><td><b>who</b></td></tr><tr><td><a href="Organization-c39b114b-a9c1-46bb-ac30-e3ce71f28c3a.html">Organization Hjerteafdelingen på Herlev og Gentofte hospital</a></td></tr></table></div>
  </text>
  <target>
    <reference value="MessageHeader/375293b8-2f91-4d08-b13a-83ea76b6d001"/>
  </target>
  <occurredDateTime value="2024-05-01T12:00:00+02:00"/>
  <recorded value="2024-05-01T12:00:00+02:00"/>
  <activity>
    <coding>
      <system value="http://medcomfhir.dk/ig/terminology/CodeSystem/medcom-messaging-activityCodes"/>
      <code value="new-message"/>
    </coding>
  </activity>
  <agent>
    <who>
      <reference value="Organization/c39b114b-a9c1-46bb-ac30-e3ce71f28c3a"/>
    </who>
  </agent>
  <entity>
    <role value="source"/>
    <what>
      <identifier>
        <value value="urn:uuid:f9cf2547-7a1c-4639-9fd3-9f717556ad36"/>
      </identifier>
    </what>
  </entity>
  <entity>
    <role value="source"/>
    <what>
      <identifier>
        <value value="urn:uuid:a4f712ee-faea-48d9-9108-27aeb639e5a0"/>
      </identifier>
    </what>
  </entity>
  <entity>
    <role value="source"/>
    <what>
      <identifier>
        <value value="urn:uuid:eed10baa-5280-4d05-904b-3ce180a91568"/>
      </identifier>
    </what>
  </entity>
</Provenance>