URL,Version,Status,OIDs,Name,Title,Descriptino,Used
http://medcomfhir.dk/ig/terminology/CodeSystem/medcom-message-definition-type,1.7.0,active,,MedComMessageDefinitionType,MedComMessageDefinitionTypeCodeSystem,"MedComMessageDefinitionTypeCS for the messaging infrastructure","ValueSet/medcom-message-definition-type-valueset"
http://medcomfhir.dk/ig/terminology/CodeSystem/medcom-messagedefinition-identifer-system,1.7.0,active,,MedComMessageDefinitionIdentifierSystem,MessageDefinitionIdentifierSystemCodeSystem,"MessageDefinitionIdentifierSystemCS for the messaging infrastructure","ValueSet/medcom-messagedefinition-identifer-system-valueset"
http://medcomfhir.dk/ig/terminology/CodeSystem/medcom-messaging-activityCodes,1.7.0,active,,MedComMessagingActivityCodes,MedComMessagingActivityCodes,"CodeSystem containing codes for activities occuring in MedCom messages","ValueSet/medcom-messaging-activityCodes"
http://medcomfhir.dk/ig/terminology/CodeSystem/medcom-messaging-eventCodes,1.7.0,active,,MedComMessageEventCodes,MedComMessagingEventCodes,"CodeSystem including all types of MedCom messages","ValueSet/medcom-messaging-messageTypes"
http://terminology.hl7.org/CodeSystem/usage-context-type,2.0.0,draft,"2.16.840.1.113883.4.642.1.1068",UsageContextType,UsageContextType,"A code that specifies a type of context being specified by a usage context.","ValueSet/medcom-messagedefinition-use-context-code-valueset"
