{
  "resourceType" : "CodeSystem",
  "id" : "6ad92c03-bef2-4620-9d88-7522973dde55-35",
  "url" : "http://hl7.org/fhir/comparison/CodeSystem/6ad92c03-bef2-4620-9d88-7522973dde55-35",
  "name" : "UnionMedComMessagingCancellationReasonAndMedComMessagingCancellationReason",
  "title" : "Union of MedComMessagingCancellationReason And MedComMessagingCancellationReason",
  "status" : "draft",
  "date" : "2025-09-24T11:26:00+00:00",
  "jurisdiction" : [{
    "coding" : [{
      "system" : "urn:iso:std:iso:3166",
      "code" : "DK",
      "display" : "Denmark"
    }]
  }],
  "concept" : [{
    "code" : "incorrect-cpr",
    "display" : "Cancellation due to incorrect CPR-number",
    "designation" : [{
      "language" : "da",
      "value" : "Annullering grundet forkert CPR-nr."
    }]
  },
  {
    "code" : "incorrect-receiver",
    "display" : "Cancellation due to incorrect receiver",
    "designation" : [{
      "language" : "da",
      "value" : "Annullering grundet forkert modtager"
    }]
  },
  {
    "code" : "incorrect-attachment",
    "display" : "Cancellation due to attachment with content concerning a incorrect CPR-number",
    "designation" : [{
      "language" : "da",
      "value" : "Annullering grundet vedhæftet fil med indhold på forkert CPR-nr."
    }]
  }]
}