{
  "resourceType" : "CodeSystem",
  "id" : "6ad92c03-bef2-4620-9d88-7522973dde55-3",
  "url" : "http://hl7.org/fhir/comparison/CodeSystem/6ad92c03-bef2-4620-9d88-7522973dde55-3",
  "name" : "IntersectionMedComDiagnosticReportCodesAndMedComDiagnosticReportCodes",
  "title" : "Intersection of MedComDiagnosticReportCodes And MedComDiagnosticReportCodes",
  "status" : "draft",
  "date" : "2025-09-24T11:26:00+00:00",
  "jurisdiction" : [{
    "coding" : [{
      "system" : "urn:iso:std:iso:3166",
      "code" : "DK",
      "display" : "Denmark"
    }]
  }],
  "concept" : [{
    "code" : "HomeCareReport",
    "display" : "HomeCareDiagnosticReport"
  }]
}