{
  "resourceType" : "CodeSystem",
  "id" : "6ad92c03-bef2-4620-9d88-7522973dde55-30",
  "url" : "http://hl7.org/fhir/comparison/CodeSystem/6ad92c03-bef2-4620-9d88-7522973dde55-30",
  "name" : "IntersectionMedComMessageDefinitionIdentifierSystemAndMedComMessageDefinitionIdentifierSystem",
  "title" : "Intersection of MessageDefinitionIdentifierSystemCodeSystem And MessageDefinitionIdentifierSystemCodeSystem",
  "status" : "active",
  "date" : "2025-09-24T11:26:00+00:00",
  "jurisdiction" : [{
    "coding" : [{
      "system" : "urn:iso:std:iso:3166",
      "code" : "DK",
      "display" : "Denmark"
    }]
  }],
  "concept" : [{
    "code" : "urn:dk:healthcare:medcom:messaging:edifact",
    "display" : "urn:dk:healthcare:medcom:messaging:edifact"
  },
  {
    "code" : "urn:dk:healthcare:medcom:messaging:fhir",
    "display" : "urn:dk:healthcare:medcom:messaging:fhir"
  },
  {
    "code" : "urn:dk:healthcare:medcom:messaging:oioxml",
    "display" : "urn:dk:healthcare:medcom:messaging:oioxml"
  },
  {
    "code" : "urn:dk:healthcare:medcom:messaging:envelope",
    "display" : "urn:dk:healthcare:medcom:messaging:envelope"
  }]
}