{
  "resourceType" : "CodeSystem",
  "id" : "6ad92c03-bef2-4620-9d88-7522973dde55-45",
  "url" : "http://hl7.org/fhir/comparison/CodeSystem/6ad92c03-bef2-4620-9d88-7522973dde55-45",
  "name" : "IntersectionMedComMessagingSorEdiSystemAndMedComMessagingSorEdiSystem",
  "title" : "Intersection of MedComMessagingSorEdiCodeSystem And MedComMessagingSorEdiCodeSystem",
  "status" : "active",
  "date" : "2025-09-24T11:26:00+00:00",
  "jurisdiction" : [{
    "coding" : [{
      "system" : "urn:iso:std:iso:3166",
      "code" : "DK",
      "display" : "Denmark"
    }]
  }],
  "concept" : [{
    "code" : "FDIS91",
    "display" : "Care Communication Message (Korrepondance meddelelse)"
  },
  {
    "code" : "FDIS20",
    "display" : "Hospital Notification Message (Advis om Sygehusophold)"
  },
  {
    "code" : "FCTL",
    "display" : "Acknowledgement Message (Kvittering)"
  }]
}