{
  "resourceType" : "CodeSystem",
  "id" : "6ad92c03-bef2-4620-9d88-7522973dde55-17",
  "url" : "http://hl7.org/fhir/comparison/CodeSystem/6ad92c03-bef2-4620-9d88-7522973dde55-17",
  "name" : "UnionMedComCorePractitionerRolesSKSadministrativAndMedComCorePractitionerRolesSKSadministrativ",
  "title" : "Union of MedComCorePractitionerRolesSKSadministrativ And MedComCorePractitionerRolesSKSadministrativ",
  "status" : "active",
  "date" : "2025-09-24T11:26:00+00:00",
  "jurisdiction" : [{
    "coding" : [{
      "system" : "urn:iso:std:iso:3166",
      "code" : "DK",
      "display" : "Denmark"
    }]
  }],
  "property" : [{
    "code" : "status",
    "uri" : "http://hl7.org/fhir/concept-properties#status",
    "description" : "A property that indicates the status of the concept. One of active, experimental, deprecated, or retired.",
    "type" : "code"
  },
  {
    "code" : "effectiveDate",
    "uri" : "http://hl7.org/fhir/concept-properties#effectiveDate",
    "description" : "The date at which the concept status was last changed.",
    "type" : "dateTime"
  }],
  "concept" : [{
    "code" : "speciallaege",
    "display" : "Speciallæge",
    "property" : [{
      "code" : "status",
      "valueCode" : "active"
    },
    {
      "code" : "effectiveDate",
      "valueDateTime" : "2022-10-05"
    }]
  },
  {
    "code" : "speciallaegeipraksis",
    "display" : "Speciallæge i praksis",
    "property" : [{
      "code" : "status",
      "valueCode" : "active"
    },
    {
      "code" : "effectiveDate",
      "valueDateTime" : "2022-10-05"
    }]
  },
  {
    "code" : "cheflaege",
    "display" : "Cheflæge",
    "property" : [{
      "code" : "status",
      "valueCode" : "active"
    },
    {
      "code" : "effectiveDate",
      "valueDateTime" : "2022-10-05"
    }]
  },
  {
    "code" : "overlaege",
    "display" : "Overlæge",
    "property" : [{
      "code" : "status",
      "valueCode" : "active"
    },
    {
      "code" : "effectiveDate",
      "valueDateTime" : "2022-10-05"
    }]
  },
  {
    "code" : "afdelingslaege",
    "display" : "Afdelingslæge",
    "property" : [{
      "code" : "status",
      "valueCode" : "active"
    },
    {
      "code" : "effectiveDate",
      "valueDateTime" : "2022-10-05"
    }]
  },
  {
    "code" : "sygehuslaege",
    "display" : "Sygehuslæge",
    "property" : [{
      "code" : "status",
      "valueCode" : "active"
    },
    {
      "code" : "effectiveDate",
      "valueDateTime" : "2022-10-05"
    }]
  },
  {
    "code" : "sygeplejerske",
    "display" : "Sygeplejerske",
    "property" : [{
      "code" : "status",
      "valueCode" : "active"
    },
    {
      "code" : "effectiveDate",
      "valueDateTime" : "2022-10-05"
    }]
  },
  {
    "code" : "sundhedsplejerske",
    "display" : "Sundhedsplejerske",
    "property" : [{
      "code" : "status",
      "valueCode" : "active"
    },
    {
      "code" : "effectiveDate",
      "valueDateTime" : "2022-10-05"
    }]
  },
  {
    "code" : "socialogsundhedsassistent",
    "display" : "Social- og sundhedsassistent",
    "property" : [{
      "code" : "status",
      "valueCode" : "active"
    },
    {
      "code" : "effectiveDate",
      "valueDateTime" : "2022-10-05"
    }]
  },
  {
    "code" : "socialogsundhedsmehjaelper",
    "display" : "Social- og sundhedsmedhjælper",
    "property" : [{
      "code" : "status",
      "valueCode" : "deprecated"
    },
    {
      "code" : "effectiveDate",
      "valueDateTime" : "2025-09-22"
    }]
  },
  {
    "code" : "sygehjaelper",
    "display" : "Sygehjælper",
    "property" : [{
      "code" : "status",
      "valueCode" : "active"
    },
    {
      "code" : "effectiveDate",
      "valueDateTime" : "2022-10-05"
    }]
  },
  {
    "code" : "plejer",
    "display" : "Plejer",
    "property" : [{
      "code" : "status",
      "valueCode" : "active"
    },
    {
      "code" : "effectiveDate",
      "valueDateTime" : "2022-10-05"
    }]
  },
  {
    "code" : "plejehjemsassistent",
    "display" : "Plejehjemsassistent",
    "property" : [{
      "code" : "status",
      "valueCode" : "active"
    },
    {
      "code" : "effectiveDate",
      "valueDateTime" : "2022-10-05"
    }]
  },
  {
    "code" : "tandlaege",
    "display" : "Tandlæge",
    "property" : [{
      "code" : "status",
      "valueCode" : "active"
    },
    {
      "code" : "effectiveDate",
      "valueDateTime" : "2022-10-05"
    }]
  },
  {
    "code" : "klinisktandtekniker",
    "display" : "Klinisk tandtekniker",
    "property" : [{
      "code" : "status",
      "valueCode" : "active"
    },
    {
      "code" : "effectiveDate",
      "valueDateTime" : "2022-10-05"
    }]
  },
  {
    "code" : "tandplejer",
    "display" : "Tandplejer",
    "property" : [{
      "code" : "status",
      "valueCode" : "active"
    },
    {
      "code" : "effectiveDate",
      "valueDateTime" : "2022-10-05"
    }]
  },
  {
    "code" : "farmaceut",
    "display" : "Farmaceut",
    "property" : [{
      "code" : "status",
      "valueCode" : "active"
    },
    {
      "code" : "effectiveDate",
      "valueDateTime" : "2022-10-05"
    }]
  },
  {
    "code" : "apoteker",
    "display" : "Apoteker",
    "property" : [{
      "code" : "status",
      "valueCode" : "active"
    },
    {
      "code" : "effectiveDate",
      "valueDateTime" : "2022-10-05"
    }]
  },
  {
    "code" : "pyskolog",
    "display" : "Psykolog",
    "property" : [{
      "code" : "status",
      "valueCode" : "deprecated"
    },
    {
      "code" : "effectiveDate",
      "valueDateTime" : "2025-09-22"
    }]
  },
  {
    "code" : "jordemoder",
    "display" : "Jordemoder",
    "property" : [{
      "code" : "status",
      "valueCode" : "active"
    },
    {
      "code" : "effectiveDate",
      "valueDateTime" : "2022-10-05"
    }]
  },
  {
    "code" : "fysioterapeut",
    "display" : "Fysioterapeut",
    "property" : [{
      "code" : "status",
      "valueCode" : "active"
    },
    {
      "code" : "effectiveDate",
      "valueDateTime" : "2022-10-05"
    }]
  },
  {
    "code" : "ergoterapeut",
    "display" : "Ergoterapeut",
    "property" : [{
      "code" : "status",
      "valueCode" : "active"
    },
    {
      "code" : "effectiveDate",
      "valueDateTime" : "2022-10-05"
    }]
  },
  {
    "code" : "bioanalytiker",
    "display" : "Bioanalytiker",
    "property" : [{
      "code" : "status",
      "valueCode" : "active"
    },
    {
      "code" : "effectiveDate",
      "valueDateTime" : "2022-10-05"
    }]
  },
  {
    "code" : "radiograf",
    "display" : "Radiograf",
    "property" : [{
      "code" : "status",
      "valueCode" : "active"
    },
    {
      "code" : "effectiveDate",
      "valueDateTime" : "2022-10-05"
    }]
  },
  {
    "code" : "diaetist",
    "display" : "Diætist",
    "property" : [{
      "code" : "status",
      "valueCode" : "active"
    },
    {
      "code" : "effectiveDate",
      "valueDateTime" : "2022-10-05"
    }]
  },
  {
    "code" : "diaetistassistent",
    "display" : "Diætistassistent",
    "property" : [{
      "code" : "status",
      "valueCode" : "active"
    },
    {
      "code" : "effectiveDate",
      "valueDateTime" : "2022-10-05"
    }]
  },
  {
    "code" : "audilogiassistent",
    "display" : "Audilogiassistent",
    "property" : [{
      "code" : "status",
      "valueCode" : "active"
    },
    {
      "code" : "effectiveDate",
      "valueDateTime" : "2022-10-05"
    }]
  },
  {
    "code" : "neurofysiologassistent",
    "display" : "Neurofysiologassistent",
    "property" : [{
      "code" : "status",
      "valueCode" : "active"
    },
    {
      "code" : "effectiveDate",
      "valueDateTime" : "2022-10-05"
    }]
  },
  {
    "code" : "kiropraktor",
    "display" : "Kiropraktor",
    "property" : [{
      "code" : "status",
      "valueCode" : "active"
    },
    {
      "code" : "effectiveDate",
      "valueDateTime" : "2022-10-05"
    }]
  },
  {
    "code" : "zoneterapeut",
    "display" : "Zoneterapeut",
    "property" : [{
      "code" : "status",
      "valueCode" : "active"
    },
    {
      "code" : "effectiveDate",
      "valueDateTime" : "2022-10-05"
    }]
  },
  {
    "code" : "psykoterapeut",
    "display" : "Psykoterapeut",
    "property" : [{
      "code" : "status",
      "valueCode" : "active"
    },
    {
      "code" : "effectiveDate",
      "valueDateTime" : "2022-10-05"
    }]
  },
  {
    "code" : "audiologopaed",
    "display" : "Audiologopæd",
    "property" : [{
      "code" : "status",
      "valueCode" : "active"
    },
    {
      "code" : "effectiveDate",
      "valueDateTime" : "2022-10-05"
    }]
  },
  {
    "code" : "laegesekretaer",
    "display" : "Lægesekretær",
    "property" : [{
      "code" : "status",
      "valueCode" : "active"
    },
    {
      "code" : "effectiveDate",
      "valueDateTime" : "2022-10-05"
    }]
  },
  {
    "code" : "ledendelaegesekretaer",
    "display" : "Ledende lægesekretær",
    "property" : [{
      "code" : "status",
      "valueCode" : "active"
    },
    {
      "code" : "effectiveDate",
      "valueDateTime" : "2022-10-05"
    }]
  },
  {
    "code" : "sygeplejesekretear",
    "display" : "Sygeplejesekretær",
    "property" : [{
      "code" : "status",
      "valueCode" : "deprecated"
    },
    {
      "code" : "effectiveDate",
      "valueDateTime" : "2022-10-05"
    }]
  },
  {
    "code" : "fodterapeut",
    "display" : "Fodterapeut",
    "property" : [{
      "code" : "status",
      "valueCode" : "active"
    },
    {
      "code" : "effectiveDate",
      "valueDateTime" : "2022-10-05"
    }]
  },
  {
    "code" : "socialraadgiver",
    "display" : "Socialrådgiver",
    "property" : [{
      "code" : "status",
      "valueCode" : "active"
    },
    {
      "code" : "effectiveDate",
      "valueDateTime" : "2022-10-05"
    }]
  },
  {
    "code" : "ledendesocialraadgiver",
    "display" : "Ledende socialrådgiver",
    "property" : [{
      "code" : "status",
      "valueCode" : "active"
    },
    {
      "code" : "effectiveDate",
      "valueDateTime" : "2022-10-05"
    }]
  },
  {
    "code" : "laerer",
    "display" : "Lærer",
    "property" : [{
      "code" : "status",
      "valueCode" : "active"
    },
    {
      "code" : "effectiveDate",
      "valueDateTime" : "2022-10-05"
    }]
  },
  {
    "code" : "paedagog",
    "display" : "Pædagog",
    "property" : [{
      "code" : "status",
      "valueCode" : "active"
    },
    {
      "code" : "effectiveDate",
      "valueDateTime" : "2022-10-05"
    }]
  },
  {
    "code" : "beskaeftigelsesvejleder",
    "display" : "Beskæftigelsesvejleder",
    "property" : [{
      "code" : "status",
      "valueCode" : "active"
    },
    {
      "code" : "effectiveDate",
      "valueDateTime" : "2022-10-05"
    }]
  },
  {
    "code" : "bandagist",
    "display" : "Bandagist",
    "property" : [{
      "code" : "status",
      "valueCode" : "active"
    },
    {
      "code" : "effectiveDate",
      "valueDateTime" : "2022-10-05"
    }]
  },
  {
    "code" : "skomager",
    "display" : "Skomager",
    "property" : [{
      "code" : "status",
      "valueCode" : "active"
    },
    {
      "code" : "effectiveDate",
      "valueDateTime" : "2022-10-05"
    }]
  },
  {
    "code" : "optiker",
    "display" : "Optiker",
    "property" : [{
      "code" : "status",
      "valueCode" : "active"
    },
    {
      "code" : "effectiveDate",
      "valueDateTime" : "2022-10-05"
    }]
  },
  {
    "code" : "socialogsundhedsmedhjaelper",
    "display" : "Social- og sundhedsmedhjælper",
    "property" : [{
      "code" : "status",
      "valueCode" : "active"
    },
    {
      "code" : "effectiveDate",
      "valueDateTime" : "2025-09-22"
    }]
  },
  {
    "code" : "psykolog",
    "display" : "Psykolog",
    "property" : [{
      "code" : "status",
      "valueCode" : "active"
    },
    {
      "code" : "effectiveDate",
      "valueDateTime" : "2025-09-22"
    }]
  },
  {
    "code" : "sygeplejesekretaer",
    "display" : "Sygeplejesekretær",
    "property" : [{
      "code" : "status",
      "valueCode" : "active"
    },
    {
      "code" : "effectiveDate",
      "valueDateTime" : "2022-10-05"
    }]
  }]
}