{
  "resourceType" : "ValueSet",
  "id" : "6ad92c03-bef2-4620-9d88-7522973dde55-92",
  "url" : "http://hl7.org/fhir/comparison/ValueSet/6ad92c03-bef2-4620-9d88-7522973dde55-92",
  "name" : "UnionMedComCoreInterpretationCodesValuesetAndMedComCoreInterpretationCodesValueset",
  "title" : "Union of MedComCoreInterpretationValueset And MedComCoreInterpretationValueset",
  "status" : "active",
  "date" : "2025-09-24T11:26:00+00:00",
  "jurisdiction" : [{
    "coding" : [{
      "system" : "urn:iso:std:iso:3166",
      "code" : "DK",
      "display" : "Denmark"
    }]
  }],
  "compose" : {
    "include" : [{
      
    },
    {
      "concept" : [{
        "code" : "NI"
      }]
    }]
  }
}