{
  "resourceType" : "MessageHeader",
  "id" : "b0d424f8-33a9-4cc2-a528-a6cc1c58727b",
  "meta" : {
    "profile" : ["http://medcomfhir.dk/ig/carecommunication/StructureDefinition/medcom-careCommunication-messageHeader"]
  },
  "text" : {
    "status" : "generated",
    "div" : "<div xmlns=\"http://www.w3.org/1999/xhtml\"><p><b>Generated Narrative: MessageHeader</b><a name=\"b0d424f8-33a9-4cc2-a528-a6cc1c58727b\"> </a></p><div style=\"display: inline-block; background-color: #d9e0e7; padding: 6px; margin: 4px; border: 1px solid #8da1b4; border-radius: 5px; line-height: 60%\"><p style=\"margin-bottom: 0px\">Resource MessageHeader &quot;b0d424f8-33a9-4cc2-a528-a6cc1c58727b&quot; </p><p style=\"margin-bottom: 0px\">Profile: <a href=\"StructureDefinition-medcom-careCommunication-messageHeader.html\">MedComCareCommunicationMessageHeader</a></p></div><p><b>event</b>: Care Communication Message (Details: http://medcomfhir.dk/ig/terminology/CodeSystem/medcom-messaging-eventCodes code care-communication-message = 'Care Communication Message', stated as 'null')</p><h3>Destinations</h3><table class=\"grid\"><tr><td>-</td><td><b>Extension</b></td><td><b>Endpoint</b></td><td><b>Receiver</b></td></tr><tr><td>*</td><td/><td><a href=\"https://sor2.sum.dsdn.dk/#id=953741000016009\">https://sor2.sum.dsdn.dk/#id=953741000016009</a></td><td><a href=\"Organization-o4cdf292-abf3-4f5f-80ea-60a48013ff6d.html\">Organization/o4cdf292-abf3-4f5f-80ea-60a48013ff6d</a> &quot;Plejecenter Herlev&quot;</td></tr></table><p><b>sender</b>: <a href=\"Organization-o7056980-a8b2-42aa-8a0e-c1fc85d1f40d.html\">Organization/o7056980-a8b2-42aa-8a0e-c1fc85d1f40d</a> &quot;Hjerteafdelingen på Herlev og Gentofte hospital&quot;</p><h3>Sources</h3><table class=\"grid\"><tr><td>-</td><td><b>Endpoint</b></td></tr><tr><td>*</td><td><a href=\"https://sor2.sum.dsdn.dk/#id=265161000016000\">https://sor2.sum.dsdn.dk/#id=265161000016000</a></td></tr></table><p><b>focus</b>: </p><ul><li><a href=\"Communication-1636f3f8-551e-11ed-bdc3-0242ac120002.html\">Communication/1636f3f8-551e-11ed-bdc3-0242ac120002</a></li><li><a href=\"Communication-94e65db8-2f0c-4a2c-a7c9-06a160d59a12.html\">Communication/94e65db8-2f0c-4a2c-a7c9-06a160d59a12</a></li></ul></div>"
  },
  "eventCoding" : {
    "system" : "http://medcomfhir.dk/ig/terminology/CodeSystem/medcom-messaging-eventCodes",
    "code" : "care-communication-message"
  },
  "destination" : [{
    "extension" : [{
      "url" : "http://medcomfhir.dk/ig/messaging/StructureDefinition/medcom-messaging-destinationUseExtension",
      "valueCoding" : {
        "system" : "http://medcomfhir.dk/ig/terminology/CodeSystem/medcom-messaging-destinationUse",
        "code" : "primary"
      }
    }],
    "endpoint" : "https://sor2.sum.dsdn.dk/#id=953741000016009",
    "receiver" : {
      "reference" : "Organization/o4cdf292-abf3-4f5f-80ea-60a48013ff6d"
    }
  }],
  "sender" : {
    "reference" : "Organization/o7056980-a8b2-42aa-8a0e-c1fc85d1f40d"
  },
  "source" : {
    "endpoint" : "https://sor2.sum.dsdn.dk/#id=265161000016000"
  },
  "focus" : [{
    "reference" : "Communication/1636f3f8-551e-11ed-bdc3-0242ac120002"
  },
  {
    "reference" : "Communication/94e65db8-2f0c-4a2c-a7c9-06a160d59a12"
  }]
}