<?xml version="1.0" encoding="UTF-8"?>

<Organization xmlns="http://hl7.org/fhir">
  <id value="f8d0eb07-5336-4005-9081-b065f9a82663"/>
  <meta>
    <profile value="http://medcomfhir.dk/ig/document/StructureDefinition/medcom-document-organization"/>
  </meta>
  <text>
    <status value="generated"/><div xmlns="http://www.w3.org/1999/xhtml"><p class="res-header-id"><b>Generated Narrative: Organization f8d0eb07-5336-4005-9081-b065f9a82663</b></p><a name="f8d0eb07-5336-4005-9081-b065f9a82663"> </a><a name="hcf8d0eb07-5336-4005-9081-b065f9a82663"> </a><div style="display: inline-block; background-color: #d9e0e7; padding: 6px; margin: 4px; border: 1px solid #8da1b4; border-radius: 5px; line-height: 60%"><p style="margin-bottom: 0px"/><p style="margin-bottom: 0px">Profile: <a href="http://medcomfhir.dk/ig/document/2.0.0/StructureDefinition-medcom-document-organization.html">MedComDocumentOrganization</a></p></div><p><b>identifier</b>: <code>urn:oid:1.2.208.176.1.1</code>/61741000016007</p><p><b>name</b>: Lægerne Hasseris Bymidte</p></div>
  </text>
  <identifier>
    <system value="urn:oid:1.2.208.176.1.1"/>
    <value value="61741000016007"/>
  </identifier>
  <name value="Lægerne Hasseris Bymidte"/>
</Organization>