<?xml version="1.0" encoding="UTF-8"?>

<Composition xmlns="http://hl7.org/fhir">
  <id value="384ca229-c562-4a26-a035-c0c38108e036"/>
  <meta>
    <profile value="http://medcomfhir.dk/ig/ekg/StructureDefinition/medcom-ekg-recording-composition|1.0"/>
  </meta>
  <language value="da"/>
  <text>
    <status value="generated"/><div xmlns="http://www.w3.org/1999/xhtml" xml:lang="da" lang="da"><p class="res-header-id"><b>Generated Narrative: Composition 384ca229-c562-4a26-a035-c0c38108e036</b></p><a name="384ca229-c562-4a26-a035-c0c38108e036"> </a><a name="hc384ca229-c562-4a26-a035-c0c38108e036"> </a><div style="display: inline-block; background-color: #d9e0e7; padding: 6px; margin: 4px; border: 1px solid #8da1b4; border-radius: 5px; line-height: 60%"><p style="margin-bottom: 0px">Language: da</p><p style="margin-bottom: 0px">Profile: <a href="StructureDefinition-medcom-ekg-recording-composition.html">MedComEkgRecordingCompositionversion: null1.0.0)</a></p></div><p><b>identifier</b>: <a href="http://terminology.hl7.org/6.2.0/NamingSystem-uri.html" title="As defined by RFC 3986 (http://www.ietf.org/rfc/rfc3986.txt)(with many schemes defined in many RFCs). For OIDs and UUIDs, use the URN form (urn:oid:(note: lowercase) and urn:uuid:). See http://www.ietf.org/rfc/rfc3001.txt and http://www.ietf.org/rfc/rfc4122.txt 

This oid is used as an identifier II.root to indicate the the extension is an absolute URI (technically, an IRI). Typically, this is used for OIDs and GUIDs. Note that when this OID is used with OIDs and GUIDs, the II.extension should start with urn:oid or urn:uuid: 

Note that this OID is created to aid with interconversion between CDA and FHIR - FHIR uses urn:ietf:rfc:3986 as equivalent to this OID. URIs as identifiers appear more commonly in FHIR.

This OID may also be used in CD.codeSystem.">Uniform Resource Identifier (URI)</a>/urn:uuid:0e386cca-f4b0-4484-89e3-3c25d55ebf5a</p><p><b>status</b>: Final</p><p><b>type</b>: <span title="Codes:{http://loinc.org 11524-6}">EKG study</span></p><p><b>category</b>: <span title="Codes:{http://medcomfhir.dk/ig/xdsmetadata/CodeSystem/MedCom-ihe-classcode-CS 001}">Klinisk rapport</span></p><p><b>date</b>: 2026-01-14 10:15:00+0100</p><p><b>author</b>: </p><ul><li><a href="Organization-f8d0eb07-5336-4005-9081-b065f9a82663.html">Organization Lægerne Hasseris Bymidte</a></li><li><a href="PractitionerRole-bb6fa4e1-f8b1-4bf4-b77e-bb03b2cc9820.html">PractitionerRole Sygeplejerske</a></li></ul><p><b>title</b>: Elektrokardiogram-12-aflednings</p><p><b>confidentiality</b>: normal</p><h3>Events</h3><table class="grid"><tr><td style="display: none">-</td><td><b>Period</b></td></tr><tr><td style="display: none">*</td><td>2026-01-14 10:00:00+0100 --&gt; 2026-01-14 10:15:00+0100</td></tr></table></div>
  </text>
  <identifier>
    <system value="urn:ietf:rfc:3986"/>
    <value value="urn:uuid:0e386cca-f4b0-4484-89e3-3c25d55ebf5a"/>
  </identifier>
  <status value="final"/>
  <type>
    <coding>
      <system value="http://loinc.org"/>
      <code value="11524-6"/>
      <display value="EKG study"/>
    </coding>
  </type>
  <category>
    <coding>
      <system value="http://medcomfhir.dk/ig/xdsmetadata/CodeSystem/MedCom-ihe-classcode-CS"/>
      <code value="001"/>
      <display value="Klinisk rapport"/>
    </coding>
  </category>
  <subject>
    <reference value="Patient/379ebb53-11e3-42ac-b9db-0bad0ece46d1"/>
  </subject>
  <date value="2026-01-14T10:15:00+01:00"/>
  <author>
    <reference value="Organization/f8d0eb07-5336-4005-9081-b065f9a82663"/>
  </author>
  <author>
    <reference value="PractitionerRole/bb6fa4e1-f8b1-4bf4-b77e-bb03b2cc9820"/>
  </author>
  <title value="Elektrokardiogram-12-aflednings"/>
  <confidentiality value="N"/>
  <event>
    <period>
      <start value="2026-01-14T10:00:00+01:00"/>
      <end value="2026-01-14T10:15:00+01:00"/>
    </period>
  </event>
  <section>
    <entry>
      <reference value="Observation/ef810168-ee8c-4f14-9012-6aff6c1d86e7"/>
    </entry>
  </section>
</Composition>