{
  "codeSystems" : [
    {
      "url" : "http://medcomfhir.dk/ig/terminology/ValueSet/MedComDiagnosticReportCodesValueset",
      "version" : "1.8.2",
      "status" : "active",
      "name" : "MedComDiagnosticReportCodesValueset",
      "title" : "MedComDiagnosticReportCodesValueset",
      "description" : "ValueSet with codes that represents the name of the diagnostic report.",
      "systems" : [
        "http://medcomfhir.dk/ig/terminology/CodeSystem/MedComDiagnosticReportCodes"
      ]
    },
    {
      "url" : "http://medcomfhir.dk/ig/terminology/ValueSet/medcm-producentID-valueset",
      "version" : "1.8.2",
      "status" : "active",
      "name" : "MedComProducentIDValueSet",
      "title" : "MedComProducentIDValueSet",
      "description" : "ProducentID",
      "systems" : [
        "http://medcomfhir.dk/ig/terminology/CodeSystem/MedComProducentID"
      ]
    },
    {
      "url" : "http://medcomfhir.dk/ig/terminology/ValueSet/medcom-HomeCareObservation-messagingActivities",
      "version" : "1.8.1",
      "status" : "draft",
      "name" : "MedComHomeCareObservationMessageActivities",
      "title" : "MedComHomeCareObservationMessageActivityCodes",
      "description" : "ValueSet containg activity codes for HomeCareObservation messages",
      "systems" : [
        "http://medcomfhir.dk/ig/terminology/CodeSystem/medcom-messaging-activityCodes"
      ]
    },
    {
      "url" : "http://medcomfhir.dk/ig/terminology/ValueSet/medcom-acknowledgement-issue-details",
      "version" : "1.8.1",
      "status" : "active",
      "name" : "MedComAcknowledgementIssueDetailValues",
      "title" : "MedComAcknowledgementIssueDetailValues",
      "description" : "ValueSet including detailed issues describtions.",
      "systems" : [
        "http://medcomfhir.dk/ig/terminology/CodeSystem/medcom-acknowledgement-error-codes",
        "http://terminology.hl7.org/CodeSystem/operation-outcome"
      ]
    },
    {
      "url" : "http://medcomfhir.dk/ig/terminology/ValueSet/medcom-careCommunication-categories",
      "version" : "1.9.0",
      "status" : "active",
      "name" : "MedComCareCommunicationCategories",
      "title" : "MedComCareCommunicationCategoryCodes",
      "description" : "ValueSet containing category codes for care communication messages",
      "systems" : [
        "http://medcomfhir.dk/ig/terminology/CodeSystem/medcom-careCommunication-categoryCodes"
      ]
    },
    {
      "url" : "http://medcomfhir.dk/ig/terminology/ValueSet/medcom-careCommunication-messagingActivities",
      "version" : "1.8.1",
      "status" : "active",
      "name" : "MedComCareCommunicationMessageActivities",
      "title" : "MedComCareCommunicationMessageActivityCodes",
      "description" : "ValueSet containg activity codes for care communication messages",
      "systems" : [
        "http://medcomfhir.dk/ig/terminology/CodeSystem/medcom-messaging-activityCodes"
      ]
    },
    {
      "url" : "http://medcomfhir.dk/ig/terminology/ValueSet/medcom-careCommunication-requestPriority",
      "version" : "1.8.1",
      "status" : "active",
      "name" : "MedComCareCommunicationRequestPriority",
      "title" : "MedComCareCommunicationRequestPriorityCodes",
      "description" : "ValueSet containg priority codes for care communication messages",
      "systems" : ["http://hl7.org/fhir/request-priority"]
    },
    {
      "url" : "http://medcomfhir.dk/ig/terminology/ValueSet/medcom-conditionlist-status-valueset",
      "version" : "1.8.1",
      "status" : "active",
      "name" : "MedComConditionListStatus",
      "title" : "MedComConditionListStatus",
      "description" : "MedComConditionListStatus used to define the status of a condition",
      "systems" : ["http://snomed.info/sct"]
    },
    {
      "url" : "http://medcomfhir.dk/ig/terminology/ValueSet/medcom-core-PractitionerRoles",
      "version" : "2.0.0",
      "status" : "active",
      "name" : "MedComCorePractitionerRoles",
      "title" : "MedComCorePractitionerRoles",
      "description" : "ValueSet containing codes for practionerroles (Danish: Stillingsbetegnelser) from MedCom.",
      "systems" : [
        "http://medcomfhir.dk/ig/terminology/CodeSystem/medcom-core-PractitionerRolesAutorisationsregistret",
        "http://terminology.hl7.org/CodeSystem/v3-NullFlavor",
        "http://medcomfhir.dk/ig/terminology/CodeSystem/medcom-core-PractitionerRolesSKSadministrativ"
      ]
    },
    {
      "url" : "http://medcomfhir.dk/ig/terminology/ValueSet/medcom-core-attachmentMimeTypes",
      "version" : "1.8.1",
      "status" : "active",
      "name" : "MedComCoreAttachmentMimeTypes",
      "title" : "MedComCoreAttachmentMimeTypes",
      "description" : "ValueSet containing allowed mime types for MedCom messages",
      "systems" : ["urn:ietf:bcp:13"]
    },
    {
      "url" : "http://medcomfhir.dk/ig/terminology/ValueSet/medcom-core-encounter-class",
      "version" : "2.0.0",
      "status" : "active",
      "name" : "MedComCoreEncounterClass",
      "title" : "MedComCoreEncounterClassCodes",
      "description" : "ValueSet containing classification codes for MedComCoreEncounter.",
      "systems" : [
        "http://medcomfhir.dk/ig/terminology/CodeSystem/medcom-core-encounter-act-codes",
        "http://terminology.hl7.org/CodeSystem/v3-ActCode"
      ]
    },
    {
      "url" : "http://medcomfhir.dk/ig/terminology/ValueSet/medcom-core-interpreation-valueset",
      "version" : "1.8.2",
      "status" : "active",
      "name" : "MedComCoreInterpretationCodesValueset",
      "title" : "MedComCoreInterpretationValueset",
      "description" : "Valueset with code for interpretation of an observation",
      "systems" : [
        "http://terminology.hl7.org/CodeSystem/v3-ObservationInterpretation",
        "http://medcomfhir.dk/ig/terminology/CodeSystem/medcom-core-interpretation-codes"
      ]
    },
    {
      "url" : "http://medcomfhir.dk/ig/terminology/ValueSet/medcom-core-observation-status",
      "version" : "1.8.2",
      "status" : "active",
      "name" : "MedComCoreObservationStatus",
      "title" : "MedComCoreObservationStatus",
      "description" : "ValueSet containing status codes for MedCom Core Observation",
      "systems" : ["http://hl7.org/fhir/observation-status"]
    },
    {
      "url" : "http://medcomfhir.dk/ig/terminology/ValueSet/medcom-corediagnosticreport-status",
      "version" : "1.8.1",
      "status" : "active",
      "name" : "MedComCoreDiagnosticReportStatus",
      "title" : "MedComCoreDiagnosticReportStatus",
      "description" : "ValueSet containing status codes for MedCom DiagnosticReport",
      "systems" : ["http://hl7.org/fhir/diagnostic-report-status"]
    },
    {
      "url" : "http://medcomfhir.dk/ig/terminology/ValueSet/medcom-hospitalNotification-encounterClass",
      "version" : "1.8.1",
      "status" : "active",
      "name" : "MedComHospitalNotificationEncounterClass",
      "title" : "MedComHospitalNotificationEncounterClassCodes",
      "description" : "ValueSet containg class codes for hospital notification encounter",
      "systems" : ["http://terminology.hl7.org/CodeSystem/v3-ActCode"]
    },
    {
      "url" : "http://medcomfhir.dk/ig/terminology/ValueSet/medcom-hospitalNotification-encounterStatus",
      "version" : "1.8.1",
      "status" : "active",
      "name" : "MedComHospitalNotificationEncounterStatus",
      "title" : "MedComHospitalNotificationEncounterStatusCodes",
      "description" : "ValueSet containing status codes for hospital notification encounter",
      "systems" : ["http://hl7.org/fhir/encounter-status"]
    },
    {
      "url" : "http://medcomfhir.dk/ig/terminology/ValueSet/medcom-hospitalNotification-messageActivities",
      "version" : "1.8.1",
      "status" : "active",
      "name" : "MedComHospitalNotificationMessageActivities",
      "title" : "MedComHospitalNotificationMessageActivityCodes",
      "description" : "ValueSet containg activity codes for hospital notification messages",
      "systems" : [
        "http://medcomfhir.dk/ig/terminology/CodeSystem/medcom-messaging-activityCodes"
      ]
    },
    {
      "url" : "http://medcomfhir.dk/ig/terminology/ValueSet/medcom-message-definition-type-valueset",
      "version" : "1.8.1",
      "status" : "active",
      "name" : "MedComMessageDefinitionTypeVS",
      "title" : "MedComMessageDefinitionTypeValueset",
      "description" : "MedComMessageDefinitionTypeVS for the messaging infrastructure",
      "systems" : [
        "http://medcomfhir.dk/ig/terminology/CodeSystem/medcom-message-definition-type"
      ]
    },
    {
      "url" : "http://medcomfhir.dk/ig/terminology/ValueSet/medcom-messagedefinition-identifer-system-valueset",
      "version" : "1.8.1",
      "status" : "active",
      "name" : "MedComMessageDefinitionIdentifierSystemVS",
      "title" : "MessageDefinitionIdentifierSystemValueset",
      "description" : "MessageDefinitionIdentifierSystemVS for the messaging infrastructure",
      "systems" : [
        "http://medcomfhir.dk/ig/terminology/CodeSystem/medcom-messagedefinition-identifer-system"
      ]
    },
    {
      "url" : "http://medcomfhir.dk/ig/terminology/ValueSet/medcom-messagedefinition-use-context-code-valueset",
      "version" : "1.8.1",
      "status" : "active",
      "name" : "MedComUseContextCodeSystemVS",
      "title" : "UseContextCodeSystemValueset",
      "description" : "UseContextCodeSystemVS for the messaging infrastructure",
      "systems" : ["http://terminology.hl7.org/CodeSystem/usage-context-type"]
    },
    {
      "url" : "http://medcomfhir.dk/ig/terminology/ValueSet/medcom-messaging-activityCodes",
      "version" : "1.8.1",
      "status" : "active",
      "name" : "MedComMessagingActivityCodes",
      "title" : "MedComMessagingActivityCodes",
      "description" : "ValueSet containing codes for activities occuring in MedCom messages",
      "systems" : [
        "http://medcomfhir.dk/ig/terminology/CodeSystem/medcom-messaging-activityCodes"
      ]
    },
    {
      "url" : "http://medcomfhir.dk/ig/terminology/ValueSet/medcom-messaging-messageTypes",
      "version" : "1.8.1",
      "status" : "active",
      "name" : "MedComMessagingMessageTypes",
      "title" : "MedComMessagingMessageTypes",
      "description" : "All message types of MedCom messages",
      "systems" : [
        "http://medcomfhir.dk/ig/terminology/CodeSystem/medcom-messaging-eventCodes"
      ]
    },
    {
      "url" : "http://medcomfhir.dk/ig/terminology/ValueSet/medcom-messaging-sorEdiValues",
      "version" : "1.8.1",
      "status" : "active",
      "name" : "MedComMessagingSorEdiValues",
      "title" : "MedComMessagingSorEdiValues",
      "description" : "Values for SOREDI message types",
      "systems" : [
        "http://medcomfhir.dk/ig/terminology/CodeSystem/medcom-messaging-sorEdiSystem"
      ]
    },
    {
      "url" : "http://medcomfhir.dk/ig/terminology/ValueSet/medcom-obs-responseGroup",
      "version" : "1.8.2",
      "status" : "active",
      "name" : "MedComObservarionResponesGroupValueSet",
      "title" : "MedComObservationResultGroupValueSet",
      "description" : "National response groups for observation results.",
      "systems" : [
        "http://medcomfhir.dk/ig/terminology/CodeSystem/medcom-observation-resultGroup"
      ]
    },
    {
      "url" : "http://medcomfhir.dk/ig/terminology/ValueSet/medcom-observation-valueset",
      "version" : "1.8.2",
      "status" : "active",
      "name" : "MedComObservationValueSet",
      "title" : "MedComObservationValueSet",
      "description" : "Valuesets for Observation defined by MedCom",
      "systems" : [
        "http://medcomfhir.dk/ig/terminology/CodeSystem/medcom-observation-codes"
      ]
    },
    {
      "url" : "http://medcomfhir.dk/ig/terminology/ValueSet/npu-observation-codes-valueset",
      "version" : "1.9.0",
      "status" : "active",
      "name" : "NPUObservationCodesValueSet",
      "title" : "NPUObservationCodesValueSet",
      "description" : "ValuseSet with NPU observations Codes",
      "systems" : ["urn:oid:1.2.208.176.2.1"]
    }
  ]
}
