<?xml version="1.0" encoding="UTF-8"?>

<ValueSet xmlns="http://hl7.org/fhir">
  <id value="medcom-conditionlist-status-valueset"/>
  <text>
    <status value="generated"/><div xmlns="http://www.w3.org/1999/xhtml"><p class="res-header-id"><b>Generated Narrative: ValueSet medcom-conditionlist-status-valueset</b></p><a name="medcom-conditionlist-status-valueset"> </a><a name="hcmedcom-conditionlist-status-valueset"> </a><ul><li>Include these codes as defined in <a href="http://www.snomed.org/"><code>http://snomed.info/sct</code></a><table class="none"><tr><td style="white-space:nowrap"><b>Code</b></td><td><b>Display</b></td></tr><tr><td><a href="http://snomed.info/id/723506003">723506003</a></td><td style="color: #cccccc">Resolved (qualifier value)</td></tr><tr><td><a href="http://snomed.info/id/15240007">15240007</a></td><td style="color: #cccccc">Current</td></tr></table></li></ul></div>
  </text>
  <url value="http://medcomfhir.dk/ig/terminology/ValueSet/medcom-conditionlist-status-valueset"/>
  <version value="1.8.1"/>
  <name value="MedComConditionListStatus"/>
  <title value="MedComConditionListStatus"/>
  <status value="active"/>
  <experimental value="false"/>
  <date value="2024-09-15"/>
  <publisher value="MedCom"/>
  <contact>
    <name value="MedCom"/>
    <telecom>
      <system value="url"/>
      <value value="http://www.medcom.dk"/>
    </telecom>
  </contact>
  <description value="MedComConditionListStatus used to define the status of a condition"/>
  <jurisdiction>
    <coding>
      <system value="urn:iso:std:iso:3166"/>
      <code value="DK"/>
      <display value="Denmark"/>
    </coding>
  </jurisdiction>
  <compose>
    <include>
      <system value="http://snomed.info/sct"/>
      <concept>
        <code value="723506003"/>
      </concept>
      <concept>
        <code value="15240007"/>
      </concept>
    </include>
  </compose>
</ValueSet>