{
  "resourceType" : "Communication",
  "id" : "4a003dce-060c-4d9d-b5d6-7513323049d1",
  "meta" : {
    "profile" : ["http://medcomfhir.dk/ig/carecommunication/StructureDefinition/medcom-careCommunication-communication|5.0.1"]
  },
  "text" : {
    "status" : "extensions",
    "div" : "<div xmlns=\"http://www.w3.org/1999/xhtml\"><p class=\"res-header-id\"><b>Generated Narrative: Communication 4a003dce-060c-4d9d-b5d6-7513323049d1</b></p><a name=\"4a003dce-060c-4d9d-b5d6-7513323049d1\"> </a><a name=\"hc4a003dce-060c-4d9d-b5d6-7513323049d1\"> </a><div style=\"display: inline-block; background-color: #d9e0e7; padding: 6px; margin: 4px; border: 1px solid #8da1b4; border-radius: 5px; line-height: 60%\"><p style=\"margin-bottom: 0px\"/><p style=\"margin-bottom: 0px\">Profile: <a href=\"http://medcomfhir.dk/ig/carecommunication/5.0.1/StructureDefinition-medcom-careCommunication-communication.html\">MedComCareCommunicationversion: null5.0.1)</a></p></div><p><b>identifier</b>: urn:uuid:c4a7575c-c3d7-4f34-a120-6f1ea28f9c12</p><p><b>status</b>: Unknown</p><p><b>category</b>: <span title=\"Codes:{http://medcomfhir.dk/ig/terminology/CodeSystem/medcom-careCommunication-categoryCodes examination-results}\">Undersøgelsessvar</span></p><p><b>subject</b>: <a href=\"Patient-64610edb-bb86-4248-87ae-28c1385c3c23.html\">Bruno Test Elmer (official) (no stated gender), DoB Unknown ( urn:oid:1.2.208.176.1.2#2509479989)</a></p><blockquote><p><b>payload</b></p><p><b>DateTimeExtension</b>: 2024-11-10 15:20:00+0100</p><p><b>IdentifierExtension</b>: urn:uuid:6abbaeaf-0c35-4212-9fc2-48d7b520ac69</p><p><b>PractitionerExtension</b>: <a href=\"PractitionerRole-bb760c55-95b0-4f74-9b16-794e7780d5f2.html\">PractitionerRole Sygehuslæge</a></p><p><b>ContactExtension</b>: ph: 004512345789</p><p><b>content</b>: To be removed</p></blockquote></div>"
  },
  "identifier" : [{
    "value" : "urn:uuid:c4a7575c-c3d7-4f34-a120-6f1ea28f9c12"
  }],
  "status" : "unknown",
  "category" : [{
    "coding" : [{
      "system" : "http://medcomfhir.dk/ig/terminology/CodeSystem/medcom-careCommunication-categoryCodes",
      "code" : "examination-results"
    }]
  }],
  "subject" : {
    "reference" : "Patient/64610edb-bb86-4248-87ae-28c1385c3c23"
  },
  "payload" : [{
    "extension" : [{
      "url" : "http://medcomfhir.dk/ig/core/StructureDefinition/medcom-core-datetime-extension",
      "valueDateTime" : "2024-11-10T15:20:00+01:00"
    },
    {
      "url" : "http://medcomfhir.dk/ig/core/StructureDefinition/medcom-core-identifier-extension",
      "valueIdentifier" : {
        "value" : "urn:uuid:6abbaeaf-0c35-4212-9fc2-48d7b520ac69",
        "assigner" : {
          "reference" : "Organization/409b87d3-398e-44cb-9246-35b47ff75cc4"
        }
      }
    },
    {
      "url" : "http://medcomfhir.dk/ig/core/StructureDefinition/medcom-core-practitioner-extension",
      "valueReference" : {
        "reference" : "PractitionerRole/bb760c55-95b0-4f74-9b16-794e7780d5f2"
      }
    },
    {
      "url" : "http://medcomfhir.dk/ig/core/StructureDefinition/medcom-core-contact-extension",
      "valueContactPoint" : {
        "system" : "phone",
        "value" : "004512345789"
      }
    }],
    "contentString" : "To be removed"
  }]
}