{
  "resourceType" : "Communication",
  "id" : "b2819bfe-07d1-4c26-94a3-a45a702a04a0",
  "meta" : {
    "profile" : ["http://medcomfhir.dk/ig/carecommunication/StructureDefinition/medcom-careCommunication-communication|5.0.1"]
  },
  "text" : {
    "status" : "extensions",
    "div" : "<div xmlns=\"http://www.w3.org/1999/xhtml\"><p class=\"res-header-id\"><b>Generated Narrative: Communication b2819bfe-07d1-4c26-94a3-a45a702a04a0</b></p><a name=\"b2819bfe-07d1-4c26-94a3-a45a702a04a0\"> </a><a name=\"hcb2819bfe-07d1-4c26-94a3-a45a702a04a0\"> </a><div style=\"display: inline-block; background-color: #d9e0e7; padding: 6px; margin: 4px; border: 1px solid #8da1b4; border-radius: 5px; line-height: 60%\"><p style=\"margin-bottom: 0px\"/><p style=\"margin-bottom: 0px\">Profile: <a href=\"http://medcomfhir.dk/ig/carecommunication/5.0.1/StructureDefinition-medcom-careCommunication-communication.html\">MedComCareCommunicationversion: null5.0.1)</a></p></div><p><b>SenderExtension</b>: <a href=\"CareTeam-48aa320d-dd35-40b8-a6c0-82312652b720.html\">CareTeam Team +80 år</a></p><p><b>identifier</b>: urn:uuid:b2eb3d0e-5de5-4de9-b2a3-0ff321ad1c3a</p><p><b>status</b>: Unknown</p><p><b>category</b>: <span title=\"Codes:{http://medcomfhir.dk/ig/terminology/CodeSystem/medcom-careCommunication-categoryCodes acute-ambulant}\">Akut ambulant</span></p><p><b>subject</b>: <a href=\"Patient-9fcf448a-4628-45e1-9098-0dd8de0e7e76.html\">Bruno Elmer (official) (no stated gender), DoB Unknown ( urn:oid:1.2.208.176.1.2#2509479989)</a></p><p><b>topic</b>: <span title=\"Codes:\">Kritisk tilstand</span></p><p><b>recipient</b>: <a href=\"PractitionerRole-2d808d61-69ec-4040-b6f8-2be94926f86e.html\">PractitionerRole </a></p><blockquote><p><b>payload</b></p><p><b>DateTimeExtension</b>: 2024-09-05 14:00:00+0200</p><p><b>IdentifierExtension</b>: urn:uuid:c87eb7b4-4680-499f-b6dd-49b0581ca5c6</p><p><b>PractitionerExtension</b>: <a href=\"PractitionerRole-2b9a1598-4147-472c-9f8a-712bb7479c57.html\">PractitionerRole Social- og sundhedsmedhjælper</a></p><p><b>ContactExtension</b>: ph: 38683868</p><p><b>content</b>: Til rette vedkommende på Arden Lægehus. Vedr. henvisningen af Elmer fra udskrivelse ønsker, vi at gøre jer opmærksomme på hans kritiske tilstand, som beskrevet i henvisningen. It contains the information you requested over the phone:\nProin aliquet sit amet justo quis auctor. Integer malesuada tempor purus sit amet dictum. Nulla dictum pharetra erat sit amet faucibus. Fusce porttitor, lectus sed volutpat pulvinar, tortor leo sodales elit, non mattis ligula enim dignissim ex. Donec ornare laoreet elit dapibus maximus. Mauris malesuada enim vitae ligula feugiat, eget rutrum orci auctor. Aenean feugiat volutpat magna ut venenatis. Proin eu ornare metus, in pretium sem. Aenean id bibendum urna. Sed ultricies mauris in erat bibendum rhoncus. Suspendisse ac porttitor tellus. Sed molestie pharetra turpis, pellentesque ultrices tortor sodales sit amet. Integer et nulla luctus, fermentum felis eget, consequat est. Curabitur sed blandit nunc. Etiam cursus neque id diam consequat pharetra. Orci varius natoque penatibus et magnis dis parturient montes, nascetur ridiculus mus.\nNulla vitae lectus ut ipsum lobortis porttitor id eu purus. In finibus erat vitae orci volutpat, in euismod lorem dignissim. Vivamus volutpat orci sit amet velit pulvinar, id elementum lacus placerat. Donec scelerisque ligula at risus auctor venenatis ac et nibh. Donec eget cursus ipsum. Etiam interdum, velit vitae pulvinar egestas, quam risus interdum nisi, ut porta odio magna at diam. Cras dignissim tempor urna id condimentum. Cras molestie sagittis venenatis. Aenean at rutrum tellus, sit amet mollis elit.\nPraesent dictum lacinia enim sit amet scelerisque. Proin cursus enim luctus mi fringilla rhoncus. Praesent sagittis, erat vel auctor pretium, elit leo vulputate quam, a tincidunt ante justo sit amet eros. Duis condimentum, dui sed finibus convallis, ipsum neque dictum mauris, quis pulvinar mauris mi feugiat enim. Proin ullamcorper nibh lorem, nec consequat erat rhoncus ut. Praesent nisi ligula, molestie in nulla a, interdum sagittis neque. Nulla viverra elit ac eros mattis ultricies. Pellentesque a iaculis tellus.\nLorem ipsum dolor sit amet, consectetur adipiscing elit. Phasellus commodo nibh nulla, sit amet interdum ex condimentum ac. Mauris sodales placerat mollis. Suspendisse non quam pretium, ultricies nisl in, vehicula neque. Vestibulum ante ipsum primis in faucibus orci luctus et ultrices posuere cubilia curae; Ut condimentum vel orci efficitur viverra. Praesent posuere molestie lacus at consectetur. Vivamus pharetra, eros vel porta pretium, urna sem sodales nisi, ac tristique massa nisl nec sem. Donec at massa non felis ullamcorper eleifend. Morbi sit amet pharetra orci. Vivamus laoreet viverra tempor.\nThis journal note is written by Hans Hansen on the 20th of November 2022 after a hospitalisation.\nProin aliquet sit amet justo quis auctor. Integer malesuada tempor purus sit amet dictum. Nulla dictum pharetra erat sit amet faucibus. Fusce porttitor, lectus sed volutpat pulvinar, tortor leo sodales elit, non mattis ligula enim dignissim ex. Donec ornare laoreet elit dapibus maximus. Mauris malesuada enim vitae ligula feugiat, eget rutrum orci auctor. Aenean feugiat volutpat magna ut venenatis. Proin eu ornare metus, in pretium sem. Aenean id bibendum urna. Sed ultricies mauris in erat bibendum rhoncus. Suspendisse ac porttitor tellus. Sed molestie pharetra turpis, pellentesque ultrices tortor sodales sit amet. Integer et nulla luctus, fermentum felis eget, consequat est. Curabitur sed blandit nunc. Etiam cursus neque id diam consequat pharetra. Orci varius natoque penatibus et magnis dis parturient montes, nascetur ridiculus mus.\nNulla vitae lectus ut ipsum lobortis porttitor id eu purus. In finibus erat vitae orci volutpat, in euismod lorem dignissim. Vivamus volutpat orci sit amet velit pulvinar, id elementum lacus placerat. Donec scelerisque ligula at risus auctor venenatis ac et nibh. Donec eget cursus ipsum. Etiam interdum, velit vitae pulvinar egestas, quam risus interdum nisi, ut porta odio magna at diam. Cras dignissim tempor urna id condimentum. Cras molestie sagittis venenatis. Aenean at rutrum tellus, sit amet mollis elit.\nPraesent dictum lacinia enim sit amet scelerisque. Proin cursus enim luctus mi fringilla rhoncus. Praesent sagittis, erat vel auctor pretium, elit leo vulputate quam, a tincidunt ante justo sit amet eros. Duis condimentum, dui sed finibus convallis, ipsum neque dictum mauris, quis pulvinar mauris mi feugiat enim. Proin ullamcorper nibh lorem, nec consequat erat rhoncus ut. Praesent nisi ligula, molestie in nulla a, interdum sagittis neque. Nulla viverra elit ac eros mattis ultricies. Pellentesque a iaculis tellus.\nLorem ipsum dolor sit amet, consectetur adipiscing elit. Phasellus commodo nibh nulla, sit amet interdum ex condimentum ac. Mauris sodales placerat mollis. Suspendisse non quam pretium, ultricies nisl in, vehicula neque. Vestibulum ante ipsum primis in faucibus orci luctus et ultrices posuere cubilia curae; Ut condimentum vel orci efficitur viverra. Praesent posuere molestie lacus at consectetur. Vivamus pharetra, eros vel porta pretium, urna sem sodales nisi, ac tristique massa nisl nec sem. Donec at massa non felis ullamcorper eleifend. Morbi sit amet pharetra orci. Vivamus laoreet viverra tempor.\nThis journal note is written by Hans Hansen on the 20th of November 2022 after a hospitalisation.\nProin aliquet sit amet justo quis auctor. Integer malesuada tempor purus sit amet dictum. Nulla dictum pharetra erat sit amet faucibus. Fusce porttitor, lectus sed volutpat pulvinar, tortor leo sodales elit, non mattis ligula enim dignissim ex. Donec ornare laoreet elit dapibus maximus. Mauris malesuada enim vitae ligula feugiat, eget rutrum orci auctor. Aenean feugiat volutpat magna ut venenatis. Proin eu ornare metus, in pretium sem. Aenean id bibendum urna. Sed ultricies mauris in erat bibendum rhoncus. Suspendisse ac porttitor tellus. Sed molestie pharetra turpis, pellentesque ultrices tortor sodales sit amet. Integer et nulla luctus, fermentum felis eget, consequat est. Curabitur sed blandit nunc. Etiam cursus neque id diam consequat pharetra. Orci varius natoque penatibus et magnis dis parturient montes, nascetur ridiculus mus.\nNulla vitae lectus ut ipsum lobortis porttitor id eu purus. In finibus erat vitae orci volutpat, in euismod lorem dignissim. Vivamus volutpat orci sit amet velit pulvinar, id elementum lacus placerat. Donec scelerisque ligula at risus auctor venenatis ac et nibh. Donec eget cursus ipsum. Etiam interdum, velit vitae pulvinar egestas, quam risus interdum nisi, ut porta odio magna at diam. Cras dignissim tempor urna id condimentum. Cras molestie sagittis venenatis. Aenean at rutrum tellus, sit amet mollis elit.\nPraesent dictum lacinia enim sit amet scelerisque. Proin cursus enim luctus mi fringilla rhoncus. Praesent sagittis, erat vel auctor pretium, elit leo vulputate quam, a tincidunt ante justo sit amet eros. Duis condimentum, dui sed finibus convallis, ipsum neque dictum mauris, quis pulvinar mauris mi feugiat enim. Proin ullamcorper nibh lorem, nec consequat erat rhoncus ut. Praesent nisi ligula, molestie in nulla a, interdum sagittis neque. Nulla viverra elit ac eros mattis ultricies. Pellentesque a iaculis tellus.\nLorem ipsum dolor sit amet, consectetur adipiscing elit. Phasellus commodo nibh nulla, sit amet interdum ex condimentum ac. Mauris sodales placerat mollis. Suspendisse non quam pretium, ultricies nisl in, vehicula neque. Vestibulum ante ipsum primis in faucibus orci luctus et ultrices posuere cubilia curae; Ut condimentum vel orci efficitur viverra. Praesent posuere molestie lacus at consectetur. Vivamus pharetra, eros vel porta pretium, urna sem sodales nisi, ac tristique massa nisl nec sem. Donec at massa non felis ullamcorper eleifend. Morbi sit amet pharetra orci. Vivamus laoreet viverra tempor.\nThis journal note is written by Hans Hansen on the 20th of November 2022 after a hospitalisation.\nProin aliquet sit amet justo quis auctor. Integer malesuada tempor purus sit amet dictum. Nulla dictum pharetra erat sit amet faucibus. Fusce porttitor, lectus sed volutpat pulvinar, tortor leo sodales elit, non mattis ligula enim dignissim ex. Donec ornare laoreet elit dapibus maximus. Mauris malesuada enim vitae ligula feugiat, eget rutrum orci auctor. Aenean feugiat volutpat magna ut venenatis. Proin eu ornare metus, in pretium sem. Aenean id bibendum urna. Sed ultricies mauris in erat bibendum rhoncus. Suspendisse ac porttitor tellus. Sed molestie pharetra turpis, pellentesque ultrices tortor sodales sit amet. Integer et nulla luctus, fermentum felis eget, consequat est. Curabitur sed blandit nunc. Etiam cursus neque id diam consequat pharetra. Orci varius natoque penatibus et magnis dis parturient montes, nascetur ridiculus mus.\nNulla vitae lectus ut ipsum lobortis porttitor id eu purus. In finibus erat vitae orci volutpat, in euismod lorem dignissim. Vivamus volutpat orci sit amet velit pulvinar, id elementum lacus placerat. Donec scelerisque ligula at risus auctor venenatis ac et nibh. Donec eget cursus ipsum. Etiam interdum, velit vitae pulvinar egestas, quam risus interdum nisi, ut porta odio magna at diam. Cras dignissim tempor urna id condimentum. Cras molestie sagittis venenatis. Aenean at rutrum tellus, sit amet mollis elit.\nPraesent dictum lacinia enim sit amet scelerisque. Proin cursus enim luctus mi fringilla rhoncus. Praesent sagittis, erat vel auctor pretium, elit leo vulputate quam, a tincidunt ante justo sit amet eros. Duis condimentum, dui sed finibus convallis, ipsum neque dictum mauris, quis pulvinar mauris mi feugiat enim. Proin ullamcorper nibh lorem, nec consequat erat rhoncus ut. Praesent nisi ligula, molestie in nulla a, interdum sagittis neque. Nulla viverra elit ac eros mattis ultricies. Pellentesque a iaculis tellus.\nLorem ipsum dolor sit amet, consectetur adipiscing elit. Phasellus commodo nibh nulla, sit amet interdum ex condimentum ac. Mauris sodales placerat mollis. Suspendisse non quam pretium, ultricies nisl in, vehicula neque. Vestibulum ante ipsum primis in faucibus orci luctus et ultrices posuere cubilia curae; Ut condimentum vel orci efficitur viverra. Praesent posuere molestie lacus at consectetur. Vivamus pharetra, eros vel porta pretium, urna sem sodales nisi, ac tristique massa nisl nec sem. Donec at massa non felis ullamcorper eleifend. Morbi sit amet pharetra orci. Vivamus laoreet viverra tempor.\nThis journal note is written by Hans Hansen on the 20th of November 2022 after a hospitalisation.\nHilsen Michael Burns\nSygeplejerske</p></blockquote></div>"
  },
  "extension" : [{
    "url" : "http://medcomfhir.dk/ig/core/StructureDefinition/medcom-core-sender-extension",
    "valueReference" : {
      "reference" : "CareTeam/48aa320d-dd35-40b8-a6c0-82312652b720"
    }
  }],
  "identifier" : [{
    "value" : "urn:uuid:b2eb3d0e-5de5-4de9-b2a3-0ff321ad1c3a"
  }],
  "status" : "unknown",
  "category" : [{
    "coding" : [{
      "system" : "http://medcomfhir.dk/ig/terminology/CodeSystem/medcom-careCommunication-categoryCodes",
      "code" : "acute-ambulant"
    }]
  }],
  "subject" : {
    "reference" : "Patient/9fcf448a-4628-45e1-9098-0dd8de0e7e76"
  },
  "topic" : {
    "text" : "Kritisk tilstand"
  },
  "recipient" : [{
    "reference" : "PractitionerRole/2d808d61-69ec-4040-b6f8-2be94926f86e"
  }],
  "payload" : [{
    "extension" : [{
      "url" : "http://medcomfhir.dk/ig/core/StructureDefinition/medcom-core-datetime-extension",
      "valueDateTime" : "2024-09-05T14:00:00+02:00"
    },
    {
      "url" : "http://medcomfhir.dk/ig/core/StructureDefinition/medcom-core-identifier-extension",
      "valueIdentifier" : {
        "value" : "urn:uuid:c87eb7b4-4680-499f-b6dd-49b0581ca5c6",
        "assigner" : {
          "reference" : "Organization/09844b02-9647-49e1-92ae-37dc5c721888"
        }
      }
    },
    {
      "url" : "http://medcomfhir.dk/ig/core/StructureDefinition/medcom-core-practitioner-extension",
      "valueReference" : {
        "reference" : "PractitionerRole/2b9a1598-4147-472c-9f8a-712bb7479c57"
      }
    },
    {
      "url" : "http://medcomfhir.dk/ig/core/StructureDefinition/medcom-core-contact-extension",
      "valueContactPoint" : {
        "system" : "phone",
        "value" : "38683868"
      }
    }],
    "contentString" : "Til rette vedkommende på Arden Lægehus. Vedr. henvisningen af Elmer fra udskrivelse ønsker, vi at gøre jer opmærksomme på hans kritiske tilstand, som beskrevet i henvisningen. It contains the information you requested over the phone:\nProin aliquet sit amet justo quis auctor. Integer malesuada tempor purus sit amet dictum. Nulla dictum pharetra erat sit amet faucibus. Fusce porttitor, lectus sed volutpat pulvinar, tortor leo sodales elit, non mattis ligula enim dignissim ex. Donec ornare laoreet elit dapibus maximus. Mauris malesuada enim vitae ligula feugiat, eget rutrum orci auctor. Aenean feugiat volutpat magna ut venenatis. Proin eu ornare metus, in pretium sem. Aenean id bibendum urna. Sed ultricies mauris in erat bibendum rhoncus. Suspendisse ac porttitor tellus. Sed molestie pharetra turpis, pellentesque ultrices tortor sodales sit amet. Integer et nulla luctus, fermentum felis eget, consequat est. Curabitur sed blandit nunc. Etiam cursus neque id diam consequat pharetra. Orci varius natoque penatibus et magnis dis parturient montes, nascetur ridiculus mus.\nNulla vitae lectus ut ipsum lobortis porttitor id eu purus. In finibus erat vitae orci volutpat, in euismod lorem dignissim. Vivamus volutpat orci sit amet velit pulvinar, id elementum lacus placerat. Donec scelerisque ligula at risus auctor venenatis ac et nibh. Donec eget cursus ipsum. Etiam interdum, velit vitae pulvinar egestas, quam risus interdum nisi, ut porta odio magna at diam. Cras dignissim tempor urna id condimentum. Cras molestie sagittis venenatis. Aenean at rutrum tellus, sit amet mollis elit.\nPraesent dictum lacinia enim sit amet scelerisque. Proin cursus enim luctus mi fringilla rhoncus. Praesent sagittis, erat vel auctor pretium, elit leo vulputate quam, a tincidunt ante justo sit amet eros. Duis condimentum, dui sed finibus convallis, ipsum neque dictum mauris, quis pulvinar mauris mi feugiat enim. Proin ullamcorper nibh lorem, nec consequat erat rhoncus ut. Praesent nisi ligula, molestie in nulla a, interdum sagittis neque. Nulla viverra elit ac eros mattis ultricies. Pellentesque a iaculis tellus.\nLorem ipsum dolor sit amet, consectetur adipiscing elit. Phasellus commodo nibh nulla, sit amet interdum ex condimentum ac. Mauris sodales placerat mollis. Suspendisse non quam pretium, ultricies nisl in, vehicula neque. Vestibulum ante ipsum primis in faucibus orci luctus et ultrices posuere cubilia curae; Ut condimentum vel orci efficitur viverra. Praesent posuere molestie lacus at consectetur. Vivamus pharetra, eros vel porta pretium, urna sem sodales nisi, ac tristique massa nisl nec sem. Donec at massa non felis ullamcorper eleifend. Morbi sit amet pharetra orci. Vivamus laoreet viverra tempor.\nThis journal note is written by Hans Hansen on the 20th of November 2022 after a hospitalisation.\nProin aliquet sit amet justo quis auctor. Integer malesuada tempor purus sit amet dictum. Nulla dictum pharetra erat sit amet faucibus. Fusce porttitor, lectus sed volutpat pulvinar, tortor leo sodales elit, non mattis ligula enim dignissim ex. Donec ornare laoreet elit dapibus maximus. Mauris malesuada enim vitae ligula feugiat, eget rutrum orci auctor. Aenean feugiat volutpat magna ut venenatis. Proin eu ornare metus, in pretium sem. Aenean id bibendum urna. Sed ultricies mauris in erat bibendum rhoncus. Suspendisse ac porttitor tellus. Sed molestie pharetra turpis, pellentesque ultrices tortor sodales sit amet. Integer et nulla luctus, fermentum felis eget, consequat est. Curabitur sed blandit nunc. Etiam cursus neque id diam consequat pharetra. Orci varius natoque penatibus et magnis dis parturient montes, nascetur ridiculus mus.\nNulla vitae lectus ut ipsum lobortis porttitor id eu purus. In finibus erat vitae orci volutpat, in euismod lorem dignissim. Vivamus volutpat orci sit amet velit pulvinar, id elementum lacus placerat. Donec scelerisque ligula at risus auctor venenatis ac et nibh. Donec eget cursus ipsum. Etiam interdum, velit vitae pulvinar egestas, quam risus interdum nisi, ut porta odio magna at diam. Cras dignissim tempor urna id condimentum. Cras molestie sagittis venenatis. Aenean at rutrum tellus, sit amet mollis elit.\nPraesent dictum lacinia enim sit amet scelerisque. Proin cursus enim luctus mi fringilla rhoncus. Praesent sagittis, erat vel auctor pretium, elit leo vulputate quam, a tincidunt ante justo sit amet eros. Duis condimentum, dui sed finibus convallis, ipsum neque dictum mauris, quis pulvinar mauris mi feugiat enim. Proin ullamcorper nibh lorem, nec consequat erat rhoncus ut. Praesent nisi ligula, molestie in nulla a, interdum sagittis neque. Nulla viverra elit ac eros mattis ultricies. Pellentesque a iaculis tellus.\nLorem ipsum dolor sit amet, consectetur adipiscing elit. Phasellus commodo nibh nulla, sit amet interdum ex condimentum ac. Mauris sodales placerat mollis. Suspendisse non quam pretium, ultricies nisl in, vehicula neque. Vestibulum ante ipsum primis in faucibus orci luctus et ultrices posuere cubilia curae; Ut condimentum vel orci efficitur viverra. Praesent posuere molestie lacus at consectetur. Vivamus pharetra, eros vel porta pretium, urna sem sodales nisi, ac tristique massa nisl nec sem. Donec at massa non felis ullamcorper eleifend. Morbi sit amet pharetra orci. Vivamus laoreet viverra tempor.\nThis journal note is written by Hans Hansen on the 20th of November 2022 after a hospitalisation.\nProin aliquet sit amet justo quis auctor. Integer malesuada tempor purus sit amet dictum. Nulla dictum pharetra erat sit amet faucibus. Fusce porttitor, lectus sed volutpat pulvinar, tortor leo sodales elit, non mattis ligula enim dignissim ex. Donec ornare laoreet elit dapibus maximus. Mauris malesuada enim vitae ligula feugiat, eget rutrum orci auctor. Aenean feugiat volutpat magna ut venenatis. Proin eu ornare metus, in pretium sem. Aenean id bibendum urna. Sed ultricies mauris in erat bibendum rhoncus. Suspendisse ac porttitor tellus. Sed molestie pharetra turpis, pellentesque ultrices tortor sodales sit amet. Integer et nulla luctus, fermentum felis eget, consequat est. Curabitur sed blandit nunc. Etiam cursus neque id diam consequat pharetra. Orci varius natoque penatibus et magnis dis parturient montes, nascetur ridiculus mus.\nNulla vitae lectus ut ipsum lobortis porttitor id eu purus. In finibus erat vitae orci volutpat, in euismod lorem dignissim. Vivamus volutpat orci sit amet velit pulvinar, id elementum lacus placerat. Donec scelerisque ligula at risus auctor venenatis ac et nibh. Donec eget cursus ipsum. Etiam interdum, velit vitae pulvinar egestas, quam risus interdum nisi, ut porta odio magna at diam. Cras dignissim tempor urna id condimentum. Cras molestie sagittis venenatis. Aenean at rutrum tellus, sit amet mollis elit.\nPraesent dictum lacinia enim sit amet scelerisque. Proin cursus enim luctus mi fringilla rhoncus. Praesent sagittis, erat vel auctor pretium, elit leo vulputate quam, a tincidunt ante justo sit amet eros. Duis condimentum, dui sed finibus convallis, ipsum neque dictum mauris, quis pulvinar mauris mi feugiat enim. Proin ullamcorper nibh lorem, nec consequat erat rhoncus ut. Praesent nisi ligula, molestie in nulla a, interdum sagittis neque. Nulla viverra elit ac eros mattis ultricies. Pellentesque a iaculis tellus.\nLorem ipsum dolor sit amet, consectetur adipiscing elit. Phasellus commodo nibh nulla, sit amet interdum ex condimentum ac. Mauris sodales placerat mollis. Suspendisse non quam pretium, ultricies nisl in, vehicula neque. Vestibulum ante ipsum primis in faucibus orci luctus et ultrices posuere cubilia curae; Ut condimentum vel orci efficitur viverra. Praesent posuere molestie lacus at consectetur. Vivamus pharetra, eros vel porta pretium, urna sem sodales nisi, ac tristique massa nisl nec sem. Donec at massa non felis ullamcorper eleifend. Morbi sit amet pharetra orci. Vivamus laoreet viverra tempor.\nThis journal note is written by Hans Hansen on the 20th of November 2022 after a hospitalisation.\nProin aliquet sit amet justo quis auctor. Integer malesuada tempor purus sit amet dictum. Nulla dictum pharetra erat sit amet faucibus. Fusce porttitor, lectus sed volutpat pulvinar, tortor leo sodales elit, non mattis ligula enim dignissim ex. Donec ornare laoreet elit dapibus maximus. Mauris malesuada enim vitae ligula feugiat, eget rutrum orci auctor. Aenean feugiat volutpat magna ut venenatis. Proin eu ornare metus, in pretium sem. Aenean id bibendum urna. Sed ultricies mauris in erat bibendum rhoncus. Suspendisse ac porttitor tellus. Sed molestie pharetra turpis, pellentesque ultrices tortor sodales sit amet. Integer et nulla luctus, fermentum felis eget, consequat est. Curabitur sed blandit nunc. Etiam cursus neque id diam consequat pharetra. Orci varius natoque penatibus et magnis dis parturient montes, nascetur ridiculus mus.\nNulla vitae lectus ut ipsum lobortis porttitor id eu purus. In finibus erat vitae orci volutpat, in euismod lorem dignissim. Vivamus volutpat orci sit amet velit pulvinar, id elementum lacus placerat. Donec scelerisque ligula at risus auctor venenatis ac et nibh. Donec eget cursus ipsum. Etiam interdum, velit vitae pulvinar egestas, quam risus interdum nisi, ut porta odio magna at diam. Cras dignissim tempor urna id condimentum. Cras molestie sagittis venenatis. Aenean at rutrum tellus, sit amet mollis elit.\nPraesent dictum lacinia enim sit amet scelerisque. Proin cursus enim luctus mi fringilla rhoncus. Praesent sagittis, erat vel auctor pretium, elit leo vulputate quam, a tincidunt ante justo sit amet eros. Duis condimentum, dui sed finibus convallis, ipsum neque dictum mauris, quis pulvinar mauris mi feugiat enim. Proin ullamcorper nibh lorem, nec consequat erat rhoncus ut. Praesent nisi ligula, molestie in nulla a, interdum sagittis neque. Nulla viverra elit ac eros mattis ultricies. Pellentesque a iaculis tellus.\nLorem ipsum dolor sit amet, consectetur adipiscing elit. Phasellus commodo nibh nulla, sit amet interdum ex condimentum ac. Mauris sodales placerat mollis. Suspendisse non quam pretium, ultricies nisl in, vehicula neque. Vestibulum ante ipsum primis in faucibus orci luctus et ultrices posuere cubilia curae; Ut condimentum vel orci efficitur viverra. Praesent posuere molestie lacus at consectetur. Vivamus pharetra, eros vel porta pretium, urna sem sodales nisi, ac tristique massa nisl nec sem. Donec at massa non felis ullamcorper eleifend. Morbi sit amet pharetra orci. Vivamus laoreet viverra tempor.\nThis journal note is written by Hans Hansen on the 20th of November 2022 after a hospitalisation.\nHilsen Michael Burns\nSygeplejerske"
  }]
}