{
  "resourceType" : "Communication",
  "id" : "26bc9e59-e225-4330-9a0c-e6f06785846d",
  "meta" : {
    "profile" : ["http://medcomfhir.dk/ig/carecommunication/StructureDefinition/medcom-careCommunication-communication|5.0.1"]
  },
  "text" : {
    "status" : "extensions",
    "div" : "<div xmlns=\"http://www.w3.org/1999/xhtml\"><p class=\"res-header-id\"><b>Generated Narrative: Communication 26bc9e59-e225-4330-9a0c-e6f06785846d</b></p><a name=\"26bc9e59-e225-4330-9a0c-e6f06785846d\"> </a><a name=\"hc26bc9e59-e225-4330-9a0c-e6f06785846d\"> </a><div style=\"display: inline-block; background-color: #d9e0e7; padding: 6px; margin: 4px; border: 1px solid #8da1b4; border-radius: 5px; line-height: 60%\"><p style=\"margin-bottom: 0px\"/><p style=\"margin-bottom: 0px\">Profile: <a href=\"http://medcomfhir.dk/ig/carecommunication/5.0.1/StructureDefinition-medcom-careCommunication-communication.html\">MedComCareCommunicationversion: null5.0.1)</a></p></div><p><b>identifier</b>: urn:uuid:d6d721a1-f4ec-4906-8946-ef808525bef1</p><p><b>status</b>: Unknown</p><p><b>category</b>: <span title=\"Codes:{http://medcomfhir.dk/ig/terminology/CodeSystem/medcom-careCommunication-categoryCodes examination-results}\">Undersøgelsessvar</span></p><p><b>subject</b>: <a href=\"Patient-b7fed758-bfdd-4c21-bfca-bb0b4b7081a0.html\">Peter Hansen (official) (no stated gender), DoB Unknown ( urn:oid:1.2.208.176.1.6.1.1#0703921VJ5)</a></p><p><b>topic</b>: <span title=\"Codes:\">Forspørgsel på seneste resultater</span></p><blockquote><p><b>payload</b></p><p><b>DateTimeExtension</b>: 2024-08-24 12:00:00+0200</p><p><b>IdentifierExtension</b>: urn:uuid:67ebe566-c20e-4885-8fff-5552875ef74c</p><p><b>PractitionerExtension</b>: <a href=\"PractitionerRole-569a1bff-55a1-4868-a7b4-80fedb2066e3.html\">PractitionerRole Sygeplejerske</a></p><p><b>ContactExtension</b>: ph: 38683868</p><p><b>content</b>: Til rette vedkommende. Vi ønsker information om de seneste undersøgelser udført på Bruno.\nPå forhånd tak.\nHilsen Michael Burns\nSygeplejerske</p></blockquote></div>"
  },
  "identifier" : [{
    "value" : "urn:uuid:d6d721a1-f4ec-4906-8946-ef808525bef1"
  }],
  "status" : "unknown",
  "category" : [{
    "coding" : [{
      "system" : "http://medcomfhir.dk/ig/terminology/CodeSystem/medcom-careCommunication-categoryCodes",
      "code" : "examination-results"
    }]
  }],
  "subject" : {
    "reference" : "Patient/b7fed758-bfdd-4c21-bfca-bb0b4b7081a0"
  },
  "topic" : {
    "text" : "Forspørgsel på seneste resultater"
  },
  "payload" : [{
    "extension" : [{
      "url" : "http://medcomfhir.dk/ig/core/StructureDefinition/medcom-core-datetime-extension",
      "valueDateTime" : "2024-08-24T12:00:00+02:00"
    },
    {
      "url" : "http://medcomfhir.dk/ig/core/StructureDefinition/medcom-core-identifier-extension",
      "valueIdentifier" : {
        "value" : "urn:uuid:67ebe566-c20e-4885-8fff-5552875ef74c",
        "assigner" : {
          "reference" : "Organization/55b3ef79-9e10-4b52-9d94-6c97ff5a0999"
        }
      }
    },
    {
      "url" : "http://medcomfhir.dk/ig/core/StructureDefinition/medcom-core-practitioner-extension",
      "valueReference" : {
        "reference" : "PractitionerRole/569a1bff-55a1-4868-a7b4-80fedb2066e3"
      }
    },
    {
      "url" : "http://medcomfhir.dk/ig/core/StructureDefinition/medcom-core-contact-extension",
      "valueContactPoint" : {
        "system" : "phone",
        "value" : "38683868"
      }
    }],
    "contentString" : "Til rette vedkommende. Vi ønsker information om de seneste undersøgelser udført på Bruno.\nPå forhånd tak.\nHilsen Michael Burns\nSygeplejerske"
  }]
}