{
  "resourceType" : "Communication",
  "id" : "435427fb-84c4-496e-ba55-4234091e83cc",
  "meta" : {
    "profile" : ["http://medcomfhir.dk/ig/carecommunication/StructureDefinition/medcom-careCommunication-communication"]
  },
  "text" : {
    "status" : "extensions",
    "div" : "<div xmlns=\"http://www.w3.org/1999/xhtml\"><p class=\"res-header-id\"><b>Generated Narrative: Communication 435427fb-84c4-496e-ba55-4234091e83cc</b></p><a name=\"435427fb-84c4-496e-ba55-4234091e83cc\"> </a><a name=\"hc435427fb-84c4-496e-ba55-4234091e83cc\"> </a><div style=\"display: inline-block; background-color: #d9e0e7; padding: 6px; margin: 4px; border: 1px solid #8da1b4; border-radius: 5px; line-height: 60%\"><p style=\"margin-bottom: 0px\"/><p style=\"margin-bottom: 0px\">Profile: <a href=\"http://medcomfhir.dk/ig/carecommunication/5.0.0/StructureDefinition-medcom-careCommunication-communication.html\">MedComCareCommunication</a></p></div><p><b>identifier</b>: urn:uuid:ea0e95d0-f72c-4e7f-9250-a2037be75545</p><p><b>status</b>: Unknown</p><p><b>category</b>: <span title=\"Codes:{http://medcomfhir.dk/ig/terminology/CodeSystem/medcom-careCommunication-categoryCodes training}\">Træning</span></p><p><b>subject</b>: <a href=\"Patient-83949bef-2b75-429c-ada7-ca3998fb046a.html\">Bruno Test Elmer (official) Mand, DoB Unknown ( urn:oid:1.2.208.176.1.2#2509479989)</a></p><blockquote><p><b>payload</b></p><p><b>DateTimeExtension</b>: 2024-11-08 08:00:00+0100</p><p><b>IdentifierExtension</b>: urn:uuid:8f4863a0-bb37-41f5-bcd9-944f3b04fe11</p><p><b>PractitionerExtension</b>: <a href=\"PractitionerRole-e2eb406c-3a28-4509-baba-2d0a0f6db759.html\">PractitionerRole Ledende lægesekretær</a></p><p><b>ContactExtension</b>: <a href=\"tel:+4512345789\">+4512345789</a></p><p><b>content</b>: Til rette vedkommende. Vi ønsker information om de seneste undersøgelser udført på Bruno.\nJeg har indsat en masse ekstra information på afsender, modtager og patienten, kan man se det?\nPå forhånd tak.\nHilsen Michael Burns\nLedende Lægesekretær</p></blockquote></div>"
  },
  "identifier" : [{
    "value" : "urn:uuid:ea0e95d0-f72c-4e7f-9250-a2037be75545"
  }],
  "status" : "unknown",
  "category" : [{
    "coding" : [{
      "system" : "http://medcomfhir.dk/ig/terminology/CodeSystem/medcom-careCommunication-categoryCodes",
      "code" : "training"
    }]
  }],
  "subject" : {
    "reference" : "Patient/83949bef-2b75-429c-ada7-ca3998fb046a"
  },
  "payload" : [{
    "extension" : [{
      "url" : "http://medcomfhir.dk/ig/core/StructureDefinition/medcom-core-datetime-extension",
      "valueDateTime" : "2024-11-08T08:00:00+01:00"
    },
    {
      "url" : "http://medcomfhir.dk/ig/core/StructureDefinition/medcom-core-identifier-extension",
      "valueIdentifier" : {
        "value" : "urn:uuid:8f4863a0-bb37-41f5-bcd9-944f3b04fe11",
        "assigner" : {
          "reference" : "Organization/89a4dee7-145b-4d09-abaf-24529cb12f15"
        }
      }
    },
    {
      "url" : "http://medcomfhir.dk/ig/core/StructureDefinition/medcom-core-practitioner-extension",
      "valueReference" : {
        "reference" : "PractitionerRole/e2eb406c-3a28-4509-baba-2d0a0f6db759"
      }
    },
    {
      "url" : "http://medcomfhir.dk/ig/core/StructureDefinition/medcom-core-contact-extension",
      "valueContactPoint" : {
        "system" : "phone",
        "value" : "+4512345789"
      }
    }],
    "contentString" : "Til rette vedkommende. Vi ønsker information om de seneste undersøgelser udført på Bruno.\nJeg har indsat en masse ekstra information på afsender, modtager og patienten, kan man se det?\nPå forhånd tak.\nHilsen Michael Burns\nLedende Lægesekretær"
  }]
}