{
  "resourceType" : "MessageHeader",
  "id" : "ejklfdsio8klakfd.hjfkdshfjk-hfjkdshfj89432n7f",
  "meta" : {
    "profile" : ["http://medcomfhir.dk/ig/carecommunication/StructureDefinition/medcom-careCommunication-messageHeader"]
  },
  "text" : {
    "status" : "generated",
    "div" : "<div xmlns=\"http://www.w3.org/1999/xhtml\"><p class=\"res-header-id\"><b>Generated Narrative: MessageHeader ejklfdsio8klakfd.hjfkdshfjk-hfjkdshfj89432n7f</b></p><a name=\"ejklfdsio8klakfd.hjfkdshfjk-hfjkdshfj89432n7f\"> </a><a name=\"hcejklfdsio8klakfd.hjfkdshfjk-hfjkdshfj89432n7f\"> </a><div style=\"display: inline-block; background-color: #d9e0e7; padding: 6px; margin: 4px; border: 1px solid #8da1b4; border-radius: 5px; line-height: 60%\"><p style=\"margin-bottom: 0px\"/><p style=\"margin-bottom: 0px\">Profile: <a href=\"http://medcomfhir.dk/ig/carecommunication/5.0.0/StructureDefinition-medcom-careCommunication-messageHeader.html\">MedComCareCommunicationMessageHeader</a></p></div><p><b>event</b>: <a href=\"http://medcomfhir.dk/ig/terminology/1.8.1/CodeSystem-medcom-messaging-eventCodes.html#medcom-messaging-eventCodes-care-communication-message\">MedComMessagingEventCodes care-communication-message</a>: Care Communication Message</p><h3>Destinations</h3><table class=\"grid\"><tr><td style=\"display: none\">-</td><td><b>Extension</b></td><td><b>Endpoint</b></td><td><b>Receiver</b></td></tr><tr><td style=\"display: none\">*</td><td/><td><a href=\"https://sor2.sum.dsdn.dk/#id=330461000016004\">https://sor2.sum.dsdn.dk/#id=330461000016004</a></td><td><a href=\"Organization-ghjghgh.html\">Organization Sundhedsplejen, Aabenraa kommune</a></td></tr></table><p><b>sender</b>: <a href=\"Organization-dfhjkshertu6787bjbsjnmbdf-hfjdks7.html\">Organization Klinik for Ældresygdomme, AUH, Skejby</a></p><h3>Sources</h3><table class=\"grid\"><tr><td style=\"display: none\">-</td><td><b>Endpoint</b></td></tr><tr><td style=\"display: none\">*</td><td><a href=\"https://sor2.sum.dsdn.dk/#id=4412110000160004\">https://sor2.sum.dsdn.dk/#id=4412110000160004</a></td></tr></table><p><b>focus</b>: <a href=\"Communication-45645.hfjksr7.klklj.html\">Communication: identifier = urn:uuid:3fab3414-6c8b-45bf-af93-27dd333554c6; status = unknown; category = Hjælpemidler</a></p><p><b>definition</b>: <a href=\"http://medcomfhir.dk/ig/messagedefinitions/1.0.0/MessageDefinition-MedComCareCommunicationMessageDefinitionV5.0.html\">http://medcomfhir.dk/ig/messagedefinitions/MessageDefinition/MedComCareCommunicationMessageDefinition|5.0</a></p></div>"
  },
  "eventCoding" : {
    "system" : "http://medcomfhir.dk/ig/terminology/CodeSystem/medcom-messaging-eventCodes",
    "code" : "care-communication-message"
  },
  "destination" : [{
    "extension" : [{
      "url" : "http://medcomfhir.dk/ig/messaging/StructureDefinition/medcom-messaging-destinationUseExtension",
      "valueCoding" : {
        "system" : "http://medcomfhir.dk/ig/terminology/CodeSystem/medcom-messaging-destinationUse",
        "code" : "primary"
      }
    }],
    "endpoint" : "https://sor2.sum.dsdn.dk/#id=330461000016004",
    "receiver" : {
      "reference" : "Organization/ghjghgh"
    }
  }],
  "sender" : {
    "reference" : "Organization/dfhjkshertu6787bjbsjnmbdf-hfjdks7"
  },
  "source" : {
    "endpoint" : "https://sor2.sum.dsdn.dk/#id=4412110000160004"
  },
  "focus" : [{
    "reference" : "Communication/45645.hfjksr7.klklj"
  }],
  "definition" : "http://medcomfhir.dk/ig/messagedefinitions/MessageDefinition/MedComCareCommunicationMessageDefinition|5.0"
}