{
  "resourceType" : "MessageHeader",
  "id" : "ea9d2910-fe51-416f-bd92-3e8a23c22c59",
  "meta" : {
    "profile" : ["http://medcomfhir.dk/ig/carecommunication/StructureDefinition/medcom-careCommunication-messageHeader"]
  },
  "text" : {
    "status" : "generated",
    "div" : "<div xmlns=\"http://www.w3.org/1999/xhtml\"><p class=\"res-header-id\"><b>Generated Narrative: MessageHeader ea9d2910-fe51-416f-bd92-3e8a23c22c59</b></p><a name=\"ea9d2910-fe51-416f-bd92-3e8a23c22c59\"> </a><a name=\"hcea9d2910-fe51-416f-bd92-3e8a23c22c59\"> </a><div style=\"display: inline-block; background-color: #d9e0e7; padding: 6px; margin: 4px; border: 1px solid #8da1b4; border-radius: 5px; line-height: 60%\"><p style=\"margin-bottom: 0px\"/><p style=\"margin-bottom: 0px\">Profile: <a href=\"http://medcomfhir.dk/ig/carecommunication/5.0.0/StructureDefinition-medcom-careCommunication-messageHeader.html\">MedComCareCommunicationMessageHeader</a></p></div><p><b>event</b>: <a href=\"http://medcomfhir.dk/ig/terminology/1.8.1/CodeSystem-medcom-messaging-eventCodes.html#medcom-messaging-eventCodes-care-communication-message\">MedComMessagingEventCodes care-communication-message</a>: Care Communication Message</p><h3>Destinations</h3><table class=\"grid\"><tr><td style=\"display: none\">-</td><td><b>Extension</b></td><td><b>Endpoint</b></td><td><b>Receiver</b></td></tr><tr><td style=\"display: none\">*</td><td/><td><a href=\"https://sor2.sum.dsdn.dk/#id=325251000016005\">https://sor2.sum.dsdn.dk/#id=325251000016005</a></td><td><a href=\"Organization-cb801931-b871-418d-bdc5-912893096dea.html\">Organization MedCom XDIS91</a></td></tr></table><p><b>sender</b>: <a href=\"Organization-f6494a29-1837-4f64-b903-da0d46e5da69.html\">Organization MedCom FDIS91</a></p><h3>Sources</h3><table class=\"grid\"><tr><td style=\"display: none\">-</td><td><b>Endpoint</b></td></tr><tr><td style=\"display: none\">*</td><td><a href=\"https://sor2.sum.dsdn.dk/#id=325371000016006\">https://sor2.sum.dsdn.dk/#id=325371000016006</a></td></tr></table><p><b>focus</b>: <a href=\"Communication-625a7fc6-cf65-4285-bbcc-93ea59755b2e.html\">Communication: identifier = urn:uuid:eca85df4-e6c9-41d7-88c0-7e6fb79029b9; status = unknown; category = Undersøgelsessvar</a></p><p><b>definition</b>: <a href=\"http://medcomfhir.dk/ig/messagedefinitions/1.0.0/MessageDefinition-MedComCareCommunicationMessageDefinitionV5.0.html\">http://medcomfhir.dk/ig/messagedefinitions/MessageDefinition/MedComCareCommunicationMessageDefinition|5.0</a></p></div>"
  },
  "eventCoding" : {
    "system" : "http://medcomfhir.dk/ig/terminology/CodeSystem/medcom-messaging-eventCodes",
    "code" : "care-communication-message"
  },
  "destination" : [{
    "extension" : [{
      "url" : "http://medcomfhir.dk/ig/messaging/StructureDefinition/medcom-messaging-destinationUseExtension",
      "valueCoding" : {
        "system" : "http://medcomfhir.dk/ig/terminology/CodeSystem/medcom-messaging-destinationUse",
        "code" : "primary"
      }
    }],
    "endpoint" : "https://sor2.sum.dsdn.dk/#id=325251000016005",
    "receiver" : {
      "reference" : "Organization/cb801931-b871-418d-bdc5-912893096dea"
    }
  }],
  "sender" : {
    "reference" : "Organization/f6494a29-1837-4f64-b903-da0d46e5da69"
  },
  "source" : {
    "endpoint" : "https://sor2.sum.dsdn.dk/#id=325371000016006"
  },
  "focus" : [{
    "reference" : "Communication/625a7fc6-cf65-4285-bbcc-93ea59755b2e"
  }],
  "definition" : "http://medcomfhir.dk/ig/messagedefinitions/MessageDefinition/MedComCareCommunicationMessageDefinition|5.0"
}