{
  "resourceType" : "Organization",
  "id" : "d2ac69eb-568e-4201-b29d-2af8d3126518",
  "meta" : {
    "profile" : ["http://medcomfhir.dk/ig/messaging/StructureDefinition/medcom-messaging-organization"]
  },
  "text" : {
    "status" : "generated",
    "div" : "<div xmlns=\"http://www.w3.org/1999/xhtml\"><p class=\"res-header-id\"><b>Generated Narrative: Organization d2ac69eb-568e-4201-b29d-2af8d3126518</b></p><a name=\"d2ac69eb-568e-4201-b29d-2af8d3126518\"> </a><a name=\"hcd2ac69eb-568e-4201-b29d-2af8d3126518\"> </a><div style=\"display: inline-block; background-color: #d9e0e7; padding: 6px; margin: 4px; border: 1px solid #8da1b4; border-radius: 5px; line-height: 60%\"><p style=\"margin-bottom: 0px\"/><p style=\"margin-bottom: 0px\">Profile: <a href=\"http://medcomfhir.dk/ig/messaging/4.0.0/StructureDefinition-medcom-messaging-organization.html\">MedComMessagingOrganization</a></p></div><p><b>identifier</b>: <code>https://www.gs1.org/gln</code>/5790001387419, <code>urn:oid:1.2.208.176.1.1</code>/953751000016007</p></div>"
  },
  "identifier" : [{
    "system" : "https://www.gs1.org/gln",
    "value" : "5790001387419"
  },
  {
    "system" : "urn:oid:1.2.208.176.1.1",
    "value" : "953751000016007"
  }]
}