{
  "resourceType" : "Organization",
  "id" : "26bfb2de-a811-4744-9883-9a50c59e710d",
  "meta" : {
    "profile" : ["http://medcomfhir.dk/ig/messaging/StructureDefinition/medcom-messaging-organization|4.0.1"]
  },
  "text" : {
    "status" : "generated",
    "div" : "<div xmlns=\"http://www.w3.org/1999/xhtml\"><p class=\"res-header-id\"><b>Generated Narrative: Organization 26bfb2de-a811-4744-9883-9a50c59e710d</b></p><a name=\"26bfb2de-a811-4744-9883-9a50c59e710d\"> </a><a name=\"hc26bfb2de-a811-4744-9883-9a50c59e710d\"> </a><div style=\"display: inline-block; background-color: #d9e0e7; padding: 6px; margin: 4px; border: 1px solid #8da1b4; border-radius: 5px; line-height: 60%\"><p style=\"margin-bottom: 0px\"/><p style=\"margin-bottom: 0px\">Profile: <a href=\"http://medcomfhir.dk/ig/messaging/4.0.1/StructureDefinition-medcom-messaging-organization.html\">MedComMessagingOrganizationversion: null4.0.1)</a></p></div><p><b>identifier</b>: <code>https://www.gs1.org/gln</code>/5790001353308, <code>urn:oid:1.2.208.176.1.1</code>/330461000016004</p><p><b>name</b>: Sundhedsplejen, Aabenraa kommune</p></div>"
  },
  "identifier" : [{
    "system" : "https://www.gs1.org/gln",
    "value" : "5790001353308"
  },
  {
    "system" : "urn:oid:1.2.208.176.1.1",
    "value" : "330461000016004"
  }],
  "name" : "Sundhedsplejen, Aabenraa kommune"
}