{
  "resourceType" : "Organization",
  "id" : "46037d39-bd84-4419-b132-fa9d9e9c6134",
  "meta" : {
    "profile" : ["http://medcomfhir.dk/ig/messaging/StructureDefinition/medcom-messaging-organization"]
  },
  "text" : {
    "status" : "generated",
    "div" : "<div xmlns=\"http://www.w3.org/1999/xhtml\"><p class=\"res-header-id\"><b>Generated Narrative: Organization 46037d39-bd84-4419-b132-fa9d9e9c6134</b></p><a name=\"46037d39-bd84-4419-b132-fa9d9e9c6134\"> </a><a name=\"hc46037d39-bd84-4419-b132-fa9d9e9c6134\"> </a><div style=\"display: inline-block; background-color: #d9e0e7; padding: 6px; margin: 4px; border: 1px solid #8da1b4; border-radius: 5px; line-height: 60%\"><p style=\"margin-bottom: 0px\"/><p style=\"margin-bottom: 0px\">Profile: <a href=\"http://medcomfhir.dk/ig/messaging/4.0.0/StructureDefinition-medcom-messaging-organization.html\">MedComMessagingOrganization</a></p></div><p><b>identifier</b>: <code>https://www.gs1.org/gln</code>/5790001387419, <code>urn:oid:1.2.208.176.1.1</code>/382871000016004</p><p><b>name</b>: Arden Lægehus</p></div>"
  },
  "identifier" : [{
    "system" : "https://www.gs1.org/gln",
    "value" : "5790001387419"
  },
  {
    "system" : "urn:oid:1.2.208.176.1.1",
    "value" : "382871000016004"
  }],
  "name" : "Arden Lægehus"
}