{
  "resourceType" : "Organization",
  "id" : "c20dccdc-4a01-4e06-b9f2-5246152794ab",
  "meta" : {
    "profile" : ["http://medcomfhir.dk/ig/messaging/StructureDefinition/medcom-messaging-organization"]
  },
  "text" : {
    "status" : "generated",
    "div" : "<div xmlns=\"http://www.w3.org/1999/xhtml\"><p class=\"res-header-id\"><b>Generated Narrative: Organization c20dccdc-4a01-4e06-b9f2-5246152794ab</b></p><a name=\"c20dccdc-4a01-4e06-b9f2-5246152794ab\"> </a><a name=\"hcc20dccdc-4a01-4e06-b9f2-5246152794ab\"> </a><div style=\"display: inline-block; background-color: #d9e0e7; padding: 6px; margin: 4px; border: 1px solid #8da1b4; border-radius: 5px; line-height: 60%\"><p style=\"margin-bottom: 0px\"/><p style=\"margin-bottom: 0px\">Profile: <a href=\"http://medcomfhir.dk/ig/messaging/4.0.0/StructureDefinition-medcom-messaging-organization.html\">MedComMessagingOrganization</a></p></div><p><b>identifier</b>: <code>https://www.gs1.org/gln</code>/5790000120314, <code>urn:oid:1.2.208.176.1.1</code>/325371000016006</p><p><b>name</b>: MedCom FDIS91</p></div>"
  },
  "identifier" : [{
    "system" : "https://www.gs1.org/gln",
    "value" : "5790000120314"
  },
  {
    "system" : "urn:oid:1.2.208.176.1.1",
    "value" : "325371000016006"
  }],
  "name" : "MedCom FDIS91"
}