{
  "resourceType" : "Patient",
  "id" : "c4909be8-2684-4dc7-87ec-3e91eb8c0ac6",
  "meta" : {
    "profile" : ["http://medcomfhir.dk/ig/core/StructureDefinition/medcom-core-patient|3.0.1"]
  },
  "text" : {
    "status" : "generated",
    "div" : "<div xmlns=\"http://www.w3.org/1999/xhtml\"><p class=\"res-header-id\"><b>Generated Narrative: Patient c4909be8-2684-4dc7-87ec-3e91eb8c0ac6</b></p><a name=\"c4909be8-2684-4dc7-87ec-3e91eb8c0ac6\"> </a><a name=\"hcc4909be8-2684-4dc7-87ec-3e91eb8c0ac6\"> </a><div style=\"display: inline-block; background-color: #d9e0e7; padding: 6px; margin: 4px; border: 1px solid #8da1b4; border-radius: 5px; line-height: 60%\"><p style=\"margin-bottom: 0px\"/><p style=\"margin-bottom: 0px\">Profile: <a href=\"http://medcomfhir.dk/ig/core/3.0.1/StructureDefinition-medcom-core-patient.html\">MedComCorePatientversion: null3.0.1)</a></p></div><p style=\"border: 1px #661aff solid; background-color: #e6e6ff; padding: 10px;\">Bruno Elmer (official) (no stated gender), DoB Unknown ( urn:oid:1.2.208.176.1.2#2509479989)</p><hr/></div>"
  },
  "identifier" : [{
    "system" : "urn:oid:1.2.208.176.1.2",
    "value" : "2509479989"
  }],
  "name" : [{
    "use" : "official",
    "family" : "Elmer",
    "given" : ["Bruno"]
  }]
}