{
  "resourceType" : "Patient",
  "id" : "8d7f4ef8-ac79-4b7d-b9e7-b769471221b2",
  "meta" : {
    "profile" : ["http://medcomfhir.dk/ig/core/StructureDefinition/medcom-core-patient"]
  },
  "text" : {
    "status" : "generated",
    "div" : "<div xmlns=\"http://www.w3.org/1999/xhtml\"><p class=\"res-header-id\"><b>Generated Narrative: Patient 8d7f4ef8-ac79-4b7d-b9e7-b769471221b2</b></p><a name=\"8d7f4ef8-ac79-4b7d-b9e7-b769471221b2\"> </a><a name=\"hc8d7f4ef8-ac79-4b7d-b9e7-b769471221b2\"> </a><div style=\"display: inline-block; background-color: #d9e0e7; padding: 6px; margin: 4px; border: 1px solid #8da1b4; border-radius: 5px; line-height: 60%\"><p style=\"margin-bottom: 0px\"/><p style=\"margin-bottom: 0px\">Profile: <a href=\"http://medcomfhir.dk/ig/core/3.0.0/StructureDefinition-medcom-core-patient.html\">MedComCorePatient</a></p></div><p style=\"border: 1px #661aff solid; background-color: #e6e6ff; padding: 10px;\">Peter Hansen (official) (no stated gender), DoB Unknown ( urn:oid:1.2.208.176.1.6.1.1#0703921VJ5)</p><hr/></div>"
  },
  "identifier" : [{
    "system" : "urn:oid:1.2.208.176.1.6.1.1",
    "value" : "0703921VJ5"
  }],
  "name" : [{
    "use" : "official",
    "family" : "Hansen",
    "given" : ["Peter"]
  }]
}