{
  "resourceType" : "Patient",
  "id" : "2f6d23d0-239c-44bb-9033-acab45416029",
  "meta" : {
    "profile" : ["http://medcomfhir.dk/ig/core/StructureDefinition/medcom-core-patient"]
  },
  "text" : {
    "status" : "generated",
    "div" : "<div xmlns=\"http://www.w3.org/1999/xhtml\"><p class=\"res-header-id\"><b>Generated Narrative: Patient 2f6d23d0-239c-44bb-9033-acab45416029</b></p><a name=\"2f6d23d0-239c-44bb-9033-acab45416029\"> </a><a name=\"hc2f6d23d0-239c-44bb-9033-acab45416029\"> </a><div style=\"display: inline-block; background-color: #d9e0e7; padding: 6px; margin: 4px; border: 1px solid #8da1b4; border-radius: 5px; line-height: 60%\"><p style=\"margin-bottom: 0px\"/><p style=\"margin-bottom: 0px\">Profile: <a href=\"http://medcomfhir.dk/ig/core/3.0.0/StructureDefinition-medcom-core-patient.html\">MedComCorePatient</a></p></div><p style=\"border: 1px #661aff solid; background-color: #e6e6ff; padding: 10px;\">Bruno Test Elmer (official) (no stated gender), DoB Unknown ( urn:oid:1.2.208.176.1.2#2509479989)</p><hr/></div>"
  },
  "identifier" : [{
    "system" : "urn:oid:1.2.208.176.1.2",
    "value" : "2509479989"
  }],
  "name" : [{
    "use" : "official",
    "family" : "Elmer",
    "given" : ["Bruno",
    "Test"]
  }]
}