{
  "resourceType" : "Practitioner",
  "id" : "1236e5b1-40cf-4d40-b44a-0ae8e8931121",
  "meta" : {
    "profile" : ["http://medcomfhir.dk/ig/core/StructureDefinition/medcom-core-practitioner"]
  },
  "text" : {
    "status" : "generated",
    "div" : "<div xmlns=\"http://www.w3.org/1999/xhtml\"><p class=\"res-header-id\"><b>Generated Narrative: Practitioner 1236e5b1-40cf-4d40-b44a-0ae8e8931121</b></p><a name=\"1236e5b1-40cf-4d40-b44a-0ae8e8931121\"> </a><a name=\"hc1236e5b1-40cf-4d40-b44a-0ae8e8931121\"> </a><div style=\"display: inline-block; background-color: #d9e0e7; padding: 6px; margin: 4px; border: 1px solid #8da1b4; border-radius: 5px; line-height: 60%\"><p style=\"margin-bottom: 0px\"/><p style=\"margin-bottom: 0px\">Profile: <a href=\"http://medcomfhir.dk/ig/core/3.0.0/StructureDefinition-medcom-core-practitioner.html\">MedComCorePractitioner</a></p></div><p><b>name</b>: Michael Magnus Burns </p></div>"
  },
  "name" : [{
    "family" : "Burns",
    "given" : ["Michael",
    "Magnus"]
  }]
}