{
  "resourceType" : "Practitioner",
  "id" : "9ec69637-d91e-491d-a5b2-ec1661b98bc5",
  "meta" : {
    "profile" : ["http://medcomfhir.dk/ig/core/StructureDefinition/medcom-core-practitioner"]
  },
  "text" : {
    "status" : "generated",
    "div" : "<div xmlns=\"http://www.w3.org/1999/xhtml\"><p class=\"res-header-id\"><b>Generated Narrative: Practitioner 9ec69637-d91e-491d-a5b2-ec1661b98bc5</b></p><a name=\"9ec69637-d91e-491d-a5b2-ec1661b98bc5\"> </a><a name=\"hc9ec69637-d91e-491d-a5b2-ec1661b98bc5\"> </a><div style=\"display: inline-block; background-color: #d9e0e7; padding: 6px; margin: 4px; border: 1px solid #8da1b4; border-radius: 5px; line-height: 60%\"><p style=\"margin-bottom: 0px\"/><p style=\"margin-bottom: 0px\">Profile: <a href=\"http://medcomfhir.dk/ig/core/3.0.0/StructureDefinition-medcom-core-practitioner.html\">MedComCorePractitioner</a></p></div><p><b>name</b>: Kim Jensen </p></div>"
  },
  "name" : [{
    "family" : "Jensen",
    "given" : ["Kim"]
  }]
}