{
  "resourceType" : "Practitioner",
  "id" : "27162d09-991e-49af-b7f4-ca8e1a047f29",
  "meta" : {
    "profile" : ["http://medcomfhir.dk/ig/core/StructureDefinition/medcom-core-practitioner|3.0.1"]
  },
  "text" : {
    "status" : "generated",
    "div" : "<div xmlns=\"http://www.w3.org/1999/xhtml\"><p class=\"res-header-id\"><b>Generated Narrative: Practitioner 27162d09-991e-49af-b7f4-ca8e1a047f29</b></p><a name=\"27162d09-991e-49af-b7f4-ca8e1a047f29\"> </a><a name=\"hc27162d09-991e-49af-b7f4-ca8e1a047f29\"> </a><div style=\"display: inline-block; background-color: #d9e0e7; padding: 6px; margin: 4px; border: 1px solid #8da1b4; border-radius: 5px; line-height: 60%\"><p style=\"margin-bottom: 0px\"/><p style=\"margin-bottom: 0px\">Profile: <a href=\"http://medcomfhir.dk/ig/core/3.0.1/StructureDefinition-medcom-core-practitioner.html\">MedComCorePractitionerversion: null3.0.1)</a></p></div><p><b>name</b>: Emma Waters </p></div>"
  },
  "name" : [{
    "family" : "Waters",
    "given" : ["Emma"]
  }]
}