{
  "resourceType" : "PractitionerRole",
  "id" : "ab46bc08-6adb-4e35-8640-e2b9fed48fe7",
  "meta" : {
    "profile" : ["http://medcomfhir.dk/ig/core/StructureDefinition/medcom-core-practitionerrole"]
  },
  "text" : {
    "status" : "generated",
    "div" : "<div xmlns=\"http://www.w3.org/1999/xhtml\"><p class=\"res-header-id\"><b>Generated Narrative: PractitionerRole ab46bc08-6adb-4e35-8640-e2b9fed48fe7</b></p><a name=\"ab46bc08-6adb-4e35-8640-e2b9fed48fe7\"> </a><a name=\"hcab46bc08-6adb-4e35-8640-e2b9fed48fe7\"> </a><div style=\"display: inline-block; background-color: #d9e0e7; padding: 6px; margin: 4px; border: 1px solid #8da1b4; border-radius: 5px; line-height: 60%\"><p style=\"margin-bottom: 0px\"/><p style=\"margin-bottom: 0px\">Profile: <a href=\"http://medcomfhir.dk/ig/core/3.0.0/StructureDefinition-medcom-core-practitionerrole.html\">MedComCorePractitionerRole</a></p></div><p><b>practitioner</b>: <a href=\"Practitioner-663501c4-0e82-4883-8b08-6fb6a20719ea.html\">Practitioner Michael Magnus Burns </a></p><p><b>code</b>: <span title=\"Codes:{http://medcomfhir.dk/ig/terminology/CodeSystem/medcom-core-PractitionerRolesSKSadministrativ sygeplejerske}\">Sygeplejerske</span></p></div>"
  },
  "practitioner" : {
    "reference" : "Practitioner/663501c4-0e82-4883-8b08-6fb6a20719ea"
  },
  "code" : [{
    "coding" : [{
      "system" : "http://medcomfhir.dk/ig/terminology/CodeSystem/medcom-core-PractitionerRolesSKSadministrativ",
      "code" : "sygeplejerske"
    }]
  }]
}