{
  "resourceType" : "PractitionerRole",
  "id" : "9461158c-801b-4664-ab92-150d86841aee",
  "meta" : {
    "profile" : ["http://medcomfhir.dk/ig/core/StructureDefinition/medcom-core-practitionerrole"]
  },
  "text" : {
    "status" : "generated",
    "div" : "<div xmlns=\"http://www.w3.org/1999/xhtml\"><p class=\"res-header-id\"><b>Generated Narrative: PractitionerRole 9461158c-801b-4664-ab92-150d86841aee</b></p><a name=\"9461158c-801b-4664-ab92-150d86841aee\"> </a><a name=\"hc9461158c-801b-4664-ab92-150d86841aee\"> </a><div style=\"display: inline-block; background-color: #d9e0e7; padding: 6px; margin: 4px; border: 1px solid #8da1b4; border-radius: 5px; line-height: 60%\"><p style=\"margin-bottom: 0px\"/><p style=\"margin-bottom: 0px\">Profile: <a href=\"http://medcomfhir.dk/ig/core/3.0.0/StructureDefinition-medcom-core-practitionerrole.html\">MedComCorePractitionerRole</a></p></div><p><b>practitioner</b>: <a href=\"Practitioner-3f7389fd-44fb-458c-831e-f2c3995c3dd3.html\">Practitioner Emma Waters </a></p><p><b>organization</b>: <a href=\"Organization-3d079530-8c63-4c5c-a6f9-825279aef4d2.html\">Organization Hjerteafdelingen på Herlev og Gentofte hospital</a></p><p><b>code</b>: <span title=\"Codes:{http://medcomfhir.dk/ig/terminology/CodeSystem/medcom-core-PractitionerRolesSKSadministrativ sygeplejerske}\">Sygeplejerske</span></p></div>"
  },
  "practitioner" : {
    "reference" : "Practitioner/3f7389fd-44fb-458c-831e-f2c3995c3dd3"
  },
  "organization" : {
    "reference" : "Organization/3d079530-8c63-4c5c-a6f9-825279aef4d2"
  },
  "code" : [{
    "coding" : [{
      "system" : "http://medcomfhir.dk/ig/terminology/CodeSystem/medcom-core-PractitionerRolesSKSadministrativ",
      "code" : "sygeplejerske"
    }]
  }]
}