{
  "resourceType" : "Practitioner",
  "id" : "dd46a69e-b2e5-4e0d-9cc4-95259c9722e2",
  "meta" : {
    "profile" : ["http://medcomfhir.dk/ig/core/StructureDefinition/medcom-core-practitioner"]
  },
  "text" : {
    "status" : "generated",
    "div" : "<div xmlns=\"http://www.w3.org/1999/xhtml\"><p class=\"res-header-id\"><b>Generated Narrative: Practitioner dd46a69e-b2e5-4e0d-9cc4-95259c9722e2</b></p><a name=\"dd46a69e-b2e5-4e0d-9cc4-95259c9722e2\"> </a><a name=\"hcdd46a69e-b2e5-4e0d-9cc4-95259c9722e2\"> </a><div style=\"display: inline-block; background-color: #d9e0e7; padding: 6px; margin: 4px; border: 1px solid #8da1b4; border-radius: 5px; line-height: 60%\"><p style=\"margin-bottom: 0px\"/><p style=\"margin-bottom: 0px\">Profile: <a href=\"http://medcomfhir.dk/ig/core/3.0.0/StructureDefinition-medcom-core-practitioner.html\">MedComCorePractitioner</a></p></div><p><b>name</b>: Michael Burns </p></div>"
  },
  "name" : [{
    "family" : "Burns",
    "given" : ["Michael"]
  }]
}