{
  "resourceType" : "Practitioner",
  "id" : "881a94fd-8fc5-4d60-be50-8dac03c63fb7",
  "meta" : {
    "profile" : ["http://medcomfhir.dk/ig/core/StructureDefinition/medcom-core-practitioner|3.0.1"]
  },
  "text" : {
    "status" : "generated",
    "div" : "<div xmlns=\"http://www.w3.org/1999/xhtml\"><p class=\"res-header-id\"><b>Generated Narrative: Practitioner 881a94fd-8fc5-4d60-be50-8dac03c63fb7</b></p><a name=\"881a94fd-8fc5-4d60-be50-8dac03c63fb7\"> </a><a name=\"hc881a94fd-8fc5-4d60-be50-8dac03c63fb7\"> </a><div style=\"display: inline-block; background-color: #d9e0e7; padding: 6px; margin: 4px; border: 1px solid #8da1b4; border-radius: 5px; line-height: 60%\"><p style=\"margin-bottom: 0px\"/><p style=\"margin-bottom: 0px\">Profile: <a href=\"http://medcomfhir.dk/ig/core/3.0.1/StructureDefinition-medcom-core-practitioner.html\">MedComCorePractitionerversion: null3.0.1)</a></p></div><p><b>name</b>: Henrik Elderly </p></div>"
  },
  "name" : [{
    "family" : "Elderly",
    "given" : ["Henrik"]
  }]
}