{
  "resourceType" : "PractitionerRole",
  "id" : "569a1bff-55a1-4868-a7b4-80fedb2066e3",
  "meta" : {
    "profile" : ["http://medcomfhir.dk/ig/core/StructureDefinition/medcom-core-practitionerrole"]
  },
  "text" : {
    "status" : "generated",
    "div" : "<div xmlns=\"http://www.w3.org/1999/xhtml\"><p class=\"res-header-id\"><b>Generated Narrative: PractitionerRole 569a1bff-55a1-4868-a7b4-80fedb2066e3</b></p><a name=\"569a1bff-55a1-4868-a7b4-80fedb2066e3\"> </a><a name=\"hc569a1bff-55a1-4868-a7b4-80fedb2066e3\"> </a><div style=\"display: inline-block; background-color: #d9e0e7; padding: 6px; margin: 4px; border: 1px solid #8da1b4; border-radius: 5px; line-height: 60%\"><p style=\"margin-bottom: 0px\"/><p style=\"margin-bottom: 0px\">Profile: <a href=\"http://medcomfhir.dk/ig/core/3.0.0/StructureDefinition-medcom-core-practitionerrole.html\">MedComCorePractitionerRole</a></p></div><p><b>practitioner</b>: <a href=\"Practitioner-a28e0818-2957-4d60-bc86-41d236bf23db.html\">Practitioner Michael Burns </a></p><p><b>code</b>: <span title=\"Codes:{http://medcomfhir.dk/ig/terminology/CodeSystem/medcom-core-PractitionerRolesSKSadministrativ sygeplejerske}\">Sygeplejerske</span></p></div>"
  },
  "practitioner" : {
    "reference" : "Practitioner/a28e0818-2957-4d60-bc86-41d236bf23db"
  },
  "code" : [{
    "coding" : [{
      "system" : "http://medcomfhir.dk/ig/terminology/CodeSystem/medcom-core-PractitionerRolesSKSadministrativ",
      "code" : "sygeplejerske"
    }]
  }]
}