{
  "resourceType" : "TestScript",
  "id" : "carecommunication-send-new-attachment-pdf",
  "meta" : {
    "profile" : ["http://touchstone.aegis.net/touchstone/fhir/testing/StructureDefinition/testscript"]
  },
  "text" : {
    "status" : "generated",
    "div" : "<div xmlns=\"http://www.w3.org/1999/xhtml\"><p class=\"res-header-id\"><b>Generated Narrative: TestScript carecommunication-send-new-attachment-pdf</b></p><a name=\"carecommunication-send-new-attachment-pdf\"> </a><a name=\"hccarecommunication-send-new-attachment-pdf\"> </a><div style=\"display: inline-block; background-color: #d9e0e7; padding: 6px; margin: 4px; border: 1px solid #8da1b4; border-radius: 5px; line-height: 60%\"><p style=\"margin-bottom: 0px\"/><p style=\"margin-bottom: 0px\">Profile: <code>http://touchstone.aegis.net/touchstone/fhir/testing/StructureDefinition/testscript</code></p></div><p><b>url</b>: <a href=\"TestScript-carecommunication-send-new-attachment-pdf.html\">TestScript Send CareCommunication with a pdf-document as an attached file. </a></p><p><b>version</b>: 5.0.0</p><p><b>name</b>: CareCommunicationTestScript</p><p><b>title</b>: Send CareCommunication with a pdf-document as an attached file. </p><p><b>status</b>: Aktiv</p><p><b>date</b>: 2025-10-15</p><p><b>contact</b>: MedCom: <a href=\"mailto:mailto:fhir@medcom.dk\">mailto:fhir@medcom.dk</a></p><p><b>description</b>: </p><div><p>Send CareCommunication with a pdf-document as an attached file.</p>\n</div><p><b>jurisdiction</b>: <span title=\"Codes:{urn:iso:std:iso:3166 DK}\">Denmark</span></p><p><b>copyright</b>: </p><div><p>MedCom 2023</p>\n</div><h3>Origins</h3><table class=\"grid\"><tr><td style=\"display: none\">-</td><td><b>Index</b></td><td><b>Profile</b></td></tr><tr><td style=\"display: none\">*</td><td>1</td><td><a href=\"http://terminology.hl7.org/6.5.0/CodeSystem-testscript-profile-origin-types.html#testscript-profile-origin-types-FHIR-Client\">Test script profile origin type FHIR-Client</a>: FHIR Client</td></tr></table><h3>Destinations</h3><table class=\"grid\"><tr><td style=\"display: none\">-</td><td><b>Index</b></td><td><b>Profile</b></td></tr><tr><td style=\"display: none\">*</td><td>1</td><td><a href=\"http://terminology.hl7.org/6.5.0/CodeSystem-testscript-profile-destination-types.html#testscript-profile-destination-types-FHIR-Server\">Test script profile destination type FHIR-Server</a>: FHIR Server</td></tr></table><blockquote><p><b>fixture</b></p><blockquote><p><b>id</b></p>create-new-message-01</blockquote><p><b>autocreate</b>: false</p><p><b>autodelete</b>: false</p><p><b>resource</b>: <code>../Fixtures/CareCommunication-fixture.xml</code></p></blockquote><p><b>profile</b>: <a href=\"http://medcomfhir.dk/ig/carecommunication/5.0.1/StructureDefinition-medcom-careCommunication-message.html\">http://medcomfhir.dk/ig/carecommunication/StructureDefinition/medcom-careCommunication-message|5.0.1</a></p><blockquote><p><b>variable</b></p><p><b>name</b>: messageHeaderid-new-message-01</p><p><b>expression</b>: Bundle.entry[0].resource.id</p><p><b>sourceId</b>: create-new-message-01</p></blockquote><blockquote><p><b>variable</b></p><p><b>name</b>: searchParamIdentifier-new-message</p><p><b>expression</b>: Bundle.entry.resource.ofType(MessageHeader).id</p><p><b>sourceId</b>: create-new-message</p></blockquote><blockquote><p><b>test</b></p><blockquote><p><b>id</b></p>carecommunication-create-new-message-01</blockquote><p><b>name</b>: Create a CareCommunication new-message Message 01</p><p><b>description</b>: Post CareCommunication to the server.</p><blockquote><p><b>action</b></p><h3>Operations</h3><table class=\"grid\"><tr><td style=\"display: none\">-</td><td><b>Type</b></td><td><b>Resource</b></td><td><b>Description</b></td><td><b>Destination</b></td><td><b>EncodeRequestUrl</b></td><td><b>Origin</b></td><td><b>SourceId</b></td></tr><tr><td style=\"display: none\">*</td><td><a href=\"http://terminology.hl7.org/6.5.0/CodeSystem-testscript-operation-codes.html#testscript-operation-codes-create\">Test script operation code create</a>: Create</td><td>Bundle</td><td>Post a carecommunication</td><td>1</td><td>true</td><td>1</td><td>create-new-message-01</td></tr></table></blockquote><blockquote><p><b>action</b></p><h3>Asserts</h3><table class=\"grid\"><tr><td style=\"display: none\">-</td><td><b>Description</b></td><td><b>Direction</b></td><td><b>ValidateProfileId</b></td><td><b>WarningOnly</b></td></tr><tr><td style=\"display: none\">*</td><td>Validates the bundle against http://medcomfhir.dk/ig/carecommunication/ImplementationGuide/dk.fhir.ig.dk-medcom-carecommunication|5.0.1</td><td>request</td><td>carecommunication</td><td>false</td></tr></table></blockquote><blockquote><p><b>action</b></p><h3>Asserts</h3><table class=\"grid\"><tr><td style=\"display: none\">-</td><td><b>Description</b></td><td><b>Direction</b></td><td><b>Operator</b></td><td><b>ResponseCode</b></td><td><b>WarningOnly</b></td></tr><tr><td style=\"display: none\">*</td><td>Confirm that the returned HTTP status is okay or created.</td><td>response</td><td>in</td><td>200,201</td><td>false</td></tr></table></blockquote><blockquote><p><b>action</b></p><h3>Asserts</h3><table class=\"grid\"><tr><td style=\"display: none\">-</td><td><b>Description</b></td><td><b>Direction</b></td><td><b>Resource</b></td><td><b>WarningOnly</b></td></tr><tr><td style=\"display: none\">*</td><td>Confirm that the client request payload contains a Bundle resource type.</td><td>request</td><td>Bundle</td><td>false</td></tr></table></blockquote><blockquote><p><b>action</b></p><h3>Asserts</h3><table class=\"grid\"><tr><td style=\"display: none\">-</td><td><b>Description</b></td><td><b>Direction</b></td><td><b>Expression</b></td><td><b>WarningOnly</b></td></tr><tr><td style=\"display: none\">*</td><td>Confirm that the request resource contains the expected eventCoding.code.</td><td>request</td><td>Bundle.entry.resource.ofType(MessageHeader).event.as(Coding).code = 'care-communication-message'</td><td>false</td></tr></table></blockquote><blockquote><p><b>action</b></p><h3>Asserts</h3><table class=\"grid\"><tr><td style=\"display: none\">-</td><td><b>Description</b></td><td><b>Direction</b></td><td><b>Expression</b></td><td><b>WarningOnly</b></td></tr><tr><td style=\"display: none\">*</td><td>Confirm that the request resource contains the expected activity code.</td><td>request</td><td>Bundle.entry.resource.ofType(Provenance).where(activity.coding.code = 'new-message').exists()</td><td>false</td></tr></table></blockquote><blockquote><p><b>action</b></p><h3>Asserts</h3><table class=\"grid\"><tr><td style=\"display: none\">-</td><td><b>Description</b></td><td><b>Direction</b></td><td><b>Expression</b></td><td><b>WarningOnly</b></td></tr><tr><td style=\"display: none\">*</td><td>Confirm that the target reference in Provenance equals MessageHeader.id</td><td>request</td><td>Bundle.entry.resource.ofType(Provenance).where(target.reference.contains(%resource.entry[0].resource.id)).exists()</td><td>false</td></tr></table></blockquote><blockquote><p><b>action</b></p><h3>Asserts</h3><table class=\"grid\"><tr><td style=\"display: none\">-</td><td><b>Description</b></td><td><b>Direction</b></td><td><b>Expression</b></td><td><b>WarningOnly</b></td></tr><tr><td style=\"display: none\">*</td><td>Confirm that the Communication.identifier is a UUID v4.</td><td>request</td><td>Bundle.entry.resource.ofType(Communication).identifier.value.matches('urn:uuid:[0-9a-f]{8}-[0-9a-f]{4}-[0-9a-f]{4}-[0-9a-f]{4}-[0-9a-f]{12}')</td><td>false</td></tr></table></blockquote><blockquote><p><b>action</b></p><h3>Asserts</h3><table class=\"grid\"><tr><td style=\"display: none\">-</td><td><b>Description</b></td><td><b>Direction</b></td><td><b>Expression</b></td><td><b>WarningOnly</b></td></tr><tr><td style=\"display: none\">*</td><td>Confirm that an attachment of the type 'application/pdf' is included</td><td>request</td><td>Bundle.entry.resource.ofType(Communication).payload.content.where(contentType = 'application/pdf').data.exists()</td><td>false</td></tr></table></blockquote></blockquote></div>"
  },
  "url" : "http://medcomfhir.dk/ig/carecommunicationtestscript/carecommunication-send-new-attachment-pdf",
  "version" : "5.0.0",
  "name" : "CareCommunicationTestScript",
  "title" : "Send CareCommunication with a pdf-document as an attached file. ",
  "status" : "active",
  "date" : "2025-10-15",
  "contact" : [{
    "name" : "MedCom",
    "telecom" : [{
      "system" : "email",
      "value" : "mailto:fhir@medcom.dk"
    }]
  }],
  "description" : "Send CareCommunication with a pdf-document as an attached file. ",
  "jurisdiction" : [{
    "coding" : [{
      "system" : "urn:iso:std:iso:3166",
      "code" : "DK",
      "display" : "Denmark"
    }]
  }],
  "copyright" : "MedCom 2023",
  "origin" : [{
    "index" : 1,
    "profile" : {
      "system" : "http://terminology.hl7.org/CodeSystem/testscript-profile-origin-types",
      "code" : "FHIR-Client"
    }
  }],
  "destination" : [{
    "index" : 1,
    "profile" : {
      "system" : "http://terminology.hl7.org/CodeSystem/testscript-profile-destination-types",
      "code" : "FHIR-Server"
    }
  }],
  "fixture" : [{
    "id" : "create-new-message-01",
    "autocreate" : false,
    "autodelete" : false,
    "resource" : {
      "reference" : "../Fixtures/CareCommunication-fixture.xml"
    }
  }],
  "profile" : [{
    "id" : "carecommunication",
    "reference" : "http://medcomfhir.dk/ig/carecommunication/StructureDefinition/medcom-careCommunication-message|5.0.1"
  }],
  "variable" : [{
    "name" : "messageHeaderid-new-message-01",
    "expression" : "Bundle.entry[0].resource.id",
    "sourceId" : "create-new-message-01"
  },
  {
    "name" : "searchParamIdentifier-new-message",
    "expression" : "Bundle.entry.resource.ofType(MessageHeader).id",
    "sourceId" : "create-new-message"
  }],
  "test" : [{
    "id" : "carecommunication-create-new-message-01",
    "name" : "Create a CareCommunication new-message Message 01",
    "description" : "Post CareCommunication to the server.",
    "action" : [{
      "operation" : {
        "type" : {
          "system" : "http://terminology.hl7.org/CodeSystem/testscript-operation-codes",
          "code" : "create"
        },
        "resource" : "Bundle",
        "description" : "Post a carecommunication",
        "destination" : 1,
        "encodeRequestUrl" : true,
        "origin" : 1,
        "sourceId" : "create-new-message-01"
      }
    },
    {
      "assert" : {
        "description" : "Validates the bundle against http://medcomfhir.dk/ig/carecommunication/ImplementationGuide/dk.fhir.ig.dk-medcom-carecommunication|5.0.1",
        "direction" : "request",
        "validateProfileId" : "carecommunication",
        "warningOnly" : false
      }
    },
    {
      "assert" : {
        "description" : "Confirm that the returned HTTP status is okay or created.",
        "direction" : "response",
        "operator" : "in",
        "responseCode" : "200,201",
        "warningOnly" : false
      }
    },
    {
      "assert" : {
        "description" : "Confirm that the client request payload contains a Bundle resource type.",
        "direction" : "request",
        "resource" : "Bundle",
        "warningOnly" : false
      }
    },
    {
      "assert" : {
        "description" : "Confirm that the request resource contains the expected eventCoding.code.",
        "direction" : "request",
        "expression" : "Bundle.entry.resource.ofType(MessageHeader).event.as(Coding).code = 'care-communication-message'",
        "warningOnly" : false
      }
    },
    {
      "assert" : {
        "description" : "Confirm that the request resource contains the expected activity code.",
        "direction" : "request",
        "expression" : "Bundle.entry.resource.ofType(Provenance).where(activity.coding.code = 'new-message').exists()",
        "warningOnly" : false
      }
    },
    {
      "assert" : {
        "description" : "Confirm that the target reference in Provenance equals MessageHeader.id",
        "direction" : "request",
        "expression" : "Bundle.entry.resource.ofType(Provenance).where(target.reference.contains(%resource.entry[0].resource.id)).exists()",
        "warningOnly" : false
      }
    },
    {
      "assert" : {
        "description" : "Confirm that the Communication.identifier is a UUID v4.",
        "direction" : "request",
        "expression" : "Bundle.entry.resource.ofType(Communication).identifier.value.matches('urn:uuid:[0-9a-f]{8}-[0-9a-f]{4}-[0-9a-f]{4}-[0-9a-f]{4}-[0-9a-f]{12}')",
        "warningOnly" : false
      }
    },
    {
      "assert" : {
        "description" : "Confirm that an attachment of the type 'application/pdf' is included",
        "direction" : "request",
        "expression" : "Bundle.entry.resource.ofType(Communication).payload.content.where(contentType = 'application/pdf').data.exists()",
        "warningOnly" : false
      }
    }]
  }]
}