{
  "resourceType" : "TestScript",
  "id" : "carecommunication-send-forward-changetopic",
  "meta" : {
    "profile" : ["http://touchstone.aegis.net/touchstone/fhir/testing/StructureDefinition/testscript"]
  },
  "text" : {
    "status" : "generated",
    "div" : "<div xmlns=\"http://www.w3.org/1999/xhtml\"><p class=\"res-header-id\"><b>Generated Narrative: TestScript carecommunication-send-forward-changetopic</b></p><a name=\"carecommunication-send-forward-changetopic\"> </a><a name=\"hccarecommunication-send-forward-changetopic\"> </a><div style=\"display: inline-block; background-color: #d9e0e7; padding: 6px; margin: 4px; border: 1px solid #8da1b4; border-radius: 5px; line-height: 60%\"><p style=\"margin-bottom: 0px\"/><p style=\"margin-bottom: 0px\">Profile: <code>http://touchstone.aegis.net/touchstone/fhir/testing/StructureDefinition/testscript</code></p></div><p><b>url</b>: <a href=\"TestScript-carecommunication-send-forward-changetopic.html\">TestScript Forward CareCommunication with changed topic</a></p><p><b>version</b>: 5.0.0</p><p><b>name</b>: CareCommunicationTestScript</p><p><b>title</b>: Forward CareCommunication with changed topic</p><p><b>status</b>: Aktiv</p><p><b>date</b>: 2025-10-15</p><p><b>contact</b>: MedCom: <a href=\"mailto:mailto:fhir@medcom.dk\">mailto:fhir@medcom.dk</a></p><p><b>description</b>: </p><div><p>Forward CareCommunication with changed topic</p>\n</div><p><b>jurisdiction</b>: <span title=\"Codes:{urn:iso:std:iso:3166 DK}\">Denmark</span></p><p><b>copyright</b>: </p><div><p>MedCom 2023</p>\n</div><h3>Origins</h3><table class=\"grid\"><tr><td style=\"display: none\">-</td><td><b>Index</b></td><td><b>Profile</b></td></tr><tr><td style=\"display: none\">*</td><td>1</td><td><a href=\"http://terminology.hl7.org/6.5.0/CodeSystem-testscript-profile-origin-types.html#testscript-profile-origin-types-FHIR-Client\">Test script profile origin type FHIR-Client</a>: FHIR Client</td></tr></table><h3>Destinations</h3><table class=\"grid\"><tr><td style=\"display: none\">-</td><td><b>Index</b></td><td><b>Profile</b></td></tr><tr><td style=\"display: none\">*</td><td>1</td><td><a href=\"http://terminology.hl7.org/6.5.0/CodeSystem-testscript-profile-destination-types.html#testscript-profile-destination-types-FHIR-Server\">Test script profile destination type FHIR-Server</a>: FHIR Server</td></tr></table><blockquote><p><b>fixture</b></p><blockquote><p><b>id</b></p>create-new-message-01</blockquote><p><b>autocreate</b>: false</p><p><b>autodelete</b>: false</p><p><b>resource</b>: <code>../Fixtures/CareCommunication-fixture.xml</code></p></blockquote><blockquote><p><b>fixture</b></p><blockquote><p><b>id</b></p>create-forward-message-02</blockquote><p><b>autocreate</b>: false</p><p><b>autodelete</b>: false</p><p><b>resource</b>: <code>../Fixtures/CareCommunication-fixture-empty.xml</code></p></blockquote><p><b>profile</b>: <a href=\"http://medcomfhir.dk/ig/carecommunication/5.0.0/StructureDefinition-medcom-careCommunication-message.html\">MedComCareCommunicationMessage</a></p><blockquote><p><b>variable</b></p><p><b>name</b>: messageHeaderid-new-message-01</p><p><b>expression</b>: Bundle.entry[0].resource.id</p><p><b>sourceId</b>: create-new-message-01</p></blockquote><blockquote><p><b>variable</b></p><p><b>name</b>: destinationUri-new-message-01</p><p><b>expression</b>: Bundle.entry.resource.ofType(MessageHeader).destination.endpoint</p><p><b>sourceId</b>: create-new-message-01</p></blockquote><blockquote><p><b>variable</b></p><p><b>name</b>: bundleid-new-message-01</p><p><b>expression</b>: Bundle.id</p><p><b>sourceId</b>: create-new-message-01</p></blockquote><blockquote><p><b>variable</b></p><p><b>name</b>: hospitalSOR-new-message-01</p><p><b>expression</b>: Bundle.entry.resource.ofType(MessageHeader).source.endpoint</p><p><b>sourceId</b>: create-new-message-01</p></blockquote><blockquote><p><b>variable</b></p><p><b>name</b>: messageHeaderid-forward-message-02</p><p><b>expression</b>: Bundle.entry[0].resource.id</p><p><b>sourceId</b>: create-forward-message-02</p></blockquote><blockquote><p><b>variable</b></p><p><b>name</b>: topic-new-message-01</p><p><b>expression</b>: Bundle.entry.resource.ofType(Communication).topic.text</p><p><b>sourceId</b>: create-new-message-01</p></blockquote><blockquote><p><b>variable</b></p><p><b>name</b>: topic-forward-message-02</p><p><b>expression</b>: Bundle.entry.resource.ofType(Communication).topic.text</p><p><b>sourceId</b>: create-forward-message-02</p></blockquote><blockquote><p><b>setup</b></p><blockquote><p><b>action</b></p><h3>Operations</h3><table class=\"grid\"><tr><td style=\"display: none\">-</td><td><b>Type</b></td><td><b>Resource</b></td><td><b>Description</b></td><td><b>Accept</b></td><td><b>Destination</b></td><td><b>EncodeRequestUrl</b></td><td><b>Params</b></td></tr><tr><td style=\"display: none\">*</td><td><a href=\"http://terminology.hl7.org/6.5.0/CodeSystem-testscript-operation-codes.html#testscript-operation-codes-delete\">Test script operation code delete</a>: Delete</td><td>Bundle</td><td>System-generated search, delete operations from conditional delete on Bundle MessageHeader.destination.endpoint</td><td>xml</td><td>1</td><td>true</td><td>?message.destination-uri=$destinationUri-new-message</td></tr></table></blockquote><blockquote><p><b>action</b></p><h3>Operations</h3><table class=\"grid\"><tr><td style=\"display: none\">-</td><td><b>Type</b></td><td><b>Resource</b></td><td><b>Description</b></td><td><b>Accept</b></td><td><b>ContentType</b></td><td><b>Destination</b></td><td><b>EncodeRequestUrl</b></td><td><b>Params</b></td><td><b>SourceId</b></td></tr><tr><td style=\"display: none\">*</td><td><a href=\"http://terminology.hl7.org/6.5.0/CodeSystem-testscript-operation-codes.html#testscript-operation-codes-updateCreate\">Test script operation code updateCreate</a>: Create using Update</td><td>Bundle</td><td>Create or Update the Bundle.id in XML format on the destination server, so it corresponds to $bundleid-new-message-01.</td><td>xml</td><td>xml</td><td>1</td><td>true</td><td>/${bundleid-new-message-01}</td><td>create-new-message-01</td></tr></table></blockquote><blockquote><p><b>action</b></p><h3>Asserts</h3><table class=\"grid\"><tr><td style=\"display: none\">-</td><td><b>Description</b></td><td><b>Direction</b></td><td><b>Operator</b></td><td><b>ResponseCode</b></td><td><b>WarningOnly</b></td></tr><tr><td style=\"display: none\">*</td><td>Confirm that the returned HTTP status is okay or created.</td><td>response</td><td>in</td><td>200,201</td><td>false</td></tr></table></blockquote></blockquote><blockquote><p><b>test</b></p><blockquote><p><b>id</b></p>message-read-new-message-01</blockquote><p><b>name</b>: Get a new-message message 01</p><p><b>description</b>: GET a message. The expected response is a 200(OK) with a payload of the message resource in XML format.</p><blockquote><p><b>action</b></p><h3>Operations</h3><table class=\"grid\"><tr><td style=\"display: none\">-</td><td><b>Type</b></td><td><b>Resource</b></td><td><b>Description</b></td><td><b>Accept</b></td><td><b>Destination</b></td><td><b>EncodeRequestUrl</b></td><td><b>Origin</b></td><td><b>Params</b></td></tr><tr><td style=\"display: none\">*</td><td><a href=\"http://terminology.hl7.org/6.5.0/CodeSystem-testscript-operation-codes.html#testscript-operation-codes-read\">Test script operation code read</a>: Read</td><td>Bundle</td><td>Receive message</td><td>xml</td><td>1</td><td>true</td><td>1</td><td>/${bundleid-new-message-01}</td></tr></table></blockquote><blockquote><p><b>action</b></p><h3>Asserts</h3><table class=\"grid\"><tr><td style=\"display: none\">-</td><td><b>Description</b></td><td><b>Direction</b></td><td><b>Operator</b></td><td><b>ResponseCode</b></td><td><b>WarningOnly</b></td></tr><tr><td style=\"display: none\">*</td><td>Confirm that the returned HTTP status is okay or created.</td><td>response</td><td>in</td><td>200,201</td><td>false</td></tr></table></blockquote></blockquote><blockquote><p><b>test</b></p><blockquote><p><b>id</b></p>carecommunication-create-forward-message-02</blockquote><p><b>name</b>: Create a CareCommunication forward-message Message 02</p><p><b>description</b>: Post CareCommunication to the server.</p><blockquote><p><b>action</b></p><h3>Operations</h3><table class=\"grid\"><tr><td style=\"display: none\">-</td><td><b>Type</b></td><td><b>Resource</b></td><td><b>Description</b></td><td><b>Destination</b></td><td><b>EncodeRequestUrl</b></td><td><b>Origin</b></td><td><b>SourceId</b></td></tr><tr><td style=\"display: none\">*</td><td><a href=\"http://terminology.hl7.org/6.5.0/CodeSystem-testscript-operation-codes.html#testscript-operation-codes-create\">Test script operation code create</a>: Create</td><td>Bundle</td><td>Post a carecommunication</td><td>1</td><td>true</td><td>1</td><td>create-forward-message-02</td></tr></table></blockquote><blockquote><p><b>action</b></p><h3>Asserts</h3><table class=\"grid\"><tr><td style=\"display: none\">-</td><td><b>Description</b></td><td><b>Direction</b></td><td><b>ValidateProfileId</b></td><td><b>WarningOnly</b></td></tr><tr><td style=\"display: none\">*</td><td>Validates the bundle against http://medcomfhir.dk/ig/carecommunication/ImplementationGuide/dk.fhir.ig.dk-medcom-carecommunication|5.0.0-trial-use</td><td>request</td><td>carecommunication</td><td>false</td></tr></table></blockquote><blockquote><p><b>action</b></p><h3>Asserts</h3><table class=\"grid\"><tr><td style=\"display: none\">-</td><td><b>Description</b></td><td><b>Direction</b></td><td><b>Operator</b></td><td><b>ResponseCode</b></td><td><b>WarningOnly</b></td></tr><tr><td style=\"display: none\">*</td><td>Confirm that the returned HTTP status is okay or created.</td><td>response</td><td>in</td><td>200,201</td><td>false</td></tr></table></blockquote><blockquote><p><b>action</b></p><h3>Asserts</h3><table class=\"grid\"><tr><td style=\"display: none\">-</td><td><b>Description</b></td><td><b>Direction</b></td><td><b>Resource</b></td><td><b>WarningOnly</b></td></tr><tr><td style=\"display: none\">*</td><td>Confirm that the client request payload contains a Bundle resource type.</td><td>request</td><td>Bundle</td><td>false</td></tr></table></blockquote><blockquote><p><b>action</b></p><h3>Asserts</h3><table class=\"grid\"><tr><td style=\"display: none\">-</td><td><b>Description</b></td><td><b>Direction</b></td><td><b>Expression</b></td><td><b>WarningOnly</b></td></tr><tr><td style=\"display: none\">*</td><td>Confirm that the previous MessageHeader.id is referenced in Provenance.entity.what</td><td>request</td><td>Bundle.entry.resource.ofType(Provenance).where(entity.what.reference.contains('${messageHeaderid-new-message-01}')).exists()</td><td>false</td></tr></table></blockquote><blockquote><p><b>action</b></p><h3>Asserts</h3><table class=\"grid\"><tr><td style=\"display: none\">-</td><td><b>Description</b></td><td><b>Direction</b></td><td><b>Expression</b></td><td><b>WarningOnly</b></td></tr><tr><td style=\"display: none\">*</td><td>Confirm that the request resource contains the expected eventCoding.code.</td><td>request</td><td>Bundle.entry.resource.ofType(MessageHeader).event.as(Coding).code = 'care-communication-message'</td><td>false</td></tr></table></blockquote><blockquote><p><b>action</b></p><h3>Asserts</h3><table class=\"grid\"><tr><td style=\"display: none\">-</td><td><b>Description</b></td><td><b>Direction</b></td><td><b>Expression</b></td><td><b>WarningOnly</b></td></tr><tr><td style=\"display: none\">*</td><td>Confirm that the role is set to revision. Not used when testing the first message in a stream</td><td>request</td><td>Bundle.entry.resource.ofType(Provenance).entity.where(role = 'revision').exists()</td><td>false</td></tr></table></blockquote><blockquote><p><b>action</b></p><h3>Asserts</h3><table class=\"grid\"><tr><td style=\"display: none\">-</td><td><b>Description</b></td><td><b>Direction</b></td><td><b>Expression</b></td><td><b>WarningOnly</b></td></tr><tr><td style=\"display: none\">*</td><td>Confirm that the target reference in Provenance equals MessageHeader.id</td><td>request</td><td>Bundle.entry.resource.ofType(Provenance).where(target.reference.contains(%resource.entry[0].resource.id)).exists()</td><td>false</td></tr></table></blockquote><blockquote><p><b>action</b></p><h3>Asserts</h3><table class=\"grid\"><tr><td style=\"display: none\">-</td><td><b>Description</b></td><td><b>Direction</b></td><td><b>Expression</b></td><td><b>Operator</b></td><td><b>Value</b></td><td><b>WarningOnly</b></td></tr><tr><td style=\"display: none\">*</td><td>Confirm that the 2 Provenance instances exists.</td><td>request</td><td>Bundle.entry.resource.ofType(Provenance).count()</td><td>equals</td><td>2</td><td>false</td></tr></table></blockquote><blockquote><p><b>action</b></p><h3>Asserts</h3><table class=\"grid\"><tr><td style=\"display: none\">-</td><td><b>Description</b></td><td><b>Direction</b></td><td><b>Expression</b></td><td><b>WarningOnly</b></td></tr><tr><td style=\"display: none\">*</td><td>Confirm that number of payloads is '2'</td><td>request</td><td>Bundle.entry.resource.ofType(Communication).payload.count() = '2'</td><td>false</td></tr></table></blockquote><blockquote><p><b>action</b></p><h3>Asserts</h3><table class=\"grid\"><tr><td style=\"display: none\">-</td><td><b>Description</b></td><td><b>Direction</b></td><td><b>Expression</b></td><td><b>WarningOnly</b></td></tr><tr><td style=\"display: none\">*</td><td>Confirm that the sender SOR number (source.endpoint) is different from the previous message.</td><td>request</td><td>Bundle.entry.resource.ofType(MessageHeader).source.endpoint != '${hospitalSOR-new-message}'</td><td>false</td></tr></table></blockquote><blockquote><p><b>action</b></p><h3>Asserts</h3><table class=\"grid\"><tr><td style=\"display: none\">-</td><td><b>Description</b></td><td><b>Direction</b></td><td><b>Expression</b></td><td><b>WarningOnly</b></td></tr><tr><td style=\"display: none\">*</td><td>Confirm that the content is different in the two messages</td><td>request</td><td>'${topic-new-message-01}' != '${topic-forward-message-02}'</td><td>false</td></tr></table></blockquote><blockquote><p><b>action</b></p><h3>Asserts</h3><table class=\"grid\"><tr><td style=\"display: none\">-</td><td><b>Description</b></td><td><b>Direction</b></td><td><b>Expression</b></td><td><b>WarningOnly</b></td></tr><tr><td style=\"display: none\">*</td><td>Confirm that the communication.identifier is different in the the two messages</td><td>request</td><td>Bundle.entry.resource.ofType(Communication).identifier.value != '${identifier-new-message-01}'</td><td>false</td></tr></table></blockquote></blockquote></div>"
  },
  "url" : "http://medcomfhir.dk/ig/carecommunicationtestscript/carecommunication-send-forward-changetopic",
  "version" : "5.0.0",
  "name" : "CareCommunicationTestScript",
  "title" : "Forward CareCommunication with changed topic",
  "status" : "active",
  "date" : "2025-10-15",
  "contact" : [{
    "name" : "MedCom",
    "telecom" : [{
      "system" : "email",
      "value" : "mailto:fhir@medcom.dk"
    }]
  }],
  "description" : "Forward CareCommunication with changed topic",
  "jurisdiction" : [{
    "coding" : [{
      "system" : "urn:iso:std:iso:3166",
      "code" : "DK",
      "display" : "Denmark"
    }]
  }],
  "copyright" : "MedCom 2023",
  "origin" : [{
    "index" : 1,
    "profile" : {
      "system" : "http://terminology.hl7.org/CodeSystem/testscript-profile-origin-types",
      "code" : "FHIR-Client"
    }
  }],
  "destination" : [{
    "index" : 1,
    "profile" : {
      "system" : "http://terminology.hl7.org/CodeSystem/testscript-profile-destination-types",
      "code" : "FHIR-Server"
    }
  }],
  "fixture" : [{
    "id" : "create-new-message-01",
    "autocreate" : false,
    "autodelete" : false,
    "resource" : {
      "reference" : "../Fixtures/CareCommunication-fixture.xml"
    }
  },
  {
    "id" : "create-forward-message-02",
    "autocreate" : false,
    "autodelete" : false,
    "resource" : {
      "reference" : "../Fixtures/CareCommunication-fixture-empty.xml"
    }
  }],
  "profile" : [{
    "id" : "carecommunication",
    "reference" : "http://medcomfhir.dk/ig/carecommunication/StructureDefinition/medcom-careCommunication-message|5.0.0-trial-use"
  }],
  "variable" : [{
    "name" : "messageHeaderid-new-message-01",
    "expression" : "Bundle.entry[0].resource.id",
    "sourceId" : "create-new-message-01"
  },
  {
    "name" : "destinationUri-new-message-01",
    "expression" : "Bundle.entry.resource.ofType(MessageHeader).destination.endpoint",
    "sourceId" : "create-new-message-01"
  },
  {
    "name" : "bundleid-new-message-01",
    "expression" : "Bundle.id",
    "sourceId" : "create-new-message-01"
  },
  {
    "name" : "hospitalSOR-new-message-01",
    "expression" : "Bundle.entry.resource.ofType(MessageHeader).source.endpoint",
    "sourceId" : "create-new-message-01"
  },
  {
    "name" : "messageHeaderid-forward-message-02",
    "expression" : "Bundle.entry[0].resource.id",
    "sourceId" : "create-forward-message-02"
  },
  {
    "name" : "topic-new-message-01",
    "expression" : "Bundle.entry.resource.ofType(Communication).topic.text",
    "sourceId" : "create-new-message-01"
  },
  {
    "name" : "topic-forward-message-02",
    "expression" : "Bundle.entry.resource.ofType(Communication).topic.text",
    "sourceId" : "create-forward-message-02"
  }],
  "setup" : {
    "action" : [{
      "operation" : {
        "type" : {
          "system" : "http://terminology.hl7.org/CodeSystem/testscript-operation-codes",
          "code" : "delete"
        },
        "resource" : "Bundle",
        "description" : "System-generated search, delete operations from conditional delete on Bundle MessageHeader.destination.endpoint",
        "accept" : "xml",
        "destination" : 1,
        "encodeRequestUrl" : true,
        "params" : "?message.destination-uri=$destinationUri-new-message"
      }
    },
    {
      "operation" : {
        "type" : {
          "system" : "http://terminology.hl7.org/CodeSystem/testscript-operation-codes",
          "code" : "updateCreate"
        },
        "resource" : "Bundle",
        "description" : "Create or Update the Bundle.id in XML format on the destination server, so it corresponds to $bundleid-new-message-01.",
        "accept" : "xml",
        "contentType" : "xml",
        "destination" : 1,
        "encodeRequestUrl" : true,
        "params" : "/${bundleid-new-message-01}",
        "sourceId" : "create-new-message-01"
      }
    },
    {
      "assert" : {
        "description" : "Confirm that the returned HTTP status is okay or created.",
        "direction" : "response",
        "operator" : "in",
        "responseCode" : "200,201",
        "warningOnly" : false
      }
    }]
  },
  "test" : [{
    "id" : "message-read-new-message-01",
    "name" : "Get a new-message message 01",
    "description" : "GET a message. The expected response is a 200(OK) with a payload of the message resource in XML format.",
    "action" : [{
      "operation" : {
        "type" : {
          "system" : "http://terminology.hl7.org/CodeSystem/testscript-operation-codes",
          "code" : "read"
        },
        "resource" : "Bundle",
        "description" : "Receive message",
        "accept" : "xml",
        "destination" : 1,
        "encodeRequestUrl" : true,
        "origin" : 1,
        "params" : "/${bundleid-new-message-01}"
      }
    },
    {
      "assert" : {
        "description" : "Confirm that the returned HTTP status is okay or created.",
        "direction" : "response",
        "operator" : "in",
        "responseCode" : "200,201",
        "warningOnly" : false
      }
    }]
  },
  {
    "id" : "carecommunication-create-forward-message-02",
    "name" : "Create a CareCommunication forward-message Message 02",
    "description" : "Post CareCommunication to the server.",
    "action" : [{
      "operation" : {
        "type" : {
          "system" : "http://terminology.hl7.org/CodeSystem/testscript-operation-codes",
          "code" : "create"
        },
        "resource" : "Bundle",
        "description" : "Post a carecommunication",
        "destination" : 1,
        "encodeRequestUrl" : true,
        "origin" : 1,
        "sourceId" : "create-forward-message-02"
      }
    },
    {
      "assert" : {
        "description" : "Validates the bundle against http://medcomfhir.dk/ig/carecommunication/ImplementationGuide/dk.fhir.ig.dk-medcom-carecommunication|5.0.0-trial-use",
        "direction" : "request",
        "validateProfileId" : "carecommunication",
        "warningOnly" : false
      }
    },
    {
      "assert" : {
        "description" : "Confirm that the returned HTTP status is okay or created.",
        "direction" : "response",
        "operator" : "in",
        "responseCode" : "200,201",
        "warningOnly" : false
      }
    },
    {
      "assert" : {
        "description" : "Confirm that the client request payload contains a Bundle resource type.",
        "direction" : "request",
        "resource" : "Bundle",
        "warningOnly" : false
      }
    },
    {
      "assert" : {
        "description" : "Confirm that the previous MessageHeader.id is referenced in Provenance.entity.what",
        "direction" : "request",
        "expression" : "Bundle.entry.resource.ofType(Provenance).where(entity.what.reference.contains('${messageHeaderid-new-message-01}')).exists()",
        "warningOnly" : false
      }
    },
    {
      "assert" : {
        "description" : "Confirm that the request resource contains the expected eventCoding.code.",
        "direction" : "request",
        "expression" : "Bundle.entry.resource.ofType(MessageHeader).event.as(Coding).code = 'care-communication-message'",
        "warningOnly" : false
      }
    },
    {
      "assert" : {
        "description" : "Confirm that the role is set to revision. Not used when testing the first message in a stream",
        "direction" : "request",
        "expression" : "Bundle.entry.resource.ofType(Provenance).entity.where(role = 'revision').exists()",
        "warningOnly" : false
      }
    },
    {
      "assert" : {
        "description" : "Confirm that the target reference in Provenance equals MessageHeader.id",
        "direction" : "request",
        "expression" : "Bundle.entry.resource.ofType(Provenance).where(target.reference.contains(%resource.entry[0].resource.id)).exists()",
        "warningOnly" : false
      }
    },
    {
      "assert" : {
        "description" : "Confirm that the 2 Provenance instances exists.",
        "direction" : "request",
        "expression" : "Bundle.entry.resource.ofType(Provenance).count()",
        "operator" : "equals",
        "value" : "2",
        "warningOnly" : false
      }
    },
    {
      "assert" : {
        "description" : "Confirm that number of payloads is '2'",
        "direction" : "request",
        "expression" : "Bundle.entry.resource.ofType(Communication).payload.count() = '2'",
        "warningOnly" : false
      }
    },
    {
      "assert" : {
        "description" : "Confirm that the sender SOR number (source.endpoint) is different from the previous message.",
        "direction" : "request",
        "expression" : "Bundle.entry.resource.ofType(MessageHeader).source.endpoint != '${hospitalSOR-new-message}'",
        "warningOnly" : false
      }
    },
    {
      "assert" : {
        "description" : "Confirm that the content is different in the two messages",
        "direction" : "request",
        "expression" : "'${topic-new-message-01}' != '${topic-forward-message-02}'",
        "warningOnly" : false
      }
    },
    {
      "assert" : {
        "description" : "Confirm that the communication.identifier is different in the the two messages",
        "direction" : "request",
        "expression" : "Bundle.entry.resource.ofType(Communication).identifier.value != '${identifier-new-message-01}'",
        "warningOnly" : false
      }
    }]
  }]
}