[
  {
    "id" : "carecommunication-send-forward-add-attachment",
    "type" : "TestScript",
    "url" : "http://medcomfhir.dk/ig/carecommunicationtestscript/carecommunication-send-forward-add-attachment",
    "version" : "4.0.0",
    "name" : "CareCommunicationTestScript"
  },
  {
    "id" : "carecommunication-send-forward-attachment",
    "type" : "TestScript",
    "url" : "http://medcomfhir.dk/ig/carecommunicationtestscript/carecommunication-send-forward-attachment",
    "version" : "4.0.0",
    "name" : "CareCommunicationTestScript"
  },
  {
    "id" : "carecommunication-send-forward-changecategory",
    "type" : "TestScript",
    "url" : "http://medcomfhir.dk/ig/carecommunicationtestscript/carecommunication-send-forward-changecategory",
    "version" : "4.0.0",
    "name" : "CareCommunicationTestScript"
  },
  {
    "id" : "carecommunication-send-forward-changetopic",
    "type" : "TestScript",
    "url" : "http://medcomfhir.dk/ig/carecommunicationtestscript/carecommunication-send-forward-changetopic",
    "version" : "4.0.0",
    "name" : "CareCommunicationTestScript"
  },
  {
    "id" : "carecommunication-send-forward-message",
    "type" : "TestScript",
    "url" : "http://medcomfhir.dk/ig/carecommunicationtestscript/carecommunication-send-forward-message",
    "version" : "4.0.0",
    "name" : "CareCommunicationTestScript"
  },
  {
    "id" : "carecommunication-send-forward-partialthread",
    "type" : "TestScript",
    "url" : "http://medcomfhir.dk/ig/carecommunicationtestscript/carecommunication-send-forward-partialthread",
    "version" : "4.0.0",
    "name" : "CareCommunicationTestScript"
  },
  {
    "id" : "carecommunication-send-new-attachment-bmp",
    "type" : "TestScript",
    "url" : "http://medcomfhir.dk/ig/carecommunicationtestscript/carecommunication-send-new-attachment-bmp",
    "version" : "4.0.0",
    "name" : "CareCommunicationTestScript"
  },
  {
    "id" : "carecommunication-send-new-attachment-gif",
    "type" : "TestScript",
    "url" : "http://medcomfhir.dk/ig/carecommunicationtestscript/carecommunication-send-new-attachment-gif",
    "version" : "4.0.0",
    "name" : "CareCommunicationTestScript"
  },
  {
    "id" : "carecommunication-send-new-attachment-jpeg",
    "type" : "TestScript",
    "url" : "http://medcomfhir.dk/ig/carecommunicationtestscript/carecommunication-send-new-attachment-jpeg",
    "version" : "4.0.0",
    "name" : "CareCommunicationTestScript"
  },
  {
    "id" : "carecommunication-send-new-attachment-link",
    "type" : "TestScript",
    "url" : "http://medcomfhir.dk/ig/carecommunicationtestscript/carecommunication-send-new-attachment-link",
    "version" : "4.0.0",
    "name" : "CareCommunicationTestScript"
  },
  {
    "id" : "carecommunication-send-new-attachment-multiple",
    "type" : "TestScript",
    "url" : "http://medcomfhir.dk/ig/carecommunicationtestscript/carecommunication-send-new-attachment-multiple",
    "version" : "4.0.0",
    "name" : "CareCommunicationTestScript"
  },
  {
    "id" : "carecommunication-send-new-attachment-pdf",
    "type" : "TestScript",
    "url" : "http://medcomfhir.dk/ig/carecommunicationtestscript/carecommunication-send-new-attachment-pdf",
    "version" : "4.0.0",
    "name" : "CareCommunicationTestScript"
  },
  {
    "id" : "carecommunication-send-new-attachment-png",
    "type" : "TestScript",
    "url" : "http://medcomfhir.dk/ig/carecommunicationtestscript/carecommunication-send-new-attachment-png",
    "version" : "4.0.0",
    "name" : "CareCommunicationTestScript"
  },
  {
    "id" : "carecommunication-send-new-attachment-structured",
    "type" : "TestScript",
    "url" : "http://medcomfhir.dk/ig/carecommunicationtestscript/carecommunication-send-new-attachment-structured",
    "version" : "4.0.0",
    "name" : "CareCommunicationTestScript"
  },
  {
    "id" : "carecommunication-send-new-attachment-tiff",
    "type" : "TestScript",
    "url" : "http://medcomfhir.dk/ig/carecommunicationtestscript/carecommunication-send-new-attachment-tiff",
    "version" : "4.0.0",
    "name" : "CareCommunicationTestScript"
  },
  {
    "id" : "carecommunication-send-new-category-other",
    "type" : "TestScript",
    "url" : "http://medcomfhir.dk/ig/carecommunicationtestscript/carecommunication-send-new-category-other",
    "version" : "4.0.0",
    "name" : "CareCommunicationTestScript"
  },
  {
    "id" : "carecommunication-send-new-message",
    "type" : "TestScript",
    "url" : "http://medcomfhir.dk/ig/carecommunicationtestscript/carecommunication-send-new-message",
    "version" : "4.0.0",
    "name" : "CareCommunicationTestScript"
  },
  {
    "id" : "carecommunication-send-new-priority",
    "type" : "TestScript",
    "url" : "http://medcomfhir.dk/ig/carecommunicationtestscript/carecommunication-send-new-priority",
    "version" : "4.0.0",
    "name" : "CareCommunicationTestScript"
  },
  {
    "id" : "carecommunication-send-new-topic",
    "type" : "TestScript",
    "url" : "http://medcomfhir.dk/ig/carecommunicationtestscript/carecommunication-send-new-topic",
    "version" : "4.0.0",
    "name" : "CareCommunicationTestScript"
  },
  {
    "id" : "carecommunication-send-reply-add-attachment",
    "type" : "TestScript",
    "url" : "http://medcomfhir.dk/ig/carecommunicationtestscript/carecommunication-send-reply-add-attachment",
    "version" : "4.0.0",
    "name" : "CareCommunicationTestScript"
  },
  {
    "id" : "carecommunication-send-reply-attachment",
    "type" : "TestScript",
    "url" : "http://medcomfhir.dk/ig/carecommunicationtestscript/carecommunication-send-reply-attachment",
    "version" : "4.0.0",
    "name" : "CareCommunicationTestScript"
  },
  {
    "id" : "carecommunication-send-reply-changecategory",
    "type" : "TestScript",
    "url" : "http://medcomfhir.dk/ig/carecommunicationtestscript/carecommunication-send-reply-changecategory",
    "version" : "4.0.0",
    "name" : "CareCommunicationTestScript"
  },
  {
    "id" : "carecommunication-send-reply-changetopic",
    "type" : "TestScript",
    "url" : "http://medcomfhir.dk/ig/carecommunicationtestscript/carecommunication-send-reply-changetopic",
    "version" : "4.0.0",
    "name" : "CareCommunicationTestScript"
  },
  {
    "id" : "carecommunication-send-reply-message",
    "type" : "TestScript",
    "url" : "http://medcomfhir.dk/ig/carecommunicationtestscript/carecommunication-send-reply-message",
    "version" : "4.0.0",
    "name" : "CareCommunicationTestScript"
  },
  {
    "id" : "carecommunication-send-reply-forward",
    "type" : "TestScript",
    "url" : "http://medcomfhir.dk/ig/carecommunicationtestscript/carecommunication-send-reply-new",
    "version" : "4.0.0",
    "name" : "CareCommunicationTestScript"
  },
  {
    "id" : "carecommunication-send-reply-new",
    "type" : "TestScript",
    "url" : "http://medcomfhir.dk/ig/carecommunicationtestscript/carecommunication-send-reply-new",
    "version" : "4.0.0",
    "name" : "CareCommunicationTestScript"
  },
  {
    "id" : "carecommunication-send-tec-01",
    "type" : "TestScript",
    "url" : "http://medcomfhir.dk/ig/carecommunicationtestscript/carecommunication-send-tec-01",
    "version" : "4.0.0",
    "name" : "CareCommunicationTestScript"
  },
  {
    "id" : "carecommunication-send-tec-02",
    "type" : "TestScript",
    "url" : "http://medcomfhir.dk/ig/carecommunicationtestscript/carecommunication-send-tec-02",
    "version" : "4.0.0",
    "name" : "CareCommunicationTestScript"
  },
  {
    "id" : "carecommunication-send-tec-03",
    "type" : "TestScript",
    "url" : "http://medcomfhir.dk/ig/carecommunicationtestscript/carecommunication-send-tec-03",
    "version" : "4.0.0",
    "name" : "CareCommunicationTestScript"
  },
  {
    "id" : "carecommunication-send-tec-04",
    "type" : "TestScript",
    "url" : "http://medcomfhir.dk/ig/carecommunicationtestscript/carecommunication-send-tec-04",
    "version" : "4.0.0",
    "name" : "CareCommunicationTestScript"
  },
  {
    "id" : "carecommunication-send-tec-05",
    "type" : "TestScript",
    "url" : "http://medcomfhir.dk/ig/carecommunicationtestscript/carecommunication-send-tec-05",
    "version" : "4.0.0",
    "name" : "CareCommunicationTestScript"
  },
  {
    "id" : "carecommunication-send-tec-06",
    "type" : "TestScript",
    "url" : "http://medcomfhir.dk/ig/carecommunicationtestscript/carecommunication-send-tec-06",
    "version" : "4.0.0",
    "name" : "CareCommunicationTestScript"
  },
  {
    "id" : "carecommunication-send-tec-07",
    "type" : "TestScript",
    "url" : "http://medcomfhir.dk/ig/carecommunicationtestscript/carecommunication-send-tec-07",
    "version" : "4.0.0",
    "name" : "CareCommunicationTestScript"
  },
  {
    "id" : "medcom.fhir.dk.carecommunicationtestscripts",
    "type" : "ImplementationGuide",
    "url" : "http://medcomfhir.dk/ig/carecommunicationtestscripts/ImplementationGuide/medcom.fhir.dk.carecommunicationtestscripts",
    "version" : "4.0.0",
    "name" : "CareCommunicationTestscripts"
  }
]
