{
  "resourceType" : "ValueSet",
  "id" : "5ec3add3-a266-4d0d-a9af-ecddd0ac45e8-62",
  "url" : "http://hl7.org/fhir/comparison/ValueSet/5ec3add3-a266-4d0d-a9af-ecddd0ac45e8-62",
  "name" : "UnionMedComHospitalNotificationEncounterStatusAndMedComHospitalNotificationEncounterStatus",
  "title" : "Union of MedComHospitalNotificationEncounterStatusCodes And MedComHospitalNotificationEncounterStatusCodes",
  "status" : "active",
  "date" : "2023-07-11T09:59:23+02:00",
  "jurisdiction" : [{
    "coding" : [{
      "system" : "urn:iso:std:iso:3166",
      "code" : "DK",
      "display" : "Denmark"
    }]
  }],
  "compose" : {
    "include" : [{
      "concept" : [{
        "code" : "in-progress",
        "display" : "In Progress"
      },
      {
        "code" : "onleave",
        "display" : "On Leave"
      },
      {
        "code" : "finished",
        "display" : "Finished"
      },
      {
        "code" : "entered-in-error",
        "display" : "Entered in Error"
      }]
    }]
  },
  "expansion" : {
    "contains" : [{
      "system" : "http://hl7.org/fhir/encounter-status",
      "code" : "in-progress",
      "display" : "In Progress"
    },
    {
      "system" : "http://hl7.org/fhir/encounter-status",
      "code" : "onleave",
      "display" : "On Leave"
    },
    {
      "system" : "http://hl7.org/fhir/encounter-status",
      "code" : "finished",
      "display" : "Finished"
    },
    {
      "system" : "http://hl7.org/fhir/encounter-status",
      "code" : "entered-in-error",
      "display" : "Entered in Error"
    }]
  }
}