{
  "resourceType" : "ValueSet",
  "id" : "5ec3add3-a266-4d0d-a9af-ecddd0ac45e8-75",
  "url" : "http://hl7.org/fhir/comparison/ValueSet/5ec3add3-a266-4d0d-a9af-ecddd0ac45e8-75",
  "name" : "IntersectionMedComMessagingSorEdiValuesAndMedComMessagingSorEdiValues",
  "title" : "Intersection of MedComMessagingSorEdiValues And MedComMessagingSorEdiValues",
  "status" : "active",
  "date" : "2023-07-11T09:59:23+02:00",
  "jurisdiction" : [{
    "coding" : [{
      "system" : "urn:iso:std:iso:3166",
      "code" : "DK",
      "display" : "Denmark"
    }]
  }],
  "compose" : {
    "include" : [{
      "concept" : [{
        "code" : "FDIS20",
        "display" : "Hospital Notification Message (Advis om Sygehusophold)"
      },
      {
        "code" : "FDIS91",
        "display" : "Care Communication Message (Korrepondance meddelelse)"
      },
      {
        "code" : "FCTL",
        "display" : "Acknowledgement Message (Kvittering)"
      }]
    }]
  },
  "expansion" : {
    "contains" : [{
      "system" : "http://medcomfhir.dk/ig/terminology/CodeSystem/medcom-messaging-sorEdiSystem",
      "code" : "FDIS20",
      "display" : "Care Communication Message (Korrepondance meddelelse)"
    },
    {
      "system" : "http://medcomfhir.dk/ig/terminology/CodeSystem/medcom-messaging-sorEdiSystem",
      "code" : "FDIS91",
      "display" : "Hospital Notification Message (Advis om Sygehusophold)"
    },
    {
      "system" : "http://medcomfhir.dk/ig/terminology/CodeSystem/medcom-messaging-sorEdiSystem",
      "code" : "FCTL",
      "display" : "Acknowledgement Message (Kvittering)"
    }]
  }
}