{"resourceType":"TestScript","id":"hospitalnotification-PF-receive-imp-04","meta":{"profile":["http://touchstone.aegis.net/touchstone/fhir/testing/StructureDefinition/testscript"]},"url":"http://medcomfhir.dk/ig/hospitalnotificationtestscript/hospitalnotification-PF-receive-imp-04","version":"3.0.0","name":"HospitalNotificationTestScript","title":"Receive: Patient is admitted, 'patient is registered as being on leave, patient returns from leave', ' to ' x 2 - PF-receive-imp-04","status":"active","date":"2023-05-01","publisher":"MedCom","contact":[{"name":"MedCom","telecom":[{"system":"email","value":"mailto:fhir@medcom.dk"}]}],"description":"Receive: Patient is admitted, 'patient is registered as being on leave, patient returns from leave', ' to ' x 2","copyright":"MedCom 2021","origin":[{"index":1,"profile":{"system":"http://terminology.hl7.org/CodeSystem/testscript-profile-origin-types","code":"FHIR-Client"}}],"destination":[{"index":1,"profile":{"system":"http://terminology.hl7.org/CodeSystem/testscript-profile-destination-types","code":"FHIR-Server"}}],"fixture":[{"id":"create-STIN-01","autocreate":false,"autodelete":false,"resource":{"reference":"/FHIRSandbox/MedCom/HospitalNotification/v300/Receive/Fixtures/HospitalNotification-fixture-STIN.xml"}},{"id":"create-STOR-02","autocreate":false,"autodelete":false,"resource":{"reference":"/FHIRSandbox/MedCom/HospitalNotification/v300/Receive/Fixtures/HospitalNotification-fixture-STOR.xml"}},{"id":"create-SLOR-03","autocreate":false,"autodelete":false,"resource":{"reference":"/FHIRSandbox/MedCom/HospitalNotification/v300/Receive/Fixtures/HospitalNotification-fixture-SLOR.xml"}},{"id":"create-STOR2-04","autocreate":false,"autodelete":false,"resource":{"reference":"/FHIRSandbox/MedCom/HospitalNotification/v300/Receive/Fixtures/HospitalNotification-fixture-STOR2.xml"}},{"id":"create-SLOR2-05","autocreate":false,"autodelete":false,"resource":{"reference":"/FHIRSandbox/MedCom/HospitalNotification/v300/Receive/Fixtures/HospitalNotification-fixture-SLOR2.xml"}}],"profile":[{"id":"hospitalnotification","reference":"http://medcomfhir.dk/ig/hospitalnotification/StructureDefinition/medcom-hospitalNotification-message"}],"variable":[{"name":"destinationUri-STIN","expression":"Bundle.entry.resource.ofType(MessageHeader).destination.endpoint","sourceId":"create-STIN-01"},{"name":"bundleid-STIN","expression":"Bundle.entry.resource.ofType(MessageHeader).id","sourceId":"create-STIN-01"},{"name":"destinationUri-STOR","expression":"Bundle.entry.resource.ofType(MessageHeader).destination.endpoint","sourceId":"create-STOR-02"},{"name":"bundleid-STOR","expression":"Bundle.entry.resource.ofType(MessageHeader).id","sourceId":"create-STOR-02"},{"name":"destinationUri-SLOR","expression":"Bundle.entry.resource.ofType(MessageHeader).destination.endpoint","sourceId":"create-SLOR-03"},{"name":"bundleid-SLOR","expression":"Bundle.entry.resource.ofType(MessageHeader).id","sourceId":"create-SLOR-03"},{"name":"destinationUri-STOR2","expression":"Bundle.entry.resource.ofType(MessageHeader).destination.endpoint","sourceId":"create-STOR2-04"},{"name":"bundleid-STOR2","expression":"Bundle.entry.resource.ofType(MessageHeader).id","sourceId":"create-STOR2-04"},{"name":"destinationUri-SLOR2","expression":"Bundle.entry.resource.ofType(MessageHeader).destination.endpoint","sourceId":"create-SLOR2-05"},{"name":"bundleid-SLOR2","expression":"Bundle.entry.resource.ofType(MessageHeader).id","sourceId":"create-SLOR2-05"}],"setup":{"action":[{"operation":{"type":{"system":"http://terminology.hl7.org/CodeSystem/testscript-operation-codes","code":"delete"},"resource":"Bundle","description":"System-generated search and delete operations from conditional delete on Bundle MessageHeader.destination.endpoint","accept":"xml","encodeRequestUrl":true,"params":"?message.destination-uri=${destinationUri-STIN}"}},{"operation":{"type":{"system":"http://terminology.hl7.org/CodeSystem/testscript-operation-codes","code":"create"},"resource":"Bundle","description":"Create the Bundle resource in XML format on the destination server.","accept":"xml","contentType":"xml","encodeRequestUrl":true,"sourceId":"create-STIN-01"}},{"assert":{"description":"Confirm that the returned HTTP status is okay or created.","direction":"response","operator":"in","responseCode":"200,201","warningOnly":false}},{"operation":{"type":{"system":"http://terminology.hl7.org/CodeSystem/testscript-operation-codes","code":"create"},"resource":"Bundle","description":"Create the Bundle resource in XML format on the destination server.","accept":"xml","contentType":"xml","encodeRequestUrl":true,"sourceId":"create-STOR-02"}},{"assert":{"description":"Confirm that the returned HTTP status is okay or created.","direction":"response","operator":"in","responseCode":"200,201","warningOnly":false}},{"operation":{"type":{"system":"http://terminology.hl7.org/CodeSystem/testscript-operation-codes","code":"create"},"resource":"Bundle","description":"Create the Bundle resource in XML format on the destination server.","accept":"xml","contentType":"xml","encodeRequestUrl":true,"sourceId":"create-SLOR-03"}},{"assert":{"description":"Confirm that the returned HTTP status is okay or created.","direction":"response","operator":"in","responseCode":"200,201","warningOnly":false}},{"operation":{"type":{"system":"http://terminology.hl7.org/CodeSystem/testscript-operation-codes","code":"create"},"resource":"Bundle","description":"Create the Bundle resource in XML format on the destination server.","accept":"xml","contentType":"xml","encodeRequestUrl":true,"sourceId":"create-STOR2-04"}},{"assert":{"description":"Confirm that the returned HTTP status is okay or created.","direction":"response","operator":"in","responseCode":"200,201","warningOnly":false}},{"operation":{"type":{"system":"http://terminology.hl7.org/CodeSystem/testscript-operation-codes","code":"create"},"resource":"Bundle","description":"Create the Bundle resource in XML format on the destination server.","accept":"xml","contentType":"xml","encodeRequestUrl":true,"sourceId":"create-SLOR2-05"}},{"assert":{"description":"Confirm that the returned HTTP status is okay or created.","direction":"response","operator":"in","responseCode":"200,201","warningOnly":false}}]},"test":[{"id":"hospitalnotification-read-STIN-01","name":"Get a HospitalNotification STIN Message 01","description":"GET a Hospital notification. The expected response is a 200(OK) with a payload of the Hospital notification resource in XML format.","action":[{"operation":{"type":{"system":"http://terminology.hl7.org/CodeSystem/testscript-operation-codes","code":"read"},"resource":"Bundle","description":"Receive Hospital Notification","accept":"xml","destination":1,"encodeRequestUrl":true,"origin":1,"params":"?message.destination-uri=${destinationUri-STIN}&amp;member._id=${bundleid-STIN}"}},{"assert":{"description":"Confirm that the returned HTTP status is okay or created.","direction":"response","operator":"in","responseCode":"200,201","warningOnly":false}}]},{"id":"hospitalnotification-read-STOR-02","name":"Get a HospitalNotification STOR Message 02","description":"GET a Hospital notification. The expected response is a 200(OK) with a payload of the Hospital notification resource in XML format.","action":[{"operation":{"type":{"system":"http://terminology.hl7.org/CodeSystem/testscript-operation-codes","code":"read"},"resource":"Bundle","description":"Receive Hospital Notification","accept":"xml","destination":1,"encodeRequestUrl":true,"origin":1,"params":"?message.destination-uri=${destinationUri-STOR}&amp;member._id=${bundleid-STOR}"}},{"assert":{"description":"Confirm that the returned HTTP status is okay or created.","direction":"response","operator":"in","responseCode":"200,201","warningOnly":false}}]},{"id":"hospitalnotification-read-SLOR-03","name":"Get a HospitalNotification SLOR Message 03","description":"GET a Hospital notification. The expected response is a 200(OK) with a payload of the Hospital notification resource in XML format.","action":[{"operation":{"type":{"system":"http://terminology.hl7.org/CodeSystem/testscript-operation-codes","code":"read"},"resource":"Bundle","description":"Receive Hospital Notification","accept":"xml","destination":1,"encodeRequestUrl":true,"origin":1,"params":"?message.destination-uri=${destinationUri-SLOR}&amp;member._id=${bundleid-SLOR}"}},{"assert":{"description":"Confirm that the returned HTTP status is okay or created.","direction":"response","operator":"in","responseCode":"200,201","warningOnly":false}}]},{"id":"hospitalnotification-read-STOR2-04","name":"Get a HospitalNotification STOR2 Message 04","description":"GET a Hospital notification. The expected response is a 200(OK) with a payload of the Hospital notification resource in XML format.","action":[{"operation":{"type":{"system":"http://terminology.hl7.org/CodeSystem/testscript-operation-codes","code":"read"},"resource":"Bundle","description":"Receive Hospital Notification","accept":"xml","destination":1,"encodeRequestUrl":true,"origin":1,"params":"?message.destination-uri=${destinationUri-STOR2}&amp;member._id=${bundleid-STOR2}"}},{"assert":{"description":"Confirm that the returned HTTP status is okay or created.","direction":"response","operator":"in","responseCode":"200,201","warningOnly":false}}]},{"id":"hospitalnotification-read-SLOR2-05","name":"Get a HospitalNotification SLOR2 Message 05","description":"GET a Hospital notification. The expected response is a 200(OK) with a payload of the Hospital notification resource in XML format.","action":[{"operation":{"type":{"system":"http://terminology.hl7.org/CodeSystem/testscript-operation-codes","code":"read"},"resource":"Bundle","description":"Receive Hospital Notification","accept":"xml","destination":1,"encodeRequestUrl":true,"origin":1,"params":"?message.destination-uri=${destinationUri-SLOR2}&amp;member._id=${bundleid-SLOR2}"}},{"assert":{"description":"Confirm that the returned HTTP status is okay or created.","direction":"response","operator":"in","responseCode":"200,201","warningOnly":false}}]}]}