<?xml version="1.0" encoding="UTF-8"?>

<Communication xmlns="http://hl7.org/fhir">
  <id value="f54efd18-5520-11ed-bdc3-0242ac120002"/>
  <meta>
    <profile value="http://medcomfhir.dk/ig/carecommunication/StructureDefinition/medcom-careCommunication-communication"/>
  </meta>
  <text>
    <status value="extensions"/><div xmlns="http://www.w3.org/1999/xhtml"><p class="res-header-id"><b>Generated Narrative: Communication f54efd18-5520-11ed-bdc3-0242ac120002</b></p><a name="f54efd18-5520-11ed-bdc3-0242ac120002"> </a><a name="hcf54efd18-5520-11ed-bdc3-0242ac120002"> </a><a name="f54efd18-5520-11ed-bdc3-0242ac120002-da-DK"> </a><p><b>identifier</b>: urn:uuid:59aac95e-ca57-4b04-b075-9880b7e6441c</p><p><b>status</b>: Unknown</p><p><b>category</b>: <span title="Codes:{http://medcomfhir.dk/ig/terminology/CodeSystem/medcom-careCommunication-categoryCodes carecoordination}">Care Coordination</span></p><p><b>subject</b>: <a href="Patient-23ebfcd8-e4f2-4ce8-908b-aa7cfb9ffef5.html">Elmer (official) (no stated gender), DoB Unknown ( urn:oid:1.2.208.176.1.2#2509479989)</a></p><p><b>encounter</b>: <a href="Encounter-303b2782-e2bf-4780-a8a5-c4b02b0e1c66.html">Encounter: status = in-progress; class = inpatient encounter (ActCode#IMP)</a></p><blockquote><p><b>payload</b></p><p><b>DateTimeExtension</b>: 2024-05-07 18:00:00+0100</p><p><b>IdentifierExtension</b>: urn:uuid:1813b23d-195e-4b28-8221-24247035bf08</p><p><b>PractitionerExtension</b>: <a href="PractitionerRole-8dc790ba-8d93-4585-b91c-af8225b0796d.html">PractitionerRole Sygeplejerske</a></p><p><b>ContactExtension</b>: ph: 38683868</p><p><b>content</b>: We have a question regarding the referal...</p></blockquote></div>
  </text>
  <identifier>
    <value value="urn:uuid:59aac95e-ca57-4b04-b075-9880b7e6441c"/>
  </identifier>
  <status value="unknown"/>
  <category>
    <coding>
      <system value="http://medcomfhir.dk/ig/terminology/CodeSystem/medcom-careCommunication-categoryCodes"/>
      <code value="carecoordination"/>
    </coding>
  </category>
  <subject>
    <reference value="Patient/23ebfcd8-e4f2-4ce8-908b-aa7cfb9ffef5"/>
  </subject>
  <encounter>
    <reference value="Encounter/303b2782-e2bf-4780-a8a5-c4b02b0e1c66"/>
  </encounter>
  <payload>
    <extension url="http://medcomfhir.dk/ig/core/StructureDefinition/medcom-core-datetime-extension">
      <valueDateTime value="2024-05-07T18:00:00+01:00"/>
    </extension>
    <extension url="http://medcomfhir.dk/ig/core/StructureDefinition/medcom-core-identifier-extension">
      <valueIdentifier>
        <value value="urn:uuid:1813b23d-195e-4b28-8221-24247035bf08"/>
        <assigner>
          <reference value="Organization/e17d03b8-e7fd-4654-bc9c-cb2eb5dda71f"/>
        </assigner>
      </valueIdentifier>
    </extension>
    <extension url="http://medcomfhir.dk/ig/core/StructureDefinition/medcom-core-practitioner-extension">
      <valueReference>
        <reference value="PractitionerRole/8dc790ba-8d93-4585-b91c-af8225b0796d"/>
      </valueReference>
    </extension>
    <extension url="http://medcomfhir.dk/ig/core/StructureDefinition/medcom-core-contact-extension">
      <valueContactPoint>
        <system value="phone"/>
        <value value="38683868"/>
      </valueContactPoint>
    </extension>
    <contentString value="We have a question regarding the referal..."/>
  </payload>
</Communication>