<?xml version="1.0" encoding="UTF-8"?>

<CodeSystem xmlns="http://hl7.org/fhir">
  <id value="MedComProducentID"/>
  <text>
    <status value="generated"/><div xmlns="http://www.w3.org/1999/xhtml"><p class="res-header-id"><b>Generated Narrative: CodeSystem MedComProducentID</b></p><a name="MedComProducentID"> </a><a name="hcMedComProducentID"> </a><a name="hcMedComProducentID-da-DK"> </a><p>This case-insensitive code system <code>http://medcomfhir.dk/ig/terminology/CodeSystem/MedComProducentID</code> defines the following code:</p><table class="codes"><tr><td style="white-space:nowrap"><b>Code</b></td><td><b>Display</b></td></tr><tr><td style="white-space:nowrap">KAF<a name="MedComProducentID-KAF"> </a></td><td>Kommunal akutfunktion</td></tr></table></div>
  </text>
  <url value="http://medcomfhir.dk/ig/terminology/CodeSystem/MedComProducentID"/>
  <version value="1.8.0"/>
  <name value="MedComProducentID"/>
  <title value="MedComProducentID"/>
  <status value="draft"/>
  <experimental value="true"/>
  <date value="2023-10-31"/>
  <publisher value="MedCom"/>
  <contact>
    <name value="MedCom"/>
    <telecom>
      <system value="url"/>
      <value value="http://www.medcom.dk"/>
    </telecom>
  </contact>
  <description value="ProducentD that describes who performed the observation"/>
  <jurisdiction>
    <coding>
      <system value="urn:iso:std:iso:3166"/>
      <code value="DK"/>
      <display value="Denmark"/>
    </coding>
  </jurisdiction>
  <caseSensitive value="false"/>
  <content value="complete"/>
  <count value="1"/>
  <concept>
    <code value="KAF"/>
    <display value="Kommunal akutfunktion"/>
  </concept>
</CodeSystem>