<?xml version="1.0" encoding="UTF-8"?>

<CodeSystem xmlns="http://hl7.org/fhir">
  <id value="medcom-core-interpretation-codes"/>
  <text>
    <status value="generated"/><div xmlns="http://www.w3.org/1999/xhtml"><p class="res-header-id"><b>Generated Narrative: CodeSystem medcom-core-interpretation-codes</b></p><a name="medcom-core-interpretation-codes"> </a><a name="hcmedcom-core-interpretation-codes"> </a><a name="medcom-core-interpretation-codes-da-DK"> </a><p>This case-insensitive code system <code>http://medcomfhir.dk/ig/terminology/CodeSystem/medcom-core-interpretation-codes</code> defines the following code:</p><table class="codes"><tr><td style="white-space:nowrap"><b>Code</b></td><td><b>Display</b></td></tr><tr><td style="white-space:nowrap">NI<a name="medcom-core-interpretation-codes-NI"> </a></td><td>Not Interpreted</td></tr></table></div>
  </text>
  <url value="http://medcomfhir.dk/ig/terminology/CodeSystem/medcom-core-interpretation-codes"/>
  <version value="1.8.1"/>
  <name value="MedComCoreInterpretationCodes"/>
  <title value="MedComCoreInterpretationCodes"/>
  <status value="active"/>
  <experimental value="true"/>
  <date value="2023-10-31"/>
  <publisher value="MedCom"/>
  <contact>
    <name value="MedCom"/>
    <telecom>
      <system value="url"/>
      <value value="http://www.medcom.dk"/>
    </telecom>
  </contact>
  <description value="CodeSystem with code for interpretation of an observation"/>
  <jurisdiction>
    <coding>
      <system value="urn:iso:std:iso:3166"/>
      <code value="DK"/>
      <display value="Denmark"/>
    </coding>
  </jurisdiction>
  <caseSensitive value="false"/>
  <content value="complete"/>
  <count value="1"/>
  <concept>
    <code value="NI"/>
    <display value="Not Interpreted"/>
  </concept>
</CodeSystem>