{
  "resourceType" : "CodeSystem",
  "id" : "40336282-0888-436f-a863-f68f5ac077f5-38",
  "url" : "http://hl7.org/fhir/comparison/CodeSystem/40336282-0888-436f-a863-f68f5ac077f5-38",
  "name" : "UnionMedComMessagingDesinationUseCodesAndMedComMessagingDesinationUseCodes",
  "title" : "Union of MedComMessagingDestinationUse And MedComMessagingDestinationUse",
  "status" : "active",
  "date" : "2025-07-07T12:07:10+00:00",
  "jurisdiction" : [{
    "coding" : [{
      "system" : "urn:iso:std:iso:3166",
      "code" : "DK",
      "display" : "Denmark"
    }]
  }],
  "concept" : [{
    "code" : "primary",
    "display" : "Primary destination"
  },
  {
    "code" : "cc",
    "display" : "Carbon-copy destination"
  }]
}