{
  "resourceType" : "CodeSystem",
  "id" : "11830015-a561-400f-9ccd-df010f4f6058-42",
  "url" : "http://hl7.org/fhir/comparison/CodeSystem/11830015-a561-400f-9ccd-df010f4f6058-42",
  "name" : "IntersectionMedComMessageEventCodesAndMedComMessageEventCodes",
  "title" : "Intersection of MedComMessagingEventCodes And MedComMessagingEventCodes",
  "status" : "active",
  "date" : "2025-07-07T12:22:22+00:00",
  "jurisdiction" : [{
    "coding" : [{
      "system" : "urn:iso:std:iso:3166",
      "code" : "DK",
      "display" : "Denmark"
    }]
  }],
  "concept" : [{
    "code" : "empty-message",
    "display" : "Message with no content"
  },
  {
    "code" : "care-communication-message",
    "display" : "Care Communication Message"
  },
  {
    "code" : "hospital-notification-message",
    "display" : "Hospital Notification Message"
  },
  {
    "code" : "acknowledgement-message",
    "display" : "Acknowledgement Message"
  },
  {
    "code" : "homecareobservation-message",
    "display" : "HomeCare Observation Message"
  }]
}