{
  "resourceType" : "CodeSystem",
  "id" : "40336282-0888-436f-a863-f68f5ac077f5-26",
  "url" : "http://hl7.org/fhir/comparison/CodeSystem/40336282-0888-436f-a863-f68f5ac077f5-26",
  "name" : "UnionMedComMessageDefinitionTypeAndMedComMessageDefinitionType",
  "title" : "Union of MedComMessageDefinitionTypeCodeSystem And MedComMessageDefinitionTypeCodeSystem",
  "status" : "active",
  "date" : "2025-07-07T12:07:10+00:00",
  "jurisdiction" : [{
    "coding" : [{
      "system" : "urn:iso:std:iso:3166",
      "code" : "DK",
      "display" : "Denmark"
    }]
  }],
  "concept" : [{
    "code" : "EDIFACT",
    "display" : "Edifact"
  },
  {
    "code" : "OIOXML",
    "display" : "OIOXML"
  },
  {
    "code" : "FHIR",
    "display" : "FHIR"
  },
  {
    "code" : "ENVELOPE",
    "display" : "Envelope"
  }]
}