{
  "resourceType" : "CodeSystem",
  "id" : "11830015-a561-400f-9ccd-df010f4f6058-38",
  "url" : "http://hl7.org/fhir/comparison/CodeSystem/11830015-a561-400f-9ccd-df010f4f6058-38",
  "name" : "UnionMedComMessagingDesinationUseCodesAndMedComMessagingDesinationUseCodes",
  "title" : "Union of MedComMessagingDestinationUse And MedComMessagingDestinationUse",
  "status" : "active",
  "date" : "2025-07-07T12:22:22+00:00",
  "jurisdiction" : [{
    "coding" : [{
      "system" : "urn:iso:std:iso:3166",
      "code" : "DK",
      "display" : "Denmark"
    }]
  }],
  "concept" : [{
    "code" : "primary",
    "display" : "Primary destination"
  },
  {
    "code" : "cc",
    "display" : "Carbon-copy destination"
  }]
}