{
  "resourceType" : "ValueSet",
  "id" : "40336282-0888-436f-a863-f68f5ac077f5-104",
  "url" : "http://hl7.org/fhir/comparison/ValueSet/40336282-0888-436f-a863-f68f5ac077f5-104",
  "name" : "UnionMedComMessageDefinitionTypeVSAndMedComMessageDefinitionTypeVS",
  "title" : "Union of MedComMessageDefinitionTypeValueset And MedComMessageDefinitionTypeValueset",
  "status" : "active",
  "date" : "2025-07-07T12:07:10+00:00",
  "jurisdiction" : [{
    "coding" : [{
      "system" : "urn:iso:std:iso:3166",
      "code" : "DK",
      "display" : "Denmark"
    }]
  }]
}