{
  "resourceType" : "ValueSet",
  "id" : "11830015-a561-400f-9ccd-df010f4f6058-54",
  "url" : "http://hl7.org/fhir/comparison/ValueSet/11830015-a561-400f-9ccd-df010f4f6058-54",
  "name" : "IntersectionMedComDiagnosticReportCodesValuesetAndMedComDiagnosticReportCodesValueset",
  "title" : "Intersection of MedComDiagnosticReportCodesValueset And MedComDiagnosticReportCodesValueset",
  "status" : "draft",
  "date" : "2025-07-07T12:22:22+00:00",
  "jurisdiction" : [{
    "coding" : [{
      "system" : "urn:iso:std:iso:3166",
      "code" : "DK",
      "display" : "Denmark"
    }]
  }],
  "compose" : {
    "include" : [{
      "concept" : [{
        "code" : "HomeCareReport"
      }]
    }]
  }
}