{
  "resourceType" : "Organization",
  "id" : "b2f762be-6994-44da-a214-72c765655b3e",
  "meta" : {
    "profile" : ["http://medcomfhir.dk/ig/messaging/StructureDefinition/medcom-messaging-organization"]
  },
  "text" : {
    "status" : "generated",
    "div" : "<div xmlns=\"http://www.w3.org/1999/xhtml\"><p class=\"res-header-id\"><b>Generated Narrative: Organization b2f762be-6994-44da-a214-72c765655b3e</b></p><a name=\"b2f762be-6994-44da-a214-72c765655b3e\"> </a><a name=\"hcb2f762be-6994-44da-a214-72c765655b3e\"> </a><a name=\"b2f762be-6994-44da-a214-72c765655b3e-da-DK\"> </a><p><b>identifier</b>: <code>https://www.gs1.org/gln</code>/5790001348120, <code>urn:oid:1.2.208.176.1.1</code>/953741000016009</p><p><b>name</b>: Plejecenter Herlev</p></div>"
  },
  "identifier" : [{
    "system" : "https://www.gs1.org/gln",
    "value" : "5790001348120"
  },
  {
    "system" : "urn:oid:1.2.208.176.1.1",
    "value" : "953741000016009"
  }],
  "name" : "Plejecenter Herlev"
}