{
  "resourceType" : "Condition",
  "id" : "1b66f0a7-6d59-4e6a-a2bc-874cd194674b",
  "meta" : {
    "profile" : ["http://medcomfhir.dk/ig/conditionlist/StructureDefinition/medcom-conditionlist-condition"]
  },
  "text" : {
    "status" : "generated",
    "div" : "<div xmlns=\"http://www.w3.org/1999/xhtml\"><p class=\"res-header-id\"><b>Generated Narrative: Condition 1b66f0a7-6d59-4e6a-a2bc-874cd194674b</b></p><a name=\"1b66f0a7-6d59-4e6a-a2bc-874cd194674b\"> </a><a name=\"hc1b66f0a7-6d59-4e6a-a2bc-874cd194674b\"> </a><a name=\"1b66f0a7-6d59-4e6a-a2bc-874cd194674b-en-US\"> </a><p><b>category</b>: <span title=\"Codes:{http://terminology.hl7.org/CodeSystem/condition-category problem-list-item}\">Problem List Item</span>, <span title=\"Codes:{http://snomed.info/sct 15240007}\">Current</span></p><p><b>code</b>: <span title=\"Codes:{http://snomed.info/sct 238131007}\">Overweight</span></p><p><b>subject</b>: <a href=\"Patient-170b6e56-125d-42bf-9002-298166c4ff98.html\">Pia Test Berggren (official) Female, DoB: 2005-05-05 ( urn:oid:1.2.208.176.1.2#0505059996)</a></p><p><b>recordedDate</b>: 2020-03-15</p></div>"
  },
  "category" : [{
    "coding" : [{
      "system" : "http://terminology.hl7.org/CodeSystem/condition-category",
      "code" : "problem-list-item"
    }]
  },
  {
    "coding" : [{
      "system" : "http://snomed.info/sct",
      "code" : "15240007"
    }]
  }],
  "code" : {
    "coding" : [{
      "system" : "http://snomed.info/sct",
      "code" : "238131007",
      "display" : "Overweight"
    }]
  },
  "subject" : {
    "reference" : "Patient/170b6e56-125d-42bf-9002-298166c4ff98"
  },
  "recordedDate" : "2020-03-15"
}