{"resourceType":"CodeSystem","id":"medcom-observation-resultGroup","text":{"status":"generated","div":"<div xmlns=\"http://www.w3.org/1999/xhtml\"><p class=\"res-header-id\"><b>Generated Narrative: CodeSystem medcom-observation-resultGroup</b></p><a name=\"medcom-observation-resultGroup\"> </a><a name=\"hcmedcom-observation-resultGroup\"> </a><a name=\"medcom-observation-resultGroup-da-DK\"> </a><p>This case-insensitive code system <code>http://medcomfhir.dk/ig/terminology/CodeSystem/medcom-observation-resultGroup</code> defines the following codes:</p><table class=\"codes\"><tr><td style=\"white-space:nowrap\"><b>Code</b></td><td><b>Display</b></td></tr><tr><td style=\"white-space:nowrap\">5<a name=\"medcom-observation-resultGroup-5\"> </a></td><td>Hæmatologi</td></tr><tr><td style=\"white-space:nowrap\">10<a name=\"medcom-observation-resultGroup-10\"> </a></td><td>Væske- og elektrolytbalance</td></tr><tr><td style=\"white-space:nowrap\">15<a name=\"medcom-observation-resultGroup-15\"> </a></td><td>Syre/base- og oxygenstatus</td></tr><tr><td style=\"white-space:nowrap\">20<a name=\"medcom-observation-resultGroup-20\"> </a></td><td>Hæmostase</td></tr><tr><td style=\"white-space:nowrap\">25<a name=\"medcom-observation-resultGroup-25\"> </a></td><td>Organmarkører</td></tr><tr><td style=\"white-space:nowrap\">30<a name=\"medcom-observation-resultGroup-30\"> </a></td><td>Metabolisme</td></tr><tr><td style=\"white-space:nowrap\">35<a name=\"medcom-observation-resultGroup-35\"> </a></td><td>Endokrinologi</td></tr><tr><td style=\"white-space:nowrap\">40<a name=\"medcom-observation-resultGroup-40\"> </a></td><td>Tumormarkører</td></tr><tr><td style=\"white-space:nowrap\">45<a name=\"medcom-observation-resultGroup-45\"> </a></td><td>Immunologi og inflammation</td></tr><tr><td style=\"white-space:nowrap\">50<a name=\"medcom-observation-resultGroup-50\"> </a></td><td>Autoantistoffer</td></tr><tr><td style=\"white-space:nowrap\">55<a name=\"medcom-observation-resultGroup-55\"> </a></td><td>Allergi</td></tr><tr><td style=\"white-space:nowrap\">60<a name=\"medcom-observation-resultGroup-60\"> </a></td><td>Farmakologi</td></tr><tr><td style=\"white-space:nowrap\">65<a name=\"medcom-observation-resultGroup-65\"> </a></td><td>Sporstoffer og vitaminer</td></tr><tr><td style=\"white-space:nowrap\">70<a name=\"medcom-observation-resultGroup-70\"> </a></td><td>Infektion og smittemarkører</td></tr><tr><td style=\"white-space:nowrap\">75<a name=\"medcom-observation-resultGroup-75\"> </a></td><td>Blodtyper og transfusion</td></tr><tr><td style=\"white-space:nowrap\">80<a name=\"medcom-observation-resultGroup-80\"> </a></td><td>Vævstyper og transplantation</td></tr><tr><td style=\"white-space:nowrap\">85<a name=\"medcom-observation-resultGroup-85\"> </a></td><td>Molekylær genetik</td></tr><tr><td style=\"white-space:nowrap\">90<a name=\"medcom-observation-resultGroup-90\"> </a></td><td>Urin og fæces</td></tr><tr><td style=\"white-space:nowrap\">95<a name=\"medcom-observation-resultGroup-95\"> </a></td><td>CSV-,led-og pleuravæske,ascites m.m</td></tr><tr><td style=\"white-space:nowrap\">100<a name=\"medcom-observation-resultGroup-100\"> </a></td><td>Marv og andre biopsier</td></tr><tr><td style=\"white-space:nowrap\">105<a name=\"medcom-observation-resultGroup-105\"> </a></td><td>Sæd</td></tr><tr><td style=\"white-space:nowrap\">110<a name=\"medcom-observation-resultGroup-110\"> </a></td><td>Projektundersøgelser</td></tr><tr><td style=\"white-space:nowrap\">115<a name=\"medcom-observation-resultGroup-115\"> </a></td><td>Andre undersøgelser</td></tr><tr><td style=\"white-space:nowrap\">120<a name=\"medcom-observation-resultGroup-120\"> </a></td><td>Hjemmemåling</td></tr></table></div>"},"url":"http://medcomfhir.dk/ig/terminology/CodeSystem/medcom-observation-resultGroup","version":"1.7.1","name":"MedComObservationResultGroup","title":"MedCom Observation Result Group","status":"draft","experimental":true,"date":"2024-01-18","publisher":"MedCom","contact":[{"name":"MedCom","telecom":[{"system":"url","value":"http://www.medcom.dk"}]}],"description":"The observation result group are intende to be used to sort the individual analyzes.","jurisdiction":[{"coding":[{"system":"urn:iso:std:iso:3166","code":"DK","display":"Denmark"}]}],"caseSensitive":false,"content":"complete","count":24,"concept":[{"code":"5","display":"Hæmatologi"},{"code":"10","display":"Væske- og elektrolytbalance"},{"code":"15","display":"Syre/base- og oxygenstatus"},{"code":"20","display":"Hæmostase"},{"code":"25","display":"Organmarkører"},{"code":"30","display":"Metabolisme"},{"code":"35","display":"Endokrinologi"},{"code":"40","display":"Tumormarkører"},{"code":"45","display":"Immunologi og inflammation"},{"code":"50","display":"Autoantistoffer"},{"code":"55","display":"Allergi"},{"code":"60","display":"Farmakologi"},{"code":"65","display":"Sporstoffer og vitaminer"},{"code":"70","display":"Infektion og smittemarkører"},{"code":"75","display":"Blodtyper og transfusion"},{"code":"80","display":"Vævstyper og transplantation"},{"code":"85","display":"Molekylær genetik"},{"code":"90","display":"Urin og fæces"},{"code":"95","display":"CSV-,led-og pleuravæske,ascites m.m"},{"code":"100","display":"Marv og andre biopsier"},{"code":"105","display":"Sæd"},{"code":"110","display":"Projektundersøgelser"},{"code":"115","display":"Andre undersøgelser"},{"code":"120","display":"Hjemmemåling"}]}