{"resourceType":"ImplementationGuide","id":"medcom.fhir.dk.terminology","text":{"status":"generated","div":"<div xmlns=\"http://www.w3.org/1999/xhtml\"><p class=\"res-header-id\"><b>Generated Narrative: ImplementationGuide medcom.fhir.dk.terminology</b></p><a name=\"medcom.fhir.dk.terminology\"> </a><a name=\"hcmedcom.fhir.dk.terminology\"> </a><h2>DKMedComTerminology</h2><p>The official URL for this implementation guide is: </p><pre>http://medcomfhir.dk/ig/terminology/ImplementationGuide/medcom.fhir.dk.terminology</pre><div><p>This IG includes CodeSystems, ValueSets and ConceptMaps defined by MedCom and used in MedCom's FHIR standards.</p>\n</div></div>"},"url":"http://medcomfhir.dk/ig/terminology/ImplementationGuide/medcom.fhir.dk.terminology","version":"2.0.0","name":"DKMedComTerminology","title":"DK MedCom Terminology","status":"active","date":"2025-09-24T11:26:22+00:00","publisher":"MedCom","contact":[{"name":"MedCom","telecom":[{"system":"url","value":"http://www.medcom.dk"}]}],"description":"This IG includes CodeSystems, ValueSets and ConceptMaps defined by MedCom and used in MedCom's FHIR standards.","jurisdiction":[{"coding":[{"system":"urn:iso:std:iso:3166","code":"DK","display":"Denmark"}]}],"packageId":"medcom.fhir.dk.terminology","license":"CC0-1.0","fhirVersion":["4.0.1"],"dependsOn":[{"id":"hl7tx","extension":[{"url":"http://hl7.org/fhir/tools/StructureDefinition/implementationguide-dependency-comment","valueMarkdown":"Automatically added as a dependency - all IGs depend on HL7 Terminology"}],"uri":"http://terminology.hl7.org/ImplementationGuide/hl7.terminology","packageId":"hl7.terminology.r4","version":"6.5.0"},{"id":"hl7ext","extension":[{"url":"http://hl7.org/fhir/tools/StructureDefinition/implementationguide-dependency-comment","valueMarkdown":"Automatically added as a dependency - all IGs depend on the HL7 Extension Pack"}],"uri":"http://hl7.org/fhir/extensions/ImplementationGuide/hl7.fhir.uv.extensions","packageId":"hl7.fhir.uv.extensions.r4","version":"5.2.0"}],"definition":{"extension":[{"extension":[{"url":"code","valueString":"copyrightyear"},{"url":"value","valueString":"2022+"}],"url":"http://hl7.org/fhir/tools/StructureDefinition/ig-parameter"},{"extension":[{"url":"code","valueString":"releaselabel"},{"url":"value","valueString":"release"}],"url":"http://hl7.org/fhir/tools/StructureDefinition/ig-parameter"},{"extension":[{"url":"code","valueString":"apply-contact"},{"url":"value","valueString":"true"}],"url":"http://hl7.org/fhir/tools/StructureDefinition/ig-parameter"},{"extension":[{"url":"code","valueString":"apply-jurisdiction"},{"url":"value","valueString":"true"}],"url":"http://hl7.org/fhir/tools/StructureDefinition/ig-parameter"},{"extension":[{"url":"code","valueString":"apply-publisher"},{"url":"value","valueString":"true"}],"url":"http://hl7.org/fhir/tools/StructureDefinition/ig-parameter"},{"extension":[{"url":"code","valueString":"special-url"},{"url":"value","valueString":"urn:oid:1.2.208.176.2.1"}],"url":"http://hl7.org/fhir/tools/StructureDefinition/ig-parameter"},{"extension":[{"url":"code","valueString":"apply-version"},{"url":"value","valueString":"false"}],"url":"http://hl7.org/fhir/tools/StructureDefinition/ig-parameter"},{"extension":[{"url":"code","valueString":"default-version"},{"url":"value","valueString":"true"}],"url":"http://hl7.org/fhir/tools/StructureDefinition/ig-parameter"},{"extension":[{"url":"code","valueString":"autoload-resources"},{"url":"value","valueString":"true"}],"url":"http://hl7.org/fhir/tools/StructureDefinition/ig-parameter"},{"extension":[{"url":"code","valueString":"path-liquid"},{"url":"value","valueString":"template/liquid"}],"url":"http://hl7.org/fhir/tools/StructureDefinition/ig-parameter"},{"extension":[{"url":"code","valueString":"path-liquid"},{"url":"value","valueString":"input/liquid"}],"url":"http://hl7.org/fhir/tools/StructureDefinition/ig-parameter"},{"extension":[{"url":"code","valueString":"path-qa"},{"url":"value","valueString":"temp/qa"}],"url":"http://hl7.org/fhir/tools/StructureDefinition/ig-parameter"},{"extension":[{"url":"code","valueString":"path-temp"},{"url":"value","valueString":"temp/pages"}],"url":"http://hl7.org/fhir/tools/StructureDefinition/ig-parameter"},{"extension":[{"url":"code","valueString":"path-output"},{"url":"value","valueString":"output"}],"url":"http://hl7.org/fhir/tools/StructureDefinition/ig-parameter"},{"extension":[{"url":"code","valueString":"path-suppressed-warnings"},{"url":"value","valueString":"input/ignoreWarnings.txt"}],"url":"http://hl7.org/fhir/tools/StructureDefinition/ig-parameter"},{"extension":[{"url":"code","valueString":"path-history"},{"url":"value","valueString":"http://medcomfhir.dk/ig/terminology/history.html"}],"url":"http://hl7.org/fhir/tools/StructureDefinition/ig-parameter"},{"extension":[{"url":"code","valueString":"template-html"},{"url":"value","valueString":"template-page.html"}],"url":"http://hl7.org/fhir/tools/StructureDefinition/ig-parameter"},{"extension":[{"url":"code","valueString":"template-md"},{"url":"value","valueString":"template-page-md.html"}],"url":"http://hl7.org/fhir/tools/StructureDefinition/ig-parameter"},{"extension":[{"url":"code","valueString":"apply-context"},{"url":"value","valueString":"true"}],"url":"http://hl7.org/fhir/tools/StructureDefinition/ig-parameter"},{"extension":[{"url":"code","valueString":"apply-copyright"},{"url":"value","valueString":"true"}],"url":"http://hl7.org/fhir/tools/StructureDefinition/ig-parameter"},{"extension":[{"url":"code","valueString":"apply-license"},{"url":"value","valueString":"true"}],"url":"http://hl7.org/fhir/tools/StructureDefinition/ig-parameter"},{"extension":[{"url":"code","valueString":"apply-wg"},{"url":"value","valueString":"true"}],"url":"http://hl7.org/fhir/tools/StructureDefinition/ig-parameter"},{"extension":[{"url":"code","valueString":"active-tables"},{"url":"value","valueString":"true"}],"url":"http://hl7.org/fhir/tools/StructureDefinition/ig-parameter"},{"extension":[{"url":"code","valueString":"fmm-definition"},{"url":"value","valueString":"http://hl7.org/fhir/versions.html#maturity"}],"url":"http://hl7.org/fhir/tools/StructureDefinition/ig-parameter"},{"extension":[{"url":"code","valueString":"propagate-status"},{"url":"value","valueString":"true"}],"url":"http://hl7.org/fhir/tools/StructureDefinition/ig-parameter"},{"extension":[{"url":"code","valueString":"excludelogbinaryformat"},{"url":"value","valueString":"true"}],"url":"http://hl7.org/fhir/tools/StructureDefinition/ig-parameter"},{"extension":[{"url":"code","valueString":"tabbed-snapshots"},{"url":"value","valueString":"true"}],"url":"http://hl7.org/fhir/tools/StructureDefinition/ig-parameter"},{"url":"http://hl7.org/fhir/tools/StructureDefinition/ig-internal-dependency","valueCode":"hl7.fhir.uv.tools.r4#0.7.1"},{"extension":[{"url":"code","valueCode":"copyrightyear"},{"url":"value","valueString":"2022+"}],"url":"http://hl7.org/fhir/tools/StructureDefinition/ig-parameter"},{"extension":[{"url":"code","valueCode":"releaselabel"},{"url":"value","valueString":"release"}],"url":"http://hl7.org/fhir/tools/StructureDefinition/ig-parameter"},{"extension":[{"url":"code","valueCode":"apply-contact"},{"url":"value","valueString":"true"}],"url":"http://hl7.org/fhir/tools/StructureDefinition/ig-parameter"},{"extension":[{"url":"code","valueCode":"apply-jurisdiction"},{"url":"value","valueString":"true"}],"url":"http://hl7.org/fhir/tools/StructureDefinition/ig-parameter"},{"extension":[{"url":"code","valueCode":"apply-publisher"},{"url":"value","valueString":"true"}],"url":"http://hl7.org/fhir/tools/StructureDefinition/ig-parameter"},{"extension":[{"url":"code","valueCode":"special-url"},{"url":"value","valueString":"urn:oid:1.2.208.176.2.1"}],"url":"http://hl7.org/fhir/tools/StructureDefinition/ig-parameter"},{"extension":[{"url":"code","valueCode":"apply-version"},{"url":"value","valueString":"false"}],"url":"http://hl7.org/fhir/tools/StructureDefinition/ig-parameter"},{"extension":[{"url":"code","valueCode":"default-version"},{"url":"value","valueString":"true"}],"url":"http://hl7.org/fhir/tools/StructureDefinition/ig-parameter"},{"extension":[{"url":"code","valueCode":"autoload-resources"},{"url":"value","valueString":"true"}],"url":"http://hl7.org/fhir/tools/StructureDefinition/ig-parameter"},{"extension":[{"url":"code","valueCode":"path-liquid"},{"url":"value","valueString":"template/liquid"}],"url":"http://hl7.org/fhir/tools/StructureDefinition/ig-parameter"},{"extension":[{"url":"code","valueCode":"path-liquid"},{"url":"value","valueString":"input/liquid"}],"url":"http://hl7.org/fhir/tools/StructureDefinition/ig-parameter"},{"extension":[{"url":"code","valueCode":"path-qa"},{"url":"value","valueString":"temp/qa"}],"url":"http://hl7.org/fhir/tools/StructureDefinition/ig-parameter"},{"extension":[{"url":"code","valueCode":"path-temp"},{"url":"value","valueString":"temp/pages"}],"url":"http://hl7.org/fhir/tools/StructureDefinition/ig-parameter"},{"extension":[{"url":"code","valueCode":"path-output"},{"url":"value","valueString":"output"}],"url":"http://hl7.org/fhir/tools/StructureDefinition/ig-parameter"},{"extension":[{"url":"code","valueCode":"path-suppressed-warnings"},{"url":"value","valueString":"input/ignoreWarnings.txt"}],"url":"http://hl7.org/fhir/tools/StructureDefinition/ig-parameter"},{"extension":[{"url":"code","valueCode":"path-history"},{"url":"value","valueString":"http://medcomfhir.dk/ig/terminology/history.html"}],"url":"http://hl7.org/fhir/tools/StructureDefinition/ig-parameter"},{"extension":[{"url":"code","valueCode":"template-html"},{"url":"value","valueString":"template-page.html"}],"url":"http://hl7.org/fhir/tools/StructureDefinition/ig-parameter"},{"extension":[{"url":"code","valueCode":"template-md"},{"url":"value","valueString":"template-page-md.html"}],"url":"http://hl7.org/fhir/tools/StructureDefinition/ig-parameter"},{"extension":[{"url":"code","valueCode":"apply-context"},{"url":"value","valueString":"true"}],"url":"http://hl7.org/fhir/tools/StructureDefinition/ig-parameter"},{"extension":[{"url":"code","valueCode":"apply-copyright"},{"url":"value","valueString":"true"}],"url":"http://hl7.org/fhir/tools/StructureDefinition/ig-parameter"},{"extension":[{"url":"code","valueCode":"apply-license"},{"url":"value","valueString":"true"}],"url":"http://hl7.org/fhir/tools/StructureDefinition/ig-parameter"},{"extension":[{"url":"code","valueCode":"apply-wg"},{"url":"value","valueString":"true"}],"url":"http://hl7.org/fhir/tools/StructureDefinition/ig-parameter"},{"extension":[{"url":"code","valueCode":"active-tables"},{"url":"value","valueString":"true"}],"url":"http://hl7.org/fhir/tools/StructureDefinition/ig-parameter"},{"extension":[{"url":"code","valueCode":"fmm-definition"},{"url":"value","valueString":"http://hl7.org/fhir/versions.html#maturity"}],"url":"http://hl7.org/fhir/tools/StructureDefinition/ig-parameter"},{"extension":[{"url":"code","valueCode":"propagate-status"},{"url":"value","valueString":"true"}],"url":"http://hl7.org/fhir/tools/StructureDefinition/ig-parameter"},{"extension":[{"url":"code","valueCode":"excludelogbinaryformat"},{"url":"value","valueString":"true"}],"url":"http://hl7.org/fhir/tools/StructureDefinition/ig-parameter"},{"extension":[{"url":"code","valueCode":"tabbed-snapshots"},{"url":"value","valueString":"true"}],"url":"http://hl7.org/fhir/tools/StructureDefinition/ig-parameter"},{"extension":[{"url":"code","valueCode":"copyrightyear"},{"url":"value","valueString":"2022+"}],"url":"http://hl7.org/fhir/tools/StructureDefinition/ig-parameter"},{"extension":[{"url":"code","valueCode":"releaselabel"},{"url":"value","valueString":"release"}],"url":"http://hl7.org/fhir/tools/StructureDefinition/ig-parameter"},{"extension":[{"url":"code","valueCode":"apply-contact"},{"url":"value","valueString":"true"}],"url":"http://hl7.org/fhir/tools/StructureDefinition/ig-parameter"},{"extension":[{"url":"code","valueCode":"apply-jurisdiction"},{"url":"value","valueString":"true"}],"url":"http://hl7.org/fhir/tools/StructureDefinition/ig-parameter"},{"extension":[{"url":"code","valueCode":"apply-publisher"},{"url":"value","valueString":"true"}],"url":"http://hl7.org/fhir/tools/StructureDefinition/ig-parameter"},{"extension":[{"url":"code","valueCode":"special-url"},{"url":"value","valueString":"urn:oid:1.2.208.176.2.1"}],"url":"http://hl7.org/fhir/tools/StructureDefinition/ig-parameter"},{"extension":[{"url":"code","valueCode":"apply-version"},{"url":"value","valueString":"false"}],"url":"http://hl7.org/fhir/tools/StructureDefinition/ig-parameter"},{"extension":[{"url":"code","valueCode":"default-version"},{"url":"value","valueString":"true"}],"url":"http://hl7.org/fhir/tools/StructureDefinition/ig-parameter"},{"extension":[{"url":"code","valueCode":"autoload-resources"},{"url":"value","valueString":"true"}],"url":"http://hl7.org/fhir/tools/StructureDefinition/ig-parameter"},{"extension":[{"url":"code","valueCode":"path-liquid"},{"url":"value","valueString":"template/liquid"}],"url":"http://hl7.org/fhir/tools/StructureDefinition/ig-parameter"},{"extension":[{"url":"code","valueCode":"path-liquid"},{"url":"value","valueString":"input/liquid"}],"url":"http://hl7.org/fhir/tools/StructureDefinition/ig-parameter"},{"extension":[{"url":"code","valueCode":"path-qa"},{"url":"value","valueString":"temp/qa"}],"url":"http://hl7.org/fhir/tools/StructureDefinition/ig-parameter"},{"extension":[{"url":"code","valueCode":"path-temp"},{"url":"value","valueString":"temp/pages"}],"url":"http://hl7.org/fhir/tools/StructureDefinition/ig-parameter"},{"extension":[{"url":"code","valueCode":"path-output"},{"url":"value","valueString":"output"}],"url":"http://hl7.org/fhir/tools/StructureDefinition/ig-parameter"},{"extension":[{"url":"code","valueCode":"path-suppressed-warnings"},{"url":"value","valueString":"input/ignoreWarnings.txt"}],"url":"http://hl7.org/fhir/tools/StructureDefinition/ig-parameter"},{"extension":[{"url":"code","valueCode":"path-history"},{"url":"value","valueString":"http://medcomfhir.dk/ig/terminology/history.html"}],"url":"http://hl7.org/fhir/tools/StructureDefinition/ig-parameter"},{"extension":[{"url":"code","valueCode":"template-html"},{"url":"value","valueString":"template-page.html"}],"url":"http://hl7.org/fhir/tools/StructureDefinition/ig-parameter"},{"extension":[{"url":"code","valueCode":"template-md"},{"url":"value","valueString":"template-page-md.html"}],"url":"http://hl7.org/fhir/tools/StructureDefinition/ig-parameter"},{"extension":[{"url":"code","valueCode":"apply-context"},{"url":"value","valueString":"true"}],"url":"http://hl7.org/fhir/tools/StructureDefinition/ig-parameter"},{"extension":[{"url":"code","valueCode":"apply-copyright"},{"url":"value","valueString":"true"}],"url":"http://hl7.org/fhir/tools/StructureDefinition/ig-parameter"},{"extension":[{"url":"code","valueCode":"apply-license"},{"url":"value","valueString":"true"}],"url":"http://hl7.org/fhir/tools/StructureDefinition/ig-parameter"},{"extension":[{"url":"code","valueCode":"apply-wg"},{"url":"value","valueString":"true"}],"url":"http://hl7.org/fhir/tools/StructureDefinition/ig-parameter"},{"extension":[{"url":"code","valueCode":"active-tables"},{"url":"value","valueString":"true"}],"url":"http://hl7.org/fhir/tools/StructureDefinition/ig-parameter"},{"extension":[{"url":"code","valueCode":"fmm-definition"},{"url":"value","valueString":"http://hl7.org/fhir/versions.html#maturity"}],"url":"http://hl7.org/fhir/tools/StructureDefinition/ig-parameter"},{"extension":[{"url":"code","valueCode":"propagate-status"},{"url":"value","valueString":"true"}],"url":"http://hl7.org/fhir/tools/StructureDefinition/ig-parameter"},{"extension":[{"url":"code","valueCode":"excludelogbinaryformat"},{"url":"value","valueString":"true"}],"url":"http://hl7.org/fhir/tools/StructureDefinition/ig-parameter"},{"extension":[{"url":"code","valueCode":"tabbed-snapshots"},{"url":"value","valueString":"true"}],"url":"http://hl7.org/fhir/tools/StructureDefinition/ig-parameter"}],"grouping":[{"id":"-term-valueset","name":"Terminology: Value Sets","description":"These define sets of codes used by systems conforming to this implementation guide."},{"id":"-term-codesystem","name":"Terminology: Code Systems","description":"These define new code systems used by systems conforming to this implementation guide."},{"id":"-ex-example","name":"Example: Example Instances","description":"These are example instances that show what data produced and consumed by systems conforming with this implementation guide might look like."}],"resource":[{"extension":[{"url":"http://hl7.org/fhir/tools/StructureDefinition/resource-sort","valueInteger":999999999},{"url":"http://hl7.org/fhir/StructureDefinition/implementationguide-page","valueUri":"ValueSet-medcom-acknowledgement-issue-details.html"}],"reference":{"reference":"ValueSet/medcom-acknowledgement-issue-details"},"name":"MedComAcknowledgementIssueDetailValues","description":"ValueSet including detailed issues describtions.","exampleBoolean":false,"groupingId":"-term-valueset"},{"extension":[{"url":"http://hl7.org/fhir/tools/StructureDefinition/resource-sort","valueInteger":999999999},{"url":"http://hl7.org/fhir/StructureDefinition/implementationguide-page","valueUri":"ValueSet-medcom-careCommunication-categories.html"}],"reference":{"reference":"ValueSet/medcom-careCommunication-categories"},"name":"MedComCareCommunicationCategoryCodes","description":"ValueSet containing category codes for care communication messages","exampleBoolean":false,"groupingId":"-term-valueset"},{"extension":[{"url":"http://hl7.org/fhir/tools/StructureDefinition/resource-sort","valueInteger":999999999},{"url":"http://hl7.org/fhir/StructureDefinition/implementationguide-page","valueUri":"ValueSet-medcom-careCommunication-messagingActivities.html"}],"reference":{"reference":"ValueSet/medcom-careCommunication-messagingActivities"},"name":"MedComCareCommunicationMessageActivityCodes","description":"ValueSet containg activity codes for care communication messages","exampleBoolean":false,"groupingId":"-term-valueset"},{"extension":[{"url":"http://hl7.org/fhir/tools/StructureDefinition/resource-sort","valueInteger":999999999},{"url":"http://hl7.org/fhir/StructureDefinition/implementationguide-page","valueUri":"ValueSet-medcom-careCommunication-requestPriority.html"}],"reference":{"reference":"ValueSet/medcom-careCommunication-requestPriority"},"name":"MedComCareCommunicationRequestPriorityCodes","description":"ValueSet containg priority codes for care communication messages","exampleBoolean":false,"groupingId":"-term-valueset"},{"extension":[{"url":"http://hl7.org/fhir/tools/StructureDefinition/resource-sort","valueInteger":999999999},{"url":"http://hl7.org/fhir/StructureDefinition/implementationguide-page","valueUri":"ValueSet-medcom-conditionlist-status-valueset.html"}],"reference":{"reference":"ValueSet/medcom-conditionlist-status-valueset"},"name":"MedComConditionListStatus","description":"MedComConditionListStatus used to define the status of a condition","exampleBoolean":false,"groupingId":"-term-valueset"},{"extension":[{"url":"http://hl7.org/fhir/tools/StructureDefinition/resource-sort","valueInteger":999999999},{"url":"http://hl7.org/fhir/StructureDefinition/implementationguide-page","valueUri":"ValueSet-medcom-core-attachmentMimeTypes.html"}],"reference":{"reference":"ValueSet/medcom-core-attachmentMimeTypes"},"name":"MedComCoreAttachmentMimeTypes","description":"ValueSet containing allowed mime types for MedCom messages","exampleBoolean":false,"groupingId":"-term-valueset"},{"extension":[{"url":"http://hl7.org/fhir/tools/StructureDefinition/resource-sort","valueInteger":999999999},{"url":"http://hl7.org/fhir/StructureDefinition/implementationguide-page","valueUri":"ValueSet-medcom-corediagnosticreport-status.html"}],"reference":{"reference":"ValueSet/medcom-corediagnosticreport-status"},"name":"MedComCoreDiagnosticReportStatus","description":"ValueSet containing status codes for MedCom DiagnosticReport","exampleBoolean":false,"groupingId":"-term-valueset"},{"extension":[{"url":"http://hl7.org/fhir/tools/StructureDefinition/resource-sort","valueInteger":999999999},{"url":"http://hl7.org/fhir/StructureDefinition/implementationguide-page","valueUri":"ValueSet-medcom-core-encounter-class.html"}],"reference":{"reference":"ValueSet/medcom-core-encounter-class"},"name":"MedComCoreEncounterClassCodes","description":"ValueSet containing classification codes for MedComCoreEncounter.","exampleBoolean":false,"groupingId":"-term-valueset"},{"extension":[{"url":"http://hl7.org/fhir/tools/StructureDefinition/resource-sort","valueInteger":999999999},{"url":"http://hl7.org/fhir/StructureDefinition/implementationguide-page","valueUri":"ValueSet-medcom-core-interpreation-valueset.html"}],"reference":{"reference":"ValueSet/medcom-core-interpreation-valueset"},"name":"MedComCoreInterpretationValueset","description":"Valueset with code for interpretation of an observation","exampleBoolean":false,"groupingId":"-term-valueset"},{"extension":[{"url":"http://hl7.org/fhir/tools/StructureDefinition/resource-sort","valueInteger":999999999},{"url":"http://hl7.org/fhir/StructureDefinition/implementationguide-page","valueUri":"ValueSet-medcom-core-observation-status.html"}],"reference":{"reference":"ValueSet/medcom-core-observation-status"},"name":"MedComCoreObservationStatus","description":"ValueSet containing status codes for MedCom Core Observation","exampleBoolean":false,"groupingId":"-term-valueset"},{"extension":[{"url":"http://hl7.org/fhir/tools/StructureDefinition/resource-sort","valueInteger":999999999},{"url":"http://hl7.org/fhir/StructureDefinition/implementationguide-page","valueUri":"ValueSet-medcom-core-PractitionerRoles.html"}],"reference":{"reference":"ValueSet/medcom-core-PractitionerRoles"},"name":"MedComCorePractitionerRoles","description":"ValueSet containing codes for practionerroles (Danish: Stillingsbetegnelser) from MedCom.","exampleBoolean":false,"groupingId":"-term-valueset"},{"extension":[{"url":"http://hl7.org/fhir/tools/StructureDefinition/resource-sort","valueInteger":999999999},{"url":"http://hl7.org/fhir/StructureDefinition/implementationguide-page","valueUri":"ValueSet-MedComDiagnosticReportCodesValueset.html"}],"reference":{"reference":"ValueSet/MedComDiagnosticReportCodesValueset"},"name":"MedComDiagnosticReportCodesValueset","description":"ValueSet with codes that represents the name of the diagnostic report.","exampleBoolean":false,"groupingId":"-term-valueset"},{"extension":[{"url":"http://hl7.org/fhir/tools/StructureDefinition/resource-sort","valueInteger":999999999},{"url":"http://hl7.org/fhir/StructureDefinition/implementationguide-page","valueUri":"ValueSet-medcom-HomeCareObservation-messagingActivities.html"}],"reference":{"reference":"ValueSet/medcom-HomeCareObservation-messagingActivities"},"name":"MedComHomeCareObservationMessageActivityCodes","description":"ValueSet containg activity codes for HomeCareObservation messages","exampleBoolean":false,"groupingId":"-term-valueset"},{"extension":[{"url":"http://hl7.org/fhir/tools/StructureDefinition/resource-sort","valueInteger":999999999},{"url":"http://hl7.org/fhir/StructureDefinition/implementationguide-page","valueUri":"ValueSet-medcom-hospitalNotification-encounterClass.html"}],"reference":{"reference":"ValueSet/medcom-hospitalNotification-encounterClass"},"name":"MedComHospitalNotificationEncounterClassCodes","description":"ValueSet containg class codes for hospital notification encounter","exampleBoolean":false,"groupingId":"-term-valueset"},{"extension":[{"url":"http://hl7.org/fhir/tools/StructureDefinition/resource-sort","valueInteger":999999999},{"url":"http://hl7.org/fhir/StructureDefinition/implementationguide-page","valueUri":"ValueSet-medcom-hospitalNotification-encounterStatus.html"}],"reference":{"reference":"ValueSet/medcom-hospitalNotification-encounterStatus"},"name":"MedComHospitalNotificationEncounterStatusCodes","description":"ValueSet containing status codes for hospital notification encounter","exampleBoolean":false,"groupingId":"-term-valueset"},{"extension":[{"url":"http://hl7.org/fhir/tools/StructureDefinition/resource-sort","valueInteger":999999999},{"url":"http://hl7.org/fhir/StructureDefinition/implementationguide-page","valueUri":"ValueSet-medcom-hospitalNotification-messageActivities.html"}],"reference":{"reference":"ValueSet/medcom-hospitalNotification-messageActivities"},"name":"MedComHospitalNotificationMessageActivityCodes","description":"ValueSet containg activity codes for hospital notification messages","exampleBoolean":false,"groupingId":"-term-valueset"},{"extension":[{"url":"http://hl7.org/fhir/tools/StructureDefinition/resource-sort","valueInteger":999999999},{"url":"http://hl7.org/fhir/StructureDefinition/implementationguide-page","valueUri":"ValueSet-medcom-message-definition-type-valueset.html"}],"reference":{"reference":"ValueSet/medcom-message-definition-type-valueset"},"name":"MedComMessageDefinitionTypeValueset","description":"MedComMessageDefinitionTypeVS for the messaging infrastructure","exampleBoolean":false,"groupingId":"-term-valueset"},{"extension":[{"url":"http://hl7.org/fhir/tools/StructureDefinition/resource-sort","valueInteger":999999999},{"url":"http://hl7.org/fhir/StructureDefinition/implementationguide-page","valueUri":"ValueSet-medcom-messaging-activityCodes.html"}],"reference":{"reference":"ValueSet/medcom-messaging-activityCodes"},"name":"MedComMessagingActivityCodes","description":"ValueSet containing codes for activities occuring in MedCom messages","exampleBoolean":false,"groupingId":"-term-valueset"},{"extension":[{"url":"http://hl7.org/fhir/tools/StructureDefinition/resource-sort","valueInteger":999999999},{"url":"http://hl7.org/fhir/StructureDefinition/implementationguide-page","valueUri":"ValueSet-medcom-messaging-messageTypes.html"}],"reference":{"reference":"ValueSet/medcom-messaging-messageTypes"},"name":"MedComMessagingMessageTypes","description":"All message types of MedCom messages","exampleBoolean":false,"groupingId":"-term-valueset"},{"extension":[{"url":"http://hl7.org/fhir/tools/StructureDefinition/resource-sort","valueInteger":999999999},{"url":"http://hl7.org/fhir/StructureDefinition/implementationguide-page","valueUri":"ValueSet-medcom-messaging-sorEdiValues.html"}],"reference":{"reference":"ValueSet/medcom-messaging-sorEdiValues"},"name":"MedComMessagingSorEdiValues","description":"Values for SOREDI message types","exampleBoolean":false,"groupingId":"-term-valueset"},{"extension":[{"url":"http://hl7.org/fhir/tools/StructureDefinition/resource-sort","valueInteger":999999999},{"url":"http://hl7.org/fhir/StructureDefinition/implementationguide-page","valueUri":"ValueSet-medcom-obs-responseGroup.html"}],"reference":{"reference":"ValueSet/medcom-obs-responseGroup"},"name":"MedComObservationResultGroupValueSet","description":"National response groups for observation results.","exampleBoolean":false,"groupingId":"-term-valueset"},{"extension":[{"url":"http://hl7.org/fhir/tools/StructureDefinition/resource-sort","valueInteger":999999999},{"url":"http://hl7.org/fhir/StructureDefinition/implementationguide-page","valueUri":"ValueSet-medcom-observation-valueset.html"}],"reference":{"reference":"ValueSet/medcom-observation-valueset"},"name":"MedComObservationValueSet","description":"Valuesets for Observation defined by MedCom","exampleBoolean":false,"groupingId":"-term-valueset"},{"extension":[{"url":"http://hl7.org/fhir/tools/StructureDefinition/resource-sort","valueInteger":999999999},{"url":"http://hl7.org/fhir/StructureDefinition/implementationguide-page","valueUri":"ValueSet-medcm-producentID-valueset.html"}],"reference":{"reference":"ValueSet/medcm-producentID-valueset"},"name":"MedComProducentIDValueSet","description":"ProducentID","exampleBoolean":false,"groupingId":"-term-valueset"},{"extension":[{"url":"http://hl7.org/fhir/tools/StructureDefinition/resource-sort","valueInteger":999999999},{"url":"http://hl7.org/fhir/StructureDefinition/implementationguide-page","valueUri":"ValueSet-medcom-messagedefinition-identifer-system-valueset.html"}],"reference":{"reference":"ValueSet/medcom-messagedefinition-identifer-system-valueset"},"name":"MessageDefinitionIdentifierSystemValueset","description":"MessageDefinitionIdentifierSystemVS for the messaging infrastructure","exampleBoolean":false,"groupingId":"-term-valueset"},{"extension":[{"url":"http://hl7.org/fhir/tools/StructureDefinition/resource-sort","valueInteger":999999999},{"url":"http://hl7.org/fhir/StructureDefinition/implementationguide-page","valueUri":"ValueSet-npu-observation-codes-valueset.html"}],"reference":{"reference":"ValueSet/npu-observation-codes-valueset"},"name":"NPUObservationCodesValueSet","description":"ValuseSet with NPU observations Codes","exampleBoolean":false,"groupingId":"-term-valueset"},{"extension":[{"url":"http://hl7.org/fhir/tools/StructureDefinition/resource-sort","valueInteger":999999999},{"url":"http://hl7.org/fhir/StructureDefinition/implementationguide-page","valueUri":"ValueSet-medcom-messagedefinition-use-context-code-valueset.html"}],"reference":{"reference":"ValueSet/medcom-messagedefinition-use-context-code-valueset"},"name":"UseContextCodeSystemValueset","description":"UseContextCodeSystemVS for the messaging infrastructure","exampleBoolean":false,"groupingId":"-term-valueset"},{"extension":[{"url":"http://hl7.org/fhir/tools/StructureDefinition/resource-sort","valueInteger":999999999},{"url":"http://hl7.org/fhir/StructureDefinition/implementationguide-page","valueUri":"CodeSystem-medcom-acknowledgement-error-codes.html"}],"reference":{"reference":"CodeSystem/medcom-acknowledgement-error-codes"},"name":"MedComAcknowledgementErrorCodes","description":"CodeSystem including detailed error codes describtions.","exampleBoolean":false,"groupingId":"-term-codesystem"},{"extension":[{"url":"http://hl7.org/fhir/tools/StructureDefinition/resource-sort","valueInteger":999999999},{"url":"http://hl7.org/fhir/StructureDefinition/implementationguide-page","valueUri":"CodeSystem-medcom-careCommunication-categoryCodes.html"}],"reference":{"reference":"CodeSystem/medcom-careCommunication-categoryCodes"},"name":"MedComCareCommunicationCategories","description":"Category codes for care communication messages","exampleBoolean":false,"groupingId":"-term-codesystem"},{"extension":[{"url":"http://hl7.org/fhir/tools/StructureDefinition/resource-sort","valueInteger":999999999},{"url":"http://hl7.org/fhir/StructureDefinition/implementationguide-page","valueUri":"CodeSystem-medcom-core-encounter-act-codes.html"}],"reference":{"reference":"CodeSystem/medcom-core-encounter-act-codes"},"name":"MedComCoreEncounterActCodes","description":"CodeSystem with code for classification of an encounter.","exampleBoolean":false,"groupingId":"-term-codesystem"},{"extension":[{"url":"http://hl7.org/fhir/tools/StructureDefinition/resource-sort","valueInteger":999999999},{"url":"http://hl7.org/fhir/StructureDefinition/implementationguide-page","valueUri":"CodeSystem-medcom-core-interpretation-codes.html"}],"reference":{"reference":"CodeSystem/medcom-core-interpretation-codes"},"name":"MedComCoreInterpretationCodes","description":"CodeSystem with code for interpretation of an observation","exampleBoolean":false,"groupingId":"-term-codesystem"},{"extension":[{"url":"http://hl7.org/fhir/tools/StructureDefinition/resource-sort","valueInteger":999999999},{"url":"http://hl7.org/fhir/StructureDefinition/implementationguide-page","valueUri":"CodeSystem-medcom-core-PractitionerRolesAutorisationsregistret.html"}],"reference":{"reference":"CodeSystem/medcom-core-PractitionerRolesAutorisationsregistret"},"name":"MedComCorePractitionerRolesAutorisationsregistret","description":"CodeSystem containing codes for practionerroles (Danish:Stillingsbetegnelser) from [autorisationsregistret](https://stps.dk/da/autorisation/opslagautreg/)","exampleBoolean":false,"groupingId":"-term-codesystem"},{"extension":[{"url":"http://hl7.org/fhir/tools/StructureDefinition/resource-sort","valueInteger":999999999},{"url":"http://hl7.org/fhir/StructureDefinition/implementationguide-page","valueUri":"CodeSystem-medcom-core-PractitionerRolesSKSadministrativ.html"}],"reference":{"reference":"CodeSystem/medcom-core-PractitionerRolesSKSadministrativ"},"name":"MedComCorePractitionerRolesSKSadministrativ","description":"CodeSystem containing codes for practionerroles (Danish:Stillingsbetegnelser) from [SKS Administrativt-Personaleklassifikation](https://medinfo.dk/sks/brows.php?s_nod=924).","exampleBoolean":false,"groupingId":"-term-codesystem"},{"extension":[{"url":"http://hl7.org/fhir/tools/StructureDefinition/resource-sort","valueInteger":999999999},{"url":"http://hl7.org/fhir/StructureDefinition/implementationguide-page","valueUri":"CodeSystem-MedComDiagnosticReportCodes.html"}],"reference":{"reference":"CodeSystem/MedComDiagnosticReportCodes"},"name":"MedComDiagnosticReportCodes","description":"Codes that represents the name of the diagnostic report","exampleBoolean":false,"groupingId":"-term-codesystem"},{"extension":[{"url":"http://hl7.org/fhir/tools/StructureDefinition/resource-sort","valueInteger":999999999},{"url":"http://hl7.org/fhir/StructureDefinition/implementationguide-page","valueUri":"CodeSystem-medcom-message-definition-type.html"}],"reference":{"reference":"CodeSystem/medcom-message-definition-type"},"name":"MedComMessageDefinitionTypeCodeSystem","description":"MedComMessageDefinitionTypeCS for the messaging infrastructure","exampleBoolean":false,"groupingId":"-term-codesystem"},{"extension":[{"url":"http://hl7.org/fhir/tools/StructureDefinition/resource-sort","valueInteger":999999999},{"url":"http://hl7.org/fhir/StructureDefinition/implementationguide-page","valueUri":"CodeSystem-medcom-messaging-activityCodes.html"}],"reference":{"reference":"CodeSystem/medcom-messaging-activityCodes"},"name":"MedComMessagingActivityCodes","description":"CodeSystem containing codes for activities occuring in MedCom messages","exampleBoolean":false,"groupingId":"-term-codesystem"},{"extension":[{"url":"http://hl7.org/fhir/tools/StructureDefinition/resource-sort","valueInteger":999999999},{"url":"http://hl7.org/fhir/StructureDefinition/implementationguide-page","valueUri":"CodeSystem-medcom-messaging-cancellation-reason.html"}],"reference":{"reference":"CodeSystem/medcom-messaging-cancellation-reason"},"name":"MedComMessagingCancellationReason","description":"CodeSystem including text that describes the reason for cancelling a message.","exampleBoolean":false,"groupingId":"-term-codesystem"},{"extension":[{"url":"http://hl7.org/fhir/tools/StructureDefinition/resource-sort","valueInteger":999999999},{"url":"http://hl7.org/fhir/StructureDefinition/implementationguide-page","valueUri":"CodeSystem-medcom-messaging-destinationUse.html"}],"reference":{"reference":"CodeSystem/medcom-messaging-destinationUse"},"name":"MedComMessagingDestinationUse","description":"Codes indicatin whether the use of a destination in a MedCom message header is as a primary or a carbon copy recipient of the message","exampleBoolean":false,"groupingId":"-term-codesystem"},{"extension":[{"url":"http://hl7.org/fhir/tools/StructureDefinition/resource-sort","valueInteger":999999999},{"url":"http://hl7.org/fhir/StructureDefinition/implementationguide-page","valueUri":"CodeSystem-medcom-messaging-eventCodes.html"}],"reference":{"reference":"CodeSystem/medcom-messaging-eventCodes"},"name":"MedComMessagingEventCodes","description":"CodeSystem including all types of MedCom messages","exampleBoolean":false,"groupingId":"-term-codesystem"},{"extension":[{"url":"http://hl7.org/fhir/tools/StructureDefinition/resource-sort","valueInteger":999999999},{"url":"http://hl7.org/fhir/StructureDefinition/implementationguide-page","valueUri":"CodeSystem-medcom-messaging-sorEdiSystem.html"}],"reference":{"reference":"CodeSystem/medcom-messaging-sorEdiSystem"},"name":"MedComMessagingSorEdiCodeSystem","description":"Codes for SOREDI message types","exampleBoolean":false,"groupingId":"-term-codesystem"},{"extension":[{"url":"http://hl7.org/fhir/tools/StructureDefinition/resource-sort","valueInteger":999999999},{"url":"http://hl7.org/fhir/StructureDefinition/implementationguide-page","valueUri":"CodeSystem-medcom-messaging-statisticalCodes.html"}],"reference":{"reference":"CodeSystem/medcom-messaging-statisticalCodes"},"name":"MedComMessagingStatisticalCodes","description":"Statistical Codes for MedCom VANS messages","exampleBoolean":false,"groupingId":"-term-codesystem"},{"extension":[{"url":"http://hl7.org/fhir/tools/StructureDefinition/resource-sort","valueInteger":999999999},{"url":"http://hl7.org/fhir/StructureDefinition/implementationguide-page","valueUri":"CodeSystem-medcom-observation-codes.html"}],"reference":{"reference":"CodeSystem/medcom-observation-codes"},"name":"MedComObservationCodes","description":"CodeSystem with observations codes used in HomeCareObservation","exampleBoolean":false,"groupingId":"-term-codesystem"},{"extension":[{"url":"http://hl7.org/fhir/tools/StructureDefinition/resource-sort","valueInteger":999999999},{"url":"http://hl7.org/fhir/StructureDefinition/implementationguide-page","valueUri":"CodeSystem-medcom-observation-resultGroup.html"}],"reference":{"reference":"CodeSystem/medcom-observation-resultGroup"},"name":"MedComObservationResultGroup","description":"The observation result group are intended to be used to sort the individual analyzes.","exampleBoolean":false,"groupingId":"-term-codesystem"},{"extension":[{"url":"http://hl7.org/fhir/tools/StructureDefinition/resource-sort","valueInteger":999999999},{"url":"http://hl7.org/fhir/StructureDefinition/implementationguide-page","valueUri":"CodeSystem-MedComProducentID.html"}],"reference":{"reference":"CodeSystem/MedComProducentID"},"name":"MedComProducentID","description":"ProducentD that describes who performed the observation","exampleBoolean":false,"groupingId":"-term-codesystem"},{"extension":[{"url":"http://hl7.org/fhir/tools/StructureDefinition/resource-sort","valueInteger":999999999},{"url":"http://hl7.org/fhir/StructureDefinition/implementationguide-page","valueUri":"CodeSystem-medcom-messagedefinition-identifer-system.html"}],"reference":{"reference":"CodeSystem/medcom-messagedefinition-identifer-system"},"name":"MessageDefinitionIdentifierSystemCodeSystem","description":"MessageDefinitionIdentifierSystemCS for the messaging infrastructure","exampleBoolean":false,"groupingId":"-term-codesystem"},{"extension":[{"url":"http://hl7.org/fhir/tools/StructureDefinition/resource-sort","valueInteger":999999999},{"url":"http://hl7.org/fhir/StructureDefinition/implementationguide-page","valueUri":"CodeSystem-npu-observation-codes.html"}],"reference":{"reference":"CodeSystem/npu-observation-codes"},"name":"NPUObservationCodes","description":"CodeSystem with NPU observation codes","exampleBoolean":false,"groupingId":"-term-codesystem"},{"extension":[{"url":"http://hl7.org/fhir/tools/StructureDefinition/resource-sort","valueInteger":999999999},{"url":"http://hl7.org/fhir/StructureDefinition/implementationguide-page","valueUri":"ConceptMap-medcom-messaging-mapFhirToSorEdi.html"}],"reference":{"reference":"ConceptMap/medcom-messaging-mapFhirToSorEdi"},"name":"MedComMessagingMapFhirToSorEdi","description":"ConceptMap between MedComs FHIR message names and SOREDI message names","exampleBoolean":true,"groupingId":"-ex-example"}],"page":{"extension":[{"url":"http://hl7.org/fhir/tools/StructureDefinition/ig-page-name","valueUrl":"toc.html"}],"nameUrl":"toc.html","title":"Table of Contents","generation":"html","page":[{"extension":[{"url":"http://hl7.org/fhir/tools/StructureDefinition/ig-page-name","valueUrl":"index.html"}],"nameUrl":"index.html","title":"Home","generation":"markdown"},{"extension":[{"url":"http://hl7.org/fhir/tools/StructureDefinition/ig-page-name","valueUrl":"downloads.html"}],"nameUrl":"downloads.html","title":"Downloads","generation":"markdown"},{"extension":[{"url":"http://hl7.org/fhir/tools/StructureDefinition/ig-page-name","valueUrl":"terminology.html"}],"nameUrl":"terminology.html","title":"Terminology","generation":"html"},{"extension":[{"url":"http://hl7.org/fhir/tools/StructureDefinition/ig-page-name","valueUrl":"artifacts.html"}],"nameUrl":"artifacts.html","title":"Artifacts Summary","generation":"html","page":[{"extension":[{"url":"http://hl7.org/fhir/tools/StructureDefinition/ig-page-name","valueUrl":"ValueSet-medcom-acknowledgement-issue-details.html"}],"nameUrl":"ValueSet-medcom-acknowledgement-issue-details.html","title":"MedComAcknowledgementIssueDetailValues","generation":"generated"},{"extension":[{"url":"http://hl7.org/fhir/tools/StructureDefinition/ig-page-name","valueUrl":"ValueSet-medcom-careCommunication-categories.html"}],"nameUrl":"ValueSet-medcom-careCommunication-categories.html","title":"MedComCareCommunicationCategoryCodes","generation":"generated"},{"extension":[{"url":"http://hl7.org/fhir/tools/StructureDefinition/ig-page-name","valueUrl":"ValueSet-medcom-careCommunication-messagingActivities.html"}],"nameUrl":"ValueSet-medcom-careCommunication-messagingActivities.html","title":"MedComCareCommunicationMessageActivityCodes","generation":"generated"},{"extension":[{"url":"http://hl7.org/fhir/tools/StructureDefinition/ig-page-name","valueUrl":"ValueSet-medcom-careCommunication-requestPriority.html"}],"nameUrl":"ValueSet-medcom-careCommunication-requestPriority.html","title":"MedComCareCommunicationRequestPriorityCodes","generation":"generated"},{"extension":[{"url":"http://hl7.org/fhir/tools/StructureDefinition/ig-page-name","valueUrl":"ValueSet-medcom-conditionlist-status-valueset.html"}],"nameUrl":"ValueSet-medcom-conditionlist-status-valueset.html","title":"MedComConditionListStatus","generation":"generated"},{"extension":[{"url":"http://hl7.org/fhir/tools/StructureDefinition/ig-page-name","valueUrl":"ValueSet-medcom-core-attachmentMimeTypes.html"}],"nameUrl":"ValueSet-medcom-core-attachmentMimeTypes.html","title":"MedComCoreAttachmentMimeTypes","generation":"generated"},{"extension":[{"url":"http://hl7.org/fhir/tools/StructureDefinition/ig-page-name","valueUrl":"ValueSet-medcom-corediagnosticreport-status.html"}],"nameUrl":"ValueSet-medcom-corediagnosticreport-status.html","title":"MedComCoreDiagnosticReportStatus","generation":"generated"},{"extension":[{"url":"http://hl7.org/fhir/tools/StructureDefinition/ig-page-name","valueUrl":"ValueSet-medcom-core-encounter-class.html"}],"nameUrl":"ValueSet-medcom-core-encounter-class.html","title":"MedComCoreEncounterClassCodes","generation":"generated"},{"extension":[{"url":"http://hl7.org/fhir/tools/StructureDefinition/ig-page-name","valueUrl":"ValueSet-medcom-core-interpreation-valueset.html"}],"nameUrl":"ValueSet-medcom-core-interpreation-valueset.html","title":"MedComCoreInterpretationValueset","generation":"generated"},{"extension":[{"url":"http://hl7.org/fhir/tools/StructureDefinition/ig-page-name","valueUrl":"ValueSet-medcom-core-observation-status.html"}],"nameUrl":"ValueSet-medcom-core-observation-status.html","title":"MedComCoreObservationStatus","generation":"generated"},{"extension":[{"url":"http://hl7.org/fhir/tools/StructureDefinition/ig-page-name","valueUrl":"ValueSet-medcom-core-PractitionerRoles.html"}],"nameUrl":"ValueSet-medcom-core-PractitionerRoles.html","title":"MedComCorePractitionerRoles","generation":"generated"},{"extension":[{"url":"http://hl7.org/fhir/tools/StructureDefinition/ig-page-name","valueUrl":"ValueSet-MedComDiagnosticReportCodesValueset.html"}],"nameUrl":"ValueSet-MedComDiagnosticReportCodesValueset.html","title":"MedComDiagnosticReportCodesValueset","generation":"generated"},{"extension":[{"url":"http://hl7.org/fhir/tools/StructureDefinition/ig-page-name","valueUrl":"ValueSet-medcom-HomeCareObservation-messagingActivities.html"}],"nameUrl":"ValueSet-medcom-HomeCareObservation-messagingActivities.html","title":"MedComHomeCareObservationMessageActivityCodes","generation":"generated"},{"extension":[{"url":"http://hl7.org/fhir/tools/StructureDefinition/ig-page-name","valueUrl":"ValueSet-medcom-hospitalNotification-encounterClass.html"}],"nameUrl":"ValueSet-medcom-hospitalNotification-encounterClass.html","title":"MedComHospitalNotificationEncounterClassCodes","generation":"generated"},{"extension":[{"url":"http://hl7.org/fhir/tools/StructureDefinition/ig-page-name","valueUrl":"ValueSet-medcom-hospitalNotification-encounterStatus.html"}],"nameUrl":"ValueSet-medcom-hospitalNotification-encounterStatus.html","title":"MedComHospitalNotificationEncounterStatusCodes","generation":"generated"},{"extension":[{"url":"http://hl7.org/fhir/tools/StructureDefinition/ig-page-name","valueUrl":"ValueSet-medcom-hospitalNotification-messageActivities.html"}],"nameUrl":"ValueSet-medcom-hospitalNotification-messageActivities.html","title":"MedComHospitalNotificationMessageActivityCodes","generation":"generated"},{"extension":[{"url":"http://hl7.org/fhir/tools/StructureDefinition/ig-page-name","valueUrl":"ValueSet-medcom-message-definition-type-valueset.html"}],"nameUrl":"ValueSet-medcom-message-definition-type-valueset.html","title":"MedComMessageDefinitionTypeValueset","generation":"generated"},{"extension":[{"url":"http://hl7.org/fhir/tools/StructureDefinition/ig-page-name","valueUrl":"ValueSet-medcom-messaging-activityCodes.html"}],"nameUrl":"ValueSet-medcom-messaging-activityCodes.html","title":"MedComMessagingActivityCodes","generation":"generated"},{"extension":[{"url":"http://hl7.org/fhir/tools/StructureDefinition/ig-page-name","valueUrl":"ValueSet-medcom-messaging-messageTypes.html"}],"nameUrl":"ValueSet-medcom-messaging-messageTypes.html","title":"MedComMessagingMessageTypes","generation":"generated"},{"extension":[{"url":"http://hl7.org/fhir/tools/StructureDefinition/ig-page-name","valueUrl":"ValueSet-medcom-messaging-sorEdiValues.html"}],"nameUrl":"ValueSet-medcom-messaging-sorEdiValues.html","title":"MedComMessagingSorEdiValues","generation":"generated"},{"extension":[{"url":"http://hl7.org/fhir/tools/StructureDefinition/ig-page-name","valueUrl":"ValueSet-medcom-obs-responseGroup.html"}],"nameUrl":"ValueSet-medcom-obs-responseGroup.html","title":"MedComObservationResultGroupValueSet","generation":"generated"},{"extension":[{"url":"http://hl7.org/fhir/tools/StructureDefinition/ig-page-name","valueUrl":"ValueSet-medcom-observation-valueset.html"}],"nameUrl":"ValueSet-medcom-observation-valueset.html","title":"MedComObservationValueSet","generation":"generated"},{"extension":[{"url":"http://hl7.org/fhir/tools/StructureDefinition/ig-page-name","valueUrl":"ValueSet-medcm-producentID-valueset.html"}],"nameUrl":"ValueSet-medcm-producentID-valueset.html","title":"MedComProducentIDValueSet","generation":"generated"},{"extension":[{"url":"http://hl7.org/fhir/tools/StructureDefinition/ig-page-name","valueUrl":"ValueSet-medcom-messagedefinition-identifer-system-valueset.html"}],"nameUrl":"ValueSet-medcom-messagedefinition-identifer-system-valueset.html","title":"MessageDefinitionIdentifierSystemValueset","generation":"generated"},{"extension":[{"url":"http://hl7.org/fhir/tools/StructureDefinition/ig-page-name","valueUrl":"ValueSet-npu-observation-codes-valueset.html"}],"nameUrl":"ValueSet-npu-observation-codes-valueset.html","title":"NPUObservationCodesValueSet","generation":"generated"},{"extension":[{"url":"http://hl7.org/fhir/tools/StructureDefinition/ig-page-name","valueUrl":"ValueSet-medcom-messagedefinition-use-context-code-valueset.html"}],"nameUrl":"ValueSet-medcom-messagedefinition-use-context-code-valueset.html","title":"UseContextCodeSystemValueset","generation":"generated"},{"extension":[{"url":"http://hl7.org/fhir/tools/StructureDefinition/ig-page-name","valueUrl":"CodeSystem-medcom-acknowledgement-error-codes.html"}],"nameUrl":"CodeSystem-medcom-acknowledgement-error-codes.html","title":"MedComAcknowledgementErrorCodes","generation":"generated"},{"extension":[{"url":"http://hl7.org/fhir/tools/StructureDefinition/ig-page-name","valueUrl":"CodeSystem-medcom-careCommunication-categoryCodes.html"}],"nameUrl":"CodeSystem-medcom-careCommunication-categoryCodes.html","title":"MedComCareCommunicationCategories","generation":"generated"},{"extension":[{"url":"http://hl7.org/fhir/tools/StructureDefinition/ig-page-name","valueUrl":"CodeSystem-medcom-core-encounter-act-codes.html"}],"nameUrl":"CodeSystem-medcom-core-encounter-act-codes.html","title":"MedComCoreEncounterActCodes","generation":"generated"},{"extension":[{"url":"http://hl7.org/fhir/tools/StructureDefinition/ig-page-name","valueUrl":"CodeSystem-medcom-core-interpretation-codes.html"}],"nameUrl":"CodeSystem-medcom-core-interpretation-codes.html","title":"MedComCoreInterpretationCodes","generation":"generated"},{"extension":[{"url":"http://hl7.org/fhir/tools/StructureDefinition/ig-page-name","valueUrl":"CodeSystem-medcom-core-PractitionerRolesAutorisationsregistret.html"}],"nameUrl":"CodeSystem-medcom-core-PractitionerRolesAutorisationsregistret.html","title":"MedComCorePractitionerRolesAutorisationsregistret","generation":"generated"},{"extension":[{"url":"http://hl7.org/fhir/tools/StructureDefinition/ig-page-name","valueUrl":"CodeSystem-medcom-core-PractitionerRolesSKSadministrativ.html"}],"nameUrl":"CodeSystem-medcom-core-PractitionerRolesSKSadministrativ.html","title":"MedComCorePractitionerRolesSKSadministrativ","generation":"generated"},{"extension":[{"url":"http://hl7.org/fhir/tools/StructureDefinition/ig-page-name","valueUrl":"CodeSystem-MedComDiagnosticReportCodes.html"}],"nameUrl":"CodeSystem-MedComDiagnosticReportCodes.html","title":"MedComDiagnosticReportCodes","generation":"generated"},{"extension":[{"url":"http://hl7.org/fhir/tools/StructureDefinition/ig-page-name","valueUrl":"CodeSystem-medcom-message-definition-type.html"}],"nameUrl":"CodeSystem-medcom-message-definition-type.html","title":"MedComMessageDefinitionTypeCodeSystem","generation":"generated"},{"extension":[{"url":"http://hl7.org/fhir/tools/StructureDefinition/ig-page-name","valueUrl":"CodeSystem-medcom-messaging-activityCodes.html"}],"nameUrl":"CodeSystem-medcom-messaging-activityCodes.html","title":"MedComMessagingActivityCodes","generation":"generated"},{"extension":[{"url":"http://hl7.org/fhir/tools/StructureDefinition/ig-page-name","valueUrl":"CodeSystem-medcom-messaging-cancellation-reason.html"}],"nameUrl":"CodeSystem-medcom-messaging-cancellation-reason.html","title":"MedComMessagingCancellationReason","generation":"generated"},{"extension":[{"url":"http://hl7.org/fhir/tools/StructureDefinition/ig-page-name","valueUrl":"CodeSystem-medcom-messaging-destinationUse.html"}],"nameUrl":"CodeSystem-medcom-messaging-destinationUse.html","title":"MedComMessagingDestinationUse","generation":"generated"},{"extension":[{"url":"http://hl7.org/fhir/tools/StructureDefinition/ig-page-name","valueUrl":"CodeSystem-medcom-messaging-eventCodes.html"}],"nameUrl":"CodeSystem-medcom-messaging-eventCodes.html","title":"MedComMessagingEventCodes","generation":"generated"},{"extension":[{"url":"http://hl7.org/fhir/tools/StructureDefinition/ig-page-name","valueUrl":"CodeSystem-medcom-messaging-sorEdiSystem.html"}],"nameUrl":"CodeSystem-medcom-messaging-sorEdiSystem.html","title":"MedComMessagingSorEdiCodeSystem","generation":"generated"},{"extension":[{"url":"http://hl7.org/fhir/tools/StructureDefinition/ig-page-name","valueUrl":"CodeSystem-medcom-messaging-statisticalCodes.html"}],"nameUrl":"CodeSystem-medcom-messaging-statisticalCodes.html","title":"MedComMessagingStatisticalCodes","generation":"generated"},{"extension":[{"url":"http://hl7.org/fhir/tools/StructureDefinition/ig-page-name","valueUrl":"CodeSystem-medcom-observation-codes.html"}],"nameUrl":"CodeSystem-medcom-observation-codes.html","title":"MedComObservationCodes","generation":"generated"},{"extension":[{"url":"http://hl7.org/fhir/tools/StructureDefinition/ig-page-name","valueUrl":"CodeSystem-medcom-observation-resultGroup.html"}],"nameUrl":"CodeSystem-medcom-observation-resultGroup.html","title":"MedComObservationResultGroup","generation":"generated"},{"extension":[{"url":"http://hl7.org/fhir/tools/StructureDefinition/ig-page-name","valueUrl":"CodeSystem-MedComProducentID.html"}],"nameUrl":"CodeSystem-MedComProducentID.html","title":"MedComProducentID","generation":"generated"},{"extension":[{"url":"http://hl7.org/fhir/tools/StructureDefinition/ig-page-name","valueUrl":"CodeSystem-medcom-messagedefinition-identifer-system.html"}],"nameUrl":"CodeSystem-medcom-messagedefinition-identifer-system.html","title":"MessageDefinitionIdentifierSystemCodeSystem","generation":"generated"},{"extension":[{"url":"http://hl7.org/fhir/tools/StructureDefinition/ig-page-name","valueUrl":"CodeSystem-npu-observation-codes.html"}],"nameUrl":"CodeSystem-npu-observation-codes.html","title":"NPUObservationCodes","generation":"generated"},{"extension":[{"url":"http://hl7.org/fhir/tools/StructureDefinition/ig-page-name","valueUrl":"ConceptMap-medcom-messaging-mapFhirToSorEdi.html"}],"nameUrl":"ConceptMap-medcom-messaging-mapFhirToSorEdi.html","title":"MedComMessagingMapFhirToSorEdi","generation":"generated"}]}]},"parameter":[{"code":"path-resource","value":"input/capabilities"},{"code":"path-resource","value":"input/examples"},{"code":"path-resource","value":"input/extensions"},{"code":"path-resource","value":"input/models"},{"code":"path-resource","value":"input/operations"},{"code":"path-resource","value":"input/profiles"},{"code":"path-resource","value":"input/resources"},{"code":"path-resource","value":"input/vocabulary"},{"code":"path-resource","value":"input/maps"},{"code":"path-resource","value":"input/testing"},{"code":"path-resource","value":"input/history"},{"code":"path-resource","value":"fsh-generated/resources"},{"code":"path-pages","value":"template/config"},{"code":"path-pages","value":"input/images"},{"code":"path-tx-cache","value":"input-cache/txcache"}]}}