{"resourceType":"ValueSet","id":"medcom-HomeCareObservation-messagingActivities","text":{"status":"generated","div":"<div xmlns=\"http://www.w3.org/1999/xhtml\"><p class=\"res-header-id\"><b>Generated Narrative: ValueSet medcom-HomeCareObservation-messagingActivities</b></p><a name=\"medcom-HomeCareObservation-messagingActivities\"> </a><a name=\"hcmedcom-HomeCareObservation-messagingActivities\"> </a><a name=\"medcom-HomeCareObservation-messagingActivities-da-DK\"> </a><p>This value set includes codes based on the following rules:</p><ul><li>Include these codes as defined in <a href=\"CodeSystem-medcom-messaging-activityCodes.html\"><code>http://medcomfhir.dk/ig/terminology/CodeSystem/medcom-messaging-activityCodes</code></a><table class=\"none\"><tr><td style=\"white-space:nowrap\"><b>Code</b></td><td><b>Display</b></td></tr><tr><td><a href=\"CodeSystem-medcom-messaging-activityCodes.html#medcom-messaging-activityCodes-new-message\">new-message</a></td><td style=\"color: #cccccc\">A new message has been sent</td></tr><tr><td><a href=\"CodeSystem-medcom-messaging-activityCodes.html#medcom-messaging-activityCodes-reply-message\">reply-message</a></td><td style=\"color: #cccccc\">A message has been replied to</td></tr><tr><td><a href=\"CodeSystem-medcom-messaging-activityCodes.html#medcom-messaging-activityCodes-retract-message\">retract-message</a></td><td style=\"color: #cccccc\">A message has been retracted/cancelled</td></tr><tr><td><a href=\"CodeSystem-medcom-messaging-activityCodes.html#medcom-messaging-activityCodes-modified-message\">modified-message</a></td><td style=\"color: #cccccc\">A message has been modified</td></tr></table></li></ul><p>This value set excludes codes based on the following rules:</p><ul><li>Exclude these codes as defined in <a href=\"CodeSystem-medcom-messaging-activityCodes.html\"><code>http://medcomfhir.dk/ig/terminology/CodeSystem/medcom-messaging-activityCodes</code></a><table class=\"none\"><tr><td style=\"white-space:nowrap\"><b>Code</b></td><td><b>Display</b></td></tr><tr><td><a href=\"CodeSystem-medcom-messaging-activityCodes.html#medcom-messaging-activityCodes-carboncopy-message\">carboncopy-message</a></td><td style=\"color: #cccccc\">An exact copy of a message to a primary receiver has been sent to a carbon copy receiver</td></tr></table></li></ul></div>"},"url":"http://medcomfhir.dk/ig/terminology/ValueSet/medcom-HomeCareObservation-messagingActivities","version":"1.8.1","name":"MedComHomeCareObservationMessageActivities","title":"MedComHomeCareObservationMessageActivityCodes","status":"draft","experimental":true,"date":"2023-10-31","publisher":"MedCom","contact":[{"name":"MedCom","telecom":[{"system":"url","value":"http://www.medcom.dk"}]}],"description":"ValueSet containg activity codes for HomeCareObservation messages","jurisdiction":[{"coding":[{"system":"urn:iso:std:iso:3166","code":"DK","display":"Denmark"}]}],"compose":{"include":[{"system":"http://medcomfhir.dk/ig/terminology/CodeSystem/medcom-messaging-activityCodes","concept":[{"code":"new-message"},{"code":"reply-message"},{"code":"retract-message"},{"code":"modified-message"}]}],"exclude":[{"system":"http://medcomfhir.dk/ig/terminology/CodeSystem/medcom-messaging-activityCodes","concept":[{"code":"carboncopy-message"}]}]}}