{
  "resourceType" : "ValueSet",
  "id" : "medcom-messaging-activityCodes",
  "text" : {
    "status" : "generated",
    "div" : "<div xmlns=\"http://www.w3.org/1999/xhtml\"><ul><li>Include these codes as defined in <a href=\"CodeSystem-medcom-messaging-activityCodes.html\"><code>http://medcomfhir.dk/ig/terminology/CodeSystem/medcom-messaging-activityCodes</code></a><table class=\"none\"><tr><td style=\"white-space:nowrap\"><b>Code</b></td><td><b>Display</b></td></tr><tr><td><a href=\"CodeSystem-medcom-messaging-activityCodes.html#medcom-messaging-activityCodes-new-message\">new-message</a></td><td style=\"color: #cccccc\">A new message has been sent</td></tr><tr><td><a href=\"CodeSystem-medcom-messaging-activityCodes.html#medcom-messaging-activityCodes-forward-message\">forward-message</a></td><td style=\"color: #cccccc\">A message has been forwarded and potentially changed</td></tr><tr><td><a href=\"CodeSystem-medcom-messaging-activityCodes.html#medcom-messaging-activityCodes-reply-message\">reply-message</a></td><td style=\"color: #cccccc\">A message has been replied to</td></tr><tr><td><a href=\"CodeSystem-medcom-messaging-activityCodes.html#medcom-messaging-activityCodes-retract-message\">retract-message</a></td><td style=\"color: #cccccc\">A message has been retracted/cancelled</td></tr><tr><td><a href=\"CodeSystem-medcom-messaging-activityCodes.html#medcom-messaging-activityCodes-modified-message\">modified-message</a></td><td style=\"color: #cccccc\">A message has been modified</td></tr><tr><td><a href=\"CodeSystem-medcom-messaging-activityCodes.html#medcom-messaging-activityCodes-admit-emergency\">admit-emergency</a></td><td style=\"color: #cccccc\">Start hospital stay - acute ambulant</td></tr><tr><td><a href=\"CodeSystem-medcom-messaging-activityCodes.html#medcom-messaging-activityCodes-carboncopy-message\">carboncopy-message</a></td><td style=\"color: #cccccc\">An exact copy of a message to a primary receiver has been sent to a carbon copy receiver</td></tr><tr><td><a href=\"CodeSystem-medcom-messaging-activityCodes.html#medcom-messaging-activityCodes-revise-admit-emergency\">revise-admit-emergency</a></td><td style=\"color: #cccccc\">Update Start hospital stay - acute ambulant</td></tr><tr><td><a href=\"CodeSystem-medcom-messaging-activityCodes.html#medcom-messaging-activityCodes-cancel-admit-emergency\">cancel-admit-emergency</a></td><td style=\"color: #cccccc\">Cancellation Start hospital stay - acute ambulant</td></tr><tr><td><a href=\"CodeSystem-medcom-messaging-activityCodes.html#medcom-messaging-activityCodes-admit-inpatient\">admit-inpatient</a></td><td style=\"color: #cccccc\">Start hospital stay - admitted</td></tr><tr><td><a href=\"CodeSystem-medcom-messaging-activityCodes.html#medcom-messaging-activityCodes-revise-admit-inpatient\">revise-admit-inpatient</a></td><td style=\"color: #cccccc\">Update Start hospital stay - admitted</td></tr><tr><td><a href=\"CodeSystem-medcom-messaging-activityCodes.html#medcom-messaging-activityCodes-cancel-admit-inpatient\">cancel-admit-inpatient</a></td><td style=\"color: #cccccc\">Cancellation Start hospital stay - admitted</td></tr><tr><td><a href=\"CodeSystem-medcom-messaging-activityCodes.html#medcom-messaging-activityCodes-start-leave-inpatient\">start-leave-inpatient</a></td><td style=\"color: #cccccc\">Start leave</td></tr><tr><td><a href=\"CodeSystem-medcom-messaging-activityCodes.html#medcom-messaging-activityCodes-revise-start-leave-inpatient\">revise-start-leave-inpatient</a></td><td style=\"color: #cccccc\">Update Start leave</td></tr><tr><td><a href=\"CodeSystem-medcom-messaging-activityCodes.html#medcom-messaging-activityCodes-cancel-start-leave-inpatient\">cancel-start-leave-inpatient</a></td><td style=\"color: #cccccc\">Cancellation Start leave</td></tr><tr><td><a href=\"CodeSystem-medcom-messaging-activityCodes.html#medcom-messaging-activityCodes-end-leave-inpatient\">end-leave-inpatient</a></td><td style=\"color: #cccccc\">End leave</td></tr><tr><td><a href=\"CodeSystem-medcom-messaging-activityCodes.html#medcom-messaging-activityCodes-revise-end-leave-inpatient\">revise-end-leave-inpatient</a></td><td style=\"color: #cccccc\">Update End leave</td></tr><tr><td><a href=\"CodeSystem-medcom-messaging-activityCodes.html#medcom-messaging-activityCodes-cancel-end-leave-inpatient\">cancel-end-leave-inpatient</a></td><td style=\"color: #cccccc\">Cancellation End leave</td></tr><tr><td><a href=\"CodeSystem-medcom-messaging-activityCodes.html#medcom-messaging-activityCodes-discharge-emergency-home\">discharge-emergency-home</a></td><td style=\"color: #cccccc\">End hospital stay - patient completed to home/primary sector</td></tr><tr><td><a href=\"CodeSystem-medcom-messaging-activityCodes.html#medcom-messaging-activityCodes-discharge-inpatient-home\">discharge-inpatient-home</a></td><td style=\"color: #cccccc\">End hospital stay - patient completed to home/primary sector</td></tr><tr><td><a href=\"CodeSystem-medcom-messaging-activityCodes.html#medcom-messaging-activityCodes-revise-discharge-emergency-home\">revise-discharge-emergency-home</a></td><td style=\"color: #cccccc\">Update End hospital stay - patient completed to home/primary sector</td></tr><tr><td><a href=\"CodeSystem-medcom-messaging-activityCodes.html#medcom-messaging-activityCodes-revise-discharge-inpatient-home\">revise-discharge-inpatient-home</a></td><td style=\"color: #cccccc\">Update End hospital stay - patient completed to home/primary sector</td></tr><tr><td><a href=\"CodeSystem-medcom-messaging-activityCodes.html#medcom-messaging-activityCodes-cancel-discharge-emergency-home\">cancel-discharge-emergency-home</a></td><td style=\"color: #cccccc\">Cancellation End hospital stay - patient completed to home/primary sector</td></tr><tr><td><a href=\"CodeSystem-medcom-messaging-activityCodes.html#medcom-messaging-activityCodes-cancel-discharge-inpatient-home\">cancel-discharge-inpatient-home</a></td><td style=\"color: #cccccc\">Cancellation End hospital stay - patient completed to home/primary sector</td></tr><tr><td><a href=\"CodeSystem-medcom-messaging-activityCodes.html#medcom-messaging-activityCodes-acknowledgement\">acknowledgement</a></td><td style=\"color: #cccccc\">Acknowledgement message has been sent</td></tr></table></li></ul></div>"
  },
  "url" : "http://medcomfhir.dk/ig/terminology/ValueSet/medcom-messaging-activityCodes",
  "version" : "1.7.0",
  "name" : "MedComMessagingActivityCodes",
  "title" : "MedComMessagingActivityCodes",
  "status" : "active",
  "experimental" : false,
  "date" : "2023-01-06",
  "publisher" : "MedCom",
  "contact" : [{
    "name" : "MedCom",
    "telecom" : [{
      "system" : "url",
      "value" : "http://www.medcom.dk"
    }]
  }],
  "description" : "ValueSet containing codes for activities occuring in MedCom messages",
  "jurisdiction" : [{
    "coding" : [{
      "system" : "urn:iso:std:iso:3166",
      "code" : "DK",
      "display" : "Denmark"
    }]
  }],
  "compose" : {
    "include" : [{
      "system" : "http://medcomfhir.dk/ig/terminology/CodeSystem/medcom-messaging-activityCodes",
      "concept" : [{
        "code" : "new-message"
      },
      {
        "code" : "forward-message"
      },
      {
        "code" : "reply-message"
      },
      {
        "code" : "retract-message"
      },
      {
        "code" : "modified-message"
      },
      {
        "code" : "admit-emergency"
      },
      {
        "code" : "carboncopy-message"
      },
      {
        "code" : "revise-admit-emergency"
      },
      {
        "code" : "cancel-admit-emergency"
      },
      {
        "code" : "admit-inpatient"
      },
      {
        "code" : "revise-admit-inpatient"
      },
      {
        "code" : "cancel-admit-inpatient"
      },
      {
        "code" : "start-leave-inpatient"
      },
      {
        "code" : "revise-start-leave-inpatient"
      },
      {
        "code" : "cancel-start-leave-inpatient"
      },
      {
        "code" : "end-leave-inpatient"
      },
      {
        "code" : "revise-end-leave-inpatient"
      },
      {
        "code" : "cancel-end-leave-inpatient"
      },
      {
        "code" : "discharge-emergency-home"
      },
      {
        "code" : "discharge-inpatient-home"
      },
      {
        "code" : "revise-discharge-emergency-home"
      },
      {
        "code" : "revise-discharge-inpatient-home"
      },
      {
        "code" : "cancel-discharge-emergency-home"
      },
      {
        "code" : "cancel-discharge-inpatient-home"
      },
      {
        "code" : "acknowledgement"
      }]
    }]
  }
}