{
  "resourceType" : "ValueSet",
  "id" : "e5422e29-9939-4e8f-96a6-0fc9d3d54d4d-8",
  "url" : "http://hl7.org/fhir/comparison/ValueSet/e5422e29-9939-4e8f-96a6-0fc9d3d54d4d-8",
  "name" : "UnionMedComCoreInterpretationCodesValuesetAndMedComCoreInterpretationCodesValueset",
  "title" : "Union of MedComCoreInterpretationValueset And MedComCoreInterpretationValueset",
  "status" : "active",
  "date" : "2025-12-03T12:39:03+00:00",
  "jurisdiction" : [{
    "coding" : [{
      "system" : "urn:iso:std:iso:3166",
      "code" : "DK",
      "display" : "Denmark"
    }]
  }],
  "compose" : {
    "include" : [{
      
    },
    {
      "concept" : [{
        "code" : "NI"
      }]
    }]
  }
}