{
  "resourceType" : "ValueSet",
  "id" : "e5422e29-9939-4e8f-96a6-0fc9d3d54d4d-33",
  "url" : "http://hl7.org/fhir/comparison/ValueSet/e5422e29-9939-4e8f-96a6-0fc9d3d54d4d-33",
  "name" : "IntersectionMedComMessagingMessageTypesAndMedComMessagingMessageTypes",
  "title" : "Intersection of MedComMessagingMessageTypes And MedComMessagingMessageTypes",
  "status" : "active",
  "date" : "2025-12-03T12:39:03+00:00",
  "jurisdiction" : [{
    "coding" : [{
      "system" : "urn:iso:std:iso:3166",
      "code" : "DK",
      "display" : "Denmark"
    }]
  }],
  "compose" : {
    "include" : [{
      "concept" : [{
        "code" : "empty-message"
      },
      {
        "code" : "care-communication-message"
      },
      {
        "code" : "hospital-notification-message"
      },
      {
        "code" : "acknowledgement-message"
      },
      {
        "code" : "homecareobservation-message"
      }]
    }]
  }
}