{
  "resourceType" : "ValueSet",
  "id" : "700925b1-c479-481e-ac6e-bdb9f1854091-66",
  "url" : "http://hl7.org/fhir/comparison/ValueSet/700925b1-c479-481e-ac6e-bdb9f1854091-66",
  "name" : "IntersectionSNOMEDCTBodyStructuresAndSNOMEDCTBodyStructures",
  "title" : "Intersection of SNOMED CT Body Structures And SNOMED CT Body Structures",
  "status" : "draft",
  "date" : "2025-10-29T07:27:12+00:00",
  "compose" : {
    "include" : [{
      "filter" : [{
        "property" : "concept",
        "op" : "is-a",
        "value" : "442083009"
      }]
    }]
  }
}