{
  "resourceType" : "ValueSet",
  "id" : "700925b1-c479-481e-ac6e-bdb9f1854091-78",
  "url" : "http://hl7.org/fhir/comparison/ValueSet/700925b1-c479-481e-ac6e-bdb9f1854091-78",
  "name" : "IntersectionEncounterReasonCodesAndEncounterReasonCodes",
  "title" : "Intersection of Encounter Reason Codes And Encounter Reason Codes",
  "status" : "draft",
  "date" : "2025-10-29T07:27:12+00:00",
  "compose" : {
    "include" : [{
      "filter" : [{
        "property" : "concept",
        "op" : "is-a",
        "value" : "404684003"
      }]
    },
    {
      "filter" : [{
        "property" : "concept",
        "op" : "is-a",
        "value" : "71388002"
      }]
    },
    {
      "filter" : [{
        "property" : "concept",
        "op" : "is-a",
        "value" : "243796009"
      }]
    },
    {
      "filter" : [{
        "property" : "concept",
        "op" : "is-a",
        "value" : "272379006"
      }]
    }]
  }
}