{
  "resourceType" : "ValueSet",
  "id" : "700925b1-c479-481e-ac6e-bdb9f1854091-15",
  "url" : "http://hl7.org/fhir/comparison/ValueSet/700925b1-c479-481e-ac6e-bdb9f1854091-15",
  "name" : "IntersectionCommonLanguagesAndCommonLanguages",
  "title" : "Intersection of Common Languages And Common Languages",
  "status" : "draft",
  "date" : "2025-10-29T07:27:12+00:00",
  "compose" : {
    "include" : [{
      "concept" : [{
        "code" : "ar",
        "display" : "Arabic"
      },
      {
        "code" : "bn",
        "display" : "Bengali"
      },
      {
        "code" : "cs",
        "display" : "Czech"
      },
      {
        "code" : "da",
        "display" : "Danish"
      },
      {
        "code" : "de",
        "display" : "German"
      },
      {
        "code" : "de-AT",
        "display" : "German (Austria)"
      },
      {
        "code" : "de-CH",
        "display" : "German (Switzerland)"
      },
      {
        "code" : "de-DE",
        "display" : "German (Germany)"
      },
      {
        "code" : "el",
        "display" : "Greek"
      },
      {
        "code" : "en",
        "display" : "English"
      },
      {
        "code" : "en-AU",
        "display" : "English (Australia)"
      },
      {
        "code" : "en-CA",
        "display" : "English (Canada)"
      },
      {
        "code" : "en-GB",
        "display" : "English (Great Britain)"
      },
      {
        "code" : "en-IN",
        "display" : "English (India)"
      },
      {
        "code" : "en-NZ",
        "display" : "English (New Zeland)"
      },
      {
        "code" : "en-SG",
        "display" : "English (Singapore)"
      },
      {
        "code" : "en-US",
        "display" : "English (United States)"
      },
      {
        "code" : "es",
        "display" : "Spanish"
      },
      {
        "code" : "es-AR",
        "display" : "Spanish (Argentina)"
      },
      {
        "code" : "es-ES",
        "display" : "Spanish (Spain)"
      },
      {
        "code" : "es-UY",
        "display" : "Spanish (Uruguay)"
      },
      {
        "code" : "fi",
        "display" : "Finnish"
      },
      {
        "code" : "fr",
        "display" : "French"
      },
      {
        "code" : "fr-BE",
        "display" : "French (Belgium)"
      },
      {
        "code" : "fr-CH",
        "display" : "French (Switzerland)"
      },
      {
        "code" : "fr-FR",
        "display" : "French (France)"
      },
      {
        "code" : "fy",
        "display" : "Frysian"
      },
      {
        "code" : "fy-NL",
        "display" : "Frysian (Netherlands)"
      },
      {
        "code" : "hi",
        "display" : "Hindi"
      },
      {
        "code" : "hr",
        "display" : "Croatian"
      },
      {
        "code" : "it",
        "display" : "Italian"
      },
      {
        "code" : "it-CH",
        "display" : "Italian (Switzerland)"
      },
      {
        "code" : "it-IT",
        "display" : "Italian (Italy)"
      },
      {
        "code" : "ja",
        "display" : "Japanese"
      },
      {
        "code" : "ko",
        "display" : "Korean"
      },
      {
        "code" : "nl",
        "display" : "Dutch"
      },
      {
        "code" : "nl-BE",
        "display" : "Dutch (Belgium)"
      },
      {
        "code" : "nl-NL",
        "display" : "Dutch (Netherlands)"
      },
      {
        "code" : "no",
        "display" : "Norwegian"
      },
      {
        "code" : "no-NO",
        "display" : "Norwegian (Norway)"
      },
      {
        "code" : "pa",
        "display" : "Punjabi"
      },
      {
        "code" : "pl",
        "display" : "Polish"
      },
      {
        "code" : "pt",
        "display" : "Portuguese"
      },
      {
        "code" : "pt-BR",
        "display" : "Portuguese (Brazil)"
      },
      {
        "code" : "ru",
        "display" : "Russian"
      },
      {
        "code" : "ru-RU",
        "display" : "Russian (Russia)"
      },
      {
        "code" : "sr",
        "display" : "Serbian"
      },
      {
        "code" : "sr-RS",
        "display" : "Serbian (Serbia)"
      },
      {
        "code" : "sv",
        "display" : "Swedish"
      },
      {
        "code" : "sv-SE",
        "display" : "Swedish (Sweden)"
      },
      {
        "code" : "te",
        "display" : "Telegu"
      },
      {
        "code" : "zh",
        "display" : "Chinese"
      },
      {
        "code" : "zh-CN",
        "display" : "Chinese (China)"
      },
      {
        "code" : "zh-HK",
        "display" : "Chinese (Hong Kong)"
      },
      {
        "code" : "zh-SG",
        "display" : "Chinese (Singapore)"
      },
      {
        "code" : "zh-TW",
        "display" : "Chinese (Taiwan)"
      }]
    }]
  }
}