<?xml version="1.0" encoding="UTF-8"?>

<Bundle xmlns="http://hl7.org/fhir">
  <id value="S-Tek-B-new-episodeOfCare-98eb081e-a66f-41a2-b2f7-c455782563b0"/>
  <meta>
    <profile value="http://medcomfhir.dk/ig/carecommunication/StructureDefinition/medcom-careCommunication-message|5.0.1"/>
  </meta>
  <type value="message"/>
  <timestamp value="2024-09-16T08:30:00+02:00"/>
  <entry>
    <fullUrl value="https://medcomfhir.dk/ig/carecommunication/MessageHeader/7969a2b7-3ff4-4802-9246-8ed74102ed73"/>
    <resource>
      <MessageHeader>
        <id value="7969a2b7-3ff4-4802-9246-8ed74102ed73"/>
        <meta>
          <profile value="http://medcomfhir.dk/ig/carecommunication/StructureDefinition/medcom-careCommunication-messageHeader|5.0.1"/>
        </meta>
        <text>
          <status value="generated"/><div xmlns="http://www.w3.org/1999/xhtml"><a name="MessageHeader_7969a2b7-3ff4-4802-9246-8ed74102ed73"> </a><p class="res-header-id"><b>Generated Narrative: MessageHeader 7969a2b7-3ff4-4802-9246-8ed74102ed73</b></p><a name="7969a2b7-3ff4-4802-9246-8ed74102ed73"> </a><a name="hc7969a2b7-3ff4-4802-9246-8ed74102ed73"> </a><div style="display: inline-block; background-color: #d9e0e7; padding: 6px; margin: 4px; border: 1px solid #8da1b4; border-radius: 5px; line-height: 60%"><p style="margin-bottom: 0px"/><p style="margin-bottom: 0px">Profile: <a href="http://medcomfhir.dk/ig/carecommunication/5.0.1/StructureDefinition-medcom-careCommunication-messageHeader.html">MedComCareCommunicationMessageHeaderversion: null5.0.1)</a></p></div><p><b>event</b>: <a href="http://medcomfhir.dk/ig/terminology/2.0.1/CodeSystem-medcom-messaging-eventCodes.html#medcom-messaging-eventCodes-care-communication-message">MedComMessagingEventCodes care-communication-message</a>: Care Communication Message</p><h3>Destinations</h3><table class="grid"><tr><td style="display: none">-</td><td><b>Extension</b></td><td><b>Endpoint</b></td><td><b>Receiver</b></td></tr><tr><td style="display: none">*</td><td/><td><a href="https://sor2.sum.dsdn.dk/#id=1017421000016003">https://sor2.sum.dsdn.dk/#id=1017421000016003</a></td><td><a href="Organization-0e804dff-95f7-40fe-bb96-561363715869.html">Organization 2100 Lægehuset Østerbro</a></td></tr></table><p><b>sender</b>: <a href="Organization-454aafa3-8ecb-4c0b-9696-eee6cce6c498.html">Organization Hjemmesygeplejen, Aalborg kommune</a></p><h3>Sources</h3><table class="grid"><tr><td style="display: none">-</td><td><b>Endpoint</b></td></tr><tr><td style="display: none">*</td><td><a href="https://sor2.sum.dsdn.dk/#id=328081000016004">https://sor2.sum.dsdn.dk/#id=328081000016004</a></td></tr></table><p><b>focus</b>: <a href="Communication-e6907e11-f007-4e2c-a98d-a543229a10c2.html">Communication: identifier = urn:uuid:a6be8e47-43a0-4a34-8041-083d41eba038; status = unknown; category = Undersøgelsessvar; topic = </a></p><p><b>definition</b>: <a href="http://medcomfhir.dk/ig/messagedefinitions/1.0.0/MessageDefinition-MedComCareCommunicationMessageDefinitionV5.0.html">http://medcomfhir.dk/ig/messagedefinitions/MessageDefinition/MedComCareCommunicationMessageDefinition|5.0</a></p></div>
        </text>
        <eventCoding>
          <system value="http://medcomfhir.dk/ig/terminology/CodeSystem/medcom-messaging-eventCodes"/>
          <code value="care-communication-message"/>
        </eventCoding>
        <destination>
          <extension url="http://medcomfhir.dk/ig/messaging/StructureDefinition/medcom-messaging-destinationUseExtension">
            <valueCoding>
              <system value="http://medcomfhir.dk/ig/terminology/CodeSystem/medcom-messaging-destinationUse"/>
              <code value="primary"/>
            </valueCoding>
          </extension>
          <endpoint value="https://sor2.sum.dsdn.dk/#id=1017421000016003"/>
          <receiver>
            <reference value="Organization/0e804dff-95f7-40fe-bb96-561363715869"/>
          </receiver>
        </destination>
        <sender>
          <reference value="Organization/454aafa3-8ecb-4c0b-9696-eee6cce6c498"/>
        </sender>
        <source>
          <endpoint value="https://sor2.sum.dsdn.dk/#id=328081000016004"/>
        </source>
        <focus>
          <reference value="Communication/e6907e11-f007-4e2c-a98d-a543229a10c2"/>
        </focus>
        <definition value="http://medcomfhir.dk/ig/messagedefinitions/MessageDefinition/MedComCareCommunicationMessageDefinition|5.0"/>
      </MessageHeader>
    </resource>
  </entry>
  <entry>
    <fullUrl value="https://medcomfhir.dk/ig/carecommunication/Patient/b670ed56-9a4f-4903-ad51-65773a327d93"/>
    <resource>
      <Patient>
        <id value="b670ed56-9a4f-4903-ad51-65773a327d93"/>
        <meta>
          <profile value="http://medcomfhir.dk/ig/core/StructureDefinition/medcom-core-patient|3.0.1"/>
        </meta>
        <text>
          <status value="generated"/><div xmlns="http://www.w3.org/1999/xhtml"><a name="Patient_b670ed56-9a4f-4903-ad51-65773a327d93"> </a><p class="res-header-id"><b>Generated Narrative: Patient b670ed56-9a4f-4903-ad51-65773a327d93</b></p><a name="b670ed56-9a4f-4903-ad51-65773a327d93"> </a><a name="hcb670ed56-9a4f-4903-ad51-65773a327d93"> </a><div style="display: inline-block; background-color: #d9e0e7; padding: 6px; margin: 4px; border: 1px solid #8da1b4; border-radius: 5px; line-height: 60%"><p style="margin-bottom: 0px"/><p style="margin-bottom: 0px">Profile: <a href="http://medcomfhir.dk/ig/core/3.0.1/StructureDefinition-medcom-core-patient.html">MedComCorePatientversion: null3.0.1)</a></p></div><p style="border: 1px #661aff solid; background-color: #e6e6ff; padding: 10px;">Bruno Test Elmer (official) (no stated gender), DoB Unknown ( urn:oid:1.2.208.176.1.2#2509479989)</p><hr/></div>
        </text>
        <identifier>
          <system value="urn:oid:1.2.208.176.1.2"/>
          <value value="2509479989"/>
        </identifier>
        <name>
          <use value="official"/>
          <family value="Elmer"/>
          <given value="Bruno"/>
          <given value="Test"/>
        </name>
      </Patient>
    </resource>
  </entry>
  <entry>
    <fullUrl value="https://medcomfhir.dk/ig/carecommunication/Communication/e6907e11-f007-4e2c-a98d-a543229a10c2"/>
    <resource>
      <Communication>
        <id value="e6907e11-f007-4e2c-a98d-a543229a10c2"/>
        <meta>
          <profile value="http://medcomfhir.dk/ig/carecommunication/StructureDefinition/medcom-careCommunication-communication|5.0.1"/>
        </meta>
        <text>
          <status value="extensions"/><div xmlns="http://www.w3.org/1999/xhtml"><a name="Communication_e6907e11-f007-4e2c-a98d-a543229a10c2"> </a><p class="res-header-id"><b>Generated Narrative: Communication e6907e11-f007-4e2c-a98d-a543229a10c2</b></p><a name="e6907e11-f007-4e2c-a98d-a543229a10c2"> </a><a name="hce6907e11-f007-4e2c-a98d-a543229a10c2"> </a><div style="display: inline-block; background-color: #d9e0e7; padding: 6px; margin: 4px; border: 1px solid #8da1b4; border-radius: 5px; line-height: 60%"><p style="margin-bottom: 0px"/><p style="margin-bottom: 0px">Profile: <a href="http://medcomfhir.dk/ig/carecommunication/5.0.1/StructureDefinition-medcom-careCommunication-communication.html">MedComCareCommunicationversion: null5.0.1)</a></p></div><p><b>identifier</b>: urn:uuid:a6be8e47-43a0-4a34-8041-083d41eba038</p><p><b>status</b>: Unknown</p><p><b>category</b>: <span title="Codes:{http://medcomfhir.dk/ig/terminology/CodeSystem/medcom-careCommunication-categoryCodes examination-results}">Undersøgelsessvar</span></p><p><b>subject</b>: <a href="Patient-b670ed56-9a4f-4903-ad51-65773a327d93.html">Bruno Test Elmer (official) (no stated gender), DoB Unknown ( urn:oid:1.2.208.176.1.2#2509479989)</a></p><p><b>topic</b>: <span title="Codes:">Resultater fra hjemmesygeplejen</span></p><p><b>encounter</b>: <a href="Encounter-ede7ee60-4541-438c-922d-1898a14fa3b1.html">Encounter: status = finished; class = inpatient encounter (ActCode#IMP)</a></p><blockquote><p><b>payload</b></p><p><b>DateTimeExtension</b>: 2024-09-16 08:30:00+0200</p><p><b>IdentifierExtension</b>: urn:uuid:dc9665dd-b9c3-4349-af08-e9dd61d0e211</p><p><b>PractitionerExtension</b>: <a href="PractitionerRole-edccec4f-0d3e-46be-9f66-97f459f6bafe.html">PractitionerRole Sygeplejerske</a></p><p><b>ContactExtension</b>: ph: 004523232323</p><p><b>content</b>: Til rette vedkommende. Hermed fremsendes undersøgelsesresultater fra seneste besøg af hjemmesygeplejen. Denne meddelelse ligner til Tek-B-new, men er det ikke.
Hilsen Michael Magnus Burns
Sygeplejerske</p></blockquote></div>
        </text>
        <identifier>
          <value value="urn:uuid:a6be8e47-43a0-4a34-8041-083d41eba038"/>
        </identifier>
        <status value="unknown"/>
        <category>
          <coding>
            <system value="http://medcomfhir.dk/ig/terminology/CodeSystem/medcom-careCommunication-categoryCodes"/>
            <code value="examination-results"/>
          </coding>
        </category>
        <subject>
          <reference value="Patient/b670ed56-9a4f-4903-ad51-65773a327d93"/>
        </subject>
        <topic>
          <text value="Resultater fra hjemmesygeplejen"/>
        </topic>
        <encounter>
          <reference value="Encounter/ede7ee60-4541-438c-922d-1898a14fa3b1"/>
        </encounter>
        <payload>
          <extension url="http://medcomfhir.dk/ig/core/StructureDefinition/medcom-core-datetime-extension">
            <valueDateTime value="2024-09-16T08:30:00+02:00"/>
          </extension>
          <extension url="http://medcomfhir.dk/ig/core/StructureDefinition/medcom-core-identifier-extension">
            <valueIdentifier>
              <value value="urn:uuid:dc9665dd-b9c3-4349-af08-e9dd61d0e211"/>
              <assigner>
                <reference value="Organization/454aafa3-8ecb-4c0b-9696-eee6cce6c498"/>
              </assigner>
            </valueIdentifier>
          </extension>
          <extension url="http://medcomfhir.dk/ig/core/StructureDefinition/medcom-core-practitioner-extension">
            <valueReference>
              <reference value="PractitionerRole/edccec4f-0d3e-46be-9f66-97f459f6bafe"/>
            </valueReference>
          </extension>
          <extension url="http://medcomfhir.dk/ig/core/StructureDefinition/medcom-core-contact-extension">
            <valueContactPoint>
              <system value="phone"/>
              <value value="004523232323"/>
            </valueContactPoint>
          </extension>
          <contentString value="Til rette vedkommende. Hermed fremsendes undersøgelsesresultater fra seneste besøg af hjemmesygeplejen. Denne meddelelse ligner til Tek-B-new, men er det ikke.&#xA;Hilsen Michael Magnus Burns&#xA;Sygeplejerske"/>
        </payload>
      </Communication>
    </resource>
  </entry>
  <entry>
    <fullUrl value="https://medcomfhir.dk/ig/carecommunication/PractitionerRole/edccec4f-0d3e-46be-9f66-97f459f6bafe"/>
    <resource>
      <PractitionerRole>
        <id value="edccec4f-0d3e-46be-9f66-97f459f6bafe"/>
        <meta>
          <profile value="http://medcomfhir.dk/ig/core/StructureDefinition/medcom-core-practitionerrole|3.0.1"/>
        </meta>
        <text>
          <status value="generated"/><div xmlns="http://www.w3.org/1999/xhtml"><a name="PractitionerRole_edccec4f-0d3e-46be-9f66-97f459f6bafe"> </a><p class="res-header-id"><b>Generated Narrative: PractitionerRole edccec4f-0d3e-46be-9f66-97f459f6bafe</b></p><a name="edccec4f-0d3e-46be-9f66-97f459f6bafe"> </a><a name="hcedccec4f-0d3e-46be-9f66-97f459f6bafe"> </a><div style="display: inline-block; background-color: #d9e0e7; padding: 6px; margin: 4px; border: 1px solid #8da1b4; border-radius: 5px; line-height: 60%"><p style="margin-bottom: 0px"/><p style="margin-bottom: 0px">Profile: <a href="http://medcomfhir.dk/ig/core/3.0.1/StructureDefinition-medcom-core-practitionerrole.html">MedComCorePractitionerRoleversion: null3.0.1)</a></p></div><p><b>practitioner</b>: <a href="Practitioner-1236e5b1-40cf-4d40-b44a-0ae8e8931121.html">Practitioner Michael Magnus Burns </a></p><p><b>code</b>: <span title="Codes:{http://medcomfhir.dk/ig/terminology/CodeSystem/medcom-core-PractitionerRolesSKSadministrativ sygeplejerske}">Sygeplejerske</span></p></div>
        </text>
        <practitioner>
          <reference value="Practitioner/1236e5b1-40cf-4d40-b44a-0ae8e8931121"/>
        </practitioner>
        <code>
          <coding>
            <system value="http://medcomfhir.dk/ig/terminology/CodeSystem/medcom-core-PractitionerRolesSKSadministrativ"/>
            <code value="sygeplejerske"/>
          </coding>
        </code>
      </PractitionerRole>
    </resource>
  </entry>
  <entry>
    <fullUrl value="https://medcomfhir.dk/ig/carecommunication/Practitioner/1236e5b1-40cf-4d40-b44a-0ae8e8931121"/>
    <resource>
      <Practitioner>
        <id value="1236e5b1-40cf-4d40-b44a-0ae8e8931121"/>
        <meta>
          <profile value="http://medcomfhir.dk/ig/core/StructureDefinition/medcom-core-practitioner|3.0.1"/>
        </meta>
        <text>
          <status value="generated"/><div xmlns="http://www.w3.org/1999/xhtml"><a name="Practitioner_1236e5b1-40cf-4d40-b44a-0ae8e8931121"> </a><p class="res-header-id"><b>Generated Narrative: Practitioner 1236e5b1-40cf-4d40-b44a-0ae8e8931121</b></p><a name="1236e5b1-40cf-4d40-b44a-0ae8e8931121"> </a><a name="hc1236e5b1-40cf-4d40-b44a-0ae8e8931121"> </a><div style="display: inline-block; background-color: #d9e0e7; padding: 6px; margin: 4px; border: 1px solid #8da1b4; border-radius: 5px; line-height: 60%"><p style="margin-bottom: 0px"/><p style="margin-bottom: 0px">Profile: <a href="http://medcomfhir.dk/ig/core/3.0.1/StructureDefinition-medcom-core-practitioner.html">MedComCorePractitionerversion: null3.0.1)</a></p></div><p><b>name</b>: Michael Magnus Burns </p></div>
        </text>
        <name>
          <family value="Burns"/>
          <given value="Michael"/>
          <given value="Magnus"/>
        </name>
      </Practitioner>
    </resource>
  </entry>
  <entry>
    <fullUrl value="https://medcomfhir.dk/ig/carecommunication/Encounter/ede7ee60-4541-438c-922d-1898a14fa3b1"/>
    <resource>
      <Encounter>
        <id value="ede7ee60-4541-438c-922d-1898a14fa3b1"/>
        <meta>
          <profile value="http://medcomfhir.dk/ig/core/StructureDefinition/medcom-core-encounter|3.0.1"/>
        </meta>
        <text>
          <status value="generated"/><div xmlns="http://www.w3.org/1999/xhtml"><a name="Encounter_ede7ee60-4541-438c-922d-1898a14fa3b1"> </a><p class="res-header-id"><b>Generated Narrative: Encounter ede7ee60-4541-438c-922d-1898a14fa3b1</b></p><a name="ede7ee60-4541-438c-922d-1898a14fa3b1"> </a><a name="hcede7ee60-4541-438c-922d-1898a14fa3b1"> </a><div style="display: inline-block; background-color: #d9e0e7; padding: 6px; margin: 4px; border: 1px solid #8da1b4; border-radius: 5px; line-height: 60%"><p style="margin-bottom: 0px"/><p style="margin-bottom: 0px">Profile: <a href="http://medcomfhir.dk/ig/core/3.0.1/StructureDefinition-medcom-core-encounter.html">MedComCoreEncounterversion: null3.0.1)</a></p></div><p><b>status</b>: Finished</p><p><b>class</b>: <a href="http://terminology.hl7.org/6.5.0/CodeSystem-v3-ActCode.html#v3-ActCode-IMP">ActCode IMP</a>: inpatient encounter</p><p><b>subject</b>: <a href="Patient-b670ed56-9a4f-4903-ad51-65773a327d93.html">Bruno Test Elmer (official) (no stated gender), DoB Unknown ( urn:oid:1.2.208.176.1.2#2509479989)</a></p><p><b>episodeOfCare</b>: Identifier: <code>https://sor2.sum.dsdn.dk/#id=328081000016004</code>/urn:uuid:39e3e169-9ece-4ba4-bd24-2e0fbeebc333</p></div>
        </text>
        <status value="finished"/>
        <class>
          <system value="http://terminology.hl7.org/CodeSystem/v3-ActCode"/>
          <code value="IMP"/>
        </class>
        <subject>
          <reference value="Patient/b670ed56-9a4f-4903-ad51-65773a327d93"/>
        </subject>
        <episodeOfCare>
          <identifier>
            <system value="https://sor2.sum.dsdn.dk/#id=328081000016004"/>
            <value value="urn:uuid:39e3e169-9ece-4ba4-bd24-2e0fbeebc333"/>
          </identifier>
        </episodeOfCare>
      </Encounter>
    </resource>
  </entry>
  <entry>
    <fullUrl value="https://medcomfhir.dk/ig/carecommunication/Organization/454aafa3-8ecb-4c0b-9696-eee6cce6c498"/>
    <resource>
      <Organization>
        <id value="454aafa3-8ecb-4c0b-9696-eee6cce6c498"/>
        <meta>
          <profile value="http://medcomfhir.dk/ig/messaging/StructureDefinition/medcom-messaging-organization|4.0.1"/>
        </meta>
        <text>
          <status value="generated"/><div xmlns="http://www.w3.org/1999/xhtml"><a name="Organization_454aafa3-8ecb-4c0b-9696-eee6cce6c498"> </a><p class="res-header-id"><b>Generated Narrative: Organization 454aafa3-8ecb-4c0b-9696-eee6cce6c498</b></p><a name="454aafa3-8ecb-4c0b-9696-eee6cce6c498"> </a><a name="hc454aafa3-8ecb-4c0b-9696-eee6cce6c498"> </a><div style="display: inline-block; background-color: #d9e0e7; padding: 6px; margin: 4px; border: 1px solid #8da1b4; border-radius: 5px; line-height: 60%"><p style="margin-bottom: 0px"/><p style="margin-bottom: 0px">Profile: <a href="http://medcomfhir.dk/ig/messaging/4.0.1/StructureDefinition-medcom-messaging-organization.html">MedComMessagingOrganizationversion: null4.0.1)</a></p></div><p><b>identifier</b>: <code>https://www.gs1.org/gln</code>/5790000121786, <code>urn:oid:1.2.208.176.1.1</code>/328081000016004</p><p><b>name</b>: Hjemmesygeplejen, Aalborg kommune</p></div>
        </text>
        <identifier>
          <system value="https://www.gs1.org/gln"/>
          <value value="5790000121786"/>
        </identifier>
        <identifier>
          <system value="urn:oid:1.2.208.176.1.1"/>
          <value value="328081000016004"/>
        </identifier>
        <name value="Hjemmesygeplejen, Aalborg kommune"/>
      </Organization>
    </resource>
  </entry>
  <entry>
    <fullUrl value="https://medcomfhir.dk/ig/carecommunication/Organization/0e804dff-95f7-40fe-bb96-561363715869"/>
    <resource>
      <Organization>
        <id value="0e804dff-95f7-40fe-bb96-561363715869"/>
        <meta>
          <profile value="http://medcomfhir.dk/ig/messaging/StructureDefinition/medcom-messaging-organization|4.0.1"/>
        </meta>
        <text>
          <status value="generated"/><div xmlns="http://www.w3.org/1999/xhtml"><a name="Organization_0e804dff-95f7-40fe-bb96-561363715869"> </a><p class="res-header-id"><b>Generated Narrative: Organization 0e804dff-95f7-40fe-bb96-561363715869</b></p><a name="0e804dff-95f7-40fe-bb96-561363715869"> </a><a name="hc0e804dff-95f7-40fe-bb96-561363715869"> </a><div style="display: inline-block; background-color: #d9e0e7; padding: 6px; margin: 4px; border: 1px solid #8da1b4; border-radius: 5px; line-height: 60%"><p style="margin-bottom: 0px"/><p style="margin-bottom: 0px">Profile: <a href="http://medcomfhir.dk/ig/messaging/4.0.1/StructureDefinition-medcom-messaging-organization.html">MedComMessagingOrganizationversion: null4.0.1)</a></p></div><p><b>identifier</b>: <code>https://www.gs1.org/gln</code>/5790002408496, <code>urn:oid:1.2.208.176.1.1</code>/1017421000016003</p><p><b>name</b>: 2100 Lægehuset Østerbro</p></div>
        </text>
        <identifier>
          <system value="https://www.gs1.org/gln"/>
          <value value="5790002408496"/>
        </identifier>
        <identifier>
          <system value="urn:oid:1.2.208.176.1.1"/>
          <value value="1017421000016003"/>
        </identifier>
        <name value="2100 Lægehuset Østerbro"/>
      </Organization>
    </resource>
  </entry>
  <entry>
    <fullUrl value="https://medcomfhir.dk/ig/carecommunication/Provenance/d53ad029-99e5-44d5-b240-2ea01930701a"/>
    <resource>
      <Provenance>
        <id value="d53ad029-99e5-44d5-b240-2ea01930701a"/>
        <meta>
          <profile value="http://medcomfhir.dk/ig/carecommunication/StructureDefinition/medcom-careCommunication-provenance"/>
        </meta>
        <text>
          <status value="generated"/><div xmlns="http://www.w3.org/1999/xhtml"><a name="Provenance_d53ad029-99e5-44d5-b240-2ea01930701a"> </a><p class="res-header-id"><b>Generated Narrative: Provenance d53ad029-99e5-44d5-b240-2ea01930701a</b></p><a name="d53ad029-99e5-44d5-b240-2ea01930701a"> </a><a name="hcd53ad029-99e5-44d5-b240-2ea01930701a"> </a><div style="display: inline-block; background-color: #d9e0e7; padding: 6px; margin: 4px; border: 1px solid #8da1b4; border-radius: 5px; line-height: 60%"><p style="margin-bottom: 0px"/><p style="margin-bottom: 0px">Profile: <a href="http://medcomfhir.dk/ig/carecommunication/5.0.1/StructureDefinition-medcom-careCommunication-provenance.html">MedComCareCommunicationProvenance</a></p></div><p>Provenance for <a href="MessageHeader-7969a2b7-3ff4-4802-9246-8ed74102ed73.html">MessageHeader: event[x] = Care Communication Message (MedComMessagingEventCodes#care-communication-message); definition = http://medcomfhir.dk/ig/messagedefinitions/MessageDefinition/MedComCareCommunicationMessageDefinition|5.0</a></p><p>Summary</p><table class="grid"><tr><td>Occurrence</td><td>2024-09-16 08:30:00+0200</td></tr><tr><td>Recorded</td><td>2024-09-16 08:30:00+0200</td></tr><tr><td>Activity</td><td><span title="Codes:{http://medcomfhir.dk/ig/terminology/CodeSystem/medcom-messaging-activityCodes new-message}">A new message has been sent</span></td></tr></table><p><b>Agents</b></p><table class="grid"><tr><td><b>who</b></td></tr><tr><td><a href="Organization-454aafa3-8ecb-4c0b-9696-eee6cce6c498.html">Organization Hjemmesygeplejen, Aalborg kommune</a></td></tr></table></div>
        </text>
        <target>
          <reference value="MessageHeader/7969a2b7-3ff4-4802-9246-8ed74102ed73"/>
        </target>
        <occurredDateTime value="2024-09-16T08:30:00+02:00"/>
        <recorded value="2024-09-16T08:30:00+02:00"/>
        <activity>
          <coding>
            <system value="http://medcomfhir.dk/ig/terminology/CodeSystem/medcom-messaging-activityCodes"/>
            <code value="new-message"/>
          </coding>
        </activity>
        <agent>
          <who>
            <reference value="Organization/454aafa3-8ecb-4c0b-9696-eee6cce6c498"/>
          </who>
        </agent>
        <entity>
          <role value="source"/>
          <what>
            <identifier>
              <value value="urn:uuid:dc9665dd-b9c3-4349-af08-e9dd61d0e211"/>
            </identifier>
          </what>
        </entity>
      </Provenance>
    </resource>
  </entry>
</Bundle>