<?xml version="1.0" encoding="UTF-8"?>

<Bundle xmlns="http://hl7.org/fhir">
  <id value="S-Tek-CPR-1-17189afd-5946-4d9e-8dd7-3de5eaf1a5d4"/>
  <meta>
    <profile value="http://medcomfhir.dk/ig/carecommunication/StructureDefinition/medcom-careCommunication-message|5.0.1"/>
  </meta>
  <type value="message"/>
  <timestamp value="2025-09-29T09:00:00+02:00"/>
  <entry>
    <fullUrl value="https://medcomfhir.dk/ig/carecommunication/MessageHeader/ea9d2910-fe51-416f-bd92-3e8a23c22c59"/>
    <resource>
      <MessageHeader>
        <id value="ea9d2910-fe51-416f-bd92-3e8a23c22c59"/>
        <meta>
          <profile value="http://medcomfhir.dk/ig/carecommunication/StructureDefinition/medcom-careCommunication-messageHeader|5.0.1"/>
        </meta>
        <text>
          <status value="generated"/><div xmlns="http://www.w3.org/1999/xhtml"><a name="MessageHeader_ea9d2910-fe51-416f-bd92-3e8a23c22c59"> </a><p class="res-header-id"><b>Generated Narrative: MessageHeader ea9d2910-fe51-416f-bd92-3e8a23c22c59</b></p><a name="ea9d2910-fe51-416f-bd92-3e8a23c22c59"> </a><a name="hcea9d2910-fe51-416f-bd92-3e8a23c22c59"> </a><div style="display: inline-block; background-color: #d9e0e7; padding: 6px; margin: 4px; border: 1px solid #8da1b4; border-radius: 5px; line-height: 60%"><p style="margin-bottom: 0px"/><p style="margin-bottom: 0px">Profile: <a href="http://medcomfhir.dk/ig/carecommunication/5.0.1/StructureDefinition-medcom-careCommunication-messageHeader.html">MedComCareCommunicationMessageHeaderversion: null5.0.1)</a></p></div><p><b>event</b>: <a href="http://medcomfhir.dk/ig/terminology/2.0.1/CodeSystem-medcom-messaging-eventCodes.html#medcom-messaging-eventCodes-care-communication-message">MedComMessagingEventCodes care-communication-message</a>: Care Communication Message</p><h3>Destinations</h3><table class="grid"><tr><td style="display: none">-</td><td><b>Extension</b></td><td><b>Endpoint</b></td><td><b>Receiver</b></td></tr><tr><td style="display: none">*</td><td/><td><a href="https://sor2.sum.dsdn.dk/#id=325251000016005">https://sor2.sum.dsdn.dk/#id=325251000016005</a></td><td><a href="Organization-cb801931-b871-418d-bdc5-912893096dea.html">Organization MedCom XDIS91</a></td></tr></table><p><b>sender</b>: <a href="Organization-f6494a29-1837-4f64-b903-da0d46e5da69.html">Organization MedCom FDIS91</a></p><h3>Sources</h3><table class="grid"><tr><td style="display: none">-</td><td><b>Endpoint</b></td></tr><tr><td style="display: none">*</td><td><a href="https://sor2.sum.dsdn.dk/#id=325371000016006">https://sor2.sum.dsdn.dk/#id=325371000016006</a></td></tr></table><p><b>focus</b>: <a href="Communication-625a7fc6-cf65-4285-bbcc-93ea59755b2e.html">Communication: identifier = urn:uuid:eca85df4-e6c9-41d7-88c0-7e6fb79029b9; status = unknown; category = Undersøgelsessvar</a></p><p><b>definition</b>: <a href="http://medcomfhir.dk/ig/messagedefinitions/1.0.0/MessageDefinition-MedComCareCommunicationMessageDefinitionV5.0.html">http://medcomfhir.dk/ig/messagedefinitions/MessageDefinition/MedComCareCommunicationMessageDefinition|5.0</a></p></div>
        </text>
        <eventCoding>
          <system value="http://medcomfhir.dk/ig/terminology/CodeSystem/medcom-messaging-eventCodes"/>
          <code value="care-communication-message"/>
        </eventCoding>
        <destination>
          <extension url="http://medcomfhir.dk/ig/messaging/StructureDefinition/medcom-messaging-destinationUseExtension">
            <valueCoding>
              <system value="http://medcomfhir.dk/ig/terminology/CodeSystem/medcom-messaging-destinationUse"/>
              <code value="primary"/>
            </valueCoding>
          </extension>
          <endpoint value="https://sor2.sum.dsdn.dk/#id=325251000016005"/>
          <receiver>
            <reference value="Organization/cb801931-b871-418d-bdc5-912893096dea"/>
          </receiver>
        </destination>
        <sender>
          <reference value="Organization/f6494a29-1837-4f64-b903-da0d46e5da69"/>
        </sender>
        <source>
          <endpoint value="https://sor2.sum.dsdn.dk/#id=325371000016006"/>
        </source>
        <focus>
          <reference value="Communication/625a7fc6-cf65-4285-bbcc-93ea59755b2e"/>
        </focus>
        <definition value="http://medcomfhir.dk/ig/messagedefinitions/MessageDefinition/MedComCareCommunicationMessageDefinition|5.0"/>
      </MessageHeader>
    </resource>
  </entry>
  <entry>
    <fullUrl value="https://medcomfhir.dk/ig/carecommunication/Patient/938544b6-721d-4d14-9e61-016e726ae180"/>
    <resource>
      <Patient>
        <id value="938544b6-721d-4d14-9e61-016e726ae180"/>
        <meta>
          <profile value="http://medcomfhir.dk/ig/core/StructureDefinition/medcom-core-patient|3.0.1"/>
        </meta>
        <text>
          <status value="generated"/><div xmlns="http://www.w3.org/1999/xhtml"><a name="Patient_938544b6-721d-4d14-9e61-016e726ae180"> </a><p class="res-header-id"><b>Generated Narrative: Patient 938544b6-721d-4d14-9e61-016e726ae180</b></p><a name="938544b6-721d-4d14-9e61-016e726ae180"> </a><a name="hc938544b6-721d-4d14-9e61-016e726ae180"> </a><div style="display: inline-block; background-color: #d9e0e7; padding: 6px; margin: 4px; border: 1px solid #8da1b4; border-radius: 5px; line-height: 60%"><p style="margin-bottom: 0px"/><p style="margin-bottom: 0px">Profile: <a href="http://medcomfhir.dk/ig/core/3.0.1/StructureDefinition-medcom-core-patient.html">MedComCorePatientversion: null3.0.1)</a></p></div><p style="border: 1px #661aff solid; background-color: #e6e6ff; padding: 10px;">Bruno Test Elmer (official) (no stated gender), DoB Unknown ( urn:oid:1.2.208.176.1.6.1.1#0703921VJ4)</p><hr/><table class="grid"><tr><td style="background-color: #f3f5da" title="Other Id (see the one above)">Other Id:</td><td colspan="3"><code>urn:oid:1.2.208.176.1.2</code>/2509479989</td></tr></table></div>
        </text>
        <identifier>
          <system value="urn:oid:1.2.208.176.1.6.1.1"/>
          <value value="0703921VJ4"/>
        </identifier>
        <identifier>
          <system value="urn:oid:1.2.208.176.1.2"/>
          <value value="2509479989"/>
        </identifier>
        <name>
          <use value="official"/>
          <family value="Elmer"/>
          <given value="Bruno"/>
          <given value="Test"/>
        </name>
      </Patient>
    </resource>
  </entry>
  <entry>
    <fullUrl value="https://medcomfhir.dk/ig/carecommunication/Communication/625a7fc6-cf65-4285-bbcc-93ea59755b2e"/>
    <resource>
      <Communication>
        <id value="625a7fc6-cf65-4285-bbcc-93ea59755b2e"/>
        <meta>
          <profile value="http://medcomfhir.dk/ig/carecommunication/StructureDefinition/medcom-careCommunication-communication|5.0.1"/>
        </meta>
        <text>
          <status value="extensions"/><div xmlns="http://www.w3.org/1999/xhtml"><a name="Communication_625a7fc6-cf65-4285-bbcc-93ea59755b2e"> </a><p class="res-header-id"><b>Generated Narrative: Communication 625a7fc6-cf65-4285-bbcc-93ea59755b2e</b></p><a name="625a7fc6-cf65-4285-bbcc-93ea59755b2e"> </a><a name="hc625a7fc6-cf65-4285-bbcc-93ea59755b2e"> </a><div style="display: inline-block; background-color: #d9e0e7; padding: 6px; margin: 4px; border: 1px solid #8da1b4; border-radius: 5px; line-height: 60%"><p style="margin-bottom: 0px"/><p style="margin-bottom: 0px">Profile: <a href="http://medcomfhir.dk/ig/carecommunication/5.0.1/StructureDefinition-medcom-careCommunication-communication.html">MedComCareCommunicationversion: null5.0.1)</a></p></div><p><b>identifier</b>: urn:uuid:eca85df4-e6c9-41d7-88c0-7e6fb79029b9</p><p><b>status</b>: Unknown</p><p><b>category</b>: <span title="Codes:{http://medcomfhir.dk/ig/terminology/CodeSystem/medcom-careCommunication-categoryCodes examination-results}">Undersøgelsessvar</span></p><p><b>subject</b>: <a href="Patient-938544b6-721d-4d14-9e61-016e726ae180.html">Bruno Test Elmer (official) (no stated gender), DoB Unknown ( urn:oid:1.2.208.176.1.6.1.1#0703921VJ4)</a></p><blockquote><p><b>payload</b></p><p><b>DateTimeExtension</b>: 2025-09-29 09:00:00+0200</p><p><b>IdentifierExtension</b>: urn:uuid:a7c9e37e-0a5f-4607-939b-7abf11e0c85f</p><p><b>PractitionerExtension</b>: <a href="PractitionerRole-aa97d8ad-4fdf-47ac-9a63-c50446c46bdf.html">PractitionerRole Sygeplejerske</a></p><p><b>ContactExtension</b>: <a href="tel:+4512345789">+4512345789</a></p><p><b>content</b>: Dette er en korrespondancemeddelelse med et almindeligt CPR-nummer men også et erstatnings-CPR.
Hilsen Michael, sygeplejerske.</p></blockquote></div>
        </text>
        <identifier>
          <value value="urn:uuid:eca85df4-e6c9-41d7-88c0-7e6fb79029b9"/>
        </identifier>
        <status value="unknown"/>
        <category>
          <coding>
            <system value="http://medcomfhir.dk/ig/terminology/CodeSystem/medcom-careCommunication-categoryCodes"/>
            <code value="examination-results"/>
          </coding>
        </category>
        <subject>
          <reference value="Patient/938544b6-721d-4d14-9e61-016e726ae180"/>
        </subject>
        <payload>
          <extension url="http://medcomfhir.dk/ig/core/StructureDefinition/medcom-core-datetime-extension">
            <valueDateTime value="2025-09-29T09:00:00+02:00"/>
          </extension>
          <extension url="http://medcomfhir.dk/ig/core/StructureDefinition/medcom-core-identifier-extension">
            <valueIdentifier>
              <value value="urn:uuid:a7c9e37e-0a5f-4607-939b-7abf11e0c85f"/>
              <assigner>
                <reference value="Organization/f6494a29-1837-4f64-b903-da0d46e5da69"/>
              </assigner>
            </valueIdentifier>
          </extension>
          <extension url="http://medcomfhir.dk/ig/core/StructureDefinition/medcom-core-practitioner-extension">
            <valueReference>
              <reference value="PractitionerRole/aa97d8ad-4fdf-47ac-9a63-c50446c46bdf"/>
            </valueReference>
          </extension>
          <extension url="http://medcomfhir.dk/ig/core/StructureDefinition/medcom-core-contact-extension">
            <valueContactPoint>
              <system value="phone"/>
              <value value="+4512345789"/>
            </valueContactPoint>
          </extension>
          <contentString value="Dette er en korrespondancemeddelelse med et almindeligt CPR-nummer men også et erstatnings-CPR.&#xA;Hilsen Michael, sygeplejerske."/>
        </payload>
      </Communication>
    </resource>
  </entry>
  <entry>
    <fullUrl value="https://medcomfhir.dk/ig/carecommunication/PractitionerRole/aa97d8ad-4fdf-47ac-9a63-c50446c46bdf"/>
    <resource>
      <PractitionerRole>
        <id value="aa97d8ad-4fdf-47ac-9a63-c50446c46bdf"/>
        <meta>
          <profile value="http://medcomfhir.dk/ig/core/StructureDefinition/medcom-core-practitionerrole|3.0.1"/>
        </meta>
        <text>
          <status value="generated"/><div xmlns="http://www.w3.org/1999/xhtml"><a name="PractitionerRole_aa97d8ad-4fdf-47ac-9a63-c50446c46bdf"> </a><p class="res-header-id"><b>Generated Narrative: PractitionerRole aa97d8ad-4fdf-47ac-9a63-c50446c46bdf</b></p><a name="aa97d8ad-4fdf-47ac-9a63-c50446c46bdf"> </a><a name="hcaa97d8ad-4fdf-47ac-9a63-c50446c46bdf"> </a><div style="display: inline-block; background-color: #d9e0e7; padding: 6px; margin: 4px; border: 1px solid #8da1b4; border-radius: 5px; line-height: 60%"><p style="margin-bottom: 0px"/><p style="margin-bottom: 0px">Profile: <a href="http://medcomfhir.dk/ig/core/3.0.1/StructureDefinition-medcom-core-practitionerrole.html">MedComCorePractitionerRoleversion: null3.0.1)</a></p></div><p><b>practitioner</b>: <a href="Practitioner-3b21aecc-4a82-4e2d-ab6c-6cabb4df1ad9.html">Practitioner Michael Burns </a></p><p><b>code</b>: <span title="Codes:{http://medcomfhir.dk/ig/terminology/CodeSystem/medcom-core-PractitionerRolesSKSadministrativ sygeplejerske}">Sygeplejerske</span></p></div>
        </text>
        <practitioner>
          <reference value="Practitioner/3b21aecc-4a82-4e2d-ab6c-6cabb4df1ad9"/>
        </practitioner>
        <code>
          <coding>
            <system value="http://medcomfhir.dk/ig/terminology/CodeSystem/medcom-core-PractitionerRolesSKSadministrativ"/>
            <code value="sygeplejerske"/>
          </coding>
        </code>
      </PractitionerRole>
    </resource>
  </entry>
  <entry>
    <fullUrl value="https://medcomfhir.dk/ig/carecommunication/Practitioner/3b21aecc-4a82-4e2d-ab6c-6cabb4df1ad9"/>
    <resource>
      <Practitioner>
        <id value="3b21aecc-4a82-4e2d-ab6c-6cabb4df1ad9"/>
        <meta>
          <profile value="http://medcomfhir.dk/ig/core/StructureDefinition/medcom-core-practitioner|3.0.1"/>
        </meta>
        <text>
          <status value="generated"/><div xmlns="http://www.w3.org/1999/xhtml"><a name="Practitioner_3b21aecc-4a82-4e2d-ab6c-6cabb4df1ad9"> </a><p class="res-header-id"><b>Generated Narrative: Practitioner 3b21aecc-4a82-4e2d-ab6c-6cabb4df1ad9</b></p><a name="3b21aecc-4a82-4e2d-ab6c-6cabb4df1ad9"> </a><a name="hc3b21aecc-4a82-4e2d-ab6c-6cabb4df1ad9"> </a><div style="display: inline-block; background-color: #d9e0e7; padding: 6px; margin: 4px; border: 1px solid #8da1b4; border-radius: 5px; line-height: 60%"><p style="margin-bottom: 0px"/><p style="margin-bottom: 0px">Profile: <a href="http://medcomfhir.dk/ig/core/3.0.1/StructureDefinition-medcom-core-practitioner.html">MedComCorePractitionerversion: null3.0.1)</a></p></div><p><b>name</b>: Michael Burns </p></div>
        </text>
        <name>
          <family value="Burns"/>
          <given value="Michael"/>
        </name>
      </Practitioner>
    </resource>
  </entry>
  <entry>
    <fullUrl value="https://medcomfhir.dk/ig/carecommunication/Organization/f6494a29-1837-4f64-b903-da0d46e5da69"/>
    <resource>
      <Organization>
        <id value="f6494a29-1837-4f64-b903-da0d46e5da69"/>
        <meta>
          <profile value="http://medcomfhir.dk/ig/messaging/StructureDefinition/medcom-messaging-organization|4.0.1"/>
        </meta>
        <text>
          <status value="generated"/><div xmlns="http://www.w3.org/1999/xhtml"><a name="Organization_f6494a29-1837-4f64-b903-da0d46e5da69"> </a><p class="res-header-id"><b>Generated Narrative: Organization f6494a29-1837-4f64-b903-da0d46e5da69</b></p><a name="f6494a29-1837-4f64-b903-da0d46e5da69"> </a><a name="hcf6494a29-1837-4f64-b903-da0d46e5da69"> </a><div style="display: inline-block; background-color: #d9e0e7; padding: 6px; margin: 4px; border: 1px solid #8da1b4; border-radius: 5px; line-height: 60%"><p style="margin-bottom: 0px"/><p style="margin-bottom: 0px">Profile: <a href="http://medcomfhir.dk/ig/messaging/4.0.1/StructureDefinition-medcom-messaging-organization.html">MedComMessagingOrganizationversion: null4.0.1)</a></p></div><p><b>identifier</b>: <code>https://www.gs1.org/gln</code>/5790000120314, <code>urn:oid:1.2.208.176.1.1</code>/325371000016006</p><p><b>name</b>: MedCom FDIS91</p></div>
        </text>
        <identifier>
          <system value="https://www.gs1.org/gln"/>
          <value value="5790000120314"/>
        </identifier>
        <identifier>
          <system value="urn:oid:1.2.208.176.1.1"/>
          <value value="325371000016006"/>
        </identifier>
        <name value="MedCom FDIS91"/>
      </Organization>
    </resource>
  </entry>
  <entry>
    <fullUrl value="https://medcomfhir.dk/ig/carecommunication/Organization/cb801931-b871-418d-bdc5-912893096dea"/>
    <resource>
      <Organization>
        <id value="cb801931-b871-418d-bdc5-912893096dea"/>
        <meta>
          <profile value="http://medcomfhir.dk/ig/messaging/StructureDefinition/medcom-messaging-organization|4.0.1"/>
        </meta>
        <text>
          <status value="generated"/><div xmlns="http://www.w3.org/1999/xhtml"><a name="Organization_cb801931-b871-418d-bdc5-912893096dea"> </a><p class="res-header-id"><b>Generated Narrative: Organization cb801931-b871-418d-bdc5-912893096dea</b></p><a name="cb801931-b871-418d-bdc5-912893096dea"> </a><a name="hccb801931-b871-418d-bdc5-912893096dea"> </a><div style="display: inline-block; background-color: #d9e0e7; padding: 6px; margin: 4px; border: 1px solid #8da1b4; border-radius: 5px; line-height: 60%"><p style="margin-bottom: 0px"/><p style="margin-bottom: 0px">Profile: <a href="http://medcomfhir.dk/ig/messaging/4.0.1/StructureDefinition-medcom-messaging-organization.html">MedComMessagingOrganizationversion: null4.0.1)</a></p></div><p><b>identifier</b>: <code>https://www.gs1.org/gln</code>/5790000121526, <code>urn:oid:1.2.208.176.1.1</code>/325251000016005</p><p><b>name</b>: MedCom XDIS91</p></div>
        </text>
        <identifier>
          <system value="https://www.gs1.org/gln"/>
          <value value="5790000121526"/>
        </identifier>
        <identifier>
          <system value="urn:oid:1.2.208.176.1.1"/>
          <value value="325251000016005"/>
        </identifier>
        <name value="MedCom XDIS91"/>
      </Organization>
    </resource>
  </entry>
  <entry>
    <fullUrl value="https://medcomfhir.dk/ig/carecommunication/Provenance/1845a241-974c-4ad0-a7ba-2646d6416ded"/>
    <resource>
      <Provenance>
        <id value="1845a241-974c-4ad0-a7ba-2646d6416ded"/>
        <meta>
          <profile value="http://medcomfhir.dk/ig/carecommunication/StructureDefinition/medcom-careCommunication-provenance"/>
        </meta>
        <text>
          <status value="generated"/><div xmlns="http://www.w3.org/1999/xhtml"><a name="Provenance_1845a241-974c-4ad0-a7ba-2646d6416ded"> </a><p class="res-header-id"><b>Generated Narrative: Provenance 1845a241-974c-4ad0-a7ba-2646d6416ded</b></p><a name="1845a241-974c-4ad0-a7ba-2646d6416ded"> </a><a name="hc1845a241-974c-4ad0-a7ba-2646d6416ded"> </a><div style="display: inline-block; background-color: #d9e0e7; padding: 6px; margin: 4px; border: 1px solid #8da1b4; border-radius: 5px; line-height: 60%"><p style="margin-bottom: 0px"/><p style="margin-bottom: 0px">Profile: <a href="http://medcomfhir.dk/ig/carecommunication/5.0.1/StructureDefinition-medcom-careCommunication-provenance.html">MedComCareCommunicationProvenance</a></p></div><p>Provenance for <a href="MessageHeader-ea9d2910-fe51-416f-bd92-3e8a23c22c59.html">MessageHeader: event[x] = Care Communication Message (MedComMessagingEventCodes#care-communication-message); definition = http://medcomfhir.dk/ig/messagedefinitions/MessageDefinition/MedComCareCommunicationMessageDefinition|5.0</a></p><p>Summary</p><table class="grid"><tr><td>Occurrence</td><td>2025-09-29 09:00:00+0200</td></tr><tr><td>Recorded</td><td>2025-09-29 09:00:00+0200</td></tr><tr><td>Activity</td><td><span title="Codes:{http://medcomfhir.dk/ig/terminology/CodeSystem/medcom-messaging-activityCodes new-message}">A new message has been sent</span></td></tr></table><p><b>Agents</b></p><table class="grid"><tr><td><b>who</b></td></tr><tr><td><a href="Organization-f6494a29-1837-4f64-b903-da0d46e5da69.html">Organization MedCom FDIS91</a></td></tr></table></div>
        </text>
        <target>
          <reference value="MessageHeader/ea9d2910-fe51-416f-bd92-3e8a23c22c59"/>
        </target>
        <occurredDateTime value="2025-09-29T09:00:00+02:00"/>
        <recorded value="2025-09-29T09:00:00+02:00"/>
        <activity>
          <coding>
            <system value="http://medcomfhir.dk/ig/terminology/CodeSystem/medcom-messaging-activityCodes"/>
            <code value="new-message"/>
          </coding>
        </activity>
        <agent>
          <who>
            <reference value="Organization/f6494a29-1837-4f64-b903-da0d46e5da69"/>
          </who>
        </agent>
        <entity>
          <role value="source"/>
          <what>
            <identifier>
              <value value="urn:uuid:a7c9e37e-0a5f-4607-939b-7abf11e0c85f"/>
            </identifier>
          </what>
        </entity>
      </Provenance>
    </resource>
  </entry>
</Bundle>