<?xml version="1.0" encoding="UTF-8"?>

<CareTeam xmlns="http://hl7.org/fhir">
  <id value="02d749bd-dba0-45a9-9b64-7e1918db575a"/>
  <meta>
    <profile value="http://medcomfhir.dk/ig/core/StructureDefinition/medcom-core-careteam|3.0.1"/>
  </meta>
  <text>
    <status value="generated"/><div xmlns="http://www.w3.org/1999/xhtml"><p class="res-header-id"><b>Generated Narrative: CareTeam 02d749bd-dba0-45a9-9b64-7e1918db575a</b></p><a name="02d749bd-dba0-45a9-9b64-7e1918db575a"> </a><a name="hc02d749bd-dba0-45a9-9b64-7e1918db575a"> </a><div style="display: inline-block; background-color: #d9e0e7; padding: 6px; margin: 4px; border: 1px solid #8da1b4; border-radius: 5px; line-height: 60%"><p style="margin-bottom: 0px"/><p style="margin-bottom: 0px">Profile: <a href="http://medcomfhir.dk/ig/core/3.0.1/StructureDefinition-medcom-core-careteam.html">MedComCoreCareTeamversion: null3.0.1)</a></p></div><p><b>name</b>: Team +80 år</p><p><b>managingOrganization</b>: <a href="Organization-8c51e210-83c7-4ba8-bf05-b00d4e30b258.html">Organization Klinik for Ældresygdomme, AUH, Skejby</a></p></div>
  </text>
  <name value="Team +80 år"/>
  <managingOrganization>
    <reference value="Organization/8c51e210-83c7-4ba8-bf05-b00d4e30b258"/>
  </managingOrganization>
</CareTeam>