<?xml version="1.0" encoding="UTF-8"?>

<Communication xmlns="http://hl7.org/fhir">
  <id value="e49ad4b0-537a-442c-b624-e0ae956410da"/>
  <meta>
    <profile value="http://medcomfhir.dk/ig/carecommunication/StructureDefinition/medcom-careCommunication-communication|5.0.1"/>
  </meta>
  <text>
    <status value="extensions"/><div xmlns="http://www.w3.org/1999/xhtml"><p class="res-header-id"><b>Generated Narrative: Communication e49ad4b0-537a-442c-b624-e0ae956410da</b></p><a name="e49ad4b0-537a-442c-b624-e0ae956410da"> </a><a name="hce49ad4b0-537a-442c-b624-e0ae956410da"> </a><div style="display: inline-block; background-color: #d9e0e7; padding: 6px; margin: 4px; border: 1px solid #8da1b4; border-radius: 5px; line-height: 60%"><p style="margin-bottom: 0px"/><p style="margin-bottom: 0px">Profile: <a href="http://medcomfhir.dk/ig/carecommunication/5.0.1/StructureDefinition-medcom-careCommunication-communication.html">MedComCareCommunicationversion: null5.0.1)</a></p></div><p><b>identifier</b>: urn:uuid:69ab69e8-af33-4e93-9171-7906ad43c1ab</p><p><b>status</b>: Unknown</p><p><b>category</b>: <span title="Codes:{http://medcomfhir.dk/ig/terminology/CodeSystem/medcom-careCommunication-categoryCodes telemedicine}">Telemedicin</span></p><p><b>subject</b>: <a href="Patient-283b6471-3134-4b7e-9d48-b6fad32e6384.html">Bruno Test Elmer (official) (no stated gender), DoB Unknown ( urn:oid:1.2.208.176.1.2#2509479989)</a></p><blockquote><p><b>payload</b></p><p><b>DateTimeExtension</b>: 2024-08-28 15:20:00+0200</p><p><b>IdentifierExtension</b>: urn:uuid:07f74c3d-b3e5-4054-850e-a8ef8a550c36</p><p><b>PractitionerExtension</b>: <a href="PractitionerRole-67612d44-215b-4441-a35b-b6ab3ab9c9ce.html">PractitionerRole Diætistassistent</a></p><p><b>ContactExtension</b>: <a href="tel:+4512345789">+4512345789</a></p><p><b>content</b>: Til rette vedkommende. Vi ønsker information om de seneste undersøgelser udført på Bruno.
På forhånd tak.
Hilsen Michael Burns
Diætistassistent</p></blockquote></div>
  </text>
  <identifier>
    <value value="urn:uuid:69ab69e8-af33-4e93-9171-7906ad43c1ab"/>
  </identifier>
  <status value="unknown"/>
  <category>
    <coding>
      <system value="http://medcomfhir.dk/ig/terminology/CodeSystem/medcom-careCommunication-categoryCodes"/>
      <code value="telemedicine"/>
    </coding>
  </category>
  <subject>
    <reference value="Patient/283b6471-3134-4b7e-9d48-b6fad32e6384"/>
  </subject>
  <payload>
    <extension url="http://medcomfhir.dk/ig/core/StructureDefinition/medcom-core-datetime-extension">
      <valueDateTime value="2024-08-28T15:20:00+02:00"/>
    </extension>
    <extension url="http://medcomfhir.dk/ig/core/StructureDefinition/medcom-core-identifier-extension">
      <valueIdentifier>
        <value value="urn:uuid:07f74c3d-b3e5-4054-850e-a8ef8a550c36"/>
        <assigner>
          <reference value="Organization/2052a3bd-c32d-4e81-b5ec-83f9ad012899"/>
        </assigner>
      </valueIdentifier>
    </extension>
    <extension url="http://medcomfhir.dk/ig/core/StructureDefinition/medcom-core-practitioner-extension">
      <valueReference>
        <reference value="PractitionerRole/67612d44-215b-4441-a35b-b6ab3ab9c9ce"/>
      </valueReference>
    </extension>
    <extension url="http://medcomfhir.dk/ig/core/StructureDefinition/medcom-core-contact-extension">
      <valueContactPoint>
        <system value="phone"/>
        <value value="+4512345789"/>
      </valueContactPoint>
    </extension>
    <contentString value="Til rette vedkommende. Vi ønsker information om de seneste undersøgelser udført på Bruno.&#xA;På forhånd tak.&#xA;Hilsen Michael Burns&#xA;Diætistassistent"/>
  </payload>
</Communication>