<?xml version="1.0" encoding="UTF-8"?>

<Communication xmlns="http://hl7.org/fhir">
  <id value="930876e5-8cf8-40f0-bd6c-3e38520d61de"/>
  <meta>
    <profile value="http://medcomfhir.dk/ig/carecommunication/StructureDefinition/medcom-careCommunication-communication|5.0.1"/>
  </meta>
  <text>
    <status value="extensions"/><div xmlns="http://www.w3.org/1999/xhtml"><p class="res-header-id"><b>Generated Narrative: Communication 930876e5-8cf8-40f0-bd6c-3e38520d61de</b></p><a name="930876e5-8cf8-40f0-bd6c-3e38520d61de"> </a><a name="hc930876e5-8cf8-40f0-bd6c-3e38520d61de"> </a><div style="display: inline-block; background-color: #d9e0e7; padding: 6px; margin: 4px; border: 1px solid #8da1b4; border-radius: 5px; line-height: 60%"><p style="margin-bottom: 0px"/><p style="margin-bottom: 0px">Profile: <a href="http://medcomfhir.dk/ig/carecommunication/5.0.1/StructureDefinition-medcom-careCommunication-communication.html">MedComCareCommunicationversion: null5.0.1)</a></p></div><p><b>identifier</b>: urn:uuid:b84738c1-a67f-4de9-a883-fab6d0ba0c44</p><p><b>status</b>: Unknown</p><p><b>category</b>: <span title="Codes:{http://medcomfhir.dk/ig/terminology/CodeSystem/medcom-careCommunication-categoryCodes decease}">Dødsfald</span></p><p><b>subject</b>: <a href="Patient-e85e8d47-46a9-4b6a-b86d-9dcf96d24543.html">Elmer (official) (no stated gender), DoB Unknown ( urn:oid:1.2.208.176.1.2#2509479989)</a></p><p><b>topic</b>: <span title="Codes:">Afgået ved døden</span></p><blockquote><p><b>payload</b></p><p><b>DateTimeExtension</b>: 2024-08-23 16:00:00+0200</p><p><b>IdentifierExtension</b>: urn:uuid:1df44fde-c8e1-4d0c-99cd-fc521cb728e5</p><p><b>PractitionerExtension</b>: <a href="PractitionerRole-8a11159b-2b92-4232-9990-09bbae6ec6cb.html">PractitionerRole Overlæge</a></p><p><b>ContactExtension</b>: ph: 85572787</p><p><b>content</b>: Til rette vedkommende hos Per Thorsleth. Bruno Elmer er desværre død i nat kl. 4.15. I hans kalender fremgår det, at han vil komme til læge i morgen kl. 11. Det gør han ikke.
Med venlig hilsen
Kim Jensen
Overlæge</p></blockquote></div>
  </text>
  <identifier>
    <value value="urn:uuid:b84738c1-a67f-4de9-a883-fab6d0ba0c44"/>
  </identifier>
  <status value="unknown"/>
  <category>
    <coding>
      <system value="http://medcomfhir.dk/ig/terminology/CodeSystem/medcom-careCommunication-categoryCodes"/>
      <code value="decease"/>
    </coding>
  </category>
  <subject>
    <reference value="Patient/e85e8d47-46a9-4b6a-b86d-9dcf96d24543"/>
  </subject>
  <topic>
    <text value="Afgået ved døden"/>
  </topic>
  <payload>
    <extension url="http://medcomfhir.dk/ig/core/StructureDefinition/medcom-core-datetime-extension">
      <valueDateTime value="2024-08-23T16:00:00+02:00"/>
    </extension>
    <extension url="http://medcomfhir.dk/ig/core/StructureDefinition/medcom-core-identifier-extension">
      <valueIdentifier>
        <value value="urn:uuid:1df44fde-c8e1-4d0c-99cd-fc521cb728e5"/>
        <assigner>
          <reference value="Organization/aea5f134-5cc9-44b1-b5db-7155e45717ee"/>
        </assigner>
      </valueIdentifier>
    </extension>
    <extension url="http://medcomfhir.dk/ig/core/StructureDefinition/medcom-core-practitioner-extension">
      <valueReference>
        <reference value="PractitionerRole/8a11159b-2b92-4232-9990-09bbae6ec6cb"/>
      </valueReference>
    </extension>
    <extension url="http://medcomfhir.dk/ig/core/StructureDefinition/medcom-core-contact-extension">
      <valueContactPoint>
        <system value="phone"/>
        <value value="85572787"/>
      </valueContactPoint>
    </extension>
    <contentString value="Til rette vedkommende hos Per Thorsleth. Bruno Elmer er desværre død i nat kl. 4.15. I hans kalender fremgår det, at han vil komme til læge i morgen kl. 11. Det gør han ikke.&#xA;Med venlig hilsen&#xA;Kim Jensen&#xA;Overlæge"/>
  </payload>
</Communication>