<?xml version="1.0" encoding="UTF-8"?>

<Communication xmlns="http://hl7.org/fhir">
  <id value="e6907e11-f007-4e2c-a98d-a543229a10c2"/>
  <meta>
    <profile value="http://medcomfhir.dk/ig/carecommunication/StructureDefinition/medcom-careCommunication-communication"/>
  </meta>
  <text>
    <status value="extensions"/><div xmlns="http://www.w3.org/1999/xhtml"><p class="res-header-id"><b>Generated Narrative: Communication e6907e11-f007-4e2c-a98d-a543229a10c2</b></p><a name="e6907e11-f007-4e2c-a98d-a543229a10c2"> </a><a name="hce6907e11-f007-4e2c-a98d-a543229a10c2"> </a><div style="display: inline-block; background-color: #d9e0e7; padding: 6px; margin: 4px; border: 1px solid #8da1b4; border-radius: 5px; line-height: 60%"><p style="margin-bottom: 0px"/><p style="margin-bottom: 0px">Profile: <a href="http://medcomfhir.dk/ig/carecommunication/5.0.0/StructureDefinition-medcom-careCommunication-communication.html">MedComCareCommunication</a></p></div><p><b>identifier</b>: urn:uuid:a6be8e47-43a0-4a34-8041-083d41eba038</p><p><b>status</b>: Unknown</p><p><b>category</b>: <span title="Codes:{http://medcomfhir.dk/ig/terminology/CodeSystem/medcom-careCommunication-categoryCodes examination-results}">Undersøgelsessvar</span></p><p><b>subject</b>: <a href="Patient-b670ed56-9a4f-4903-ad51-65773a327d93.html">Bruno Test Elmer (official) (no stated gender), DoB Unknown ( urn:oid:1.2.208.176.1.2#2509479989)</a></p><p><b>topic</b>: <span title="Codes:">Resultater fra hjemmesygeplejen</span></p><p><b>encounter</b>: <a href="Encounter-ede7ee60-4541-438c-922d-1898a14fa3b1.html">Encounter: status = finished; class = inpatient encounter (ActCode#IMP)</a></p><blockquote><p><b>payload</b></p><p><b>DateTimeExtension</b>: 2024-09-16 08:30:00+0200</p><p><b>IdentifierExtension</b>: urn:uuid:dc9665dd-b9c3-4349-af08-e9dd61d0e211</p><p><b>PractitionerExtension</b>: <a href="PractitionerRole-edccec4f-0d3e-46be-9f66-97f459f6bafe.html">PractitionerRole Sygeplejerske</a></p><p><b>ContactExtension</b>: ph: 004523232323</p><p><b>content</b>: Til rette vedkommende. Hermed fremsendes undersøgelsesresultater fra seneste besøg af hjemmesygeplejen. Denne meddelelse ligner til Tek-B-new, men er det ikke.
Hilsen Michael Magnus Burns
Sygeplejerske</p></blockquote></div>
  </text>
  <identifier>
    <value value="urn:uuid:a6be8e47-43a0-4a34-8041-083d41eba038"/>
  </identifier>
  <status value="unknown"/>
  <category>
    <coding>
      <system value="http://medcomfhir.dk/ig/terminology/CodeSystem/medcom-careCommunication-categoryCodes"/>
      <code value="examination-results"/>
    </coding>
  </category>
  <subject>
    <reference value="Patient/b670ed56-9a4f-4903-ad51-65773a327d93"/>
  </subject>
  <topic>
    <text value="Resultater fra hjemmesygeplejen"/>
  </topic>
  <encounter>
    <reference value="Encounter/ede7ee60-4541-438c-922d-1898a14fa3b1"/>
  </encounter>
  <payload>
    <extension url="http://medcomfhir.dk/ig/core/StructureDefinition/medcom-core-datetime-extension">
      <valueDateTime value="2024-09-16T08:30:00+02:00"/>
    </extension>
    <extension url="http://medcomfhir.dk/ig/core/StructureDefinition/medcom-core-identifier-extension">
      <valueIdentifier>
        <value value="urn:uuid:dc9665dd-b9c3-4349-af08-e9dd61d0e211"/>
        <assigner>
          <reference value="Organization/454aafa3-8ecb-4c0b-9696-eee6cce6c498"/>
        </assigner>
      </valueIdentifier>
    </extension>
    <extension url="http://medcomfhir.dk/ig/core/StructureDefinition/medcom-core-practitioner-extension">
      <valueReference>
        <reference value="PractitionerRole/edccec4f-0d3e-46be-9f66-97f459f6bafe"/>
      </valueReference>
    </extension>
    <extension url="http://medcomfhir.dk/ig/core/StructureDefinition/medcom-core-contact-extension">
      <valueContactPoint>
        <system value="phone"/>
        <value value="004523232323"/>
      </valueContactPoint>
    </extension>
    <contentString value="Til rette vedkommende. Hermed fremsendes undersøgelsesresultater fra seneste besøg af hjemmesygeplejen. Denne meddelelse ligner til Tek-B-new, men er det ikke.&#xA;Hilsen Michael Magnus Burns&#xA;Sygeplejerske"/>
  </payload>
</Communication>