<?xml version="1.0" encoding="UTF-8"?>

<MessageHeader xmlns="http://hl7.org/fhir">
  <id value="2414b445-665f-41af-9ecd-b97c0b58c081"/>
  <meta>
    <profile value="http://medcomfhir.dk/ig/carecommunication/StructureDefinition/medcom-careCommunication-messageHeader|5.0.1"/>
  </meta>
  <text>
    <status value="generated"/><div xmlns="http://www.w3.org/1999/xhtml"><p class="res-header-id"><b>Generated Narrative: MessageHeader 2414b445-665f-41af-9ecd-b97c0b58c081</b></p><a name="2414b445-665f-41af-9ecd-b97c0b58c081"> </a><a name="hc2414b445-665f-41af-9ecd-b97c0b58c081"> </a><div style="display: inline-block; background-color: #d9e0e7; padding: 6px; margin: 4px; border: 1px solid #8da1b4; border-radius: 5px; line-height: 60%"><p style="margin-bottom: 0px"/><p style="margin-bottom: 0px">Profile: <a href="http://medcomfhir.dk/ig/carecommunication/5.0.1/StructureDefinition-medcom-careCommunication-messageHeader.html">MedComCareCommunicationMessageHeaderversion: null5.0.1)</a></p></div><p><b>event</b>: <a href="http://medcomfhir.dk/ig/terminology/2.0.1/CodeSystem-medcom-messaging-eventCodes.html#medcom-messaging-eventCodes-care-communication-message">MedComMessagingEventCodes care-communication-message</a>: Care Communication Message</p><h3>Destinations</h3><table class="grid"><tr><td style="display: none">-</td><td><b>Extension</b></td><td><b>Endpoint</b></td><td><b>Receiver</b></td></tr><tr><td style="display: none">*</td><td/><td><a href="https://sor2.sum.dsdn.dk/#id=382871000016004">https://sor2.sum.dsdn.dk/#id=382871000016004</a></td><td><a href="Organization-966bc46d-f02f-4be3-a44a-d47ebdf4fdad.html">Organization Arden Lægehus</a></td></tr></table><p><b>sender</b>: <a href="Organization-55b3ef79-9e10-4b52-9d94-6c97ff5a0999.html">Organization Hjerteafdelingen på Herlev og Gentofte hospital</a></p><h3>Sources</h3><table class="grid"><tr><td style="display: none">-</td><td><b>Endpoint</b></td></tr><tr><td style="display: none">*</td><td><a href="https://sor2.sum.dsdn.dk/#id=265161000016000">https://sor2.sum.dsdn.dk/#id=265161000016000</a></td></tr></table><p><b>focus</b>: <a href="Communication-9e829a72-32b2-4810-a56e-1e8f3a81e888.html">Communication: identifier = urn:uuid:d6d721a1-f4ec-4906-8946-ef808525bef1; status = unknown; category = Undersøgelsessvar; topic = </a></p><p><b>definition</b>: <a href="http://medcomfhir.dk/ig/messagedefinitions/1.0.0/MessageDefinition-MedComCareCommunicationMessageDefinitionV5.0.html">http://medcomfhir.dk/ig/messagedefinitions/MessageDefinition/MedComCareCommunicationMessageDefinition|5.0</a></p></div>
  </text>
  <eventCoding>
    <system value="http://medcomfhir.dk/ig/terminology/CodeSystem/medcom-messaging-eventCodes"/>
    <code value="care-communication-message"/>
  </eventCoding>
  <destination>
    <extension url="http://medcomfhir.dk/ig/messaging/StructureDefinition/medcom-messaging-destinationUseExtension">
      <valueCoding>
        <system value="http://medcomfhir.dk/ig/terminology/CodeSystem/medcom-messaging-destinationUse"/>
        <code value="primary"/>
      </valueCoding>
    </extension>
    <endpoint value="https://sor2.sum.dsdn.dk/#id=382871000016004"/>
    <receiver>
      <reference value="Organization/966bc46d-f02f-4be3-a44a-d47ebdf4fdad"/>
    </receiver>
  </destination>
  <sender>
    <reference value="Organization/55b3ef79-9e10-4b52-9d94-6c97ff5a0999"/>
  </sender>
  <source>
    <endpoint value="https://sor2.sum.dsdn.dk/#id=265161000016000"/>
  </source>
  <focus>
    <reference value="Communication/9e829a72-32b2-4810-a56e-1e8f3a81e888"/>
  </focus>
  <definition value="http://medcomfhir.dk/ig/messagedefinitions/MessageDefinition/MedComCareCommunicationMessageDefinition|5.0"/>
</MessageHeader>