<?xml version="1.0" encoding="UTF-8"?>

<MessageHeader xmlns="http://hl7.org/fhir">
  <id value="7ed8da8d-fd74-4948-bc92-924842b30adf"/>
  <meta>
    <profile value="http://medcomfhir.dk/ig/carecommunication/StructureDefinition/medcom-careCommunication-messageHeader|5.0.1"/>
  </meta>
  <text>
    <status value="generated"/><div xmlns="http://www.w3.org/1999/xhtml"><p class="res-header-id"><b>Generated Narrative: MessageHeader 7ed8da8d-fd74-4948-bc92-924842b30adf</b></p><a name="7ed8da8d-fd74-4948-bc92-924842b30adf"> </a><a name="hc7ed8da8d-fd74-4948-bc92-924842b30adf"> </a><div style="display: inline-block; background-color: #d9e0e7; padding: 6px; margin: 4px; border: 1px solid #8da1b4; border-radius: 5px; line-height: 60%"><p style="margin-bottom: 0px"/><p style="margin-bottom: 0px">Profile: <a href="http://medcomfhir.dk/ig/carecommunication/5.0.1/StructureDefinition-medcom-careCommunication-messageHeader.html">MedComCareCommunicationMessageHeaderversion: null5.0.1)</a></p></div><p><b>event</b>: <a href="http://medcomfhir.dk/ig/terminology/2.0.1/CodeSystem-medcom-messaging-eventCodes.html#medcom-messaging-eventCodes-care-communication-message">MedComMessagingEventCodes care-communication-message</a>: Care Communication Message</p><h3>Destinations</h3><table class="grid"><tr><td style="display: none">-</td><td><b>Extension</b></td><td><b>Endpoint</b></td><td><b>Receiver</b></td></tr><tr><td style="display: none">*</td><td/><td><a href="https://sor2.sum.dsdn.dk/#id=330461000016004">https://sor2.sum.dsdn.dk/#id=330461000016004</a></td><td><a href="Organization-7279446d-9cc9-49bf-b2a2-990eb2d9f942.html">Organization Sundhedsplejen, Aabenraa kommune</a></td></tr></table><p><b>sender</b>: <a href="Organization-8c51e210-83c7-4ba8-bf05-b00d4e30b258.html">Organization Klinik for Ældresygdomme, AUH, Skejby</a></p><h3>Sources</h3><table class="grid"><tr><td style="display: none">-</td><td><b>Endpoint</b></td></tr><tr><td style="display: none">*</td><td><a href="https://sor2.sum.dsdn.dk/#id=441211000016000">https://sor2.sum.dsdn.dk/#id=441211000016000</a></td></tr></table><p><b>focus</b>: <a href="Communication-f7283d2f-a244-42cc-acb1-55af85b50107.html">Communication: extension = -&gt;CareTeam Team +80 år; identifier = urn:uuid:7d14612c-5f58-4621-928d-267846f948c7; status = unknown; category = Udvidet behandlingsansvar; topic = </a></p><p><b>definition</b>: <a href="http://medcomfhir.dk/ig/messagedefinitions/1.0.0/MessageDefinition-MedComCareCommunicationMessageDefinitionV5.0.html">http://medcomfhir.dk/ig/messagedefinitions/MessageDefinition/MedComCareCommunicationMessageDefinition|5.0</a></p></div>
  </text>
  <eventCoding>
    <system value="http://medcomfhir.dk/ig/terminology/CodeSystem/medcom-messaging-eventCodes"/>
    <code value="care-communication-message"/>
  </eventCoding>
  <destination>
    <extension url="http://medcomfhir.dk/ig/messaging/StructureDefinition/medcom-messaging-destinationUseExtension">
      <valueCoding>
        <system value="http://medcomfhir.dk/ig/terminology/CodeSystem/medcom-messaging-destinationUse"/>
        <code value="primary"/>
      </valueCoding>
    </extension>
    <endpoint value="https://sor2.sum.dsdn.dk/#id=330461000016004"/>
    <receiver>
      <reference value="Organization/7279446d-9cc9-49bf-b2a2-990eb2d9f942"/>
    </receiver>
  </destination>
  <sender>
    <reference value="Organization/8c51e210-83c7-4ba8-bf05-b00d4e30b258"/>
  </sender>
  <source>
    <endpoint value="https://sor2.sum.dsdn.dk/#id=441211000016000"/>
  </source>
  <focus>
    <reference value="Communication/f7283d2f-a244-42cc-acb1-55af85b50107"/>
  </focus>
  <definition value="http://medcomfhir.dk/ig/messagedefinitions/MessageDefinition/MedComCareCommunicationMessageDefinition|5.0"/>
</MessageHeader>