<?xml version="1.0" encoding="UTF-8"?>

<MessageHeader xmlns="http://hl7.org/fhir">
  <id value="42fa2844-5020-45dd-bd5f-77137ba5ca1f"/>
  <meta>
    <profile value="http://medcomfhir.dk/ig/carecommunication/StructureDefinition/medcom-careCommunication-messageHeader"/>
  </meta>
  <text>
    <status value="generated"/><div xmlns="http://www.w3.org/1999/xhtml"><p class="res-header-id"><b>Generated Narrative: MessageHeader 42fa2844-5020-45dd-bd5f-77137ba5ca1f</b></p><a name="42fa2844-5020-45dd-bd5f-77137ba5ca1f"> </a><a name="hc42fa2844-5020-45dd-bd5f-77137ba5ca1f"> </a><div style="display: inline-block; background-color: #d9e0e7; padding: 6px; margin: 4px; border: 1px solid #8da1b4; border-radius: 5px; line-height: 60%"><p style="margin-bottom: 0px"/><p style="margin-bottom: 0px">Profile: <a href="http://medcomfhir.dk/ig/carecommunication/5.0.0/StructureDefinition-medcom-careCommunication-messageHeader.html">MedComCareCommunicationMessageHeader</a></p></div><p><b>event</b>: <a href="http://medcomfhir.dk/ig/terminology/1.8.1/CodeSystem-medcom-messaging-eventCodes.html#medcom-messaging-eventCodes-care-communication-message">MedComMessagingEventCodes care-communication-message</a>: Care Communication Message</p><h3>Destinations</h3><table class="grid"><tr><td style="display: none">-</td><td><b>Extension</b></td><td><b>Endpoint</b></td><td><b>Receiver</b></td></tr><tr><td style="display: none">*</td><td/><td><a href="https://sor2.sum.dsdn.dk/#id=330461000016004">https://sor2.sum.dsdn.dk/#id=330461000016004</a></td><td><a href="Organization-7260b118-d744-4396-bbf2-80245933b1dd.html">Organization Sundhedsplejen, Aabenraa kommune</a></td></tr></table><p><b>sender</b>: <a href="Organization-d2ac69eb-568e-4201-b29d-2af8d3126518.html">Organization: identifier = https://www.gs1.org/gln#5790001387419,urn:oid:1.2.208.176.1.1#953751000016007</a></p><h3>Sources</h3><table class="grid"><tr><td style="display: none">-</td><td><b>Endpoint</b></td></tr><tr><td style="display: none">*</td><td><a href="https://sor2.sum.dsdn.dk/#id=1017421000016003">https://sor2.sum.dsdn.dk/#id=1017421000016003</a></td></tr></table><p><b>focus</b>: <a href="Communication-e7e596e0-6458-4701-a20f-a9322f85ebe8.html">Communication: identifier = urn:uuid:06a106f9-df1c-4064-9031-b6a4cb841e85; status = unknown; category = Dødsfald; topic = </a></p><p><b>definition</b>: <a href="http://medcomfhir.dk/ig/messagedefinitions/1.0.0/MessageDefinition-MedComCareCommunicationMessageDefinitionV5.0.html">http://medcomfhir.dk/ig/messagedefinitions/MessageDefinition/MedComCareCommunicationMessageDefinition|5.0</a></p></div>
  </text>
  <eventCoding>
    <system value="http://medcomfhir.dk/ig/terminology/CodeSystem/medcom-messaging-eventCodes"/>
    <code value="care-communication-message"/>
  </eventCoding>
  <destination>
    <extension url="http://medcomfhir.dk/ig/messaging/StructureDefinition/medcom-messaging-destinationUseExtension">
      <valueCoding>
        <system value="http://medcomfhir.dk/ig/terminology/CodeSystem/medcom-messaging-destinationUse"/>
        <code value="primary"/>
      </valueCoding>
    </extension>
    <endpoint value="https://sor2.sum.dsdn.dk/#id=330461000016004"/>
    <receiver>
      <reference value="Organization/7260b118-d744-4396-bbf2-80245933b1dd"/>
    </receiver>
  </destination>
  <sender>
    <reference value="Organization/d2ac69eb-568e-4201-b29d-2af8d3126518"/>
  </sender>
  <source>
    <endpoint value="https://sor2.sum.dsdn.dk/#id=1017421000016003"/>
  </source>
  <focus>
    <reference value="Communication/e7e596e0-6458-4701-a20f-a9322f85ebe8"/>
  </focus>
  <definition value="http://medcomfhir.dk/ig/messagedefinitions/MessageDefinition/MedComCareCommunicationMessageDefinition|5.0"/>
</MessageHeader>