<?xml version="1.0" encoding="UTF-8"?>

<MessageHeader xmlns="http://hl7.org/fhir">
  <id value="5c2cdf2c-bcbd-4c15-adce-6b862a84249c"/>
  <meta>
    <profile value="http://medcomfhir.dk/ig/carecommunication/StructureDefinition/medcom-careCommunication-messageHeader"/>
  </meta>
  <text>
    <status value="generated"/><div xmlns="http://www.w3.org/1999/xhtml"><p class="res-header-id"><b>Generated Narrative: MessageHeader 5c2cdf2c-bcbd-4c15-adce-6b862a84249c</b></p><a name="5c2cdf2c-bcbd-4c15-adce-6b862a84249c"> </a><a name="hc5c2cdf2c-bcbd-4c15-adce-6b862a84249c"> </a><div style="display: inline-block; background-color: #d9e0e7; padding: 6px; margin: 4px; border: 1px solid #8da1b4; border-radius: 5px; line-height: 60%"><p style="margin-bottom: 0px"/><p style="margin-bottom: 0px">Profile: <a href="http://medcomfhir.dk/ig/carecommunication/5.0.0/StructureDefinition-medcom-careCommunication-messageHeader.html">MedComCareCommunicationMessageHeader</a></p></div><p><b>event</b>: <a href="http://medcomfhir.dk/ig/terminology/1.8.1/CodeSystem-medcom-messaging-eventCodes.html#medcom-messaging-eventCodes-care-communication-message">MedComMessagingEventCodes care-communication-message</a>: Care Communication Message</p><h3>Destinations</h3><table class="grid"><tr><td style="display: none">-</td><td><b>Extension</b></td><td><b>Endpoint</b></td><td><b>Receiver</b></td></tr><tr><td style="display: none">*</td><td/><td><a href="https://sor2.sum.dsdn.dk/#id=330461000016004">https://sor2.sum.dsdn.dk/#id=330461000016004</a></td><td><a href="Organization-6e7761cb-2dc9-48c7-8fd4-b49d46dd9c05.html">Organization Sundhedsplejen, Aabenraa kommune</a></td></tr></table><p><b>sender</b>: <a href="Organization-409b87d3-398e-44cb-9246-35b47ff75cc4.html">Organization Klinik for Ældresygdomme, AUH, Skejby</a></p><h3>Sources</h3><table class="grid"><tr><td style="display: none">-</td><td><b>Endpoint</b></td></tr><tr><td style="display: none">*</td><td><a href="https://sor2.sum.dsdn.dk/#id=441211000016000">https://sor2.sum.dsdn.dk/#id=441211000016000</a></td></tr></table><p><b>focus</b>: <a href="Communication-4a003dce-060c-4d9d-b5d6-7513323049d1.html">Communication: identifier = urn:uuid:c4a7575c-c3d7-4f34-a120-6f1ea28f9c12; status = unknown; category = Undersøgelsessvar</a></p><p><b>definition</b>: <a href="http://medcomfhir.dk/ig/messagedefinitions/1.0.0/MessageDefinition-MedComCareCommunicationMessageDefinitionV5.0.html">http://medcomfhir.dk/ig/messagedefinitions/MessageDefinition/MedComCareCommunicationMessageDefinition|5.0</a></p></div>
  </text>
  <eventCoding>
    <system value="http://medcomfhir.dk/ig/terminology/CodeSystem/medcom-messaging-eventCodes"/>
    <code value="care-communication-message"/>
  </eventCoding>
  <destination>
    <extension url="http://medcomfhir.dk/ig/messaging/StructureDefinition/medcom-messaging-destinationUseExtension">
      <valueCoding>
        <system value="http://medcomfhir.dk/ig/terminology/CodeSystem/medcom-messaging-destinationUse"/>
        <code value="primary"/>
      </valueCoding>
    </extension>
    <endpoint value="https://sor2.sum.dsdn.dk/#id=330461000016004"/>
    <receiver>
      <reference value="Organization/6e7761cb-2dc9-48c7-8fd4-b49d46dd9c05"/>
    </receiver>
  </destination>
  <sender>
    <reference value="Organization/409b87d3-398e-44cb-9246-35b47ff75cc4"/>
  </sender>
  <source>
    <endpoint value="https://sor2.sum.dsdn.dk/#id=441211000016000"/>
  </source>
  <focus>
    <reference value="Communication/4a003dce-060c-4d9d-b5d6-7513323049d1"/>
  </focus>
  <definition value="http://medcomfhir.dk/ig/messagedefinitions/MessageDefinition/MedComCareCommunicationMessageDefinition|5.0"/>
</MessageHeader>