<?xml version="1.0" encoding="UTF-8"?>

<MessageHeader xmlns="http://hl7.org/fhir">
  <id value="53f20992-c926-466a-b5f5-ac6f80fc88d6"/>
  <meta>
    <profile value="http://medcomfhir.dk/ig/carecommunication/StructureDefinition/medcom-careCommunication-messageHeader"/>
  </meta>
  <text>
    <status value="generated"/><div xmlns="http://www.w3.org/1999/xhtml"><p class="res-header-id"><b>Generated Narrative: MessageHeader 53f20992-c926-466a-b5f5-ac6f80fc88d6</b></p><a name="53f20992-c926-466a-b5f5-ac6f80fc88d6"> </a><a name="hc53f20992-c926-466a-b5f5-ac6f80fc88d6"> </a><div style="display: inline-block; background-color: #d9e0e7; padding: 6px; margin: 4px; border: 1px solid #8da1b4; border-radius: 5px; line-height: 60%"><p style="margin-bottom: 0px"/><p style="margin-bottom: 0px">Profile: <a href="http://medcomfhir.dk/ig/carecommunication/5.0.0/StructureDefinition-medcom-careCommunication-messageHeader.html">MedComCareCommunicationMessageHeader</a></p></div><p><b>event</b>: <a href="http://medcomfhir.dk/ig/terminology/1.8.1/CodeSystem-medcom-messaging-eventCodes.html#medcom-messaging-eventCodes-care-communication-message">MedComMessagingEventCodes care-communication-message</a>: Care Communication Message</p><h3>Destinations</h3><table class="grid"><tr><td style="display: none">-</td><td><b>Extension</b></td><td><b>Endpoint</b></td><td><b>Receiver</b></td></tr><tr><td style="display: none">*</td><td/><td><a href="https://sor2.sum.dsdn.dk/#id=330461000016004">https://sor2.sum.dsdn.dk/#id=330461000016004</a></td><td><a href="Organization-efb6250c-1ba5-4856-b7e7-d9e830d58c09.html">Organization Sundhedsplejen, Aabenraa kommune</a></td></tr></table><p><b>sender</b>: <a href="Organization-89a4dee7-145b-4d09-abaf-24529cb12f15.html">Organization Sygehusadviser, Hillerød</a></p><h3>Sources</h3><table class="grid"><tr><td style="display: none">-</td><td><b>Endpoint</b></td></tr><tr><td style="display: none">*</td><td><a href="https://sor2.sum.dsdn.dk/#id=1053231000016001">https://sor2.sum.dsdn.dk/#id=1053231000016001</a></td></tr></table><p><b>focus</b>: <a href="Communication-435427fb-84c4-496e-ba55-4234091e83cc.html">Communication: identifier = urn:uuid:ea0e95d0-f72c-4e7f-9250-a2037be75545; status = unknown; category = Træning</a></p><p><b>definition</b>: <a href="http://medcomfhir.dk/ig/messagedefinitions/1.0.0/MessageDefinition-MedComCareCommunicationMessageDefinitionV5.0.html">http://medcomfhir.dk/ig/messagedefinitions/MessageDefinition/MedComCareCommunicationMessageDefinition|5.0</a></p></div>
  </text>
  <eventCoding>
    <system value="http://medcomfhir.dk/ig/terminology/CodeSystem/medcom-messaging-eventCodes"/>
    <code value="care-communication-message"/>
  </eventCoding>
  <destination>
    <extension url="http://medcomfhir.dk/ig/messaging/StructureDefinition/medcom-messaging-destinationUseExtension">
      <valueCoding>
        <system value="http://medcomfhir.dk/ig/terminology/CodeSystem/medcom-messaging-destinationUse"/>
        <code value="primary"/>
      </valueCoding>
    </extension>
    <endpoint value="https://sor2.sum.dsdn.dk/#id=330461000016004"/>
    <receiver>
      <reference value="Organization/efb6250c-1ba5-4856-b7e7-d9e830d58c09"/>
    </receiver>
  </destination>
  <sender>
    <reference value="Organization/89a4dee7-145b-4d09-abaf-24529cb12f15"/>
  </sender>
  <source>
    <endpoint value="https://sor2.sum.dsdn.dk/#id=1053231000016001"/>
  </source>
  <focus>
    <reference value="Communication/435427fb-84c4-496e-ba55-4234091e83cc"/>
  </focus>
  <definition value="http://medcomfhir.dk/ig/messagedefinitions/MessageDefinition/MedComCareCommunicationMessageDefinition|5.0"/>
</MessageHeader>