<?xml version="1.0" encoding="UTF-8"?>

<Organization xmlns="http://hl7.org/fhir">
  <id value="6e7761cb-2dc9-48c7-8fd4-b49d46dd9c05"/>
  <meta>
    <profile value="http://medcomfhir.dk/ig/messaging/StructureDefinition/medcom-messaging-organization"/>
  </meta>
  <text>
    <status value="generated"/><div xmlns="http://www.w3.org/1999/xhtml"><p class="res-header-id"><b>Generated Narrative: Organization 6e7761cb-2dc9-48c7-8fd4-b49d46dd9c05</b></p><a name="6e7761cb-2dc9-48c7-8fd4-b49d46dd9c05"> </a><a name="hc6e7761cb-2dc9-48c7-8fd4-b49d46dd9c05"> </a><div style="display: inline-block; background-color: #d9e0e7; padding: 6px; margin: 4px; border: 1px solid #8da1b4; border-radius: 5px; line-height: 60%"><p style="margin-bottom: 0px"/><p style="margin-bottom: 0px">Profile: <a href="http://medcomfhir.dk/ig/messaging/4.0.0/StructureDefinition-medcom-messaging-organization.html">MedComMessagingOrganization</a></p></div><p><b>identifier</b>: <code>https://www.gs1.org/gln</code>/5790001353308, <code>urn:oid:1.2.208.176.1.1</code>/330461000016004</p><p><b>name</b>: Sundhedsplejen, Aabenraa kommune</p></div>
  </text>
  <identifier>
    <system value="https://www.gs1.org/gln"/>
    <value value="5790001353308"/>
  </identifier>
  <identifier>
    <system value="urn:oid:1.2.208.176.1.1"/>
    <value value="330461000016004"/>
  </identifier>
  <name value="Sundhedsplejen, Aabenraa kommune"/>
</Organization>