<?xml version="1.0" encoding="UTF-8"?>

<Organization xmlns="http://hl7.org/fhir">
  <id value="cb801931-b871-418d-bdc5-912893096dea"/>
  <meta>
    <profile value="http://medcomfhir.dk/ig/messaging/StructureDefinition/medcom-messaging-organization|4.0.1"/>
  </meta>
  <text>
    <status value="generated"/><div xmlns="http://www.w3.org/1999/xhtml"><p class="res-header-id"><b>Generated Narrative: Organization cb801931-b871-418d-bdc5-912893096dea</b></p><a name="cb801931-b871-418d-bdc5-912893096dea"> </a><a name="hccb801931-b871-418d-bdc5-912893096dea"> </a><div style="display: inline-block; background-color: #d9e0e7; padding: 6px; margin: 4px; border: 1px solid #8da1b4; border-radius: 5px; line-height: 60%"><p style="margin-bottom: 0px"/><p style="margin-bottom: 0px">Profile: <a href="http://medcomfhir.dk/ig/messaging/4.0.1/StructureDefinition-medcom-messaging-organization.html">MedComMessagingOrganizationversion: null4.0.1)</a></p></div><p><b>identifier</b>: <code>https://www.gs1.org/gln</code>/5790000121526, <code>urn:oid:1.2.208.176.1.1</code>/325251000016005</p><p><b>name</b>: MedCom XDIS91</p></div>
  </text>
  <identifier>
    <system value="https://www.gs1.org/gln"/>
    <value value="5790000121526"/>
  </identifier>
  <identifier>
    <system value="urn:oid:1.2.208.176.1.1"/>
    <value value="325251000016005"/>
  </identifier>
  <name value="MedCom XDIS91"/>
</Organization>