<?xml version="1.0" encoding="UTF-8"?>

<Organization xmlns="http://hl7.org/fhir">
  <id value="454aafa3-8ecb-4c0b-9696-eee6cce6c498"/>
  <meta>
    <profile value="http://medcomfhir.dk/ig/messaging/StructureDefinition/medcom-messaging-organization|4.0.1"/>
  </meta>
  <text>
    <status value="generated"/><div xmlns="http://www.w3.org/1999/xhtml"><p class="res-header-id"><b>Generated Narrative: Organization 454aafa3-8ecb-4c0b-9696-eee6cce6c498</b></p><a name="454aafa3-8ecb-4c0b-9696-eee6cce6c498"> </a><a name="hc454aafa3-8ecb-4c0b-9696-eee6cce6c498"> </a><div style="display: inline-block; background-color: #d9e0e7; padding: 6px; margin: 4px; border: 1px solid #8da1b4; border-radius: 5px; line-height: 60%"><p style="margin-bottom: 0px"/><p style="margin-bottom: 0px">Profile: <a href="http://medcomfhir.dk/ig/messaging/4.0.1/StructureDefinition-medcom-messaging-organization.html">MedComMessagingOrganizationversion: null4.0.1)</a></p></div><p><b>identifier</b>: <code>https://www.gs1.org/gln</code>/5790000121786, <code>urn:oid:1.2.208.176.1.1</code>/328081000016004</p><p><b>name</b>: Hjemmesygeplejen, Aalborg kommune</p></div>
  </text>
  <identifier>
    <system value="https://www.gs1.org/gln"/>
    <value value="5790000121786"/>
  </identifier>
  <identifier>
    <system value="urn:oid:1.2.208.176.1.1"/>
    <value value="328081000016004"/>
  </identifier>
  <name value="Hjemmesygeplejen, Aalborg kommune"/>
</Organization>