<?xml version="1.0" encoding="UTF-8"?>

<Patient xmlns="http://hl7.org/fhir">
  <id value="aa6fad12-1876-4c7d-a955-06b78f85eb52"/>
  <meta>
    <profile value="http://medcomfhir.dk/ig/core/StructureDefinition/medcom-core-patient|3.0.1"/>
  </meta>
  <text>
    <status value="generated"/><div xmlns="http://www.w3.org/1999/xhtml"><p class="res-header-id"><b>Generated Narrative: Patient aa6fad12-1876-4c7d-a955-06b78f85eb52</b></p><a name="aa6fad12-1876-4c7d-a955-06b78f85eb52"> </a><a name="hcaa6fad12-1876-4c7d-a955-06b78f85eb52"> </a><div style="display: inline-block; background-color: #d9e0e7; padding: 6px; margin: 4px; border: 1px solid #8da1b4; border-radius: 5px; line-height: 60%"><p style="margin-bottom: 0px"/><p style="margin-bottom: 0px">Profile: <a href="http://medcomfhir.dk/ig/core/3.0.1/StructureDefinition-medcom-core-patient.html">MedComCorePatientversion: null3.0.1)</a></p></div><p style="border: 1px #661aff solid; background-color: #e6e6ff; padding: 10px;">Bruno Test Elmer (official) (no stated gender), DoB Unknown ( urn:oid:1.2.208.176.1.2#2509479989)</p><hr/><table class="grid"><tr><td style="background-color: #f3f5da" title="Ways to contact the Patient">Contact Detail</td><td colspan="3"><ul><li>ph: 47899878(Mobile)</li><li>Testpark Allé 48 Hillerød 3400 </li></ul></td></tr></table></div>
  </text>
  <identifier>
    <system value="urn:oid:1.2.208.176.1.2"/>
    <value value="2509479989"/>
  </identifier>
  <name>
    <use value="official"/>
    <family value="Elmer"/>
    <given value="Bruno"/>
    <given value="Test"/>
  </name>
  <telecom>
    <system value="phone"/>
    <value value="47899878"/>
    <use value="mobile"/>
  </telecom>
  <address>
    <line value="Testpark Allé 48"/>
    <city value="Hillerød"/>
    <postalCode value="3400"/>
  </address>
</Patient>