<?xml version="1.0" encoding="UTF-8"?>

<Practitioner xmlns="http://hl7.org/fhir">
  <id value="4b350c2d-1114-4cc5-a9ba-58bf3692d515"/>
  <meta>
    <profile value="http://medcomfhir.dk/ig/core/StructureDefinition/medcom-core-practitioner"/>
  </meta>
  <text>
    <status value="generated"/><div xmlns="http://www.w3.org/1999/xhtml"><p class="res-header-id"><b>Generated Narrative: Practitioner 4b350c2d-1114-4cc5-a9ba-58bf3692d515</b></p><a name="4b350c2d-1114-4cc5-a9ba-58bf3692d515"> </a><a name="hc4b350c2d-1114-4cc5-a9ba-58bf3692d515"> </a><div style="display: inline-block; background-color: #d9e0e7; padding: 6px; margin: 4px; border: 1px solid #8da1b4; border-radius: 5px; line-height: 60%"><p style="margin-bottom: 0px"/><p style="margin-bottom: 0px">Profile: <a href="http://medcomfhir.dk/ig/core/3.0.0/StructureDefinition-medcom-core-practitioner.html">MedComCorePractitioner</a></p></div><p><b>name</b>: Birgit Berggren </p></div>
  </text>
  <name>
    <family value="Berggren"/>
    <given value="Birgit"/>
  </name>
</Practitioner>