<?xml version="1.0" encoding="UTF-8"?>

<PractitionerRole xmlns="http://hl7.org/fhir">
  <id value="a81ae208-3de0-4fb8-b802-841be9b05325"/>
  <meta>
    <profile value="http://medcomfhir.dk/ig/core/StructureDefinition/medcom-core-practitionerrole|3.0.1"/>
  </meta>
  <text>
    <status value="generated"/><div xmlns="http://www.w3.org/1999/xhtml"><p class="res-header-id"><b>Generated Narrative: PractitionerRole a81ae208-3de0-4fb8-b802-841be9b05325</b></p><a name="a81ae208-3de0-4fb8-b802-841be9b05325"> </a><a name="hca81ae208-3de0-4fb8-b802-841be9b05325"> </a><div style="display: inline-block; background-color: #d9e0e7; padding: 6px; margin: 4px; border: 1px solid #8da1b4; border-radius: 5px; line-height: 60%"><p style="margin-bottom: 0px"/><p style="margin-bottom: 0px">Profile: <a href="http://medcomfhir.dk/ig/core/3.0.1/StructureDefinition-medcom-core-practitionerrole.html">MedComCorePractitionerRoleversion: null3.0.1)</a></p></div><p><b>practitioner</b>: <a href="Practitioner-f84733d0-3868-498c-a86d-11707958bf47.html">Practitioner Kim Jensen </a></p><p><b>code</b>: <span title="Codes:{http://medcomfhir.dk/ig/terminology/CodeSystem/medcom-core-PractitionerRolesSKSadministrativ overlaege}">Overlæge</span></p></div>
  </text>
  <practitioner>
    <reference value="Practitioner/f84733d0-3868-498c-a86d-11707958bf47"/>
  </practitioner>
  <code>
    <coding>
      <system value="http://medcomfhir.dk/ig/terminology/CodeSystem/medcom-core-PractitionerRolesSKSadministrativ"/>
      <code value="overlaege"/>
    </coding>
  </code>
</PractitionerRole>