<?xml version="1.0" encoding="UTF-8"?>

<Practitioner xmlns="http://hl7.org/fhir">
  <id value="663501c4-0e82-4883-8b08-6fb6a20719ea"/>
  <meta>
    <profile value="http://medcomfhir.dk/ig/core/StructureDefinition/medcom-core-practitioner"/>
  </meta>
  <text>
    <status value="generated"/><div xmlns="http://www.w3.org/1999/xhtml"><p class="res-header-id"><b>Generated Narrative: Practitioner 663501c4-0e82-4883-8b08-6fb6a20719ea</b></p><a name="663501c4-0e82-4883-8b08-6fb6a20719ea"> </a><a name="hc663501c4-0e82-4883-8b08-6fb6a20719ea"> </a><div style="display: inline-block; background-color: #d9e0e7; padding: 6px; margin: 4px; border: 1px solid #8da1b4; border-radius: 5px; line-height: 60%"><p style="margin-bottom: 0px"/><p style="margin-bottom: 0px">Profile: <a href="http://medcomfhir.dk/ig/core/3.0.0/StructureDefinition-medcom-core-practitioner.html">MedComCorePractitioner</a></p></div><p><b>name</b>: Michael Magnus Burns </p></div>
  </text>
  <name>
    <family value="Burns"/>
    <given value="Michael"/>
    <given value="Magnus"/>
  </name>
</Practitioner>