<?xml version="1.0" encoding="UTF-8"?>

<PractitionerRole xmlns="http://hl7.org/fhir">
  <id value="da0ffcef-7cdd-43be-a462-47caa7abc8a8"/>
  <meta>
    <profile value="http://medcomfhir.dk/ig/core/StructureDefinition/medcom-core-practitionerrole"/>
  </meta>
  <text>
    <status value="generated"/><div xmlns="http://www.w3.org/1999/xhtml"><p class="res-header-id"><b>Generated Narrative: PractitionerRole da0ffcef-7cdd-43be-a462-47caa7abc8a8</b></p><a name="da0ffcef-7cdd-43be-a462-47caa7abc8a8"> </a><a name="hcda0ffcef-7cdd-43be-a462-47caa7abc8a8"> </a><div style="display: inline-block; background-color: #d9e0e7; padding: 6px; margin: 4px; border: 1px solid #8da1b4; border-radius: 5px; line-height: 60%"><p style="margin-bottom: 0px"/><p style="margin-bottom: 0px">Profile: <a href="http://medcomfhir.dk/ig/core/3.0.0/StructureDefinition-medcom-core-practitionerrole.html">MedComCorePractitionerRole</a></p></div><p><b>practitioner</b>: <a href="Practitioner-d0d09ee7-ac4c-4beb-839c-85763d50c7a4.html">Practitioner Michael Burns </a></p><p><b>code</b>: <span title="Codes:{http://medcomfhir.dk/ig/terminology/CodeSystem/medcom-core-PractitionerRolesSKSadministrativ sygeplejerske}">Sygeplejerske</span></p></div>
  </text>
  <practitioner>
    <reference value="Practitioner/d0d09ee7-ac4c-4beb-839c-85763d50c7a4"/>
  </practitioner>
  <code>
    <coding>
      <system value="http://medcomfhir.dk/ig/terminology/CodeSystem/medcom-core-PractitionerRolesSKSadministrativ"/>
      <code value="sygeplejerske"/>
    </coding>
  </code>
</PractitionerRole>