<?xml version="1.0" encoding="UTF-8"?>

<Practitioner xmlns="http://hl7.org/fhir">
  <id value="7ffff970-5504-11ed-bdc3-0242ac120002"/>
  <meta>
    <profile value="http://medcomfhir.dk/ig/core/StructureDefinition/medcom-core-practitioner|3.0.1"/>
  </meta>
  <text>
    <status value="generated"/><div xmlns="http://www.w3.org/1999/xhtml"><p class="res-header-id"><b>Generated Narrative: Practitioner 7ffff970-5504-11ed-bdc3-0242ac120002</b></p><a name="7ffff970-5504-11ed-bdc3-0242ac120002"> </a><a name="hc7ffff970-5504-11ed-bdc3-0242ac120002"> </a><div style="display: inline-block; background-color: #d9e0e7; padding: 6px; margin: 4px; border: 1px solid #8da1b4; border-radius: 5px; line-height: 60%"><p style="margin-bottom: 0px"/><p style="margin-bottom: 0px">Profile: <a href="http://medcomfhir.dk/ig/core/3.0.1/StructureDefinition-medcom-core-practitioner.html">MedComCorePractitionerversion: null3.0.1)</a></p></div><p><b>name</b>: Emma Waters </p></div>
  </text>
  <name>
    <family value="Waters"/>
    <given value="Emma"/>
  </name>
</Practitioner>