<?xml version="1.0" encoding="UTF-8"?>

<PractitionerRole xmlns="http://hl7.org/fhir">
  <id value="2b9a1598-4147-472c-9f8a-712bb7479c57"/>
  <meta>
    <profile value="http://medcomfhir.dk/ig/core/StructureDefinition/medcom-core-practitionerrole"/>
  </meta>
  <text>
    <status value="generated"/><div xmlns="http://www.w3.org/1999/xhtml"><p class="res-header-id"><b>Generated Narrative: PractitionerRole 2b9a1598-4147-472c-9f8a-712bb7479c57</b></p><a name="2b9a1598-4147-472c-9f8a-712bb7479c57"> </a><a name="hc2b9a1598-4147-472c-9f8a-712bb7479c57"> </a><div style="display: inline-block; background-color: #d9e0e7; padding: 6px; margin: 4px; border: 1px solid #8da1b4; border-radius: 5px; line-height: 60%"><p style="margin-bottom: 0px"/><p style="margin-bottom: 0px">Profile: <a href="http://medcomfhir.dk/ig/core/3.0.0/StructureDefinition-medcom-core-practitionerrole.html">MedComCorePractitionerRole</a></p></div><p><b>practitioner</b>: <a href="Practitioner-b19a6a37-ec37-4dbb-95ca-1e0c92378c7e.html">Practitioner Michael Burns </a></p><p><b>code</b>: <span title="Codes:{http://medcomfhir.dk/ig/terminology/CodeSystem/medcom-core-PractitionerRolesSKSadministrativ socialogsundhedsmedhjaelper}">Social- og sundhedsmedhjælper</span></p></div>
  </text>
  <practitioner>
    <reference value="Practitioner/b19a6a37-ec37-4dbb-95ca-1e0c92378c7e"/>
  </practitioner>
  <code>
    <coding>
      <system value="http://medcomfhir.dk/ig/terminology/CodeSystem/medcom-core-PractitionerRolesSKSadministrativ"/>
      <code value="socialogsundhedsmedhjaelper"/>
    </coding>
  </code>
</PractitionerRole>