<?xml version="1.0" encoding="UTF-8"?>

<PractitionerRole xmlns="http://hl7.org/fhir">
  <id value="1840f077-7ca1-4141-a46b-1bce43065c76"/>
  <meta>
    <profile value="http://medcomfhir.dk/ig/core/StructureDefinition/medcom-core-practitionerrole"/>
  </meta>
  <text>
    <status value="generated"/><div xmlns="http://www.w3.org/1999/xhtml"><p class="res-header-id"><b>Generated Narrative: PractitionerRole 1840f077-7ca1-4141-a46b-1bce43065c76</b></p><a name="1840f077-7ca1-4141-a46b-1bce43065c76"> </a><a name="hc1840f077-7ca1-4141-a46b-1bce43065c76"> </a><div style="display: inline-block; background-color: #d9e0e7; padding: 6px; margin: 4px; border: 1px solid #8da1b4; border-radius: 5px; line-height: 60%"><p style="margin-bottom: 0px"/><p style="margin-bottom: 0px">Profile: <a href="http://medcomfhir.dk/ig/core/3.0.0/StructureDefinition-medcom-core-practitionerrole.html">MedComCorePractitionerRole</a></p></div><p><b>practitioner</b>: <a href="Practitioner-9ec69637-d91e-491d-a5b2-ec1661b98bc5.html">Practitioner Kim Jensen </a></p><p><b>code</b>: <span title="Codes:{http://medcomfhir.dk/ig/terminology/CodeSystem/medcom-core-PractitionerRolesSKSadministrativ sygeplejerske}">Sygeplejerske</span></p></div>
  </text>
  <practitioner>
    <reference value="Practitioner/9ec69637-d91e-491d-a5b2-ec1661b98bc5"/>
  </practitioner>
  <code>
    <coding>
      <system value="http://medcomfhir.dk/ig/terminology/CodeSystem/medcom-core-PractitionerRolesSKSadministrativ"/>
      <code value="sygeplejerske"/>
    </coding>
  </code>
</PractitionerRole>