<?xml version="1.0" encoding="UTF-8"?>

<PractitionerRole xmlns="http://hl7.org/fhir">
  <id value="fd823675-9a45-4cf6-9348-5b9806e8385f"/>
  <meta>
    <profile value="http://medcomfhir.dk/ig/core/StructureDefinition/medcom-core-practitionerrole|3.0.1"/>
  </meta>
  <text>
    <status value="generated"/><div xmlns="http://www.w3.org/1999/xhtml"><p class="res-header-id"><b>Generated Narrative: PractitionerRole fd823675-9a45-4cf6-9348-5b9806e8385f</b></p><a name="fd823675-9a45-4cf6-9348-5b9806e8385f"> </a><a name="hcfd823675-9a45-4cf6-9348-5b9806e8385f"> </a><div style="display: inline-block; background-color: #d9e0e7; padding: 6px; margin: 4px; border: 1px solid #8da1b4; border-radius: 5px; line-height: 60%"><p style="margin-bottom: 0px"/><p style="margin-bottom: 0px">Profile: <a href="http://medcomfhir.dk/ig/core/3.0.1/StructureDefinition-medcom-core-practitionerrole.html">MedComCorePractitionerRoleversion: null3.0.1)</a></p></div><p><b>practitioner</b>: <a href="Practitioner-4d528261-ef8c-4f83-ab61-deb5b5e6823e.html">Practitioner Michael Burns </a></p><p><b>organization</b>: <a href="Organization-5007be8f-49dd-48ae-9808-66270aef1865.html">Organization Arden Lægehus</a></p><p><b>code</b>: <span title="Codes:{http://medcomfhir.dk/ig/terminology/CodeSystem/medcom-core-PractitionerRolesSKSadministrativ sygeplejerske}">Sygeplejerske</span></p></div>
  </text>
  <practitioner>
    <reference value="Practitioner/4d528261-ef8c-4f83-ab61-deb5b5e6823e"/>
  </practitioner>
  <organization>
    <reference value="Organization/5007be8f-49dd-48ae-9808-66270aef1865"/>
  </organization>
  <code>
    <coding>
      <system value="http://medcomfhir.dk/ig/terminology/CodeSystem/medcom-core-PractitionerRolesSKSadministrativ"/>
      <code value="sygeplejerske"/>
    </coding>
  </code>
</PractitionerRole>