<?xml version="1.0" encoding="UTF-8"?>

<PractitionerRole xmlns="http://hl7.org/fhir">
  <id value="6666a833-8621-475a-9fc5-a34b1a043a03"/>
  <meta>
    <profile value="http://medcomfhir.dk/ig/core/StructureDefinition/medcom-core-practitionerrole|3.0.1"/>
  </meta>
  <text>
    <status value="generated"/><div xmlns="http://www.w3.org/1999/xhtml"><p class="res-header-id"><b>Generated Narrative: PractitionerRole 6666a833-8621-475a-9fc5-a34b1a043a03</b></p><a name="6666a833-8621-475a-9fc5-a34b1a043a03"> </a><a name="hc6666a833-8621-475a-9fc5-a34b1a043a03"> </a><div style="display: inline-block; background-color: #d9e0e7; padding: 6px; margin: 4px; border: 1px solid #8da1b4; border-radius: 5px; line-height: 60%"><p style="margin-bottom: 0px"/><p style="margin-bottom: 0px">Profile: <a href="http://medcomfhir.dk/ig/core/3.0.1/StructureDefinition-medcom-core-practitionerrole.html">MedComCorePractitionerRoleversion: null3.0.1)</a></p></div><p><b>practitioner</b>: <a href="Practitioner-06d61404-9502-4579-9475-4e3ddd071bc5.html">Practitioner Emma Waters </a></p><p><b>code</b>: <span title="Codes:{http://medcomfhir.dk/ig/terminology/CodeSystem/medcom-core-PractitionerRolesSKSadministrativ optiker}">Optiker</span></p></div>
  </text>
  <practitioner>
    <reference value="Practitioner/06d61404-9502-4579-9475-4e3ddd071bc5"/>
  </practitioner>
  <code>
    <coding>
      <system value="http://medcomfhir.dk/ig/terminology/CodeSystem/medcom-core-PractitionerRolesSKSadministrativ"/>
      <code value="optiker"/>
    </coding>
  </code>
</PractitionerRole>