<?xml version="1.0" encoding="UTF-8"?>

<PractitionerRole xmlns="http://hl7.org/fhir">
  <id value="bb760c55-95b0-4f74-9b16-794e7780d5f2"/>
  <meta>
    <profile value="http://medcomfhir.dk/ig/core/StructureDefinition/medcom-core-practitionerrole|3.0.1"/>
  </meta>
  <text>
    <status value="generated"/><div xmlns="http://www.w3.org/1999/xhtml"><p class="res-header-id"><b>Generated Narrative: PractitionerRole bb760c55-95b0-4f74-9b16-794e7780d5f2</b></p><a name="bb760c55-95b0-4f74-9b16-794e7780d5f2"> </a><a name="hcbb760c55-95b0-4f74-9b16-794e7780d5f2"> </a><div style="display: inline-block; background-color: #d9e0e7; padding: 6px; margin: 4px; border: 1px solid #8da1b4; border-radius: 5px; line-height: 60%"><p style="margin-bottom: 0px"/><p style="margin-bottom: 0px">Profile: <a href="http://medcomfhir.dk/ig/core/3.0.1/StructureDefinition-medcom-core-practitionerrole.html">MedComCorePractitionerRoleversion: null3.0.1)</a></p></div><p><b>practitioner</b>: <a href="Practitioner-1d301fb6-9d72-4f72-9182-1f60656df133.html">Practitioner Henrik Elderly </a></p><p><b>code</b>: <span title="Codes:{http://medcomfhir.dk/ig/terminology/CodeSystem/medcom-core-PractitionerRolesSKSadministrativ sygehuslaege}">Sygehuslæge</span></p></div>
  </text>
  <practitioner>
    <reference value="Practitioner/1d301fb6-9d72-4f72-9182-1f60656df133"/>
  </practitioner>
  <code>
    <coding>
      <system value="http://medcomfhir.dk/ig/terminology/CodeSystem/medcom-core-PractitionerRolesSKSadministrativ"/>
      <code value="sygehuslaege"/>
    </coding>
  </code>
</PractitionerRole>