<?xml version="1.0" encoding="UTF-8"?>

<Practitioner xmlns="http://hl7.org/fhir">
  <id value="e169f935-8fe2-4821-8fbf-b0324a8975e3"/>
  <meta>
    <profile value="http://medcomfhir.dk/ig/core/StructureDefinition/medcom-core-practitioner|3.0.1"/>
  </meta>
  <text>
    <status value="generated"/><div xmlns="http://www.w3.org/1999/xhtml"><p class="res-header-id"><b>Generated Narrative: Practitioner e169f935-8fe2-4821-8fbf-b0324a8975e3</b></p><a name="e169f935-8fe2-4821-8fbf-b0324a8975e3"> </a><a name="hce169f935-8fe2-4821-8fbf-b0324a8975e3"> </a><div style="display: inline-block; background-color: #d9e0e7; padding: 6px; margin: 4px; border: 1px solid #8da1b4; border-radius: 5px; line-height: 60%"><p style="margin-bottom: 0px"/><p style="margin-bottom: 0px">Profile: <a href="http://medcomfhir.dk/ig/core/3.0.1/StructureDefinition-medcom-core-practitioner.html">MedComCorePractitionerversion: null3.0.1)</a></p></div><p><b>name</b>: Michael Burns </p></div>
  </text>
  <name>
    <family value="Burns"/>
    <given value="Michael"/>
  </name>
</Practitioner>