<?xml version="1.0" encoding="UTF-8"?>

<Provenance xmlns="http://hl7.org/fhir">
  <id value="efb3d609-f267-44dd-b488-2b2128aa2e2c"/>
  <meta>
    <profile value="http://medcomfhir.dk/ig/carecommunication/StructureDefinition/medcom-careCommunication-provenance"/>
  </meta>
  <text>
    <status value="generated"/><div xmlns="http://www.w3.org/1999/xhtml"><p class="res-header-id"><b>Generated Narrative: Provenance efb3d609-f267-44dd-b488-2b2128aa2e2c</b></p><a name="efb3d609-f267-44dd-b488-2b2128aa2e2c"> </a><a name="hcefb3d609-f267-44dd-b488-2b2128aa2e2c"> </a><div style="display: inline-block; background-color: #d9e0e7; padding: 6px; margin: 4px; border: 1px solid #8da1b4; border-radius: 5px; line-height: 60%"><p style="margin-bottom: 0px"/><p style="margin-bottom: 0px">Profile: <a href="http://medcomfhir.dk/ig/carecommunication/5.0.1/StructureDefinition-medcom-careCommunication-provenance.html">MedComCareCommunicationProvenance</a></p></div><p>Provenance for <a href="MessageHeader-4e60a233-2980-4d0f-9d7b-e38853be77ab.html">MessageHeader: event[x] = Care Communication Message (MedComMessagingEventCodes#care-communication-message); definition = http://medcomfhir.dk/ig/messagedefinitions/MessageDefinition/MedComCareCommunicationMessageDefinition|5.0</a></p><p>Summary</p><table class="grid"><tr><td>Occurrence</td><td>2024-08-17 14:00:00+0000</td></tr><tr><td>Recorded</td><td>2024-08-17 14:00:00+0000</td></tr><tr><td>Activity</td><td><span title="Codes:{http://medcomfhir.dk/ig/terminology/CodeSystem/medcom-messaging-activityCodes new-message}">A new message has been sent</span></td></tr></table><p><b>Agents</b></p><table class="grid"><tr><td><b>who</b></td></tr><tr><td><a href="Organization-9a74ae38-1f8f-43de-ac8d-01647bb4c5b4.html">Organization Klinik for Ældresygdomme, AUH, Skejby</a></td></tr></table></div>
  </text>
  <target>
    <reference value="MessageHeader/4e60a233-2980-4d0f-9d7b-e38853be77ab"/>
  </target>
  <occurredDateTime value="2024-08-17T14:00:00Z"/>
  <recorded value="2024-08-17T14:00:00Z"/>
  <activity>
    <coding>
      <system value="http://medcomfhir.dk/ig/terminology/CodeSystem/medcom-messaging-activityCodes"/>
      <code value="new-message"/>
    </coding>
  </activity>
  <agent>
    <who>
      <reference value="Organization/9a74ae38-1f8f-43de-ac8d-01647bb4c5b4"/>
    </who>
  </agent>
  <entity>
    <role value="source"/>
    <what>
      <identifier>
        <value value="urn:uuid:21ee7617-5e47-406e-83bd-347ba6a7a872"/>
      </identifier>
    </what>
  </entity>
  <entity>
    <role value="source"/>
    <what>
      <identifier>
        <value value="urn:uuid:cd422e42-5bad-11ed-9b6a-0242ac120002"/>
      </identifier>
    </what>
  </entity>
  <entity>
    <role value="source"/>
    <what>
      <identifier>
        <value value="urn:uuid:2ac9fe09-d11f-487f-b272-203e02def82c"/>
      </identifier>
    </what>
  </entity>
  <entity>
    <role value="source"/>
    <what>
      <identifier>
        <value value="urn:uuid:c515d35f-89c8-4c7d-b7fe-e6e9fd5e9f31"/>
      </identifier>
    </what>
  </entity>
  <entity>
    <role value="source"/>
    <what>
      <identifier>
        <value value="urn:uuid:a2203076-5b17-40ad-8374-a53eadb3bcfa"/>
      </identifier>
    </what>
  </entity>
  <entity>
    <role value="source"/>
    <what>
      <identifier>
        <value value="urn:uuid:cc9f6d87-ad74-4dc0-9c79-a3ec80707b00"/>
      </identifier>
    </what>
  </entity>
  <entity>
    <role value="source"/>
    <what>
      <identifier>
        <value value="urn:uuid:b3a937ac-82bc-4f96-9692-c72c2ae307ee"/>
      </identifier>
    </what>
  </entity>
  <entity>
    <role value="source"/>
    <what>
      <identifier>
        <value value="urn:uuid:fcdc0fe5-07b0-444f-a172-1fa44df2e93c"/>
      </identifier>
    </what>
  </entity>
</Provenance>