<?xml version="1.0" encoding="UTF-8"?>

<Provenance xmlns="http://hl7.org/fhir">
  <id value="9b044b9b-c617-4861-b5e4-96b46fd14b22"/>
  <meta>
    <profile value="http://medcomfhir.dk/ig/carecommunication/StructureDefinition/medcom-careCommunication-provenance"/>
  </meta>
  <text>
    <status value="generated"/><div xmlns="http://www.w3.org/1999/xhtml"><p class="res-header-id"><b>Generated Narrative: Provenance 9b044b9b-c617-4861-b5e4-96b46fd14b22</b></p><a name="9b044b9b-c617-4861-b5e4-96b46fd14b22"> </a><a name="hc9b044b9b-c617-4861-b5e4-96b46fd14b22"> </a><div style="display: inline-block; background-color: #d9e0e7; padding: 6px; margin: 4px; border: 1px solid #8da1b4; border-radius: 5px; line-height: 60%"><p style="margin-bottom: 0px"/><p style="margin-bottom: 0px">Profile: <a href="http://medcomfhir.dk/ig/carecommunication/5.0.0/StructureDefinition-medcom-careCommunication-provenance.html">MedComCareCommunicationProvenance</a></p></div><p>Provenance for <a href="MessageHeader-3480293d-1e3b-4132-ac19-ee3b9a0bd19b.html">MessageHeader: event[x] = Care Communication Message (MedComMessagingEventCodes#care-communication-message); definition = http://medcomfhir.dk/ig/messagedefinitions/MessageDefinition/MedComCareCommunicationMessageDefinition|5.0</a></p><p>Summary</p><table class="grid"><tr><td>Occurrence</td><td>2024-09-12 16:00:00+0200</td></tr><tr><td>Recorded</td><td>2024-09-12 16:00:00+0200</td></tr><tr><td>Activity</td><td><span title="Codes:{http://medcomfhir.dk/ig/terminology/CodeSystem/medcom-messaging-activityCodes new-message}">A new message has been sent</span></td></tr></table><p><b>Agents</b></p><table class="grid"><tr><td><b>who</b></td></tr><tr><td><a href="Organization-c9de18c4-0991-47fe-88ab-d55b0bd09374.html">Organization Sundhedsplejen, Aabenraa kommune</a></td></tr></table></div>
  </text>
  <target>
    <reference value="MessageHeader/3480293d-1e3b-4132-ac19-ee3b9a0bd19b"/>
  </target>
  <occurredDateTime value="2024-09-12T16:00:00+02:00"/>
  <recorded value="2024-09-12T16:00:00+02:00"/>
  <activity>
    <coding>
      <system value="http://medcomfhir.dk/ig/terminology/CodeSystem/medcom-messaging-activityCodes"/>
      <code value="new-message"/>
    </coding>
  </activity>
  <agent>
    <who>
      <reference value="Organization/c9de18c4-0991-47fe-88ab-d55b0bd09374"/>
    </who>
  </agent>
  <entity>
    <role value="source"/>
    <what>
      <identifier>
        <value value="urn:uuid:d63ddff2-594f-403b-8518-2c255e3f3d4c"/>
      </identifier>
    </what>
  </entity>
  <entity>
    <role value="source"/>
    <what>
      <identifier>
        <value value="urn:uuid:ee9b9b6b-0956-4ea1-9745-b29f23b93eaa"/>
      </identifier>
    </what>
  </entity>
</Provenance>