<?xml version="1.0" encoding="UTF-8"?>

<Provenance xmlns="http://hl7.org/fhir">
  <id value="f30ecf6a-7128-4020-b0d8-e1afa4d30655"/>
  <meta>
    <profile value="http://medcomfhir.dk/ig/carecommunication/StructureDefinition/medcom-careCommunication-provenance"/>
  </meta>
  <text>
    <status value="generated"/><div xmlns="http://www.w3.org/1999/xhtml"><p class="res-header-id"><b>Generated Narrative: Provenance f30ecf6a-7128-4020-b0d8-e1afa4d30655</b></p><a name="f30ecf6a-7128-4020-b0d8-e1afa4d30655"> </a><a name="hcf30ecf6a-7128-4020-b0d8-e1afa4d30655"> </a><div style="display: inline-block; background-color: #d9e0e7; padding: 6px; margin: 4px; border: 1px solid #8da1b4; border-radius: 5px; line-height: 60%"><p style="margin-bottom: 0px"/><p style="margin-bottom: 0px">Profile: <a href="http://medcomfhir.dk/ig/carecommunication/5.0.1/StructureDefinition-medcom-careCommunication-provenance.html">MedComCareCommunicationProvenance</a></p></div><p>Provenance for <a href="MessageHeader-53f20992-c926-466a-b5f5-ac6f80fc88d6.html">MessageHeader: event[x] = Care Communication Message (MedComMessagingEventCodes#care-communication-message); definition = http://medcomfhir.dk/ig/messagedefinitions/MessageDefinition/MedComCareCommunicationMessageDefinition|5.0</a></p><p>Summary</p><table class="grid"><tr><td>Occurrence</td><td>2024-11-08 08:00:00+0100</td></tr><tr><td>Recorded</td><td>2024-11-08 08:00:00+0100</td></tr><tr><td>Activity</td><td><span title="Codes:{http://medcomfhir.dk/ig/terminology/CodeSystem/medcom-messaging-activityCodes new-message}">A new message has been sent</span></td></tr></table><p><b>Agents</b></p><table class="grid"><tr><td><b>who</b></td></tr><tr><td><a href="Organization-89a4dee7-145b-4d09-abaf-24529cb12f15.html">Organization Sygehusadviser, Hillerød</a></td></tr></table></div>
  </text>
  <target>
    <reference value="MessageHeader/53f20992-c926-466a-b5f5-ac6f80fc88d6"/>
  </target>
  <occurredDateTime value="2024-11-08T08:00:00+01:00"/>
  <recorded value="2024-11-08T08:00:00+01:00"/>
  <activity>
    <coding>
      <system value="http://medcomfhir.dk/ig/terminology/CodeSystem/medcom-messaging-activityCodes"/>
      <code value="new-message"/>
    </coding>
  </activity>
  <agent>
    <who>
      <reference value="Organization/89a4dee7-145b-4d09-abaf-24529cb12f15"/>
    </who>
  </agent>
  <entity>
    <role value="source"/>
    <what>
      <identifier>
        <value value="urn:uuid:8f4863a0-bb37-41f5-bcd9-944f3b04fe11"/>
      </identifier>
    </what>
  </entity>
</Provenance>