<?xml version="1.0" encoding="UTF-8"?>

<Provenance xmlns="http://hl7.org/fhir">
  <id value="d53ad029-99e5-44d5-b240-2ea01930701a"/>
  <meta>
    <profile value="http://medcomfhir.dk/ig/carecommunication/StructureDefinition/medcom-careCommunication-provenance"/>
  </meta>
  <text>
    <status value="generated"/><div xmlns="http://www.w3.org/1999/xhtml"><p class="res-header-id"><b>Generated Narrative: Provenance d53ad029-99e5-44d5-b240-2ea01930701a</b></p><a name="d53ad029-99e5-44d5-b240-2ea01930701a"> </a><a name="hcd53ad029-99e5-44d5-b240-2ea01930701a"> </a><div style="display: inline-block; background-color: #d9e0e7; padding: 6px; margin: 4px; border: 1px solid #8da1b4; border-radius: 5px; line-height: 60%"><p style="margin-bottom: 0px"/><p style="margin-bottom: 0px">Profile: <a href="http://medcomfhir.dk/ig/carecommunication/5.0.1/StructureDefinition-medcom-careCommunication-provenance.html">MedComCareCommunicationProvenance</a></p></div><p>Provenance for <a href="MessageHeader-7969a2b7-3ff4-4802-9246-8ed74102ed73.html">MessageHeader: event[x] = Care Communication Message (MedComMessagingEventCodes#care-communication-message); definition = http://medcomfhir.dk/ig/messagedefinitions/MessageDefinition/MedComCareCommunicationMessageDefinition|5.0</a></p><p>Summary</p><table class="grid"><tr><td>Occurrence</td><td>2024-09-16 08:30:00+0200</td></tr><tr><td>Recorded</td><td>2024-09-16 08:30:00+0200</td></tr><tr><td>Activity</td><td><span title="Codes:{http://medcomfhir.dk/ig/terminology/CodeSystem/medcom-messaging-activityCodes new-message}">A new message has been sent</span></td></tr></table><p><b>Agents</b></p><table class="grid"><tr><td><b>who</b></td></tr><tr><td><a href="Organization-454aafa3-8ecb-4c0b-9696-eee6cce6c498.html">Organization Hjemmesygeplejen, Aalborg kommune</a></td></tr></table></div>
  </text>
  <target>
    <reference value="MessageHeader/7969a2b7-3ff4-4802-9246-8ed74102ed73"/>
  </target>
  <occurredDateTime value="2024-09-16T08:30:00+02:00"/>
  <recorded value="2024-09-16T08:30:00+02:00"/>
  <activity>
    <coding>
      <system value="http://medcomfhir.dk/ig/terminology/CodeSystem/medcom-messaging-activityCodes"/>
      <code value="new-message"/>
    </coding>
  </activity>
  <agent>
    <who>
      <reference value="Organization/454aafa3-8ecb-4c0b-9696-eee6cce6c498"/>
    </who>
  </agent>
  <entity>
    <role value="source"/>
    <what>
      <identifier>
        <value value="urn:uuid:dc9665dd-b9c3-4349-af08-e9dd61d0e211"/>
      </identifier>
    </what>
  </entity>
</Provenance>