<?xml version="1.0" encoding="UTF-8"?>

<Provenance xmlns="http://hl7.org/fhir">
  <id value="86b93888-0a2d-4530-a1c2-263394932e11"/>
  <meta>
    <profile value="http://medcomfhir.dk/ig/carecommunication/StructureDefinition/medcom-careCommunication-provenance"/>
  </meta>
  <text>
    <status value="generated"/><div xmlns="http://www.w3.org/1999/xhtml"><p class="res-header-id"><b>Generated Narrative: Provenance 86b93888-0a2d-4530-a1c2-263394932e11</b></p><a name="86b93888-0a2d-4530-a1c2-263394932e11"> </a><a name="hc86b93888-0a2d-4530-a1c2-263394932e11"> </a><div style="display: inline-block; background-color: #d9e0e7; padding: 6px; margin: 4px; border: 1px solid #8da1b4; border-radius: 5px; line-height: 60%"><p style="margin-bottom: 0px"/><p style="margin-bottom: 0px">Profile: <a href="http://medcomfhir.dk/ig/carecommunication/5.0.0/StructureDefinition-medcom-careCommunication-provenance.html">MedComCareCommunicationProvenance</a></p></div><p>Provenance for <a href="MessageHeader-3dbffafe-ce3c-45b0-bca7-2c008c478e79.html">MessageHeader: event[x] = Care Communication Message (MedComMessagingEventCodes#care-communication-message); definition = http://medcomfhir.dk/ig/messagedefinitions/MessageDefinition/MedComCareCommunicationMessageDefinition|5.0</a></p><p>Summary</p><table class="grid"><tr><td>Occurrence</td><td>2024-09-14 14:25:00+0200</td></tr><tr><td>Recorded</td><td>2024-09-14 14:25:00+0200</td></tr><tr><td>Activity</td><td><span title="Codes:{http://medcomfhir.dk/ig/terminology/CodeSystem/medcom-messaging-activityCodes forward-message}">A message has been forwarded and potentially changed</span></td></tr></table><p><b>Agents</b></p><table class="grid"><tr><td><b>who</b></td></tr><tr><td><a href="Organization-6ea7c7cb-824b-4619-a13e-bc8828afd7e1.html">Organization 2100 Lægehuset Østerbro</a></td></tr></table></div>
  </text>
  <target>
    <reference value="MessageHeader/3dbffafe-ce3c-45b0-bca7-2c008c478e79"/>
  </target>
  <occurredDateTime value="2024-09-14T14:25:00+02:00"/>
  <recorded value="2024-09-14T14:25:00+02:00"/>
  <activity>
    <coding>
      <system value="http://medcomfhir.dk/ig/terminology/CodeSystem/medcom-messaging-activityCodes"/>
      <code value="forward-message"/>
    </coding>
  </activity>
  <agent>
    <who>
      <reference value="Organization/6ea7c7cb-824b-4619-a13e-bc8828afd7e1"/>
    </who>
  </agent>
  <entity>
    <role value="source"/>
    <what>
      <identifier>
        <value value="urn:uuid:cfc9886a-5f54-463b-9255-99bfaf778d8c"/>
      </identifier>
    </what>
  </entity>
  <entity>
    <role value="revision"/>
    <what>
      <reference value="MessageHeader/42fa2844-5020-45dd-bd5f-77137ba5ca1f"/>
    </what>
  </entity>
</Provenance>