<?xml version="1.0" encoding="UTF-8"?>

<Provenance xmlns="http://hl7.org/fhir">
  <id value="hfdjks887.8.89frkdshjf778"/>
  <meta>
    <profile value="http://medcomfhir.dk/ig/carecommunication/StructureDefinition/medcom-careCommunication-provenance"/>
  </meta>
  <text>
    <status value="generated"/><div xmlns="http://www.w3.org/1999/xhtml"><p class="res-header-id"><b>Generated Narrative: Provenance hfdjks887.8.89frkdshjf778</b></p><a name="hfdjks887.8.89frkdshjf778"> </a><a name="hchfdjks887.8.89frkdshjf778"> </a><div style="display: inline-block; background-color: #d9e0e7; padding: 6px; margin: 4px; border: 1px solid #8da1b4; border-radius: 5px; line-height: 60%"><p style="margin-bottom: 0px"/><p style="margin-bottom: 0px">Profile: <a href="http://medcomfhir.dk/ig/carecommunication/5.0.0/StructureDefinition-medcom-careCommunication-provenance.html">MedComCareCommunicationProvenance</a></p></div><p>Provenance for <a href="MessageHeader-ejklfdsio8klakfd.hjfkdshfjk-hfjkdshfj89432n7f.html">MessageHeader: event[x] = Care Communication Message (MedComMessagingEventCodes#care-communication-message); definition = http://medcomfhir.dk/ig/messagedefinitions/MessageDefinition/MedComCareCommunicationMessageDefinition|5.0</a></p><p>Summary</p><table class="grid"><tr><td>Occurrence</td><td>2024-11-02 08:00:00+0100</td></tr><tr><td>Recorded</td><td>2024-11-02 08:00:00+0100</td></tr><tr><td>Activity</td><td><span title="Codes:{http://medcomfhir.dk/ig/terminology/CodeSystem/medcom-messaging-activityCodes new-message}">A new message has been sent</span></td></tr></table><p><b>Agents</b></p><table class="grid"><tr><td><b>who</b></td></tr><tr><td><a href="Organization-dfhjkshertu6787bjbsjnmbdf-hfjdks7.html">Organization Klinik for Ældresygdomme, AUH, Skejby</a></td></tr></table></div>
  </text>
  <target>
    <reference value="MessageHeader/ejklfdsio8klakfd.hjfkdshfjk-hfjkdshfj89432n7f"/>
  </target>
  <occurredDateTime value="2024-11-02T08:00:00+01:00"/>
  <recorded value="2024-11-02T08:00:00+01:00"/>
  <activity>
    <coding>
      <system value="http://medcomfhir.dk/ig/terminology/CodeSystem/medcom-messaging-activityCodes"/>
      <code value="new-message"/>
    </coding>
  </activity>
  <agent>
    <who>
      <reference value="Organization/dfhjkshertu6787bjbsjnmbdf-hfjdks7"/>
    </who>
  </agent>
  <entity>
    <role value="source"/>
    <what>
      <identifier>
        <value value="urn:uuid:729e63f5-a691-441e-84fe-953594b801b2"/>
      </identifier>
    </what>
  </entity>
</Provenance>