{"resourceType":"TestScript","id":"carecommunication-send-new-priority","meta":{"profile":["http://touchstone.aegis.net/touchstone/fhir/testing/StructureDefinition/testscript"]},"url":"http://medcomfhir.dk/ig/carecommunicationtestscript/carecommunication-send-new-priority","version":"5.0.0","name":"CareCommunicationTestScript","title":"Send CareCommunication with category 'Regarding referral', included priority. ","status":"active","date":"2025-10-15","contact":[{"name":"MedCom","telecom":[{"system":"email","value":"mailto:fhir@medcom.dk"}]}],"description":"Send CareCommunication with category 'Regarding referral', included priority.","jurisdiction":[{"coding":[{"system":"urn:iso:std:iso:3166","code":"DK","display":"Denmark"}]}],"copyright":"MedCom 2023","origin":[{"index":1,"profile":{"system":"http://terminology.hl7.org/CodeSystem/testscript-profile-origin-types","code":"FHIR-Client"}}],"destination":[{"index":1,"profile":{"system":"http://terminology.hl7.org/CodeSystem/testscript-profile-destination-types","code":"FHIR-Server"}}],"fixture":[{"id":"create-new-message-01","autocreate":false,"autodelete":false,"resource":{"reference":"../Fixtures/CareCommunication-fixture.xml"}}],"profile":[{"id":"carecommunication","reference":"http://medcomfhir.dk/ig/carecommunication/StructureDefinition/medcom-careCommunication-message|5.0.0-trial-use"}],"variable":[{"name":"messageHeaderid-new-message-01","expression":"Bundle.entry[0].resource.id","sourceId":"create-new-message-01"},{"name":"searchParamIdentifier-new-message","expression":"Bundle.entry.resource.ofType(MessageHeader).id","sourceId":"create-new-message"}],"test":[{"id":"carecommunication-create-new-message-01","name":"Create a CareCommunication new-message Message 01","description":"Post CareCommunication to the server.","action":[{"operation":{"type":{"system":"http://terminology.hl7.org/CodeSystem/testscript-operation-codes","code":"create"},"resource":"Bundle","description":"Post a carecommunication","destination":1,"encodeRequestUrl":true,"origin":1,"sourceId":"create-new-message-01"}},{"assert":{"description":"Validates the bundle against http://medcomfhir.dk/ig/carecommunication/ImplementationGuide/dk.fhir.ig.dk-medcom-carecommunication|5.0.0-trial-use","direction":"request","validateProfileId":"carecommunication","warningOnly":false}},{"assert":{"description":"Confirm that the returned HTTP status is okay or created.","direction":"response","operator":"in","responseCode":"200,201","warningOnly":false}},{"assert":{"description":"Confirm that the client request payload contains a Bundle resource type.","direction":"request","resource":"Bundle","warningOnly":false}},{"assert":{"description":"Confirm that the request resource contains the expected eventCoding.code.","direction":"request","expression":"Bundle.entry.resource.ofType(MessageHeader).event.as(Coding).code = 'care-communication-message'","warningOnly":false}},{"assert":{"description":"Confirm that the request resource contains the expected activity code.","direction":"request","expression":"Bundle.entry.resource.ofType(Provenance).where(activity.coding.code = 'new-message').exists()","warningOnly":false}},{"assert":{"description":"Confirm that the target reference in Provenance equals MessageHeader.id","direction":"request","expression":"Bundle.entry.resource.ofType(Provenance).where(target.reference.contains(%resource.entry[0].resource.id)).exists()","warningOnly":false}},{"assert":{"description":"Confirm that the Communication.identifier is a UUID v4.","direction":"request","expression":"Bundle.entry.resource.ofType(Communication).identifier.value.matches('urn:uuid:[0-9a-f]{8}-[0-9a-f]{4}-[0-9a-f]{4}-[0-9a-f]{4}-[0-9a-f]{12}')","warningOnly":false}},{"assert":{"description":"Confirm that the category is 'regarding-referral'","direction":"request","expression":"Bundle.entry.resource.ofType(Communication).category.coding.code = 'regarding-referral'","warningOnly":false}},{"assert":{"description":"Confirm that priority exists","direction":"request","expression":"Bundle.entry.resource.ofType(Communication).priority.exists()","warningOnly":false}}]}]}