{
  "resourceType" : "CodeSystem",
  "id" : "46b17e1b-50fa-4857-98a8-40b7a3b2ccca-17",
  "url" : "http://hl7.org/fhir/comparison/CodeSystem/46b17e1b-50fa-4857-98a8-40b7a3b2ccca-17",
  "name" : "UnionMedComCorePractitionerRolesSKSadministrativAndMedComCorePractitionerRolesSKSadministrativ",
  "title" : "Union of MedComCorePractitionerRolesSKSadministrativ And MedComCorePractitionerRolesSKSadministrativ",
  "status" : "active",
  "date" : "2025-05-12T07:47:45+00:00",
  "jurisdiction" : [{
    "coding" : [{
      "system" : "urn:iso:std:iso:3166",
      "code" : "DK",
      "display" : "Denmark"
    }]
  }],
  "concept" : [{
    "code" : "speciallaege",
    "display" : "Speciallæge"
  },
  {
    "code" : "speciallaegeipraksis",
    "display" : "Speciallæge i praksis"
  },
  {
    "code" : "cheflaege",
    "display" : "Cheflæge"
  },
  {
    "code" : "overlaege",
    "display" : "Overlæge"
  },
  {
    "code" : "afdelingslaege",
    "display" : "Afdelingslæge"
  },
  {
    "code" : "sygehuslaege",
    "display" : "Sygehuslæge"
  },
  {
    "code" : "sygeplejerske",
    "display" : "Sygeplejerske"
  },
  {
    "code" : "sundhedsplejerske",
    "display" : "Sundhedsplejerske"
  },
  {
    "code" : "socialogsundhedsassistent",
    "display" : "Social- og sundhedsassistent"
  },
  {
    "code" : "socialogsundhedsmehjaelper",
    "display" : "Social- og sundhedsmedhjælper"
  },
  {
    "code" : "sygehjaelper",
    "display" : "Sygehjælper"
  },
  {
    "code" : "plejer",
    "display" : "Plejer"
  },
  {
    "code" : "plejehjemsassistent",
    "display" : "Plejehjemsassistent"
  },
  {
    "code" : "tandlaege",
    "display" : "Tandlæge"
  },
  {
    "code" : "klinisktandtekniker",
    "display" : "Klinisk tandtekniker"
  },
  {
    "code" : "tandplejer",
    "display" : "Tandplejer"
  },
  {
    "code" : "farmaceut",
    "display" : "Farmaceut"
  },
  {
    "code" : "apoteker",
    "display" : "Apoteker"
  },
  {
    "code" : "pyskolog",
    "display" : "Psykolog"
  },
  {
    "code" : "jordemoder",
    "display" : "Jordemoder"
  },
  {
    "code" : "fysioterapeut",
    "display" : "Fysioterapeut"
  },
  {
    "code" : "ergoterapeut",
    "display" : "Ergoterapeut"
  },
  {
    "code" : "bioanalytiker",
    "display" : "Bioanalytiker"
  },
  {
    "code" : "radiograf",
    "display" : "Radiograf"
  },
  {
    "code" : "diaetist",
    "display" : "Diætist"
  },
  {
    "code" : "diaetistassistent",
    "display" : "Diætistassistent"
  },
  {
    "code" : "audilogiassistent",
    "display" : "Audilogiassistent"
  },
  {
    "code" : "neurofysiologassistent",
    "display" : "Neurofysiologassistent"
  },
  {
    "code" : "kiropraktor",
    "display" : "Kiropraktor"
  },
  {
    "code" : "zoneterapeut",
    "display" : "Zoneterapeut"
  },
  {
    "code" : "psykoterapeut",
    "display" : "Psykoterapeut"
  },
  {
    "code" : "audiologopaed",
    "display" : "Audiologopæd"
  },
  {
    "code" : "laegesekretaer",
    "display" : "Lægesekretær"
  },
  {
    "code" : "ledendelaegesekretaer",
    "display" : "Ledende lægesekretær"
  },
  {
    "code" : "sygeplejesekretear",
    "display" : "Sygeplejesekretær"
  },
  {
    "code" : "fodterapeut",
    "display" : "Fodterapeut"
  },
  {
    "code" : "socialraadgiver",
    "display" : "Socialrådgiver"
  },
  {
    "code" : "ledendesocialraadgiver",
    "display" : "Ledende socialrådgiver"
  },
  {
    "code" : "laerer",
    "display" : "Lærer"
  },
  {
    "code" : "paedagog",
    "display" : "Pædagog"
  },
  {
    "code" : "beskaeftigelsesvejleder",
    "display" : "Beskæftigelsesvejleder"
  },
  {
    "code" : "bandagist",
    "display" : "Bandagist"
  },
  {
    "code" : "skomager",
    "display" : "Skomager"
  },
  {
    "code" : "optiker",
    "display" : "Optiker"
  }]
}