{
  "resourceType" : "CodeSystem",
  "id" : "8cee8e87-6cdc-47ff-b1b2-0397b71190e4-21",
  "url" : "http://hl7.org/fhir/comparison/CodeSystem/8cee8e87-6cdc-47ff-b1b2-0397b71190e4-21",
  "name" : "IntersectionMedComCoreEncounterActCodesAndMedComCoreEncounterActCodes",
  "title" : "Intersection of MedComCoreEncounterActCodes And MedComCoreEncounterActCodes",
  "status" : "active",
  "date" : "2025-05-09T10:28:05+00:00",
  "jurisdiction" : [{
    "coding" : [{
      "system" : "urn:iso:std:iso:3166",
      "code" : "DK",
      "display" : "Denmark"
    }]
  }],
  "concept" : [{
    "code" : "other",
    "display" : "Other encounter class"
  }]
}