{
  "resourceType" : "CodeSystem",
  "id" : "46b17e1b-50fa-4857-98a8-40b7a3b2ccca-29",
  "url" : "http://hl7.org/fhir/comparison/CodeSystem/46b17e1b-50fa-4857-98a8-40b7a3b2ccca-29",
  "name" : "UnionMedComMessageDefinitionIdentifierSystemAndMedComMessageDefinitionIdentifierSystem",
  "title" : "Union of MessageDefinitionIdentifierSystemCodeSystem And MessageDefinitionIdentifierSystemCodeSystem",
  "status" : "active",
  "date" : "2025-05-12T07:47:45+00:00",
  "jurisdiction" : [{
    "coding" : [{
      "system" : "urn:iso:std:iso:3166",
      "code" : "DK",
      "display" : "Denmark"
    }]
  }],
  "concept" : [{
    "code" : "urn:dk:healthcare:medcom:messaging:edifact",
    "display" : "urn:dk:healthcare:medcom:messaging:edifact"
  },
  {
    "code" : "urn:dk:healthcare:medcom:messaging:fhir",
    "display" : "urn:dk:healthcare:medcom:messaging:fhir"
  },
  {
    "code" : "urn:dk:healthcare:medcom:messaging:oioxml",
    "display" : "urn:dk:healthcare:medcom:messaging:oioxml"
  },
  {
    "code" : "urn:dk:healthcare:medcom:messaging:envelope",
    "display" : "urn:dk:healthcare:medcom:messaging:envelope"
  }]
}