{
  "resourceType" : "CodeSystem",
  "id" : "46b17e1b-50fa-4857-98a8-40b7a3b2ccca-38",
  "url" : "http://hl7.org/fhir/comparison/CodeSystem/46b17e1b-50fa-4857-98a8-40b7a3b2ccca-38",
  "name" : "UnionMedComMessagingDesinationUseCodesAndMedComMessagingDesinationUseCodes",
  "title" : "Union of MedComMessagingDestinationUse And MedComMessagingDestinationUse",
  "status" : "active",
  "date" : "2025-05-12T07:47:45+00:00",
  "jurisdiction" : [{
    "coding" : [{
      "system" : "urn:iso:std:iso:3166",
      "code" : "DK",
      "display" : "Denmark"
    }]
  }],
  "concept" : [{
    "code" : "primary",
    "display" : "Primary destination"
  },
  {
    "code" : "cc",
    "display" : "Carbon-copy destination"
  }]
}