{
  "resourceType" : "CodeSystem",
  "id" : "8910e330-8148-4732-a4e8-e4225f04c57f-39",
  "url" : "http://hl7.org/fhir/comparison/CodeSystem/8910e330-8148-4732-a4e8-e4225f04c57f-39",
  "name" : "IntersectionMedComMessagingDesinationUseCodesAndMedComMessagingDesinationUseCodes",
  "title" : "Intersection of MedComMessagingDestinationUse And MedComMessagingDestinationUse",
  "status" : "active",
  "date" : "2025-05-09T08:27:59+00:00",
  "jurisdiction" : [{
    "coding" : [{
      "system" : "urn:iso:std:iso:3166",
      "code" : "DK",
      "display" : "Denmark"
    }]
  }],
  "concept" : [{
    "code" : "primary",
    "display" : "Primary destination"
  },
  {
    "code" : "cc",
    "display" : "Carbon-copy destination"
  }]
}