{
  "resourceType" : "CodeSystem",
  "id" : "8910e330-8148-4732-a4e8-e4225f04c57f-30",
  "url" : "http://hl7.org/fhir/comparison/CodeSystem/8910e330-8148-4732-a4e8-e4225f04c57f-30",
  "name" : "IntersectionMedComMessageDefinitionIdentifierSystemAndMedComMessageDefinitionIdentifierSystem",
  "title" : "Intersection of MessageDefinitionIdentifierSystemCodeSystem And MessageDefinitionIdentifierSystemCodeSystem",
  "status" : "active",
  "date" : "2025-05-09T08:27:59+00:00",
  "jurisdiction" : [{
    "coding" : [{
      "system" : "urn:iso:std:iso:3166",
      "code" : "DK",
      "display" : "Denmark"
    }]
  }],
  "concept" : [{
    "code" : "urn:dk:healthcare:medcom:messaging:edifact",
    "display" : "urn:dk:healthcare:medcom:messaging:edifact"
  },
  {
    "code" : "urn:dk:healthcare:medcom:messaging:fhir",
    "display" : "urn:dk:healthcare:medcom:messaging:fhir"
  },
  {
    "code" : "urn:dk:healthcare:medcom:messaging:oioxml",
    "display" : "urn:dk:healthcare:medcom:messaging:oioxml"
  },
  {
    "code" : "urn:dk:healthcare:medcom:messaging:envelope",
    "display" : "urn:dk:healthcare:medcom:messaging:envelope"
  }]
}