{
  "resourceType" : "CodeSystem",
  "id" : "46b17e1b-50fa-4857-98a8-40b7a3b2ccca-45",
  "url" : "http://hl7.org/fhir/comparison/CodeSystem/46b17e1b-50fa-4857-98a8-40b7a3b2ccca-45",
  "name" : "IntersectionMedComMessagingSorEdiSystemAndMedComMessagingSorEdiSystem",
  "title" : "Intersection of MedComMessagingSorEdiCodeSystem And MedComMessagingSorEdiCodeSystem",
  "status" : "active",
  "date" : "2025-05-12T07:47:45+00:00",
  "jurisdiction" : [{
    "coding" : [{
      "system" : "urn:iso:std:iso:3166",
      "code" : "DK",
      "display" : "Denmark"
    }]
  }],
  "concept" : [{
    "code" : "FDIS91",
    "display" : "Care Communication Message (Korrepondance meddelelse)"
  },
  {
    "code" : "FDIS20",
    "display" : "Hospital Notification Message (Advis om Sygehusophold)"
  },
  {
    "code" : "FCTL",
    "display" : "Acknowledgement Message (Kvittering)"
  }]
}