{
  "resourceType" : "ValueSet",
  "id" : "8910e330-8148-4732-a4e8-e4225f04c57f-53",
  "url" : "http://hl7.org/fhir/comparison/ValueSet/8910e330-8148-4732-a4e8-e4225f04c57f-53",
  "name" : "UnionMedComDiagnosticReportCodesValuesetAndMedComDiagnosticReportCodesValueset",
  "title" : "Union of MedComDiagnosticReportCodesValueset And MedComDiagnosticReportCodesValueset",
  "status" : "draft",
  "date" : "2025-05-09T08:27:59+00:00",
  "jurisdiction" : [{
    "coding" : [{
      "system" : "urn:iso:std:iso:3166",
      "code" : "DK",
      "display" : "Denmark"
    }]
  }],
  "compose" : {
    "include" : [{
      "concept" : [{
        "code" : "HomeCareReport"
      }]
    }]
  }
}