{
  "resourceType" : "ValueSet",
  "id" : "a127218e-9e3f-4ec7-87f4-62423caf2654-74",
  "url" : "http://hl7.org/fhir/comparison/ValueSet/a127218e-9e3f-4ec7-87f4-62423caf2654-74",
  "name" : "UnionMedComCareCommunicationMessageActivitiesAndMedComCareCommunicationMessageActivities",
  "title" : "Union of MedComCareCommunicationMessageActivityCodes And MedComCareCommunicationMessageActivityCodes",
  "status" : "active",
  "date" : "2025-05-09T06:47:08+00:00",
  "jurisdiction" : [{
    "coding" : [{
      "system" : "urn:iso:std:iso:3166",
      "code" : "DK",
      "display" : "Denmark"
    }]
  }],
  "compose" : {
    "include" : [{
      "concept" : [{
        "code" : "new-message"
      },
      {
        "code" : "reply-message"
      },
      {
        "code" : "forward-message"
      }]
    }]
  }
}