{
  "resourceType" : "ValueSet",
  "id" : "46b17e1b-50fa-4857-98a8-40b7a3b2ccca-125",
  "url" : "http://hl7.org/fhir/comparison/ValueSet/46b17e1b-50fa-4857-98a8-40b7a3b2ccca-125",
  "name" : "UnionMedComMessagingSorEdiValuesAndMedComMessagingSorEdiValues",
  "title" : "Union of MedComMessagingSorEdiValues And MedComMessagingSorEdiValues",
  "status" : "active",
  "date" : "2025-05-12T07:47:45+00:00",
  "jurisdiction" : [{
    "coding" : [{
      "system" : "urn:iso:std:iso:3166",
      "code" : "DK",
      "display" : "Denmark"
    }]
  }],
  "compose" : {
    "include" : [{
      "concept" : [{
        "code" : "FDIS91"
      },
      {
        "code" : "FDIS20"
      },
      {
        "code" : "FCTL"
      }]
    }]
  }
}