{
  "resourceType" : "ValueSet",
  "id" : "8cee8e87-6cdc-47ff-b1b2-0397b71190e4-92",
  "url" : "http://hl7.org/fhir/comparison/ValueSet/8cee8e87-6cdc-47ff-b1b2-0397b71190e4-92",
  "name" : "UnionMedComCoreInterpretationCodesValuesetAndMedComCoreInterpretationCodesValueset",
  "title" : "Union of MedComCoreInterpretationValueset And MedComCoreInterpretationValueset",
  "status" : "active",
  "date" : "2025-05-09T10:28:05+00:00",
  "jurisdiction" : [{
    "coding" : [{
      "system" : "urn:iso:std:iso:3166",
      "code" : "DK",
      "display" : "Denmark"
    }]
  }],
  "compose" : {
    "include" : [{
      
    },
    {
      "concept" : [{
        "code" : "NI"
      }]
    }]
  }
}