{
  "resourceType" : "ValueSet",
  "id" : "a127218e-9e3f-4ec7-87f4-62423caf2654-108",
  "url" : "http://hl7.org/fhir/comparison/ValueSet/a127218e-9e3f-4ec7-87f4-62423caf2654-108",
  "name" : "IntersectionMedComMessageDefinitionTypeVSAndMedComMessageDefinitionTypeVS",
  "title" : "Intersection of MedComMessageDefinitionTypeValueset And MedComMessageDefinitionTypeValueset",
  "status" : "active",
  "date" : "2025-05-09T06:47:08+00:00",
  "jurisdiction" : [{
    "coding" : [{
      "system" : "urn:iso:std:iso:3166",
      "code" : "DK",
      "display" : "Denmark"
    }]
  }]
}