{
  "resourceType" : "ValueSet",
  "id" : "3614f90a-63ad-4b43-bb00-f9eb7f714a99-95",
  "url" : "http://hl7.org/fhir/comparison/ValueSet/3614f90a-63ad-4b43-bb00-f9eb7f714a99-95",
  "name" : "UnionMedComCoreObservationStatusAndMedComCoreObservationStatus",
  "title" : "Union of MedComCoreObservationStatus And MedComCoreObservationStatus",
  "status" : "active",
  "date" : "2025-05-09T09:54:29+00:00",
  "jurisdiction" : [{
    "coding" : [{
      "system" : "urn:iso:std:iso:3166",
      "code" : "DK",
      "display" : "Denmark"
    }]
  }],
  "compose" : {
    "include" : [{
      "concept" : [{
        "code" : "registered",
        "display" : "Registered"
      },
      {
        "code" : "preliminary",
        "display" : "Preliminary"
      },
      {
        "code" : "final",
        "display" : "Final"
      },
      {
        "code" : "corrected",
        "display" : "Corrected"
      },
      {
        "code" : "cancelled",
        "display" : "Cancelled"
      }]
    }]
  }
}