{
  "resourceType" : "ValueSet",
  "id" : "8910e330-8148-4732-a4e8-e4225f04c57f-122",
  "url" : "http://hl7.org/fhir/comparison/ValueSet/8910e330-8148-4732-a4e8-e4225f04c57f-122",
  "name" : "UnionMedComMessagingMessageTypesAndMedComMessagingMessageTypes",
  "title" : "Union of MedComMessagingMessageTypes And MedComMessagingMessageTypes",
  "status" : "active",
  "date" : "2025-05-09T08:27:59+00:00",
  "jurisdiction" : [{
    "coding" : [{
      "system" : "urn:iso:std:iso:3166",
      "code" : "DK",
      "display" : "Denmark"
    }]
  }],
  "compose" : {
    "include" : [{
      "concept" : [{
        "code" : "empty-message"
      },
      {
        "code" : "care-communication-message"
      },
      {
        "code" : "hospital-notification-message"
      },
      {
        "code" : "acknowledgement-message"
      },
      {
        "code" : "homecareobservation-message"
      }]
    }]
  }
}