{
  "resourceType" : "ValueSet",
  "id" : "3614f90a-63ad-4b43-bb00-f9eb7f714a99-63",
  "url" : "http://hl7.org/fhir/comparison/ValueSet/3614f90a-63ad-4b43-bb00-f9eb7f714a99-63",
  "name" : "IntersectionMedComProducentIDValueSetAndMedComProducentIDValueSet",
  "title" : "Intersection of MedComProducentIDValueSet And MedComProducentIDValueSet",
  "status" : "draft",
  "date" : "2025-05-09T09:54:29+00:00",
  "jurisdiction" : [{
    "coding" : [{
      "system" : "urn:iso:std:iso:3166",
      "code" : "DK",
      "display" : "Denmark"
    }]
  }],
  "compose" : {
    "include" : [{
      "concept" : [{
        "code" : "KAF"
      }]
    }]
  }
}