{
  "resourceType" : "ValueSet",
  "id" : "8cee8e87-6cdc-47ff-b1b2-0397b71190e4-129",
  "url" : "http://hl7.org/fhir/comparison/ValueSet/8cee8e87-6cdc-47ff-b1b2-0397b71190e4-129",
  "name" : "IntersectionMedComObservarionResponesGroupValueSetAndMedComObservarionResponesGroupValueSet",
  "title" : "Intersection of MedComObservationResultGroupValueSet And MedComObservationResultGroupValueSet",
  "status" : "draft",
  "date" : "2025-05-09T10:28:05+00:00",
  "jurisdiction" : [{
    "coding" : [{
      "system" : "urn:iso:std:iso:3166",
      "code" : "DK",
      "display" : "Denmark"
    }]
  }],
  "compose" : {
    "include" : [{
      "concept" : [{
        "code" : "5"
      },
      {
        "code" : "10"
      },
      {
        "code" : "15"
      },
      {
        "code" : "20"
      },
      {
        "code" : "25"
      },
      {
        "code" : "30"
      },
      {
        "code" : "35"
      },
      {
        "code" : "40"
      },
      {
        "code" : "45"
      },
      {
        "code" : "50"
      },
      {
        "code" : "55"
      },
      {
        "code" : "60"
      },
      {
        "code" : "65"
      },
      {
        "code" : "70"
      },
      {
        "code" : "75"
      },
      {
        "code" : "80"
      },
      {
        "code" : "85"
      },
      {
        "code" : "90"
      },
      {
        "code" : "95"
      },
      {
        "code" : "100"
      },
      {
        "code" : "105"
      },
      {
        "code" : "110"
      },
      {
        "code" : "115"
      },
      {
        "code" : "120"
      }]
    }]
  }
}