{
  "resourceType" : "ValueSet",
  "id" : "8910e330-8148-4732-a4e8-e4225f04c57f-86",
  "url" : "http://hl7.org/fhir/comparison/ValueSet/8910e330-8148-4732-a4e8-e4225f04c57f-86",
  "name" : "UnionMedComCoreAttachmentMimeTypesAndMedComCoreAttachmentMimeTypes",
  "title" : "Union of MedComCoreAttachmentMimeTypes And MedComCoreAttachmentMimeTypes",
  "status" : "active",
  "date" : "2025-05-09T08:27:59+00:00",
  "jurisdiction" : [{
    "coding" : [{
      "system" : "urn:iso:std:iso:3166",
      "code" : "DK",
      "display" : "Denmark"
    }]
  }],
  "compose" : {
    "include" : [{
      "concept" : [{
        "code" : "application/pdf"
      },
      {
        "code" : "image/gif"
      },
      {
        "code" : "image/jpeg"
      },
      {
        "code" : "image/png"
      },
      {
        "code" : "image/tiff"
      },
      {
        "code" : "image/bmp"
      }]
    }]
  }
}