{
  "resourceType" : "ValueSet",
  "id" : "46b17e1b-50fa-4857-98a8-40b7a3b2ccca-113",
  "url" : "http://hl7.org/fhir/comparison/ValueSet/46b17e1b-50fa-4857-98a8-40b7a3b2ccca-113",
  "name" : "UnionMedComMessageDefinitionIdentifierSystemVSAndMedComMessageDefinitionIdentifierSystemVS",
  "title" : "Union of MessageDefinitionIdentifierSystemValueset And MessageDefinitionIdentifierSystemValueset",
  "status" : "active",
  "date" : "2025-05-12T07:47:45+00:00",
  "jurisdiction" : [{
    "coding" : [{
      "system" : "urn:iso:std:iso:3166",
      "code" : "DK",
      "display" : "Denmark"
    }]
  }]
}