{
  "resourceType" : "CodeSystem",
  "id" : "6e885871-d44c-498d-9dbd-e9e8c95cce74-11",
  "url" : "http://hl7.org/fhir/comparison/CodeSystem/6e885871-d44c-498d-9dbd-e9e8c95cce74-11",
  "name" : "UnionMedComIHE_TypeCodeAndMedComIHE_TypeCode",
  "title" : "Union of MedCom Message Codes And MedCom Message Codes",
  "status" : "active",
  "date" : "2025-05-08T11:40:32+00:00",
  "concept" : [{
    "code" : "CMR",
    "display" : "Clinical Mesurement Report"
  },
  {
    "code" : "PDC",
    "display" : "Stamkort"
  },
  {
    "code" : "MADC",
    "display" : "MADC"
  },
  {
    "code" : "PRF",
    "display" : "Pregnancy Referral Form"
  },
  {
    "code" : "PSCR",
    "display" : "Pregnancy Shared Care Report"
  },
  {
    "code" : "PMR",
    "display" : "Pregnancy Measurement Report"
  }]
}