{
  "resourceType" : "ValueSet",
  "id" : "6e885871-d44c-498d-9dbd-e9e8c95cce74-24",
  "url" : "http://hl7.org/fhir/comparison/ValueSet/6e885871-d44c-498d-9dbd-e9e8c95cce74-24",
  "name" : "IntersectionMedComIHE_CoreClassCodeAndMedComIHE_CoreClassCode",
  "title" : "Intersection of IHE ClassCode And IHE ClassCode",
  "status" : "active",
  "date" : "2025-05-08T11:40:32+00:00",
  "compose" : {
    "include" : [{
      "concept" : [{
        "code" : "001",
        "display" : "Klinisk rapport"
      }]
    }]
  }
}