{
  "resourceType" : "ValueSet",
  "id" : "6e885871-d44c-498d-9dbd-e9e8c95cce74-38",
  "url" : "http://hl7.org/fhir/comparison/ValueSet/6e885871-d44c-498d-9dbd-e9e8c95cce74-38",
  "name" : "UnionMedComIHE_CoreLanguageCodeAndMedComIHE_CoreLanguageCode",
  "title" : "Union of IHE LanguageCode And IHE LanguageCode",
  "status" : "active",
  "date" : "2025-05-08T11:40:32+00:00",
  "compose" : {
    "include" : [{
      "concept" : [{
        "code" : "da-DK",
        "display" : "Danish-Denmark"
      },
      {
        "code" : "da",
        "display" : "Danish"
      }]
    }]
  }
}