{
  "resourceType" : "CodeSystem",
  "id" : "medcom-core-PractitionerRolesAutorisationsregistret",
  "text" : {
    "status" : "generated",
    "div" : "<div xmlns=\"http://www.w3.org/1999/xhtml\"><p class=\"res-header-id\"><b>Generated Narrative: CodeSystem medcom-core-PractitionerRolesAutorisationsregistret</b></p><a name=\"medcom-core-PractitionerRolesAutorisationsregistret\"> </a><a name=\"hcmedcom-core-PractitionerRolesAutorisationsregistret\"> </a><a name=\"hcmedcom-core-PractitionerRolesAutorisationsregistret-da-DK\"> </a><p>This case-insensitive code system <code>http://medcomfhir.dk/ig/terminology/CodeSystem/medcom-core-PractitionerRolesAutorisationsregistret</code> defines the following codes:</p><table class=\"codes\"><tr><td style=\"white-space:nowrap\"><b>Code</b></td><td><b>Display</b></td></tr><tr><td style=\"white-space:nowrap\">ambulancebehandler<a name=\"medcom-core-PractitionerRolesAutorisationsregistret-ambulancebehandler\"> </a></td><td>Ambulancebehandler</td></tr><tr><td style=\"white-space:nowrap\">bandagist<a name=\"medcom-core-PractitionerRolesAutorisationsregistret-bandagist\"> </a></td><td>Bandagist</td></tr><tr><td style=\"white-space:nowrap\">behandlerfarmaceut<a name=\"medcom-core-PractitionerRolesAutorisationsregistret-behandlerfarmaceut\"> </a></td><td>Behandlerfarmaceut</td></tr><tr><td style=\"white-space:nowrap\">bioanalytiker<a name=\"medcom-core-PractitionerRolesAutorisationsregistret-bioanalytiker\"> </a></td><td>Bioanalytiker</td></tr><tr><td style=\"white-space:nowrap\">ergoterapeut<a name=\"medcom-core-PractitionerRolesAutorisationsregistret-ergoterapeut\"> </a></td><td>Ergoterapeut</td></tr><tr><td style=\"white-space:nowrap\">fodterapeut<a name=\"medcom-core-PractitionerRolesAutorisationsregistret-fodterapeut\"> </a></td><td>Fodterapeut</td></tr><tr><td style=\"white-space:nowrap\">fysioterapeut<a name=\"medcom-core-PractitionerRolesAutorisationsregistret-fysioterapeut\"> </a></td><td>Fysioterapeut</td></tr><tr><td style=\"white-space:nowrap\">jordemoder<a name=\"medcom-core-PractitionerRolesAutorisationsregistret-jordemoder\"> </a></td><td>Jordemoder</td></tr><tr><td style=\"white-space:nowrap\">kiropraktor<a name=\"medcom-core-PractitionerRolesAutorisationsregistret-kiropraktor\"> </a></td><td>Kiropraktor</td></tr><tr><td style=\"white-space:nowrap\">kliniskdiaetist<a name=\"medcom-core-PractitionerRolesAutorisationsregistret-kliniskdiaetist\"> </a></td><td>Kliniskdiætist</td></tr><tr><td style=\"white-space:nowrap\">klinisktandtekniker<a name=\"medcom-core-PractitionerRolesAutorisationsregistret-klinisktandtekniker\"> </a></td><td>Klinisktandkliniker</td></tr><tr><td style=\"white-space:nowrap\">laege<a name=\"medcom-core-PractitionerRolesAutorisationsregistret-laege\"> </a></td><td>Læge</td></tr><tr><td style=\"white-space:nowrap\">optikerogoptometrist<a name=\"medcom-core-PractitionerRolesAutorisationsregistret-optikerogoptometrist\"> </a></td><td>Optiker og Optometrist</td></tr><tr><td style=\"white-space:nowrap\">osteopat<a name=\"medcom-core-PractitionerRolesAutorisationsregistret-osteopat\"> </a></td><td>Osteopat</td></tr><tr><td style=\"white-space:nowrap\">radiograf<a name=\"medcom-core-PractitionerRolesAutorisationsregistret-radiograf\"> </a></td><td>Radiograf</td></tr><tr><td style=\"white-space:nowrap\">socialogsundhedsassistent<a name=\"medcom-core-PractitionerRolesAutorisationsregistret-socialogsundhedsassistent\"> </a></td><td>Social- og sundhedsassistent</td></tr><tr><td style=\"white-space:nowrap\">sygeplejerske<a name=\"medcom-core-PractitionerRolesAutorisationsregistret-sygeplejerske\"> </a></td><td>Sygeplejerske</td></tr><tr><td style=\"white-space:nowrap\">tandlaege<a name=\"medcom-core-PractitionerRolesAutorisationsregistret-tandlaege\"> </a></td><td>Tandlæge</td></tr><tr><td style=\"white-space:nowrap\">tandplejer<a name=\"medcom-core-PractitionerRolesAutorisationsregistret-tandplejer\"> </a></td><td>Tandplejer</td></tr></table></div>"
  },
  "url" : "http://medcomfhir.dk/ig/terminology/CodeSystem/medcom-core-PractitionerRolesAutorisationsregistret",
  "version" : "1.7.0",
  "name" : "MedComCorePractitionerRolesAutorisationsregistret",
  "title" : "MedComCorePractitionerRolesAutorisationsregistret",
  "status" : "active",
  "experimental" : false,
  "date" : "2022-12-01",
  "publisher" : "MedCom",
  "contact" : [{
    "name" : "MedCom",
    "telecom" : [{
      "system" : "url",
      "value" : "http://www.medcom.dk"
    }]
  }],
  "description" : "CodeSystem containing codes for practionerroles (Danish:Stillingsbetegnelser) from [autorisationsregistret](https://stps.dk/da/autorisation/opslagautreg/) ",
  "jurisdiction" : [{
    "coding" : [{
      "system" : "urn:iso:std:iso:3166",
      "code" : "DK",
      "display" : "Denmark"
    }]
  }],
  "caseSensitive" : false,
  "content" : "complete",
  "count" : 19,
  "concept" : [{
    "code" : "ambulancebehandler",
    "display" : "Ambulancebehandler"
  },
  {
    "code" : "bandagist",
    "display" : "Bandagist"
  },
  {
    "code" : "behandlerfarmaceut",
    "display" : "Behandlerfarmaceut"
  },
  {
    "code" : "bioanalytiker",
    "display" : "Bioanalytiker"
  },
  {
    "code" : "ergoterapeut",
    "display" : "Ergoterapeut"
  },
  {
    "code" : "fodterapeut",
    "display" : "Fodterapeut"
  },
  {
    "code" : "fysioterapeut",
    "display" : "Fysioterapeut"
  },
  {
    "code" : "jordemoder",
    "display" : "Jordemoder"
  },
  {
    "code" : "kiropraktor",
    "display" : "Kiropraktor"
  },
  {
    "code" : "kliniskdiaetist",
    "display" : "Kliniskdiætist"
  },
  {
    "code" : "klinisktandtekniker",
    "display" : "Klinisktandkliniker"
  },
  {
    "code" : "laege",
    "display" : "Læge"
  },
  {
    "code" : "optikerogoptometrist",
    "display" : "Optiker og Optometrist"
  },
  {
    "code" : "osteopat",
    "display" : "Osteopat"
  },
  {
    "code" : "radiograf",
    "display" : "Radiograf"
  },
  {
    "code" : "socialogsundhedsassistent",
    "display" : "Social- og sundhedsassistent"
  },
  {
    "code" : "sygeplejerske",
    "display" : "Sygeplejerske"
  },
  {
    "code" : "tandlaege",
    "display" : "Tandlæge"
  },
  {
    "code" : "tandplejer",
    "display" : "Tandplejer"
  }]
}