{
  "resourceType" : "ValueSet",
  "id" : "NPUObservationCodesValueSet",
  "text" : {
    "status" : "generated",
    "div" : "<div xmlns=\"http://www.w3.org/1999/xhtml\"><p class=\"res-header-id\"><b>Generated Narrative: ValueSet NPUObservationCodesValueSet</b></p><a name=\"NPUObservationCodesValueSet\"> </a><a name=\"hcNPUObservationCodesValueSet\"> </a><a name=\"hcNPUObservationCodesValueSet-da-DK\"> </a><ul><li>Include these codes as defined in <code>urn:oid:1.2.208.176.2.1</code><table class=\"none\"><tr><td style=\"white-space:nowrap\"><b>Code</b></td><td><b>Display</b></td></tr><tr><td>DNK05473</td><td>Arm—Blodtryk(diastolisk); tryk =? mmHg</td></tr><tr><td>DNK05472</td><td>Arm—Blodtryk(systolisk); tryk = ? mmHg</td></tr><tr><td>NPU21692</td><td>Hjerte—Systole; frekv. = ? × 1/min</td></tr><tr><td>NPU10197</td><td>Hb(Fe; O2-bind.; kB)—Oxygen(O2); mætn. = ?</td></tr><tr><td>NPU08676</td><td>Pt—Legeme; temp. = ? °C</td></tr><tr><td>NPU19748</td><td>P—C-reaktivt protein; massek. = ? mg/L</td></tr><tr><td>NPU02593</td><td>B—Leukocytter; antalk. = ? × 10^9/L</td></tr><tr><td>NPU02636</td><td>B—Leukocytter; antalk. = ? × 10^9/L</td></tr><tr><td>NPU02840</td><td>B—Monocytter; antalk. = ? × 10^9/L</td></tr><tr><td>NPU02902</td><td>B—Neutrophilocytter; antalk. = ? × 10^9/L</td></tr><tr><td>NPU01933</td><td>B—Eosinophilocytter; antalk. = ? × 10^9/L</td></tr><tr><td>NPU01933</td><td>B—Eosinophilocytter; antalk. = ? × 10^9/L</td></tr><tr><td>NPU01349</td><td>B—Basophilocytter; antalk. = ? × 10^9/L</td></tr><tr><td>NPU22089</td><td>P(kB)—Glucose; stofk. = ? mmol/L</td></tr><tr><td>NPU01685</td><td>P—Koagulation, vævsfaktor-induceret; rel.tid(aktuel/norm; INR; IRP 67/40; proc.) = ?</td></tr><tr><td>NPU03429</td><td>P—Natrium-ion; stofk. = ? mmol/L</td></tr><tr><td>NPU03230</td><td>P—Kalium-ion; stofk. = ? mmol/L</td></tr><tr><td>NPU01536</td><td>P—Chlorid; stofk. = ? mmol/L</td></tr><tr><td>NPU04144</td><td>P—Calcium-ion(frit); stofk.(pH = 7,40; proc.) = ? mmol/L</td></tr><tr><td>NPU02319</td><td>B—Hæmoglobin(Fe); stofk. = ? mmol/L</td></tr><tr><td>NPU02187</td><td>B—Glucose; stofk. = ? mmol/L</td></tr><tr><td>NPU21531</td><td>P(vB)—Glucose; stofk. = ? mmol/L</td></tr><tr><td>NPU01459</td><td>P—Carbamid; stofk. = ? mmol/L</td></tr><tr><td>NPU04998</td><td>P—Creatininium; stofk.(enz.) = ? µmol/L</td></tr><tr><td>NPU18016</td><td>P—Creatininium; stofk. = ? µmol/L</td></tr><tr><td>NPU04206</td><td>U—Protein; arb.k.(proc.) = ?</td></tr><tr><td>NPU21578</td><td>U—Nitrit; arb.k.(proc.) = ?</td></tr><tr><td>NPU04207</td><td>U—Glucose; arb.k.(proc.) = ?</td></tr><tr><td>NPU03987</td><td>U—Leukocytter; arb.k.(proc.) = ?</td></tr><tr><td>NPU04208</td><td>U—Hæmoglobin; arb.k.(proc.) = ?</td></tr><tr><td>NPU10504</td><td>U—Acetoacetat; arb.k.(proc.) = ?</td></tr><tr><td>NPU16328</td><td>U(midtstråle)—Bacterium+fungus; taxon(proc.) = ?</td></tr><tr><td>NPU18542</td><td>U(spec.)—Bacterium+fungus; taxon(proc.) = ?</td></tr><tr><td>NPU16271</td><td>Ex—Bacterium+fungus; taxon(proc.) = ?</td></tr><tr><td>NPU03794</td><td>Pt—Legeme; højde = ? m</td></tr><tr><td>NPU03804</td><td>Pt—Legeme; masse = ? kg</td></tr></table></li></ul></div>"
  },
  "url" : "http://medcomfhir.dk/ig/terminology/ValueSet/NPUObservationCodesValueSet",
  "identifier" : [{
    "value" : "urn:oid:1.2.208.176.2.1"
  }],
  "version" : "1.7.0",
  "name" : "NPUObservationCodesValueSet",
  "title" : "NPUObservationCodesValueSet",
  "status" : "active",
  "experimental" : true,
  "date" : "2023-10-31",
  "publisher" : "MedCom",
  "contact" : [{
    "name" : "MedCom",
    "telecom" : [{
      "system" : "url",
      "value" : "http://www.medcom.dk"
    }]
  }],
  "description" : "ValuseSet with NPU observations Codes",
  "jurisdiction" : [{
    "coding" : [{
      "system" : "urn:iso:std:iso:3166",
      "code" : "DK",
      "display" : "Denmark"
    }]
  }],
  "compose" : {
    "include" : [{
      "system" : "urn:oid:1.2.208.176.2.1",
      "concept" : [{
        "code" : "DNK05473",
        "display" : "Arm—Blodtryk(diastolisk); tryk =? mmHg",
        "designation" : [{
          "use" : {
            "code" : "900000000000013009"
          },
          "value" : "Blodtryk diastolisk;Arm"
        }]
      },
      {
        "code" : "DNK05472",
        "display" : "Arm—Blodtryk(systolisk); tryk = ? mmHg",
        "designation" : [{
          "use" : {
            "code" : "900000000000013009"
          },
          "value" : "Blodtryk systolisk;Arm"
        }]
      },
      {
        "code" : "NPU21692",
        "display" : "Hjerte—Systole; frekv. = ? × 1/min",
        "designation" : [{
          "use" : {
            "code" : "900000000000013009"
          },
          "value" : "Puls;Hjerte"
        }]
      },
      {
        "code" : "NPU10197",
        "display" : "Hb(Fe; O2-bind.; kB)—Oxygen(O2); mætn. = ?",
        "designation" : [{
          "use" : {
            "code" : "900000000000013009"
          },
          "value" : "O2 sat.;Hb(kB)"
        }]
      },
      {
        "code" : "NPU08676",
        "display" : "Pt—Legeme; temp. = ? °C",
        "designation" : [{
          "use" : {
            "code" : "900000000000013009"
          },
          "value" : "Legeme temp.;Pt"
        }]
      },
      {
        "code" : "NPU19748",
        "display" : "P—C-reaktivt protein; massek. = ? mg/L",
        "designation" : [{
          "use" : {
            "code" : "900000000000013009"
          },
          "value" : "C-reaktivt protein [CRP];P"
        }]
      },
      {
        "code" : "NPU02593",
        "display" : "B—Leukocytter; antalk. = ? × 10^9/L",
        "designation" : [{
          "use" : {
            "code" : "900000000000013009"
          },
          "value" : "Leukocytter;B"
        }]
      },
      {
        "code" : "NPU02636",
        "display" : "B—Leukocytter; antalk. = ? × 10^9/L",
        "designation" : [{
          "use" : {
            "code" : "900000000000013009"
          },
          "value" : "Leukocyttype gruppe;B"
        }]
      },
      {
        "code" : "NPU02840",
        "display" : "B—Monocytter; antalk. = ? × 10^9/L",
        "designation" : [{
          "use" : {
            "code" : "900000000000013009"
          },
          "value" : "Monocytter;B"
        }]
      },
      {
        "code" : "NPU02902",
        "display" : "B—Neutrophilocytter; antalk. = ? × 10^9/L",
        "designation" : [{
          "use" : {
            "code" : "900000000000013009"
          },
          "value" : "Neutrofilocytter;B"
        }]
      },
      {
        "code" : "NPU01933",
        "display" : "B—Eosinophilocytter; antalk. = ? × 10^9/L",
        "designation" : [{
          "use" : {
            "code" : "900000000000013009"
          },
          "value" : "Eosinofilocytter;B"
        }]
      },
      {
        "code" : "NPU01933",
        "display" : "B—Eosinophilocytter; antalk. = ? × 10^9/L",
        "designation" : [{
          "use" : {
            "code" : "900000000000013009"
          },
          "value" : "Eosinofilocytter;B"
        }]
      },
      {
        "code" : "NPU01349",
        "display" : "B—Basophilocytter; antalk. = ? × 10^9/L",
        "designation" : [{
          "use" : {
            "code" : "900000000000013009"
          },
          "value" : "Basofilocytter;B"
        }]
      },
      {
        "code" : "NPU22089",
        "display" : "P(kB)—Glucose; stofk. = ? mmol/L",
        "designation" : [{
          "use" : {
            "code" : "900000000000013009"
          },
          "value" : "Glukose;P(kB)"
        }]
      },
      {
        "code" : "NPU01685",
        "display" : "P—Koagulation, vævsfaktor-induceret; rel.tid(aktuel/norm; INR; IRP 67/40; proc.) = ?",
        "designation" : [{
          "use" : {
            "code" : "900000000000013009"
          },
          "value" : "Koagulationsfaktor II+VII+X [INR];P"
        }]
      },
      {
        "code" : "NPU03429",
        "display" : "P—Natrium-ion; stofk. = ? mmol/L",
        "designation" : [{
          "use" : {
            "code" : "900000000000013009"
          },
          "value" : "Natrium;P"
        }]
      },
      {
        "code" : "NPU03230",
        "display" : "P—Kalium-ion; stofk. = ? mmol/L",
        "designation" : [{
          "use" : {
            "code" : "900000000000013009"
          },
          "value" : "Kalium;P"
        }]
      },
      {
        "code" : "NPU01536",
        "display" : "P—Chlorid; stofk. = ? mmol/L",
        "designation" : [{
          "use" : {
            "code" : "900000000000013009"
          },
          "value" : "Klorid;P"
        }]
      },
      {
        "code" : "NPU04144",
        "display" : "P—Calcium-ion(frit); stofk.(pH = 7,40; proc.) = ? mmol/L",
        "designation" : [{
          "use" : {
            "code" : "900000000000013009"
          },
          "value" : "Calcium-ion frit (pH=7,4);P"
        }]
      },
      {
        "code" : "NPU02319",
        "display" : "B—Hæmoglobin(Fe); stofk. = ? mmol/L",
        "designation" : [{
          "use" : {
            "code" : "900000000000013009"
          },
          "value" : "Hæmoglobin;B"
        }]
      },
      {
        "code" : "NPU02187",
        "display" : "B—Glucose; stofk. = ? mmol/L",
        "designation" : [{
          "use" : {
            "code" : "900000000000013009"
          },
          "value" : "Glukose;B"
        }]
      },
      {
        "code" : "NPU21531",
        "display" : "P(vB)—Glucose; stofk. = ? mmol/L",
        "designation" : [{
          "use" : {
            "code" : "900000000000013009"
          },
          "value" : "Glukose;P(vB)"
        }]
      },
      {
        "code" : "NPU01459",
        "display" : "P—Carbamid; stofk. = ? mmol/L",
        "designation" : [{
          "use" : {
            "code" : "900000000000013009"
          },
          "value" : "Karbamid;P"
        }]
      },
      {
        "code" : "NPU04998",
        "display" : "P—Creatininium; stofk.(enz.) = ? µmol/L",
        "designation" : [{
          "use" : {
            "code" : "900000000000013009"
          },
          "value" : "Kreatinin;P"
        }]
      },
      {
        "code" : "NPU18016",
        "display" : "P—Creatininium; stofk. = ? µmol/L",
        "designation" : [{
          "use" : {
            "code" : "900000000000013009"
          },
          "value" : "Kreatinin;P"
        }]
      },
      {
        "code" : "NPU04206",
        "display" : "U—Protein; arb.k.(proc.) = ?",
        "designation" : [{
          "use" : {
            "code" : "900000000000013009"
          },
          "value" : "Protein(semikvant);U"
        }]
      },
      {
        "code" : "NPU21578",
        "display" : "U—Nitrit; arb.k.(proc.) = ?",
        "designation" : [{
          "use" : {
            "code" : "900000000000013009"
          },
          "value" : "Nitrit (semikvant);U"
        }]
      },
      {
        "code" : "NPU04207",
        "display" : "U—Glucose; arb.k.(proc.) = ?",
        "designation" : [{
          "use" : {
            "code" : "900000000000013009"
          },
          "value" : "Glukose(semikvant);U"
        }]
      },
      {
        "code" : "NPU03987",
        "display" : "U—Leukocytter; arb.k.(proc.) = ?",
        "designation" : [{
          "use" : {
            "code" : "900000000000013009"
          },
          "value" : "Leukocytter(semikvant);U"
        }]
      },
      {
        "code" : "NPU04208",
        "display" : "U—Hæmoglobin; arb.k.(proc.) = ?",
        "designation" : [{
          "use" : {
            "code" : "900000000000013009"
          },
          "value" : "Hæmoglobin(semikvant);U"
        }]
      },
      {
        "code" : "NPU10504",
        "display" : "U—Acetoacetat; arb.k.(proc.) = ?",
        "designation" : [{
          "use" : {
            "code" : "900000000000013009"
          },
          "value" : "Acetoacetat(semikvant);U"
        }]
      },
      {
        "code" : "NPU16328",
        "display" : "U(midtstråle)—Bacterium+fungus; taxon(proc.) = ?",
        "designation" : [{
          "use" : {
            "code" : "900000000000013009"
          },
          "value" : "Dyrkning(bacterium+fungus);U(midt)"
        }]
      },
      {
        "code" : "NPU18542",
        "display" : "U(spec.)—Bacterium+fungus; taxon(proc.) = ?",
        "designation" : [{
          "use" : {
            "code" : "900000000000013009"
          },
          "value" : "Dyrkning (bacterium+fungus);U"
        }]
      },
      {
        "code" : "NPU16271",
        "display" : "Ex—Bacterium+fungus; taxon(proc.) = ?",
        "designation" : [{
          "use" : {
            "code" : "900000000000013009"
          },
          "value" : "Dyrkning (bacterium+fungus);Ex"
        }]
      },
      {
        "code" : "NPU03794",
        "display" : "Pt—Legeme; højde = ? m",
        "designation" : [{
          "use" : {
            "code" : "900000000000013009"
          },
          "value" : "Legeme højde;Pt"
        }]
      },
      {
        "code" : "NPU03804",
        "display" : "Pt—Legeme; masse = ? kg",
        "designation" : [{
          "use" : {
            "code" : "900000000000013009"
          },
          "value" : "Legeme vægt;Pt"
        }]
      }]
    }]
  }
}