{
  "resourceType" : "MessageHeader",
  "id" : "42cb9200-f421-4d08-8391-7d51a2503cb4",
  "meta" : {
    "profile" : ["http://medcomfhir.dk/ig/messaging/StructureDefinition/medcom-messaging-messageHeader"]
  },
  "text" : {
    "status" : "generated",
    "div" : "<div xmlns=\"http://www.w3.org/1999/xhtml\"><p><b>Generated Narrative: MessageHeader</b><a name=\"42cb9200-f421-4d08-8391-7d51a2503cb4\"> </a></p><div style=\"display: inline-block; background-color: #d9e0e7; padding: 6px; margin: 4px; border: 1px solid #8da1b4; border-radius: 5px; line-height: 60%\"><p style=\"margin-bottom: 0px\">Resource MessageHeader &quot;42cb9200-f421-4d08-8391-7d51a2503cb4&quot; </p><p style=\"margin-bottom: 0px\">Profile: <a href=\"http://medcomfhir.dk/ig/messaging/2.0.0/StructureDefinition-medcom-messaging-messageHeader.html\">MedComMessagingMessageHeader</a></p></div><p><b>event</b>: Care Communication Message (Details: http://medcomfhir.dk/ig/terminology/CodeSystem/medcom-messaging-eventCodes code care-communication-message = 'Care Communication Message', stated as 'null')</p><h3>Destinations</h3><table class=\"grid\"><tr><td>-</td><td><b>Extension</b></td><td><b>Endpoint</b></td><td><b>Receiver</b></td></tr><tr><td>*</td><td/><td><a href=\"https://sor2.sum.dsdn.dk/#id=265161000016000\">https://sor2.sum.dsdn.dk/#id=265161000016000</a></td><td><a href=\"Organization-74cdf292-abf3-4f5f-80ea-60a48013ff6d.html\">Organization/74cdf292-abf3-4f5f-80ea-60a48013ff6d</a> &quot;Receiver Organization&quot;</td></tr></table><p><b>sender</b>: <a href=\"Organization-d7056980-a8b2-42aa-8a0e-c1fc85d1f40d.html\">Organization/d7056980-a8b2-42aa-8a0e-c1fc85d1f40d</a> &quot;Sender Organization&quot;</p><h3>Sources</h3><table class=\"grid\"><tr><td>-</td><td><b>Endpoint</b></td></tr><tr><td>*</td><td><a href=\"https://sor2.sum.dsdn.dk/#id=953741000016009\">https://sor2.sum.dsdn.dk/#id=953741000016009</a></td></tr></table></div>"
  },
  "eventCoding" : {
    "system" : "http://medcomfhir.dk/ig/terminology/CodeSystem/medcom-messaging-eventCodes",
    "code" : "care-communication-message"
  },
  "destination" : [{
    "extension" : [{
      "url" : "http://medcomfhir.dk/ig/messaging/StructureDefinition/medcom-messaging-destinationUseExtension",
      "valueCoding" : {
        "system" : "http://medcomfhir.dk/ig/terminology/CodeSystem/medcom-messaging-destinationUse",
        "code" : "primary"
      }
    }],
    "endpoint" : "https://sor2.sum.dsdn.dk/#id=265161000016000",
    "receiver" : {
      "reference" : "Organization/74cdf292-abf3-4f5f-80ea-60a48013ff6d"
    }
  }],
  "sender" : {
    "reference" : "Organization/d7056980-a8b2-42aa-8a0e-c1fc85d1f40d"
  },
  "source" : {
    "endpoint" : "https://sor2.sum.dsdn.dk/#id=953741000016009"
  }
}