<?xml version="1.0" encoding="UTF-8"?>

<Encounter xmlns="http://hl7.org/fhir">
  <id value="6220b42d-c4fd-4c77-bae7-78e7d890dc8d"/>
  <meta>
    <profile value="http://medcomfhir.dk/ig/core/StructureDefinition/medcom-core-encounter"/>
  </meta>
  <text>
    <status value="generated"/><div xmlns="http://www.w3.org/1999/xhtml"><p><b>Generated Narrative: Encounter</b><a name="6220b42d-c4fd-4c77-bae7-78e7d890dc8d"> </a></p><div style="display: inline-block; background-color: #d9e0e7; padding: 6px; margin: 4px; border: 1px solid #8da1b4; border-radius: 5px; line-height: 60%"><p style="margin-bottom: 0px">Resource Encounter &quot;6220b42d-c4fd-4c77-bae7-78e7d890dc8d&quot; </p><p style="margin-bottom: 0px">Profile: <a href="http://medcomfhir.dk/ig/core/2.1.0/StructureDefinition-medcom-core-encounter.html">MedComCoreEncounter</a></p></div><p><b>status</b>: finished</p><p><b>class</b>: inpatient encounter (Details: http://terminology.hl7.org/CodeSystem/v3-ActCode code IMP = 'inpatient encounter', stated as 'null')</p><p><b>subject</b>: <a href="Patient-833cef33-3726-433b-855d-e566aaa65fe1.html">Patient/833cef33-3726-433b-855d-e566aaa65fe1</a> &quot; ELMER&quot;</p><p><b>episodeOfCare</b>: <span/></p></div>
  </text>
  <status value="finished"/>
  <class>
    <system value="http://terminology.hl7.org/CodeSystem/v3-ActCode"/>
    <code value="IMP"/>
  </class>
  <subject>
    <reference value="Patient/833cef33-3726-433b-855d-e566aaa65fe1"/>
  </subject>
  <episodeOfCare>
    <identifier>
      <system value="https://www.esundhed.dk/Registre/Landspatientregisteret"/>
      <value value="urn:uuid:fc60e762-b13b-5773-865e-67f3907bdcc7"/>
    </identifier>
  </episodeOfCare>
</Encounter>