{"resourceType":"TestScript","id":"carecommunication-send-new-message","meta":{"profile":["http://touchstone.aegis.net/touchstone/fhir/testing/StructureDefinition/testscript"]},"url":"http://medcomfhir.dk/ig/carecommunicationtestscript/carecommunication-send-new-message","version":"4.0.0","name":"CareCommunicationTestScript","title":"Send CareCommunication. Receiver is expected to be 'Klinik for Ældresygdomme, AUH, Skejby' with SOR-id: 441211000016000.","status":"active","date":"2024-07-15","contact":[{"name":"MedCom","telecom":[{"system":"email","value":"mailto:fhir@medcom.dk"}]}],"description":"Send CareCommunication. Receiver is expected to be 'Klinik for Ældresygdomme, AUH, Skejby' with SOR-id: 441211000016000.","copyright":"MedCom 2023","origin":[{"index":1,"profile":{"system":"http://terminology.hl7.org/CodeSystem/testscript-profile-origin-types","code":"FHIR-Client"}}],"destination":[{"index":1,"profile":{"system":"http://terminology.hl7.org/CodeSystem/testscript-profile-destination-types","code":"FHIR-Server"}}],"fixture":[{"id":"create-new-message-01","autocreate":false,"autodelete":false,"resource":{"reference":"/Fixtures/CareCommunication-fixture.xml"}}],"profile":[{"id":"carecommunication","reference":"http://medcomfhir.dk/ig/carecommunication/StructureDefinition/medcom-careCommunication-message"}],"variable":[{"name":"messageHeaderid-new-message-01","expression":"Bundle.entry[0].resource.id","sourceId":"create-message-new-message-01"},{"name":"searchParamIdentifier-new-message","expression":"Bundle.entry.resource.ofType(MessageHeader).id","sourceId":"create-message-new-message"}],"test":[{"id":"carecommunication-create-new-message-01","name":"Create a CareCommunication new-message Message 01","description":"Post CareCommunication to the server.","action":[{"operation":{"type":{"system":"http://terminology.hl7.org/CodeSystem/testscript-operation-codes","code":"create"},"resource":"Bundle","description":"Post a carecommunication","destination":1,"encodeRequestUrl":true,"origin":1,"requestId":"create-message-new-message-01","sourceId":"create-new-message-01"}},{"assert":{"description":"Validates the bundle against http://medcomfhir.dk/ig/carecommunication/ImplementationGuide/dk.fhir.ig.dk-medcom-carecommunication","direction":"request","validateProfileId":"carecommunication","warningOnly":false}},{"assert":{"description":"Confirm that the returned HTTP status is okay or created.","direction":"response","operator":"in","responseCode":"200,201","warningOnly":false}},{"assert":{"description":"Confirm that the client request payload contains a Bundle resource type.","direction":"request","resource":"Bundle","warningOnly":false}},{"assert":{"description":"Confirm that the request resource contains the expected eventCoding.code.","direction":"request","expression":"Bundle.entry.resource.ofType(MessageHeader).event.as(Coding).select(code = 'care-communication-message').allTrue()","warningOnly":false}},{"assert":{"description":"Confirm that the request resource contains the expected activity code.","direction":"request","expression":"Bundle.entry.resource.ofType(Provenance).where(activity.coding.code = 'new-message').exists()","warningOnly":false}},{"assert":{"description":"Confirm that the target reference in Provenance equals MessageHeader.id","direction":"request","expression":"Bundle.entry.resource.ofType(Provenance).where(target.reference.contains(%resource.entry[0].resource.id)).exists()","warningOnly":false}},{"assert":{"description":"Confirm that the Communication.identifier is a UUID v4.","direction":"request","expression":"Bundle.entry.resource.ofType(Communication).identifier.value.matches('urn:uuid:[0-9a-f]{8}-[0-9a-f]{4}-[0-9a-f]{4}-[0-9a-f]{4}-[0-9a-f]{12}')","warningOnly":false}},{"assert":{"description":"Confirm that the receiver EAN-number is 5790001987244","direction":"request","expression":"Bundle.entry.resource.ofType(MessageHeader).destination.receiver.reference.resolve().identifier.where(system = 'https://www.gs1.org/gln').value = '5790001987244'","warningOnly":false}},{"assert":{"description":"Confirm that the receiver SOR-id is 441211000016000","direction":"request","expression":"Bundle.entry.resource.ofType(MessageHeader).destination.receiver.reference.resolve().identifier.where(system = 'urn:oid:1.2.208.176.1.1').value = '441211000016000'","warningOnly":false}}]}]}