{
  "package": "medcom.fhir.dk.messaging",
  "version": "3.0.0",
  "fhirVersion": "4.0.1",
  "jurisdiction": "DK",
  "extensions": [
    {
      "url": "http://medcomfhir.dk/ig/messaging/StructureDefinition/medcom-messaging-destinationUseExtension",
      "title": "MedComDestinationUseExtension",
      "types": [
        "Coding",
        "string",
        "Extension",
        "uri",
        "string",
        "code",
        "string",
        "boolean"
      ]
    }
  ],
  "profiles": {
    "Bundle": [
      {
        "url": "http://medcomfhir.dk/ig/messaging/StructureDefinition/medcom-messaging-message",
        "title": "MedComMessagingMessage"
      }
    ],
    "MessageHeader": [
      {
        "url": "http://medcomfhir.dk/ig/messaging/StructureDefinition/medcom-messaging-messageHeader",
        "title": "MedComMessagingMessageHeader"
      }
    ],
    "MessageDefinition": [
      {
        "url": "http://medcomfhir.dk/ig/messaging/StructureDefinition/medcom-messaging-messagedefinition",
        "title": "MedComMessagingMessageDefinition"
      },
      {
        "url": "http://medcomfhir.dk/ig/messaging/StructureDefinition/medcom-messaging-messagedefinition-fhir",
        "title": "MedComMessagingMessageDefinitionFhir"
      }
    ],
    "Organization": [
      {
        "url": "http://medcomfhir.dk/ig/messaging/StructureDefinition/medcom-producer-organization",
        "title": "MedComCoreProducerOrganization"
      },
      {
        "url": "http://medcomfhir.dk/ig/messaging/StructureDefinition/medcom-requesterorganization",
        "title": "MedComMessagingRequesterOrganization"
      }
    ],
    "Provenance": [
      {
        "url": "http://medcomfhir.dk/ig/messaging/StructureDefinition/medcom-messaging-provenance",
        "title": "MedComMessagingProvenance"
      }
    ]
  },
  "usage": {
    "http://hl7.org/fhir/StructureDefinition/data-absent-reason": [
      "Organization.contact"
    ],
    "http://hl7.org/fhir/StructureDefinition/elementdefinition-bestpractice": [
      "StructureDefinition.snapshot.element.constraint"
    ],
    "http://hl7.org/fhir/StructureDefinition/elementdefinition-bestpractice-explanation": [
      "StructureDefinition.snapshot.element.constraint"
    ],
    "http://hl7.org/fhir/StructureDefinition/elementdefinition-bindingName": [
      "StructureDefinition.snapshot.element.binding"
    ],
    "http://hl7.org/fhir/StructureDefinition/elementdefinition-maxValueSet": [
      "StructureDefinition.snapshot.element.binding"
    ],
    "http://hl7.org/fhir/StructureDefinition/elementdefinition-translatable": [
      "StructureDefinition.snapshot.element"
    ],
    "http://hl7.org/fhir/StructureDefinition/regex": [
      "StructureDefinition.snapshot.element.type"
    ],
    "http://hl7.org/fhir/StructureDefinition/structuredefinition-fhir-type": [
      "StructureDefinition.snapshot.element.type"
    ],
    "http://hl7.org/fhir/StructureDefinition/structuredefinition-hierarchy": [
      "StructureDefinition.snapshot.element.type"
    ],
    "http://hl7.org/fhir/tools/StructureDefinition/ig-internal-dependency": [
      "ImplementationGuide.definition"
    ],
    "http://hl7.org/fhir/tools/StructureDefinition/ig-page-name": [
      "ImplementationGuide.definition.page",
      "ImplementationGuide.definition.page.page"
    ],
    "http://hl7.org/fhir/tools/StructureDefinition/ig-parameter": [
      "ImplementationGuide.definition"
    ],
    "http://hl7.org/fhir/tools/StructureDefinition/implementationguide-dependency-comment": [
      "ImplementationGuide.dependsOn"
    ],
    "http://hl7.org/fhir/tools/StructureDefinition/resource-information": [
      "ImplementationGuide.definition.resource"
    ],
    "http://hl7.org/fhir/tools/StructureDefinition/snapshot-base-version": [
      "StructureDefinition.snapshot"
    ],
    "http://medcomfhir.dk/ig/messaging/StructureDefinition/medcom-messaging-destinationUseExtension": [
      "Bundle.entry.resource.destination",
      "MessageHeader.destination"
    ]
  }
}