{
  "resourceType" : "CodeSystem",
  "id" : "dcd3a28a-efbc-42ac-b199-81e3cdbd80f8-6",
  "url" : "http://hl7.org/fhir/comparison/CodeSystem/dcd3a28a-efbc-42ac-b199-81e3cdbd80f8-6",
  "name" : "IntersectionMedComIHE_FormatCodeAndMedComIHE_FormatCode",
  "title" : "Intersection of DK IHE FormatCode And DK IHE FormatCode",
  "status" : "active",
  "date" : "2025-05-08T11:39:45+00:00",
  "concept" : [{
    "code" : "urn:ad:dk:medcom:apd-v2.0.1:full",
    "display" : "DK APD schema"
  },
  {
    "code" : "urn:ad:dk:medcom:appointmentsummary:full",
    "display" : "DK Appointment Summary Document schema"
  },
  {
    "code" : "urn:ad:dk:medcom:cmr-v1.0:full",
    "display" : "DK CMR schema"
  },
  {
    "code" : "urn:ad:dk:medcom:cpd-v1.0.1:full",
    "display" : "DK CPD schema"
  },
  {
    "code" : "urn:ad:dk:medcom:sds:cpd-v1.0.1:maternity",
    "display" : "DK CPD schema for maternity"
  },
  {
    "code" : "urn:ad:dk:medcom:labreports:svareksponeringsservice",
    "display" : "Laboratoriesvar (samling af svar)"
  },
  {
    "code" : "urn:ad:dk:medcom:pdc-v2.0:full",
    "display" : "DK PDC schema"
  },
  {
    "code" : "urn:ad:dk:medcom:phmr-v1.3:full",
    "display" : "DK PHMR schema"
  },
  {
    "code" : "urn:ad:dk:medcom:prvs-v1.0:full",
    "display" : "DK PRVS schema"
  },
  {
    "code" : "urn:ad:dk:medcom:qfdd-v1.1:full",
    "display" : "DK QFDD schema"
  },
  {
    "code" : "urn:ad:dk:medcom:qfdd-v1.2:full",
    "display" : "DK QFDD schema"
  },
  {
    "code" : "urn:ad:dk:medcom:qrd-v1.1:full",
    "display" : "DK QRD schema"
  },
  {
    "code" : "urn:ad:dk:medcom:qrd-v1.2:full",
    "display" : "DK QRD schema"
  },
  {
    "code" : "urn:ad:dk:medcom:qrd-v1.3:full",
    "display" : "DK QRD schema"
  },
  {
    "code" : "urn:ad:dk:medcom:pdc-v3.0:full",
    "display" : "DK PDC schema"
  },
  {
    "code" : "urn:ad:dk:medcom:cpd-v2.0:full",
    "display" : "DK CPD schema"
  },
  {
    "code" : "urn:ad:dk:medcom:phad-v1.0:full",
    "display" : "DK PHAD schema"
  },
  {
    "code" : "urn:ad:dk:medcom:plr-v1.0:full",
    "display" : "DK PLR schema"
  },
  {
    "code" : "urn:ad:dk:medcom:nauf-v500:full",
    "display" : "Noah Audiogram format 500"
  },
  {
    "code" : "urn:ad:dk:medcom:nauf-v502:full",
    "display" : "Noah Audiogram format 502"
  },
  {
    "code" : "urn:ad:dk:medcom:nimf-v500:full",
    "display" : "Noah Impedance format 500"
  },
  {
    "code" : "urn:ad:dk:medcom:nadf-v501:full",
    "display" : "Noah Admittance format 501"
  },
  {
    "code" : "urn:ad:dk:medcom:nhisf-v500:full",
    "display" : "Noah Hearing Instrument Selection format 500"
  },
  {
    "code" : "urn:ad:dk:medcom:prf-v1.0:full",
    "display" : "DK PRF schema"
  },
  {
    "code" : "urn:ad:dk:medcom:pscr-v1.0:full",
    "display" : "DK PSCR schema"
  },
  {
    "code" : "urn:ad:dk:medcom:pmr-v1.0:full",
    "display" : "DK PMR schema"
  }]
}