{
  "resourceType" : "ValueSet",
  "id" : "dcd3a28a-efbc-42ac-b199-81e3cdbd80f8-48",
  "url" : "http://hl7.org/fhir/comparison/ValueSet/dcd3a28a-efbc-42ac-b199-81e3cdbd80f8-48",
  "name" : "IntersectionMedComIHE_PLR_DK_FormatCodeAndMedComIHE_PLR_DK_FormatCode",
  "title" : "Intersection of PLR-DK IHE FormatCode And PLR-DK IHE FormatCode",
  "status" : "active",
  "date" : "2025-05-08T11:39:45+00:00",
  "compose" : {
    "include" : [{
      "concept" : [{
        "code" : "urn:ad:dk:medcom:plr-v1.0:full"
      }]
    }]
  }
}