{
  "package": "medcom.fhir.dk.acknowledgement",
  "version": "2.0.0",
  "fhirVersion": "4.0.1",
  "jurisdiction": "DK",
  "extensions": [],
  "profiles": {
    "OperationOutcome": [
      {
        "url": "http://medcomfhir.dk/ig/acknowledgement/StructureDefinition/medcom-acknowledgement-operationoutcome",
        "title": "MedComAcknowledgementOperationOutcome"
      }
    ],
    "Bundle": [
      {
        "url": "http://medcomfhir.dk/ig/acknowledgement/StructureDefinition/medcom-messaging-acknowledgement",
        "title": "MedComAcknowledgementMessage"
      }
    ],
    "MessageHeader": [
      {
        "url": "http://medcomfhir.dk/ig/acknowledgement/StructureDefinition/medcom-messaging-acknowledgementHeader",
        "title": "MedComAcknowledgementMessageHeader"
      }
    ]
  },
  "usage": {
    "http://hl7.org/fhir/StructureDefinition/elementdefinition-bestpractice": [
      "StructureDefinition.snapshot.element.constraint"
    ],
    "http://hl7.org/fhir/StructureDefinition/elementdefinition-bestpractice-explanation": [
      "StructureDefinition.snapshot.element.constraint"
    ],
    "http://hl7.org/fhir/StructureDefinition/elementdefinition-bindingName": [
      "StructureDefinition.snapshot.element.binding"
    ],
    "http://hl7.org/fhir/StructureDefinition/elementdefinition-isCommonBinding": [
      "StructureDefinition.snapshot.element.binding"
    ],
    "http://hl7.org/fhir/StructureDefinition/elementdefinition-maxValueSet": [
      "StructureDefinition.snapshot.element.binding"
    ],
    "http://hl7.org/fhir/StructureDefinition/elementdefinition-translatable": [
      "StructureDefinition.snapshot.element"
    ],
    "http://hl7.org/fhir/StructureDefinition/structuredefinition-category": [
      "StructureDefinition"
    ],
    "http://hl7.org/fhir/StructureDefinition/structuredefinition-explicit-type-name": [
      "StructureDefinition.snapshot.element"
    ],
    "http://hl7.org/fhir/StructureDefinition/structuredefinition-fhir-type": [
      "StructureDefinition.snapshot.element.type"
    ],
    "http://hl7.org/fhir/StructureDefinition/structuredefinition-security-category": [
      "StructureDefinition"
    ],
    "http://hl7.org/fhir/StructureDefinition/structuredefinition-standards-status": [
      "StructureDefinition.snapshot.element"
    ],
    "http://hl7.org/fhir/tools/StructureDefinition/ig-page-name": [
      "ImplementationGuide.definition.page",
      "ImplementationGuide.definition.page.page"
    ],
    "http://hl7.org/fhir/tools/StructureDefinition/ig-parameter": [
      "ImplementationGuide.definition"
    ],
    "http://hl7.org/fhir/tools/StructureDefinition/resource-information": [
      "ImplementationGuide.definition.resource"
    ],
    "http://medcomfhir.dk/ig/messaging/StructureDefinition/medcom-messaging-destinationUseExtension": [
      "Bundle.entry.resource.destination",
      "MessageHeader.destination"
    ]
  }
}