<?xml version="1.0" encoding="UTF-8"?>

<Bundle xmlns="http://hl7.org/fhir">
  <id value="a8c041b8-c65a-4fde-a90f-962076918834"/>
  <meta>
    <profile value="http://medcomfhir.dk/ig/acknowledgement/StructureDefinition/medcom-messaging-acknowledgement"/>
  </meta>
  <type value="message"/>
  <timestamp value="2022-09-01T12:01:00Z"/>
  <entry>
    <fullUrl value="https://medcomfhir.dk/ig/acknowledgement/MessageHeader/aba2d9bf-2c6c-47e8-bce4-7928bcd51019"/>
    <resource>
      <MessageHeader>
        <id value="aba2d9bf-2c6c-47e8-bce4-7928bcd51019"/>
        <meta>
          <profile value="http://medcomfhir.dk/ig/acknowledgement/StructureDefinition/medcom-messaging-acknowledgementHeader"/>
        </meta>
        <text>
          <status value="generated"/><div xmlns="http://www.w3.org/1999/xhtml"><p><b>Generated Narrative: MessageHeader</b><a name="aba2d9bf-2c6c-47e8-bce4-7928bcd51019"> </a></p><div style="display: inline-block; background-color: #d9e0e7; padding: 6px; margin: 4px; border: 1px solid #8da1b4; border-radius: 5px; line-height: 60%"><p style="margin-bottom: 0px">Resource MessageHeader &quot;aba2d9bf-2c6c-47e8-bce4-7928bcd51019&quot; </p><p style="margin-bottom: 0px">Profile: <a href="StructureDefinition-medcom-messaging-acknowledgementHeader.html">MedComAcknowledgementMessageHeader</a></p></div><p><b>event</b>: Acknowledgement Message (Details: http://medcomfhir.dk/ig/terminology/CodeSystem/medcom-messaging-eventCodes code acknowledgement-message = 'Acknowledgement Message', stated as 'null')</p><h3>Destinations</h3><table class="grid"><tr><td style="display: none">-</td><td><b>Extension</b></td><td><b>Endpoint</b></td><td><b>Receiver</b></td></tr><tr><td style="display: none">*</td><td/><td><a href="https://sor2.sum.dsdn.dk/#id=265161000016000">https://sor2.sum.dsdn.dk/#id=265161000016000</a></td><td><a href="#Organization_74cdf292-abf3-4f5f-80ea-60a48013ff6d">See above (Organization/74cdf292-abf3-4f5f-80ea-60a48013ff6d)</a></td></tr></table><p><b>sender</b>: <a href="#Organization_d7056980-a8b2-42aa-8a0e-c1fc85d1f40d">See above (Organization/d7056980-a8b2-42aa-8a0e-c1fc85d1f40d)</a></p><h3>Sources</h3><table class="grid"><tr><td style="display: none">-</td><td><b>Endpoint</b></td></tr><tr><td style="display: none">*</td><td><a href="https://sor2.sum.dsdn.dk/#id=953741000016009">https://sor2.sum.dsdn.dk/#id=953741000016009</a></td></tr></table><h3>Responses</h3><table class="grid"><tr><td style="display: none">-</td><td><b>Identifier</b></td><td><b>Code</b></td></tr><tr><td style="display: none">*</td><td>42cb9200-f421-4d08-8391-7d51a2503cb4</td><td>ok</td></tr></table></div>
        </text>
        <eventCoding>
          <system value="http://medcomfhir.dk/ig/terminology/CodeSystem/medcom-messaging-eventCodes"/>
          <code value="acknowledgement-message"/>
        </eventCoding>
        <destination>
          <extension url="http://medcomfhir.dk/ig/messaging/StructureDefinition/medcom-messaging-destinationUseExtension">
            <valueCoding>
              <system value="http://medcomfhir.dk/ig/terminology/CodeSystem/medcom-messaging-destinationUse"/>
              <code value="primary"/>
            </valueCoding>
          </extension>
          <endpoint value="https://sor2.sum.dsdn.dk/#id=265161000016000"/>
          <receiver>
            <reference value="Organization/74cdf292-abf3-4f5f-80ea-60a48013ff6d"/>
          </receiver>
        </destination>
        <sender>
          <reference value="Organization/d7056980-a8b2-42aa-8a0e-c1fc85d1f40d"/>
        </sender>
        <source>
          <endpoint value="https://sor2.sum.dsdn.dk/#id=953741000016009"/>
        </source>
        <response>
          <identifier value="42cb9200-f421-4d08-8391-7d51a2503cb4"/>
          <code value="ok"/>
        </response>
      </MessageHeader>
    </resource>
  </entry>
  <entry>
    <fullUrl value="https://medcomfhir.dk/ig/acknowledgement/Provenance/4c284936-5454-4116-95fc-3c8eeeed2400"/>
    <resource>
      <Provenance>
        <id value="4c284936-5454-4116-95fc-3c8eeeed2400"/>
        <meta>
          <profile value="http://medcomfhir.dk/ig/messaging/StructureDefinition/medcom-messaging-provenance"/>
        </meta>
        <text>
          <status value="generated"/><div xmlns="http://www.w3.org/1999/xhtml"><p><b>Generated Narrative: Provenance</b><a name="4c284936-5454-4116-95fc-3c8eeeed2400"> </a></p><div style="display: inline-block; background-color: #d9e0e7; padding: 6px; margin: 4px; border: 1px solid #8da1b4; border-radius: 5px; line-height: 60%"><p style="margin-bottom: 0px">Resource Provenance &quot;4c284936-5454-4116-95fc-3c8eeeed2400&quot; </p><p style="margin-bottom: 0px">Profile: <a href="http://medcomfhir.dk/ig/messaging/2.0.0/StructureDefinition-medcom-messaging-provenance.html">MedComMessagingProvenance</a></p></div><p><b>target</b>: <a href="MessageHeader-42cb9200-f421-4d08-8391-7d51a2503cb4.html">MessageHeader/42cb9200-f421-4d08-8391-7d51a2503cb4</a></p><p><b>occurred</b>: 2022-09-01 12:01:20+0200</p><p><b>recorded</b>: 1. sep. 2022 14.01.20</p><p><b>activity</b>: A new message has been sent <span style="background: LightGoldenRodYellow; margin: 4px; border: 1px solid khaki"> (<a href="http://medcomfhir.dk/ig/terminology/1.4.0/CodeSystem-medcom-messaging-activityCodes.html">MedComMessagingActivityCodes</a>#new-message)</span></p><h3>Agents</h3><table class="grid"><tr><td style="display: none">-</td><td><b>Who</b></td></tr><tr><td style="display: none">*</td><td><a href="#Organization_d7056980-a8b2-42aa-8a0e-c1fc85d1f40d">See above (Organization/d7056980-a8b2-42aa-8a0e-c1fc85d1f40d)</a></td></tr></table></div>
        </text>
        <target>
          <reference value="MessageHeader/42cb9200-f421-4d08-8391-7d51a2503cb4"/>
        </target>
        <occurredDateTime value="2022-09-01T12:01:20+02:00"/>
        <recorded value="2022-09-01T12:01:20Z"/>
        <activity>
          <coding>
            <system value="http://medcomfhir.dk/ig/terminology/CodeSystem/medcom-messaging-activityCodes"/>
            <code value="new-message"/>
          </coding>
        </activity>
        <agent>
          <who>
            <reference value="Organization/d7056980-a8b2-42aa-8a0e-c1fc85d1f40d"/>
          </who>
        </agent>
      </Provenance>
    </resource>
  </entry>
  <entry>
    <fullUrl value="https://medcomfhir.dk/ig/acknowledgement/Provenance/69dab277-dd4b-4055-9fda-a10a65cb4412"/>
    <resource>
      <Provenance>
        <id value="69dab277-dd4b-4055-9fda-a10a65cb4412"/>
        <meta>
          <profile value="http://medcomfhir.dk/ig/messaging/StructureDefinition/medcom-messaging-provenance"/>
        </meta>
        <text>
          <status value="generated"/><div xmlns="http://www.w3.org/1999/xhtml"><p><b>Generated Narrative: Provenance</b><a name="69dab277-dd4b-4055-9fda-a10a65cb4412"> </a></p><div style="display: inline-block; background-color: #d9e0e7; padding: 6px; margin: 4px; border: 1px solid #8da1b4; border-radius: 5px; line-height: 60%"><p style="margin-bottom: 0px">Resource Provenance &quot;69dab277-dd4b-4055-9fda-a10a65cb4412&quot; </p><p style="margin-bottom: 0px">Profile: <a href="http://medcomfhir.dk/ig/messaging/2.0.0/StructureDefinition-medcom-messaging-provenance.html">MedComMessagingProvenance</a></p></div><p><b>target</b>: <a href="#MessageHeader_aba2d9bf-2c6c-47e8-bce4-7928bcd51019">See above (MessageHeader/aba2d9bf-2c6c-47e8-bce4-7928bcd51019)</a></p><p><b>occurred</b>: 2022-09-01 12:01:20+0200</p><p><b>recorded</b>: 1. sep. 2022 14.01.20</p><p><b>activity</b>: Acknowledgement message has been sent <span style="background: LightGoldenRodYellow; margin: 4px; border: 1px solid khaki"> (<a href="http://medcomfhir.dk/ig/terminology/1.4.0/CodeSystem-medcom-messaging-activityCodes.html">MedComMessagingActivityCodes</a>#acknowledgement)</span></p><h3>Agents</h3><table class="grid"><tr><td style="display: none">-</td><td><b>Who</b></td></tr><tr><td style="display: none">*</td><td><a href="#Organization_74cdf292-abf3-4f5f-80ea-60a48013ff6d">See above (Organization/74cdf292-abf3-4f5f-80ea-60a48013ff6d)</a></td></tr></table><h3>Entities</h3><table class="grid"><tr><td style="display: none">-</td><td><b>Role</b></td><td><b>What</b></td></tr><tr><td style="display: none">*</td><td>revision</td><td><a href="MessageHeader-42cb9200-f421-4d08-8391-7d51a2503cb4.html">MessageHeader/42cb9200-f421-4d08-8391-7d51a2503cb4</a></td></tr></table></div>
        </text>
        <target>
          <reference value="MessageHeader/aba2d9bf-2c6c-47e8-bce4-7928bcd51019"/>
        </target>
        <occurredDateTime value="2022-09-01T12:01:20+02:00"/>
        <recorded value="2022-09-01T12:01:20Z"/>
        <activity>
          <coding>
            <system value="http://medcomfhir.dk/ig/terminology/CodeSystem/medcom-messaging-activityCodes"/>
            <code value="acknowledgement"/>
          </coding>
        </activity>
        <agent>
          <who>
            <reference value="Organization/74cdf292-abf3-4f5f-80ea-60a48013ff6d"/>
          </who>
        </agent>
        <entity>
          <role value="revision"/>
          <what>
            <reference value="MessageHeader/42cb9200-f421-4d08-8391-7d51a2503cb4"/>
          </what>
        </entity>
      </Provenance>
    </resource>
  </entry>
  <entry>
    <fullUrl value="https://medcomfhir.dk/ig/acknowledgement/Organization/d7056980-a8b2-42aa-8a0e-c1fc85d1f40d"/>
    <resource>
      <Organization>
        <id value="d7056980-a8b2-42aa-8a0e-c1fc85d1f40d"/>
        <meta>
          <profile value="http://medcomfhir.dk/ig/messaging/StructureDefinition/medcom-messaging-organization"/>
        </meta>
        <text>
          <status value="generated"/><div xmlns="http://www.w3.org/1999/xhtml"><p><b>Generated Narrative: Organization</b><a name="d7056980-a8b2-42aa-8a0e-c1fc85d1f40d"> </a></p><div style="display: inline-block; background-color: #d9e0e7; padding: 6px; margin: 4px; border: 1px solid #8da1b4; border-radius: 5px; line-height: 60%"><p style="margin-bottom: 0px">Resource Organization &quot;d7056980-a8b2-42aa-8a0e-c1fc85d1f40d&quot; </p><p style="margin-bottom: 0px">Profile: <a href="http://medcomfhir.dk/ig/messaging/2.0.0/StructureDefinition-medcom-messaging-organization.html">MedComMessagingOrganization</a></p></div><p><b>identifier</b>: id: 5790001348120, id: 953741000016009</p><p><b>name</b>: Sender Organization</p></div>
        </text>
        <identifier>
          <system value="https://www.gs1.org/gln"/>
          <value value="5790001348120"/>
        </identifier>
        <identifier>
          <system value="urn:oid:1.2.208.176.1.1"/>
          <value value="953741000016009"/>
        </identifier>
        <name value="Sender Organization"/>
      </Organization>
    </resource>
  </entry>
  <entry>
    <fullUrl value="https://medcomfhir.dk/ig/acknowledgement/Organization/74cdf292-abf3-4f5f-80ea-60a48013ff6d"/>
    <resource>
      <Organization>
        <id value="74cdf292-abf3-4f5f-80ea-60a48013ff6d"/>
        <meta>
          <profile value="http://medcomfhir.dk/ig/messaging/StructureDefinition/medcom-messaging-organization"/>
        </meta>
        <text>
          <status value="generated"/><div xmlns="http://www.w3.org/1999/xhtml"><p><b>Generated Narrative: Organization</b><a name="74cdf292-abf3-4f5f-80ea-60a48013ff6d"> </a></p><div style="display: inline-block; background-color: #d9e0e7; padding: 6px; margin: 4px; border: 1px solid #8da1b4; border-radius: 5px; line-height: 60%"><p style="margin-bottom: 0px">Resource Organization &quot;74cdf292-abf3-4f5f-80ea-60a48013ff6d&quot; </p><p style="margin-bottom: 0px">Profile: <a href="http://medcomfhir.dk/ig/messaging/2.0.0/StructureDefinition-medcom-messaging-organization.html">MedComMessagingOrganization</a></p></div><p><b>identifier</b>: id: 5790000209354, id: 265161000016000</p><p><b>name</b>: Receiver Organization</p></div>
        </text>
        <identifier>
          <system value="https://www.gs1.org/gln"/>
          <value value="5790000209354"/>
        </identifier>
        <identifier>
          <system value="urn:oid:1.2.208.176.1.1"/>
          <value value="265161000016000"/>
        </identifier>
        <name value="Receiver Organization"/>
      </Organization>
    </resource>
  </entry>
</Bundle>