{
  "codeSystems" : [
    {
      "url" : "http://hl7.org/fhir/bundle-type",
      "version" : "4.0.1",
      "status" : "active",
      "name" : "BundleType",
      "title" : "BundleType",
      "description" : "Indicates the purpose of a bundle - how it is intended to be used.",
      "oids" : ["2.16.840.1.113883.4.642.4.621"],
      "uses" : {
      },
      "http://hl7.org/fhir/R4/valueset-bundle-type.html" : "BundleType"
    },
    {
      "url" : "http://hl7.org/fhir/http-verb",
      "version" : "4.0.1",
      "status" : "active",
      "name" : "HTTPVerb",
      "title" : "HTTPVerb",
      "description" : "HTTP verbs (in the HTTP command line). See [HTTP rfc](https://tools.ietf.org/html/rfc7231) for details.",
      "oids" : ["2.16.840.1.113883.4.642.4.625"],
      "uses" : {
      },
      "http://hl7.org/fhir/R4/valueset-http-verb.html" : "HTTPVerb"
    },
    {
      "url" : "http://hl7.org/fhir/issue-severity",
      "version" : "4.0.1",
      "status" : "active",
      "name" : "IssueSeverity",
      "title" : "IssueSeverity",
      "description" : "How the issue affects the success of the action.",
      "oids" : ["2.16.840.1.113883.4.642.4.409"],
      "uses" : {
      },
      "http://hl7.org/fhir/R4/valueset-issue-severity.html" : "IssueSeverity"
    },
    {
      "url" : "http://hl7.org/fhir/issue-type",
      "version" : "4.0.1",
      "status" : "active",
      "name" : "IssueType",
      "title" : "IssueType",
      "description" : "A code that describes the type of issue.",
      "oids" : ["2.16.840.1.113883.4.642.4.411"],
      "uses" : {
      },
      "http://hl7.org/fhir/R4/valueset-issue-type.html" : "IssueType"
    },
    {
      "url" : "http://hl7.org/fhir/message-events",
      "version" : "4.0.1",
      "status" : "active",
      "name" : "MessageEvent",
      "title" : "MessageEvent",
      "description" : "One of the message events defined as part of this version of FHIR.",
      "uses" : {
      },
      "http://hl7.org/fhir/R4/valueset-message-events.html" : "MessageEvent"
    },
    {
      "url" : "http://hl7.org/fhir/response-code",
      "version" : "4.0.1",
      "status" : "draft",
      "name" : "ResponseType",
      "title" : "ResponseType",
      "description" : "The kind of response to a message.",
      "oids" : ["2.16.840.1.113883.4.642.4.381"],
      "uses" : {
      },
      "http://hl7.org/fhir/R4/valueset-response-code.html" : "ResponseType"
    },
    {
      "url" : "http://hl7.org/fhir/search-entry-mode",
      "version" : "4.0.1",
      "status" : "active",
      "name" : "SearchEntryMode",
      "title" : "SearchEntryMode",
      "description" : "Why an entry is in the result set - whether it's included as a match or because of an _include requirement, or to convey information or warning information about the search process.",
      "oids" : ["2.16.840.1.113883.4.642.4.623"],
      "uses" : {
      },
      "http://hl7.org/fhir/R4/valueset-search-entry-mode.html" : "SearchEntryMode"
    },
    {
      "url" : "http://medcomfhir.dk/ig/terminology/CodeSystem/medcom-acknowledgement-error-codes",
      "version" : "1.4.0",
      "status" : "active",
      "name" : "MedComAcknowledgementErrorCodes",
      "title" : "MedComAcknowledgementErrorCodes",
      "description" : "CodeSystem including detailed error codes describtions. ",
      "uses" : {
      },
      "http://medcomfhir.dk/ig/terminology/1.4.0/ValueSet-medcom-acknowledgement-issue-details.html" : "MedComAcknowledgementIssueDetailValues"
    },
    {
      "url" : "http://medcomfhir.dk/ig/terminology/CodeSystem/medcom-messaging-eventCodes",
      "version" : "1.4.0",
      "status" : "active",
      "name" : "MedComMessageEventCodes",
      "title" : "MedComMessagingEventCodes",
      "description" : "CodeSystem including all types of MedCom messages",
      "uses" : {
      },
      "http://medcomfhir.dk/ig/terminology/1.4.0/ValueSet-medcom-messaging-messageTypes.html" : "MedComMessagingMessageTypes"
    },
    {
      "url" : "http://terminology.hl7.org/CodeSystem/message-reasons-encounter",
      "version" : "0.1.0",
      "status" : "draft",
      "name" : "ExampleMessageReasonCodes",
      "title" : "Example Message Reason Codes",
      "description" : "Example Message Reasons. These are the set of codes that might be used an updating an encounter using admin-update.",
      "oids" : ["2.16.840.1.113883.4.642.1.1122"],
      "uses" : {
      },
      "http://hl7.org/fhir/R4/valueset-message-reason-encounter.html" : "Example Message Reason Codes"
    },
    {
      "url" : "http://terminology.hl7.org/CodeSystem/operation-outcome",
      "version" : "2.0.0",
      "status" : "draft",
      "name" : "OperationOutcomeCodes",
      "title" : "Operation Outcome Codes",
      "description" : "Operation Outcome codes used by FHIR test servers (see Implementation file translations.xml)",
      "oids" : ["2.16.840.1.113883.4.642.1.1127"],
      "uses" : {
      },
      "http://hl7.org/fhir/R4/valueset-operation-outcome.html" : "Operation Outcome Codes"
    },
    {
      "url" : "urn:ietf:bcp:47",
      "version" : "2.0.1",
      "status" : "active",
      "name" : "Ietf3066",
      "title" : "Tags for the Identification of Languages",
      "description" : "Older value from OID registry.  Superceded; see recommendations in BCP-47.",
      "oids" : ["2.16.840.1.113883.6.121"],
      "uses" : {
      },
      "http://hl7.org/fhir/R4/valueset-languages.html" : "Common Languages"
    }
  ]
}
