{
  "codeSystems" : [
    {
      "url" : "http://medcomfhir.dk/ig/terminology/CodeSystem/medcom-acknowledgement-error-codes",
      "version" : "1.4.0",
      "status" : "active",
      "name" : "MedComAcknowledgementErrorCodes",
      "title" : "MedComAcknowledgementErrorCodes",
      "description" : "CodeSystem including detailed error codes describtions. ",
      "uses" : {
      },
      "http://medcomfhir.dk/ig/terminology/1.4.0/ValueSet-medcom-acknowledgement-issue-details.html" : "MedComAcknowledgementIssueDetailValues"
    }
  ]
}
