<?xml version="1.0" encoding="UTF-8"?>

<OperationOutcome xmlns="http://hl7.org/fhir">
  <id value="a87bc9d4-f876-4b6f-8585-40b26dc1e369"/>
  <meta>
    <profile value="http://medcomfhir.dk/ig/acknowledgement/StructureDefinition/medcom-acknowledgement-operationoutcome"/>
  </meta>
  <text>
    <status value="generated"/><div xmlns="http://www.w3.org/1999/xhtml"><p><b>Generated Narrative: OperationOutcome</b><a name="a87bc9d4-f876-4b6f-8585-40b26dc1e369"> </a></p><div style="display: inline-block; background-color: #d9e0e7; padding: 6px; margin: 4px; border: 1px solid #8da1b4; border-radius: 5px; line-height: 60%"><p style="margin-bottom: 0px">Resource OperationOutcome &quot;a87bc9d4-f876-4b6f-8585-40b26dc1e369&quot; </p><p style="margin-bottom: 0px">Profile: <a href="StructureDefinition-medcom-acknowledgement-operationoutcome.html">MedComAcknowledgementOperationOutcome</a></p></div><h3>Issues</h3><table class="grid"><tr><td style="display: none">-</td><td><b>Severity</b></td><td><b>Code</b></td><td><b>Details</b></td></tr><tr><td style="display: none">*</td><td>information</td><td>informational</td><td>No summary for the Patient instance. <span style="background: LightGoldenRodYellow; margin: 4px; border: 1px solid khaki"> ()</span></td></tr></table></div>
  </text>
  <issue>
    <severity value="information"/>
    <code value="informational"/>
    <details>
      <text value="No summary for the Patient instance."/>
    </details>
  </issue>
</OperationOutcome>