{
  "codeSystems" : [
    {
      "url" : "http://hl7.org/fhir/ValueSet/bundle-type",
      "version" : "4.0.1",
      "status" : "active",
      "name" : "BundleType",
      "title" : "BundleType",
      "description" : "Indicates the purpose of a bundle - how it is intended to be used.",
      "systems" : ["http://hl7.org/fhir/bundle-type"],
      "oids" : ["2.16.840.1.113883.4.642.3.620"],
      "sources" : ["2.16.840.1.113883.4.642.3.620"],
      "uses" : {
      },
      "StructureDefinition-medcom-messaging-acknowledgement.html" : "MedComAcknowledgementMessage"
    },
    {
      "url" : "http://hl7.org/fhir/ValueSet/http-verb",
      "version" : "4.0.1",
      "status" : "active",
      "name" : "HTTPVerb",
      "title" : "HTTPVerb",
      "description" : "HTTP verbs (in the HTTP command line). See [HTTP rfc](https://tools.ietf.org/html/rfc7231) for details.",
      "systems" : ["http://hl7.org/fhir/http-verb"],
      "oids" : ["2.16.840.1.113883.4.642.3.624"],
      "sources" : ["2.16.840.1.113883.4.642.3.624"],
      "uses" : {
      },
      "StructureDefinition-medcom-messaging-acknowledgement.html" : "MedComAcknowledgementMessage"
    },
    {
      "url" : "http://hl7.org/fhir/ValueSet/issue-severity",
      "version" : "4.0.1",
      "status" : "active",
      "name" : "IssueSeverity",
      "title" : "IssueSeverity",
      "description" : "How the issue affects the success of the action.",
      "systems" : ["http://hl7.org/fhir/issue-severity"],
      "oids" : ["2.16.840.1.113883.4.642.3.408"],
      "sources" : ["2.16.840.1.113883.4.642.3.408"],
      "uses" : {
      },
      "StructureDefinition-medcom-acknowledgement-operationoutcome.html" : "MedComAcknowledgementOperationOutcome"
    },
    {
      "url" : "http://hl7.org/fhir/ValueSet/issue-type",
      "version" : "4.0.1",
      "status" : "active",
      "name" : "IssueType",
      "title" : "IssueType",
      "description" : "A code that describes the type of issue.",
      "systems" : ["http://hl7.org/fhir/issue-type"],
      "oids" : ["2.16.840.1.113883.4.642.3.410"],
      "sources" : ["2.16.840.1.113883.4.642.3.410"],
      "uses" : {
      },
      "StructureDefinition-medcom-acknowledgement-operationoutcome.html" : "MedComAcknowledgementOperationOutcome"
    },
    {
      "url" : "http://hl7.org/fhir/ValueSet/languages",
      "version" : "4.0.1",
      "status" : "draft",
      "name" : "CommonLanguages",
      "title" : "Common Languages",
      "description" : "This value set includes common codes from BCP-47 (http://tools.ietf.org/html/bcp47)",
      "systems" : ["urn:ietf:bcp:47"],
      "oids" : ["2.16.840.1.113883.4.642.3.20"],
      "sources" : ["2.16.840.1.113883.4.642.3.20"],
      "uses" : {
      },
      "StructureDefinition-medcom-acknowledgement-operationoutcome.html" : "MedComAcknowledgementOperationOutcome",
      "StructureDefinition-medcom-messaging-acknowledgement.html" : "MedComAcknowledgementMessage",
      "StructureDefinition-medcom-messaging-acknowledgementHeader.html" : "MedComAcknowledgementMessageHeader"
    },
    {
      "url" : "http://hl7.org/fhir/ValueSet/message-events",
      "version" : "4.0.1",
      "status" : "active",
      "name" : "MessageEvent",
      "title" : "MessageEvent",
      "description" : "One of the message events defined as part of this version of FHIR.",
      "systems" : ["http://hl7.org/fhir/message-events"],
      "oids" : ["2.16.840.1.113883.4.642.3.26"],
      "sources" : ["2.16.840.1.113883.4.642.3.26"],
      "uses" : {
      },
      "StructureDefinition-medcom-messaging-acknowledgementHeader.html" : "MedComAcknowledgementMessageHeader"
    },
    {
      "url" : "http://hl7.org/fhir/ValueSet/message-reason-encounter",
      "version" : "4.0.1",
      "status" : "draft",
      "name" : "ExampleMessageReasonCodes",
      "title" : "Example Message Reason Codes",
      "description" : "Example Message Reasons. These are the set of codes that might be used an updating an encounter using admin-update.",
      "systems" : [
        "http://terminology.hl7.org/CodeSystem/message-reasons-encounter"
      ],
      "oids" : ["2.16.840.1.113883.4.642.3.378"],
      "sources" : ["2.16.840.1.113883.4.642.3.378"],
      "uses" : {
      },
      "StructureDefinition-medcom-messaging-acknowledgementHeader.html" : "MedComAcknowledgementMessageHeader"
    },
    {
      "url" : "http://hl7.org/fhir/ValueSet/operation-outcome",
      "version" : "4.0.1",
      "status" : "draft",
      "name" : "OperationOutcomeCodes",
      "title" : "Operation Outcome Codes",
      "description" : "Operation Outcome codes used by FHIR test servers (see Implementation file translations.xml)",
      "systems" : ["http://terminology.hl7.org/CodeSystem/operation-outcome"],
      "oids" : ["2.16.840.1.113883.4.642.3.412"],
      "sources" : ["2.16.840.1.113883.4.642.3.412"],
      "uses" : {
      },
      "StructureDefinition-medcom-acknowledgement-operationoutcome.html" : "MedComAcknowledgementOperationOutcome"
    },
    {
      "url" : "http://hl7.org/fhir/ValueSet/response-code",
      "version" : "4.0.1",
      "status" : "draft",
      "name" : "ResponseType",
      "title" : "ResponseType",
      "description" : "The kind of response to a message.",
      "systems" : ["http://hl7.org/fhir/response-code"],
      "oids" : ["2.16.840.1.113883.4.642.3.380"],
      "sources" : ["2.16.840.1.113883.4.642.3.380"],
      "uses" : {
      },
      "StructureDefinition-medcom-messaging-acknowledgementHeader.html" : "MedComAcknowledgementMessageHeader"
    },
    {
      "url" : "http://hl7.org/fhir/ValueSet/search-entry-mode",
      "version" : "4.0.1",
      "status" : "active",
      "name" : "SearchEntryMode",
      "title" : "SearchEntryMode",
      "description" : "Why an entry is in the result set - whether it's included as a match or because of an _include requirement, or to convey information or warning information about the search process.",
      "systems" : ["http://hl7.org/fhir/search-entry-mode"],
      "oids" : ["2.16.840.1.113883.4.642.3.622"],
      "sources" : ["2.16.840.1.113883.4.642.3.622"],
      "uses" : {
      },
      "StructureDefinition-medcom-messaging-acknowledgement.html" : "MedComAcknowledgementMessage"
    },
    {
      "url" : "http://medcomfhir.dk/ig/terminology/ValueSet/medcom-acknowledgement-issue-details",
      "version" : "1.4.0",
      "status" : "active",
      "name" : "MedComAcknowledgementIssueDetailValues",
      "title" : "MedComAcknowledgementIssueDetailValues",
      "description" : "ValueSet including detailed issues describtions.",
      "systems" : [
        "http://medcomfhir.dk/ig/terminology/CodeSystem/medcom-acknowledgement-error-codes",
        "http://hl7.org/fhir/ValueSet/operation-outcome"
      ],
      "uses" : {
      },
      "StructureDefinition-medcom-acknowledgement-operationoutcome.html" : "MedComAcknowledgementOperationOutcome"
    },
    {
      "url" : "http://medcomfhir.dk/ig/terminology/ValueSet/medcom-messaging-messageTypes",
      "version" : "1.4.0",
      "status" : "active",
      "name" : "MedComMessagingMessageTypes",
      "title" : "MedComMessagingMessageTypes",
      "description" : "All message types of MedCom messages",
      "systems" : [
        "http://medcomfhir.dk/ig/terminology/CodeSystem/medcom-messaging-eventCodes"
      ],
      "uses" : {
      },
      "StructureDefinition-medcom-messaging-acknowledgementHeader.html" : "MedComAcknowledgementMessageHeader"
    }
  ]
}
