{
  "resourceType" : "PractitionerRole",
  "id" : "3b1f7d8c-540e-474c-b079-89284c2de621",
  "meta" : {
    "profile" : ["http://medcomfhir.dk/ig/core/StructureDefinition/medcom-core-practitionerrole"]
  },
  "text" : {
    "status" : "generated",
    "div" : "<div xmlns=\"http://www.w3.org/1999/xhtml\"><p class=\"res-header-id\"><b>Generated Narrative: PractitionerRole 3b1f7d8c-540e-474c-b079-89284c2de621</b></p><a name=\"3b1f7d8c-540e-474c-b079-89284c2de621\"> </a><a name=\"hc3b1f7d8c-540e-474c-b079-89284c2de621\"> </a><div style=\"display: inline-block; background-color: #d9e0e7; padding: 6px; margin: 4px; border: 1px solid #8da1b4; border-radius: 5px; line-height: 60%\"><p style=\"margin-bottom: 0px\"/><p style=\"margin-bottom: 0px\">Profile: <a href=\"http://medcomfhir.dk/ig/core/3.0.0/StructureDefinition-medcom-core-practitionerrole.html\">MedComCorePractitionerRole</a></p></div><p><b>practitioner</b>: <a href=\"Practitioner-6397c13d-7cb2-4834-871c-47f528bb79cf.html\">Practitioner Michael Burns </a></p><p><b>organization</b>: <a href=\"Organization-c39b114b-a9c1-46bb-ac30-e3ce71f28c3a.html\">Organization Hjerteafdelingen på Herlev og Gentofte hospital</a></p><p><b>code</b>: <span title=\"Codes:{http://medcomfhir.dk/ig/terminology/CodeSystem/medcom-core-PractitionerRolesSKSadministrativ sygeplejerske}\">Sygeplejerske</span></p></div>"
  },
  "practitioner" : {
    "reference" : "Practitioner/6397c13d-7cb2-4834-871c-47f528bb79cf"
  },
  "organization" : {
    "reference" : "Organization/c39b114b-a9c1-46bb-ac30-e3ce71f28c3a"
  },
  "code" : [{
    "coding" : [{
      "system" : "http://medcomfhir.dk/ig/terminology/CodeSystem/medcom-core-PractitionerRolesSKSadministrativ",
      "code" : "sygeplejerske"
    }]
  }]
}