<?xml version="1.0" encoding="UTF-8"?><ValueSet xmlns="http://hl7.org/fhir"><id value="medcom-careCommunication-messagingActivities"/><text><status value="generated"/><div xmlns="http://www.w3.org/1999/xhtml"><p class="res-header-id"><b>Generated Narrative: ValueSet medcom-careCommunication-messagingActivities</b></p><a name="medcom-careCommunication-messagingActivities"> </a><a name="hcmedcom-careCommunication-messagingActivities"> </a><a name="hcmedcom-careCommunication-messagingActivities-da-DK"> </a><ul><li>Include these codes as defined in <a href="CodeSystem-medcom-messaging-activityCodes.html"><code>http://medcomfhir.dk/ig/terminology/CodeSystem/medcom-messaging-activityCodes</code></a><table class="none"><tr><td style="white-space:nowrap"><b>Code</b></td><td><b>Display</b></td></tr><tr><td><a href="CodeSystem-medcom-messaging-activityCodes.html#medcom-messaging-activityCodes-new-message">new-message</a></td><td style="color: #cccccc">A new message has been sent</td></tr><tr><td><a href="CodeSystem-medcom-messaging-activityCodes.html#medcom-messaging-activityCodes-reply-message">reply-message</a></td><td style="color: #cccccc">A message has been replied to</td></tr><tr><td><a href="CodeSystem-medcom-messaging-activityCodes.html#medcom-messaging-activityCodes-forward-message">forward-message</a></td><td style="color: #cccccc">A message has been forwarded and potentially changed</td></tr></table></li></ul></div></text><url value="http://medcomfhir.dk/ig/terminology/ValueSet/medcom-careCommunication-messagingActivities"/><version value="1.8.0"/><name value="MedComCareCommunicationMessageActivities"/><title value="MedComCareCommunicationMessageActivityCodes"/><status value="active"/><experimental value="false"/><date value="2022-11-01"/><publisher value="MedCom"/><contact><name value="MedCom"/><telecom><system value="url"/><value value="http://www.medcom.dk"/></telecom></contact><description value="ValueSet containg activity codes for care communication messages"/><jurisdiction><coding><system value="urn:iso:std:iso:3166"/><code value="DK"/><display value="Denmark"/></coding></jurisdiction><compose><include><system value="http://medcomfhir.dk/ig/terminology/CodeSystem/medcom-messaging-activityCodes"/><concept><code value="new-message"/></concept><concept><code value="reply-message"/></concept><concept><code value="forward-message"/></concept></include></compose></ValueSet>