<?xml version="1.0" encoding="UTF-8"?><ValueSet xmlns="http://hl7.org/fhir"><id value="medcom-corediagnosticreport-status"/><text><status value="extensions"/><div xmlns="http://www.w3.org/1999/xhtml"><p class="res-header-id"><b>Generated Narrative: ValueSet medcom-corediagnosticreport-status</b></p><a name="medcom-corediagnosticreport-status"> </a><a name="hcmedcom-corediagnosticreport-status"> </a><a name="hcmedcom-corediagnosticreport-status-da-DK"> </a><ul><li>Include these codes as defined in <a href="http://hl7.org/fhir/R4/codesystem-diagnostic-report-status.html"><code>http://hl7.org/fhir/diagnostic-report-status</code></a><table class="none"><tr><td style="white-space:nowrap"><b>Code</b></td><td><b>Display</b></td><td><b>Definition</b></td><td><b>Dansk (Danish, da)</b></td></tr><tr><td><a href="http://hl7.org/fhir/R4/codesystem-diagnostic-report-status.html#diagnostic-report-status-registered">registered</a></td><td>Registered</td><td>The existence of the report is registered, but there is nothing yet available.</td><td>Modtaget</td></tr><tr><td><a href="http://hl7.org/fhir/R4/codesystem-diagnostic-report-status.html#diagnostic-report-status-partial">partial</a></td><td>Partial</td><td>This is a partial (e.g. initial, interim or preliminary) report: data in the report may be incomplete or unverified.</td><td>Del svar</td></tr><tr><td><a href="http://hl7.org/fhir/R4/codesystem-diagnostic-report-status.html#diagnostic-report-status-final">final</a></td><td>Final</td><td>The report is complete and verified by an authorized person.</td><td>Komplet svar</td></tr><tr><td><a href="http://hl7.org/fhir/R4/codesystem-diagnostic-report-status.html#diagnostic-report-status-corrected">corrected</a></td><td>Corrected</td><td>Subsequent to being final, the report has been modified  to correct an error in the report or referenced results.</td><td>Rettet</td></tr><tr><td><a href="http://hl7.org/fhir/R4/codesystem-diagnostic-report-status.html#diagnostic-report-status-cancelled">cancelled</a></td><td>Cancelled</td><td>The report is unavailable because the measurement was not started or not completed (also sometimes called &quot;aborted&quot;).</td><td>Annulleret</td></tr></table></li></ul></div></text><url value="http://medcomfhir.dk/ig/terminology/ValueSet/medcom-corediagnosticreport-status"/><version value="1.8.0"/><name value="MedComCoreDiagnosticReportStatus"/><title value="MedComCoreDiagnosticReportStatus"/><status value="active"/><experimental value="true"/><date value="2023-10-31"/><publisher value="MedCom"/><contact><name value="MedCom"/><telecom><system value="url"/><value value="http://www.medcom.dk"/></telecom></contact><description value="ValueSet containing status codes for MedCom DiagnosticReport"/><jurisdiction><coding><system value="urn:iso:std:iso:3166"/><code value="DK"/><display value="Denmark"/></coding></jurisdiction><compose><include><system value="http://hl7.org/fhir/diagnostic-report-status"/><concept><code value="registered"/><display value="Registered"/><designation><language value="da"/><value value="Modtaget"/></designation></concept><concept><code value="partial"/><display value="Partial"/><designation><language value="da"/><value value="Del svar"/></designation></concept><concept><code value="final"/><display value="Final"/><designation><language value="da"/><value value="Komplet svar"/></designation></concept><concept><code value="corrected"/><display value="Corrected"/><designation><language value="da"/><value value="Rettet"/></designation></concept><concept><code value="cancelled"/><display value="Cancelled"/><designation><language value="da"/><value value="Annulleret"/></designation></concept></include></compose></ValueSet>