<?xml version="1.0" encoding="UTF-8"?><ImplementationGuide xmlns="http://hl7.org/fhir"><id value="medcom.fhir.dk.messaging"/><text><status value="generated"/><div xmlns="http://www.w3.org/1999/xhtml"><p class="res-header-id"><b>Generated Narrative: ImplementationGuide medcom.fhir.dk.messaging</b></p><a name="medcom.fhir.dk.messaging"> </a><a name="hcmedcom.fhir.dk.messaging"> </a><a name="medcom.fhir.dk.messaging-da-DK"> </a><h2>DKMedComMessaging</h2><p>The official URL for this implementation guide is: </p><pre>http://medcomfhir.dk/ig/messaging/ImplementationGuide/medcom.fhir.dk.messaging</pre><div><p>This IG includes messaging profiles defined by MedCom. These profiles are used in messagebased communication</p>
</div></div></text><url value="http://medcomfhir.dk/ig/messaging/ImplementationGuide/medcom.fhir.dk.messaging"/><version value="3.0.0"/><name value="DKMedComMessaging"/><title value="DK MedCom Messaging"/><status value="active"/><date value="2025-05-14T11:02:14+00:00"/><publisher value="MedCom"/><contact><name value="MedCom"/><telecom><system value="url"/><value value="http://www.medcom.dk"/></telecom></contact><description value="This IG includes messaging profiles defined by MedCom. These profiles are used in messagebased communication"/><jurisdiction><coding><system value="urn:iso:std:iso:3166"/><code value="DK"/><display value="Denmark"/></coding></jurisdiction><packageId value="medcom.fhir.dk.messaging"/><license value="CC0-1.0"/><fhirVersion value="4.0.1"/><dependsOn id="hl7tx"><extension url="http://hl7.org/fhir/tools/StructureDefinition/implementationguide-dependency-comment"><valueMarkdown value="Automatically added as a dependency - all IGs depend on HL7 Terminology"/></extension><uri value="http://terminology.hl7.org/ImplementationGuide/hl7.terminology"/><packageId value="hl7.terminology.r4"/><version value="6.3.0"/></dependsOn><dependsOn id="hl7ext"><extension url="http://hl7.org/fhir/tools/StructureDefinition/implementationguide-dependency-comment"><valueMarkdown value="Automatically added as a dependency - all IGs depend on the HL7 Extension Pack"/></extension><uri value="http://hl7.org/fhir/extensions/ImplementationGuide/hl7.fhir.uv.extensions"/><packageId value="hl7.fhir.uv.extensions.r4"/><version value="5.2.0"/></dependsOn><dependsOn id="hl7_fhir_dk_core"><uri value="http://hl7.dk/fhir/core/ImplementationGuide/hl7.fhir.dk.core"/><packageId value="hl7.fhir.dk.core"/><version value="3.2.0"/></dependsOn><dependsOn id="medcom_fhir_dk_core"><uri value="http://medcomfhir.dk/ig/core/ImplementationGuide/medcom.fhir.dk.core"/><packageId value="medcom.fhir.dk.core"/><version value="2.4.0"/></dependsOn><definition><extension url="http://hl7.org/fhir/tools/StructureDefinition/ig-parameter"><extension url="code"><valueString value="copyrightyear"/></extension><extension url="value"><valueString value="2021+"/></extension></extension><extension url="http://hl7.org/fhir/tools/StructureDefinition/ig-parameter"><extension url="code"><valueString value="releaselabel"/></extension><extension url="value"><valueString value="release"/></extension></extension><extension url="http://hl7.org/fhir/tools/StructureDefinition/ig-parameter"><extension url="code"><valueString value="apply-contact"/></extension><extension url="value"><valueString value="true"/></extension></extension><extension url="http://hl7.org/fhir/tools/StructureDefinition/ig-parameter"><extension url="code"><valueString value="apply-jurisdiction"/></extension><extension url="value"><valueString value="true"/></extension></extension><extension url="http://hl7.org/fhir/tools/StructureDefinition/ig-parameter"><extension url="code"><valueString value="apply-publisher"/></extension><extension url="value"><valueString value="true"/></extension></extension><extension url="http://hl7.org/fhir/tools/StructureDefinition/ig-parameter"><extension url="code"><valueString value="autoload-resources"/></extension><extension url="value"><valueString value="true"/></extension></extension><extension url="http://hl7.org/fhir/tools/StructureDefinition/ig-parameter"><extension url="code"><valueString value="path-liquid"/></extension><extension url="value"><valueString value="template/liquid"/></extension></extension><extension url="http://hl7.org/fhir/tools/StructureDefinition/ig-parameter"><extension url="code"><valueString value="path-liquid"/></extension><extension url="value"><valueString value="input/liquid"/></extension></extension><extension url="http://hl7.org/fhir/tools/StructureDefinition/ig-parameter"><extension url="code"><valueString value="path-qa"/></extension><extension url="value"><valueString value="temp/qa"/></extension></extension><extension url="http://hl7.org/fhir/tools/StructureDefinition/ig-parameter"><extension url="code"><valueString value="path-temp"/></extension><extension url="value"><valueString value="temp/pages"/></extension></extension><extension url="http://hl7.org/fhir/tools/StructureDefinition/ig-parameter"><extension url="code"><valueString value="path-output"/></extension><extension url="value"><valueString value="output"/></extension></extension><extension url="http://hl7.org/fhir/tools/StructureDefinition/ig-parameter"><extension url="code"><valueString value="path-suppressed-warnings"/></extension><extension url="value"><valueString value="input/ignoreWarnings.txt"/></extension></extension><extension url="http://hl7.org/fhir/tools/StructureDefinition/ig-parameter"><extension url="code"><valueString value="path-history"/></extension><extension url="value"><valueString value="http://medcomfhir.dk/ig/messaging/history.html"/></extension></extension><extension url="http://hl7.org/fhir/tools/StructureDefinition/ig-parameter"><extension url="code"><valueString value="template-html"/></extension><extension url="value"><valueString value="template-page.html"/></extension></extension><extension url="http://hl7.org/fhir/tools/StructureDefinition/ig-parameter"><extension url="code"><valueString value="template-md"/></extension><extension url="value"><valueString value="template-page-md.html"/></extension></extension><extension url="http://hl7.org/fhir/tools/StructureDefinition/ig-parameter"><extension url="code"><valueString value="apply-context"/></extension><extension url="value"><valueString value="true"/></extension></extension><extension url="http://hl7.org/fhir/tools/StructureDefinition/ig-parameter"><extension url="code"><valueString value="apply-copyright"/></extension><extension url="value"><valueString value="true"/></extension></extension><extension url="http://hl7.org/fhir/tools/StructureDefinition/ig-parameter"><extension url="code"><valueString value="apply-license"/></extension><extension url="value"><valueString value="true"/></extension></extension><extension url="http://hl7.org/fhir/tools/StructureDefinition/ig-parameter"><extension url="code"><valueString value="apply-version"/></extension><extension url="value"><valueString value="true"/></extension></extension><extension url="http://hl7.org/fhir/tools/StructureDefinition/ig-parameter"><extension url="code"><valueString value="apply-wg"/></extension><extension url="value"><valueString value="true"/></extension></extension><extension url="http://hl7.org/fhir/tools/StructureDefinition/ig-parameter"><extension url="code"><valueString value="active-tables"/></extension><extension url="value"><valueString value="true"/></extension></extension><extension url="http://hl7.org/fhir/tools/StructureDefinition/ig-parameter"><extension url="code"><valueString value="fmm-definition"/></extension><extension url="value"><valueString value="http://hl7.org/fhir/versions.html#maturity"/></extension></extension><extension url="http://hl7.org/fhir/tools/StructureDefinition/ig-parameter"><extension url="code"><valueString value="propagate-status"/></extension><extension url="value"><valueString value="true"/></extension></extension><extension url="http://hl7.org/fhir/tools/StructureDefinition/ig-parameter"><extension url="code"><valueString value="excludelogbinaryformat"/></extension><extension url="value"><valueString value="true"/></extension></extension><extension url="http://hl7.org/fhir/tools/StructureDefinition/ig-parameter"><extension url="code"><valueString value="tabbed-snapshots"/></extension><extension url="value"><valueString value="true"/></extension></extension><extension url="http://hl7.org/fhir/tools/StructureDefinition/ig-internal-dependency"><valueCode value="hl7.fhir.uv.tools.r4#0.5.0"/></extension><extension url="http://hl7.org/fhir/tools/StructureDefinition/ig-parameter"><extension url="code"><valueCode value="copyrightyear"/></extension><extension url="value"><valueString value="2021+"/></extension></extension><extension url="http://hl7.org/fhir/tools/StructureDefinition/ig-parameter"><extension url="code"><valueCode value="releaselabel"/></extension><extension url="value"><valueString value="release"/></extension></extension><extension url="http://hl7.org/fhir/tools/StructureDefinition/ig-parameter"><extension url="code"><valueCode value="apply-contact"/></extension><extension url="value"><valueString value="true"/></extension></extension><extension url="http://hl7.org/fhir/tools/StructureDefinition/ig-parameter"><extension url="code"><valueCode value="apply-jurisdiction"/></extension><extension url="value"><valueString value="true"/></extension></extension><extension url="http://hl7.org/fhir/tools/StructureDefinition/ig-parameter"><extension url="code"><valueCode value="apply-publisher"/></extension><extension url="value"><valueString value="true"/></extension></extension><extension url="http://hl7.org/fhir/tools/StructureDefinition/ig-parameter"><extension url="code"><valueCode value="autoload-resources"/></extension><extension url="value"><valueString value="true"/></extension></extension><extension url="http://hl7.org/fhir/tools/StructureDefinition/ig-parameter"><extension url="code"><valueCode value="path-liquid"/></extension><extension url="value"><valueString value="template/liquid"/></extension></extension><extension url="http://hl7.org/fhir/tools/StructureDefinition/ig-parameter"><extension url="code"><valueCode value="path-liquid"/></extension><extension url="value"><valueString value="input/liquid"/></extension></extension><extension url="http://hl7.org/fhir/tools/StructureDefinition/ig-parameter"><extension url="code"><valueCode value="path-qa"/></extension><extension url="value"><valueString value="temp/qa"/></extension></extension><extension url="http://hl7.org/fhir/tools/StructureDefinition/ig-parameter"><extension url="code"><valueCode value="path-temp"/></extension><extension url="value"><valueString value="temp/pages"/></extension></extension><extension url="http://hl7.org/fhir/tools/StructureDefinition/ig-parameter"><extension url="code"><valueCode value="path-output"/></extension><extension url="value"><valueString value="output"/></extension></extension><extension url="http://hl7.org/fhir/tools/StructureDefinition/ig-parameter"><extension url="code"><valueCode value="path-suppressed-warnings"/></extension><extension url="value"><valueString value="input/ignoreWarnings.txt"/></extension></extension><extension url="http://hl7.org/fhir/tools/StructureDefinition/ig-parameter"><extension url="code"><valueCode value="path-history"/></extension><extension url="value"><valueString value="http://medcomfhir.dk/ig/messaging/history.html"/></extension></extension><extension url="http://hl7.org/fhir/tools/StructureDefinition/ig-parameter"><extension url="code"><valueCode value="template-html"/></extension><extension url="value"><valueString value="template-page.html"/></extension></extension><extension url="http://hl7.org/fhir/tools/StructureDefinition/ig-parameter"><extension url="code"><valueCode value="template-md"/></extension><extension url="value"><valueString value="template-page-md.html"/></extension></extension><extension url="http://hl7.org/fhir/tools/StructureDefinition/ig-parameter"><extension url="code"><valueCode value="apply-context"/></extension><extension url="value"><valueString value="true"/></extension></extension><extension url="http://hl7.org/fhir/tools/StructureDefinition/ig-parameter"><extension url="code"><valueCode value="apply-copyright"/></extension><extension url="value"><valueString value="true"/></extension></extension><extension url="http://hl7.org/fhir/tools/StructureDefinition/ig-parameter"><extension url="code"><valueCode value="apply-license"/></extension><extension url="value"><valueString value="true"/></extension></extension><extension url="http://hl7.org/fhir/tools/StructureDefinition/ig-parameter"><extension url="code"><valueCode value="apply-version"/></extension><extension url="value"><valueString value="true"/></extension></extension><extension url="http://hl7.org/fhir/tools/StructureDefinition/ig-parameter"><extension url="code"><valueCode value="apply-wg"/></extension><extension url="value"><valueString value="true"/></extension></extension><extension url="http://hl7.org/fhir/tools/StructureDefinition/ig-parameter"><extension url="code"><valueCode value="active-tables"/></extension><extension url="value"><valueString value="true"/></extension></extension><extension url="http://hl7.org/fhir/tools/StructureDefinition/ig-parameter"><extension url="code"><valueCode value="fmm-definition"/></extension><extension url="value"><valueString value="http://hl7.org/fhir/versions.html#maturity"/></extension></extension><extension url="http://hl7.org/fhir/tools/StructureDefinition/ig-parameter"><extension url="code"><valueCode value="propagate-status"/></extension><extension url="value"><valueString value="true"/></extension></extension><extension url="http://hl7.org/fhir/tools/StructureDefinition/ig-parameter"><extension url="code"><valueCode value="excludelogbinaryformat"/></extension><extension url="value"><valueString value="true"/></extension></extension><extension url="http://hl7.org/fhir/tools/StructureDefinition/ig-parameter"><extension url="code"><valueCode value="tabbed-snapshots"/></extension><extension url="value"><valueString value="true"/></extension></extension><extension url="http://hl7.org/fhir/tools/StructureDefinition/ig-parameter"><extension url="code"><valueCode value="copyrightyear"/></extension><extension url="value"><valueString value="2021+"/></extension></extension><extension url="http://hl7.org/fhir/tools/StructureDefinition/ig-parameter"><extension url="code"><valueCode value="releaselabel"/></extension><extension url="value"><valueString value="release"/></extension></extension><extension url="http://hl7.org/fhir/tools/StructureDefinition/ig-parameter"><extension url="code"><valueCode value="apply-contact"/></extension><extension url="value"><valueString value="true"/></extension></extension><extension url="http://hl7.org/fhir/tools/StructureDefinition/ig-parameter"><extension url="code"><valueCode value="apply-jurisdiction"/></extension><extension url="value"><valueString value="true"/></extension></extension><extension url="http://hl7.org/fhir/tools/StructureDefinition/ig-parameter"><extension url="code"><valueCode value="apply-publisher"/></extension><extension url="value"><valueString value="true"/></extension></extension><extension url="http://hl7.org/fhir/tools/StructureDefinition/ig-parameter"><extension url="code"><valueCode value="autoload-resources"/></extension><extension url="value"><valueString value="true"/></extension></extension><extension url="http://hl7.org/fhir/tools/StructureDefinition/ig-parameter"><extension url="code"><valueCode value="path-liquid"/></extension><extension url="value"><valueString value="template/liquid"/></extension></extension><extension url="http://hl7.org/fhir/tools/StructureDefinition/ig-parameter"><extension url="code"><valueCode value="path-liquid"/></extension><extension url="value"><valueString value="input/liquid"/></extension></extension><extension url="http://hl7.org/fhir/tools/StructureDefinition/ig-parameter"><extension url="code"><valueCode value="path-qa"/></extension><extension url="value"><valueString value="temp/qa"/></extension></extension><extension url="http://hl7.org/fhir/tools/StructureDefinition/ig-parameter"><extension url="code"><valueCode value="path-temp"/></extension><extension url="value"><valueString value="temp/pages"/></extension></extension><extension url="http://hl7.org/fhir/tools/StructureDefinition/ig-parameter"><extension url="code"><valueCode value="path-output"/></extension><extension url="value"><valueString value="output"/></extension></extension><extension url="http://hl7.org/fhir/tools/StructureDefinition/ig-parameter"><extension url="code"><valueCode value="path-suppressed-warnings"/></extension><extension url="value"><valueString value="input/ignoreWarnings.txt"/></extension></extension><extension url="http://hl7.org/fhir/tools/StructureDefinition/ig-parameter"><extension url="code"><valueCode value="path-history"/></extension><extension url="value"><valueString value="http://medcomfhir.dk/ig/messaging/history.html"/></extension></extension><extension url="http://hl7.org/fhir/tools/StructureDefinition/ig-parameter"><extension url="code"><valueCode value="template-html"/></extension><extension url="value"><valueString value="template-page.html"/></extension></extension><extension url="http://hl7.org/fhir/tools/StructureDefinition/ig-parameter"><extension url="code"><valueCode value="template-md"/></extension><extension url="value"><valueString value="template-page-md.html"/></extension></extension><extension url="http://hl7.org/fhir/tools/StructureDefinition/ig-parameter"><extension url="code"><valueCode value="apply-context"/></extension><extension url="value"><valueString value="true"/></extension></extension><extension url="http://hl7.org/fhir/tools/StructureDefinition/ig-parameter"><extension url="code"><valueCode value="apply-copyright"/></extension><extension url="value"><valueString value="true"/></extension></extension><extension url="http://hl7.org/fhir/tools/StructureDefinition/ig-parameter"><extension url="code"><valueCode value="apply-license"/></extension><extension url="value"><valueString value="true"/></extension></extension><extension url="http://hl7.org/fhir/tools/StructureDefinition/ig-parameter"><extension url="code"><valueCode value="apply-version"/></extension><extension url="value"><valueString value="true"/></extension></extension><extension url="http://hl7.org/fhir/tools/StructureDefinition/ig-parameter"><extension url="code"><valueCode value="apply-wg"/></extension><extension url="value"><valueString value="true"/></extension></extension><extension url="http://hl7.org/fhir/tools/StructureDefinition/ig-parameter"><extension url="code"><valueCode value="active-tables"/></extension><extension url="value"><valueString value="true"/></extension></extension><extension url="http://hl7.org/fhir/tools/StructureDefinition/ig-parameter"><extension url="code"><valueCode value="fmm-definition"/></extension><extension url="value"><valueString value="http://hl7.org/fhir/versions.html#maturity"/></extension></extension><extension url="http://hl7.org/fhir/tools/StructureDefinition/ig-parameter"><extension url="code"><valueCode value="propagate-status"/></extension><extension url="value"><valueString value="true"/></extension></extension><extension url="http://hl7.org/fhir/tools/StructureDefinition/ig-parameter"><extension url="code"><valueCode value="excludelogbinaryformat"/></extension><extension url="value"><valueString value="true"/></extension></extension><extension url="http://hl7.org/fhir/tools/StructureDefinition/ig-parameter"><extension url="code"><valueCode value="tabbed-snapshots"/></extension><extension url="value"><valueString value="true"/></extension></extension><grouping id="-str-profile"><name value="Structures: Resource Profiles"/><description value="These define constraints on FHIR resources for systems conforming to this implementation guide."/></grouping><grouping id="-str-extension"><name value="Structures: Extension Definitions"/><description value="These define constraints on FHIR data types for systems conforming to this implementation guide."/></grouping><grouping id="-ex-example"><name value="Example: Example Instances"/><description value="These are example instances that show what data produced and consumed by systems conforming with this implementation guide might look like."/></grouping><resource><extension url="http://hl7.org/fhir/tools/StructureDefinition/resource-sort"><valueInteger value="999999999"/></extension><extension url="http://hl7.org/fhir/StructureDefinition/implementationguide-page"><valueUri value="StructureDefinition-medcom-producer-organization.html"/></extension><reference><reference value="StructureDefinition/medcom-producer-organization"/></reference><name value="MedComCoreProducerOrganization"/><description value="This profile is intended to be used to represent the producer of the observations."/><exampleBoolean value="false"/><groupingId value="-str-profile"/></resource><resource><extension url="http://hl7.org/fhir/tools/StructureDefinition/resource-sort"><valueInteger value="999999999"/></extension><extension url="http://hl7.org/fhir/StructureDefinition/implementationguide-page"><valueUri value="StructureDefinition-medcom-messaging-message.html"/></extension><reference><reference value="StructureDefinition/medcom-messaging-message"/></reference><name value="MedComMessagingMessage"/><description value="Base resource for all MedCom messages."/><exampleBoolean value="false"/><groupingId value="-str-profile"/></resource><resource><extension url="http://hl7.org/fhir/tools/StructureDefinition/resource-sort"><valueInteger value="999999999"/></extension><extension url="http://hl7.org/fhir/StructureDefinition/implementationguide-page"><valueUri value="StructureDefinition-medcom-messaging-messagedefinition.html"/></extension><reference><reference value="StructureDefinition/medcom-messaging-messagedefinition"/></reference><name value="MedComMessagingMessageDefinition"/><description value="An example profile of the MessageDefinition resource."/><exampleBoolean value="false"/><groupingId value="-str-profile"/></resource><resource><extension url="http://hl7.org/fhir/tools/StructureDefinition/resource-sort"><valueInteger value="999999999"/></extension><extension url="http://hl7.org/fhir/StructureDefinition/implementationguide-page"><valueUri value="StructureDefinition-medcom-messaging-messagedefinition-fhir.html"/></extension><reference><reference value="StructureDefinition/medcom-messaging-messagedefinition-fhir"/></reference><name value="MedComMessagingMessageDefinitionFhir"/><description value="An example profile of the MessageDefinition-fhir resource."/><exampleBoolean value="false"/><groupingId value="-str-profile"/></resource><resource><extension url="http://hl7.org/fhir/tools/StructureDefinition/resource-sort"><valueInteger value="999999999"/></extension><extension url="http://hl7.org/fhir/StructureDefinition/implementationguide-page"><valueUri value="StructureDefinition-medcom-messaging-messageHeader.html"/></extension><reference><reference value="StructureDefinition/medcom-messaging-messageHeader"/></reference><name value="MedComMessagingMessageHeader"/><description value="MessageHeader for MedCom messages"/><exampleBoolean value="false"/><groupingId value="-str-profile"/></resource><resource><extension url="http://hl7.org/fhir/tools/StructureDefinition/resource-sort"><valueInteger value="999999999"/></extension><extension url="http://hl7.org/fhir/StructureDefinition/implementationguide-page"><valueUri value="StructureDefinition-medcom-messaging-organization.html"/></extension><reference><reference value="StructureDefinition/medcom-messaging-organization"/></reference><name value="MedComMessagingOrganization"/><description value="A formally recognized organizations registered for exchanging messages within Danish healthcare, registered with a SOR identifier issued by The Danish Health Data Authority"/><exampleBoolean value="false"/><groupingId value="-str-profile"/></resource><resource><extension url="http://hl7.org/fhir/tools/StructureDefinition/resource-sort"><valueInteger value="999999999"/></extension><extension url="http://hl7.org/fhir/StructureDefinition/implementationguide-page"><valueUri value="StructureDefinition-medcom-messaging-provenance.html"/></extension><reference><reference value="StructureDefinition/medcom-messaging-provenance"/></reference><name value="MedComMessagingProvenance"/><description value="Provenance information about the messages preceeding the current message"/><exampleBoolean value="false"/><groupingId value="-str-profile"/></resource><resource><extension url="http://hl7.org/fhir/tools/StructureDefinition/resource-sort"><valueInteger value="999999999"/></extension><extension url="http://hl7.org/fhir/StructureDefinition/implementationguide-page"><valueUri value="StructureDefinition-medcom-requesterorganization.html"/></extension><reference><reference value="StructureDefinition/medcom-requesterorganization"/></reference><name value="MedComMessagingRequesterOrganization"/><description value="This profile is intended to be used to represent the requester organization of the observations."/><exampleBoolean value="false"/><groupingId value="-str-profile"/></resource><resource><extension url="http://hl7.org/fhir/tools/StructureDefinition/resource-sort"><valueInteger value="999999999"/></extension><extension url="http://hl7.org/fhir/StructureDefinition/implementationguide-page"><valueUri value="StructureDefinition-medcom-messaging-destinationUseExtension.html"/></extension><reference><reference value="StructureDefinition/medcom-messaging-destinationUseExtension"/></reference><name value="MedComDestinationUseExtension"/><description value="Indicates whether the use of a destination in a MedCom message header is as a primary or a carbon copy recipient of the message"/><exampleBoolean value="false"/><groupingId value="-str-extension"/></resource><resource><extension url="http://hl7.org/fhir/tools/StructureDefinition/resource-sort"><valueInteger value="999999999"/></extension><extension url="http://hl7.org/fhir/StructureDefinition/implementationguide-page"><valueUri value="Organization-12ee0dde-a672-462f-820d-5efe832d73c9.html"/></extension><reference><reference value="Organization/12ee0dde-a672-462f-820d-5efe832d73c9"/></reference><name value="Aros Burn Center"/><description value="A core organization with a SOR identifier."/><exampleBoolean value="true"/><groupingId value="-ex-example"/></resource><resource><extension url="http://hl7.org/fhir/tools/StructureDefinition/resource-sort"><valueInteger value="999999999"/></extension><extension url="http://hl7.org/fhir/StructureDefinition/implementationguide-page"><valueUri value="Bundle-eb26be85-fdb7-454d-a980-95cba6d1745b.html"/></extension><reference><reference value="Bundle/eb26be85-fdb7-454d-a980-95cba6d1745b"/></reference><name value="Bundle used in an empty message."/><description value="Example of an empty message."/><exampleCanonical value="http://medcomfhir.dk/ig/messaging/StructureDefinition/medcom-messaging-message"/><groupingId value="-ex-example"/></resource><resource><extension url="http://hl7.org/fhir/tools/StructureDefinition/resource-sort"><valueInteger value="999999999"/></extension><extension url="http://hl7.org/fhir/StructureDefinition/implementationguide-page"><valueUri value="Patient-733cef33-3626-422b-955d-d506aaa65fe1.html"/></extension><reference><reference value="Patient/733cef33-3626-422b-955d-d506aaa65fe1"/></reference><name value="Eric Flame"/><description value="Patient with a managing organization. Valid only if used in a bundle (message)."/><exampleBoolean value="true"/><groupingId value="-ex-example"/></resource><resource><extension url="http://hl7.org/fhir/tools/StructureDefinition/resource-sort"><valueInteger value="999999999"/></extension><extension url="http://hl7.org/fhir/StructureDefinition/implementationguide-page"><valueUri value="Organization-74cdf292-abf3-4f5f-80ea-60a48013ff6d.html"/></extension><reference><reference value="Organization/74cdf292-abf3-4f5f-80ea-60a48013ff6d"/></reference><name value="Example of a reciever organization with a SOR and an EAN identifier."/><description value="Example of an organization with a SOR and an EAN identifier."/><exampleCanonical value="http://medcomfhir.dk/ig/messaging/StructureDefinition/medcom-messaging-organization"/><groupingId value="-ex-example"/></resource><resource><extension url="http://hl7.org/fhir/tools/StructureDefinition/resource-sort"><valueInteger value="999999999"/></extension><extension url="http://hl7.org/fhir/StructureDefinition/implementationguide-page"><valueUri value="Organization-42541447-b58c-4a1a-9514-02b80494bbd3.html"/></extension><reference><reference value="Organization/42541447-b58c-4a1a-9514-02b80494bbd3"/></reference><name value="Example of a reciever organization with a SOR, an EAN  and Ydrenummer identifier."/><description value="Example of an organization with a SOR and an EAN and Ydrenummer identifier."/><exampleCanonical value="http://medcomfhir.dk/ig/messaging/StructureDefinition/medcom-requesterorganization"/><groupingId value="-ex-example"/></resource><resource><extension url="http://hl7.org/fhir/tools/StructureDefinition/resource-sort"><valueInteger value="999999999"/></extension><extension url="http://hl7.org/fhir/StructureDefinition/implementationguide-page"><valueUri value="Organization-d7056980-a8b2-42aa-8a0e-c1fc85d1f40d.html"/></extension><reference><reference value="Organization/d7056980-a8b2-42aa-8a0e-c1fc85d1f40d"/></reference><name value="Example of a sender organization with a SOR and an EAN identifier."/><description value="Example of an organization with a SOR and an EAN identifier."/><exampleCanonical value="http://medcomfhir.dk/ig/messaging/StructureDefinition/medcom-messaging-organization"/><groupingId value="-ex-example"/></resource><resource><extension url="http://hl7.org/fhir/tools/StructureDefinition/resource-sort"><valueInteger value="999999999"/></extension><extension url="http://hl7.org/fhir/StructureDefinition/implementationguide-page"><valueUri value="Organization-ef5cb9a6-835f-4d18-a34e-179c578b9a2a.html"/></extension><reference><reference value="Organization/ef5cb9a6-835f-4d18-a34e-179c578b9a2a"/></reference><name value="Example of a sender organization with a SOR, an EAN identifier, and ProdcentID"/><description value="Example of an organization with a SOR and an EAN identifier."/><exampleCanonical value="http://medcomfhir.dk/ig/messaging/StructureDefinition/medcom-producer-organization"/><groupingId value="-ex-example"/></resource><resource><extension url="http://hl7.org/fhir/tools/StructureDefinition/resource-sort"><valueInteger value="999999999"/></extension><extension url="http://hl7.org/fhir/StructureDefinition/implementationguide-page"><valueUri value="Organization-bf839e87-4e44-4977-b38e-92b5a6f187b5.html"/></extension><reference><reference value="Organization/bf839e87-4e44-4977-b38e-92b5a6f187b5"/></reference><name value="Example of a service provider organization with a SOR and an EAN identifier."/><description value="Example of an organization with a SOR and an EAN identifier."/><exampleCanonical value="http://medcomfhir.dk/ig/messaging/StructureDefinition/medcom-messaging-organization"/><groupingId value="-ex-example"/></resource><resource><extension url="http://hl7.org/fhir/tools/StructureDefinition/resource-sort"><valueInteger value="999999999"/></extension><extension url="http://hl7.org/fhir/StructureDefinition/implementationguide-page"><valueUri value="Provenance-9c284936-5454-4116-95fc-3c8eeeed2400.html"/></extension><reference><reference value="Provenance/9c284936-5454-4116-95fc-3c8eeeed2400"/></reference><name value="MedComMessagingProvenance example. The Provenance instance is only valid if used in a bundle (message) - new message"/><description value="MedComMessagingProvenance example. The Provenance instance is only valid if used in a bundle (message) - new message"/><exampleCanonical value="http://medcomfhir.dk/ig/messaging/StructureDefinition/medcom-messaging-provenance"/><groupingId value="-ex-example"/></resource><resource><extension url="http://hl7.org/fhir/tools/StructureDefinition/resource-sort"><valueInteger value="999999999"/></extension><extension url="http://hl7.org/fhir/StructureDefinition/implementationguide-page"><valueUri value="MessageHeader-d28b9cb4-8feb-11ec-b909-0242ac120002.html"/></extension><reference><reference value="MessageHeader/d28b9cb4-8feb-11ec-b909-0242ac120002"/></reference><name value="MessageHeader for a Acknowledgement message. Valid only if used in a bundle (message)"/><description value="MessageHeader for a Acknowledgement message. Valid only if used in a bundle (message). NB: An Acknowledgement message shall use an AcknowledgementMessageHeader, as some elements and invariants are missing."/><exampleCanonical value="http://medcomfhir.dk/ig/messaging/StructureDefinition/medcom-messaging-messageHeader"/><groupingId value="-ex-example"/></resource><resource><extension url="http://hl7.org/fhir/tools/StructureDefinition/resource-sort"><valueInteger value="999999999"/></extension><extension url="http://hl7.org/fhir/StructureDefinition/implementationguide-page"><valueUri value="MessageHeader-42c01434-8feb-11ec-b909-0242ac120002.html"/></extension><reference><reference value="MessageHeader/42c01434-8feb-11ec-b909-0242ac120002"/></reference><name value="MessageHeader for a CareCommunication message. Valid only if used in a bundle (message)"/><description value="MessageHeader for a CareCommunication message. Valid only if used in a bundle (message). NB: A CareCommunication message shall use a CareCommunicationMessageHeader, as some elements and invariants are missing."/><exampleCanonical value="http://medcomfhir.dk/ig/messaging/StructureDefinition/medcom-messaging-messageHeader"/><groupingId value="-ex-example"/></resource><resource><extension url="http://hl7.org/fhir/tools/StructureDefinition/resource-sort"><valueInteger value="999999999"/></extension><extension url="http://hl7.org/fhir/StructureDefinition/implementationguide-page"><valueUri value="MessageHeader-cb0b2ef0-8feb-11ec-b909-0242ac120002.html"/></extension><reference><reference value="MessageHeader/cb0b2ef0-8feb-11ec-b909-0242ac120002"/></reference><name value="MessageHeader for a HospitalNotification message. Valid only if used in a bundle (message)"/><description value="MessageHeader for a HospitalNotification message. Valid only if used in a bundle (message). NB: A HospitalNotification message shall use a HospitalNotificationMessageHeader, as some elements and invariants are missing."/><exampleCanonical value="http://medcomfhir.dk/ig/messaging/StructureDefinition/medcom-messaging-messageHeader"/><groupingId value="-ex-example"/></resource><resource><extension url="http://hl7.org/fhir/tools/StructureDefinition/resource-sort"><valueInteger value="999999999"/></extension><extension url="http://hl7.org/fhir/StructureDefinition/implementationguide-page"><valueUri value="MessageHeader-3881874e-2042-4a00-aee8-23512799f512.html"/></extension><reference><reference value="MessageHeader/3881874e-2042-4a00-aee8-23512799f512"/></reference><name value="MessageHeader for an empty message. Valid only if used in a bundle (message)"/><description value="MessageHeader for an empty message. Valid only if used in a bundle (message)."/><exampleCanonical value="http://medcomfhir.dk/ig/messaging/StructureDefinition/medcom-messaging-messageHeader"/><groupingId value="-ex-example"/></resource><resource><extension url="http://hl7.org/fhir/tools/StructureDefinition/resource-sort"><valueInteger value="999999999"/></extension><extension url="http://hl7.org/fhir/StructureDefinition/implementationguide-page"><valueUri value="Practitioner-58c811a5-4082-44eb-9d66-ccbb112d4973.html"/></extension><reference><reference value="Practitioner/58c811a5-4082-44eb-9d66-ccbb112d4973"/></reference><name value="Simple practitioner with a name"/><description value="Simple practitioner with a name"/><exampleBoolean value="true"/><groupingId value="-ex-example"/></resource><page><extension url="http://hl7.org/fhir/tools/StructureDefinition/ig-page-name"><valueUrl value="toc.html"/></extension><nameUrl value="toc.html"/><title value="Table of Contents"/><generation value="html"/><page><extension url="http://hl7.org/fhir/tools/StructureDefinition/ig-page-name"><valueUrl value="index.html"/></extension><nameUrl value="index.html"/><title value="Home"/><generation value="markdown"/></page><page><extension url="http://hl7.org/fhir/tools/StructureDefinition/ig-page-name"><valueUrl value="downloads.html"/></extension><nameUrl value="downloads.html"/><title value="Downloads"/><generation value="markdown"/></page><page><extension url="http://hl7.org/fhir/tools/StructureDefinition/ig-page-name"><valueUrl value="extensions.html"/></extension><nameUrl value="extensions.html"/><title value="Extensions"/><generation value="html"/></page><page><extension url="http://hl7.org/fhir/tools/StructureDefinition/ig-page-name"><valueUrl value="profiles.html"/></extension><nameUrl value="profiles.html"/><title value="Profiles"/><generation value="html"/></page><page><extension url="http://hl7.org/fhir/tools/StructureDefinition/ig-page-name"><valueUrl value="artifacts.html"/></extension><nameUrl value="artifacts.html"/><title value="Artifacts Summary"/><generation value="html"/><page><extension url="http://hl7.org/fhir/tools/StructureDefinition/ig-page-name"><valueUrl value="StructureDefinition-medcom-producer-organization.html"/></extension><nameUrl value="StructureDefinition-medcom-producer-organization.html"/><title value="MedComCoreProducerOrganization"/><generation value="generated"/></page><page><extension url="http://hl7.org/fhir/tools/StructureDefinition/ig-page-name"><valueUrl value="StructureDefinition-medcom-messaging-message.html"/></extension><nameUrl value="StructureDefinition-medcom-messaging-message.html"/><title value="MedComMessagingMessage"/><generation value="generated"/></page><page><extension url="http://hl7.org/fhir/tools/StructureDefinition/ig-page-name"><valueUrl value="StructureDefinition-medcom-messaging-messagedefinition.html"/></extension><nameUrl value="StructureDefinition-medcom-messaging-messagedefinition.html"/><title value="MedComMessagingMessageDefinition"/><generation value="generated"/></page><page><extension url="http://hl7.org/fhir/tools/StructureDefinition/ig-page-name"><valueUrl value="StructureDefinition-medcom-messaging-messagedefinition-fhir.html"/></extension><nameUrl value="StructureDefinition-medcom-messaging-messagedefinition-fhir.html"/><title value="MedComMessagingMessageDefinitionFhir"/><generation value="generated"/></page><page><extension url="http://hl7.org/fhir/tools/StructureDefinition/ig-page-name"><valueUrl value="StructureDefinition-medcom-messaging-messageHeader.html"/></extension><nameUrl value="StructureDefinition-medcom-messaging-messageHeader.html"/><title value="MedComMessagingMessageHeader"/><generation value="generated"/></page><page><extension url="http://hl7.org/fhir/tools/StructureDefinition/ig-page-name"><valueUrl value="StructureDefinition-medcom-messaging-organization.html"/></extension><nameUrl value="StructureDefinition-medcom-messaging-organization.html"/><title value="MedComMessagingOrganization"/><generation value="generated"/></page><page><extension url="http://hl7.org/fhir/tools/StructureDefinition/ig-page-name"><valueUrl value="StructureDefinition-medcom-messaging-provenance.html"/></extension><nameUrl value="StructureDefinition-medcom-messaging-provenance.html"/><title value="MedComMessagingProvenance"/><generation value="generated"/></page><page><extension url="http://hl7.org/fhir/tools/StructureDefinition/ig-page-name"><valueUrl value="StructureDefinition-medcom-requesterorganization.html"/></extension><nameUrl value="StructureDefinition-medcom-requesterorganization.html"/><title value="MedComMessagingRequesterOrganization"/><generation value="generated"/></page><page><extension url="http://hl7.org/fhir/tools/StructureDefinition/ig-page-name"><valueUrl value="StructureDefinition-medcom-messaging-destinationUseExtension.html"/></extension><nameUrl value="StructureDefinition-medcom-messaging-destinationUseExtension.html"/><title value="MedComDestinationUseExtension"/><generation value="generated"/></page><page><extension url="http://hl7.org/fhir/tools/StructureDefinition/ig-page-name"><valueUrl value="Organization-12ee0dde-a672-462f-820d-5efe832d73c9.html"/></extension><nameUrl value="Organization-12ee0dde-a672-462f-820d-5efe832d73c9.html"/><title value="Aros Burn Center"/><generation value="generated"/></page><page><extension url="http://hl7.org/fhir/tools/StructureDefinition/ig-page-name"><valueUrl value="Bundle-eb26be85-fdb7-454d-a980-95cba6d1745b.html"/></extension><nameUrl value="Bundle-eb26be85-fdb7-454d-a980-95cba6d1745b.html"/><title value="Bundle used in an empty message."/><generation value="generated"/></page><page><extension url="http://hl7.org/fhir/tools/StructureDefinition/ig-page-name"><valueUrl value="Patient-733cef33-3626-422b-955d-d506aaa65fe1.html"/></extension><nameUrl value="Patient-733cef33-3626-422b-955d-d506aaa65fe1.html"/><title value="Eric Flame"/><generation value="generated"/></page><page><extension url="http://hl7.org/fhir/tools/StructureDefinition/ig-page-name"><valueUrl value="Organization-74cdf292-abf3-4f5f-80ea-60a48013ff6d.html"/></extension><nameUrl value="Organization-74cdf292-abf3-4f5f-80ea-60a48013ff6d.html"/><title value="Example of a reciever organization with a SOR and an EAN identifier."/><generation value="generated"/></page><page><extension url="http://hl7.org/fhir/tools/StructureDefinition/ig-page-name"><valueUrl value="Organization-42541447-b58c-4a1a-9514-02b80494bbd3.html"/></extension><nameUrl value="Organization-42541447-b58c-4a1a-9514-02b80494bbd3.html"/><title value="Example of a reciever organization with a SOR, an EAN  and Ydrenummer identifier."/><generation value="generated"/></page><page><extension url="http://hl7.org/fhir/tools/StructureDefinition/ig-page-name"><valueUrl value="Organization-d7056980-a8b2-42aa-8a0e-c1fc85d1f40d.html"/></extension><nameUrl value="Organization-d7056980-a8b2-42aa-8a0e-c1fc85d1f40d.html"/><title value="Example of a sender organization with a SOR and an EAN identifier."/><generation value="generated"/></page><page><extension url="http://hl7.org/fhir/tools/StructureDefinition/ig-page-name"><valueUrl value="Organization-ef5cb9a6-835f-4d18-a34e-179c578b9a2a.html"/></extension><nameUrl value="Organization-ef5cb9a6-835f-4d18-a34e-179c578b9a2a.html"/><title value="Example of a sender organization with a SOR, an EAN identifier, and ProdcentID"/><generation value="generated"/></page><page><extension url="http://hl7.org/fhir/tools/StructureDefinition/ig-page-name"><valueUrl value="Organization-bf839e87-4e44-4977-b38e-92b5a6f187b5.html"/></extension><nameUrl value="Organization-bf839e87-4e44-4977-b38e-92b5a6f187b5.html"/><title value="Example of a service provider organization with a SOR and an EAN identifier."/><generation value="generated"/></page><page><extension url="http://hl7.org/fhir/tools/StructureDefinition/ig-page-name"><valueUrl value="Provenance-9c284936-5454-4116-95fc-3c8eeeed2400.html"/></extension><nameUrl value="Provenance-9c284936-5454-4116-95fc-3c8eeeed2400.html"/><title value="MedComMessagingProvenance example. The Provenance instance is only valid if used in a bundle (message) - new message"/><generation value="generated"/></page><page><extension url="http://hl7.org/fhir/tools/StructureDefinition/ig-page-name"><valueUrl value="MessageHeader-d28b9cb4-8feb-11ec-b909-0242ac120002.html"/></extension><nameUrl value="MessageHeader-d28b9cb4-8feb-11ec-b909-0242ac120002.html"/><title value="MessageHeader for a Acknowledgement message. Valid only if used in a bundle (message)"/><generation value="generated"/></page><page><extension url="http://hl7.org/fhir/tools/StructureDefinition/ig-page-name"><valueUrl value="MessageHeader-42c01434-8feb-11ec-b909-0242ac120002.html"/></extension><nameUrl value="MessageHeader-42c01434-8feb-11ec-b909-0242ac120002.html"/><title value="MessageHeader for a CareCommunication message. Valid only if used in a bundle (message)"/><generation value="generated"/></page><page><extension url="http://hl7.org/fhir/tools/StructureDefinition/ig-page-name"><valueUrl value="MessageHeader-cb0b2ef0-8feb-11ec-b909-0242ac120002.html"/></extension><nameUrl value="MessageHeader-cb0b2ef0-8feb-11ec-b909-0242ac120002.html"/><title value="MessageHeader for a HospitalNotification message. Valid only if used in a bundle (message)"/><generation value="generated"/></page><page><extension url="http://hl7.org/fhir/tools/StructureDefinition/ig-page-name"><valueUrl value="MessageHeader-3881874e-2042-4a00-aee8-23512799f512.html"/></extension><nameUrl value="MessageHeader-3881874e-2042-4a00-aee8-23512799f512.html"/><title value="MessageHeader for an empty message. Valid only if used in a bundle (message)"/><generation value="generated"/></page><page><extension url="http://hl7.org/fhir/tools/StructureDefinition/ig-page-name"><valueUrl value="Practitioner-58c811a5-4082-44eb-9d66-ccbb112d4973.html"/></extension><nameUrl value="Practitioner-58c811a5-4082-44eb-9d66-ccbb112d4973.html"/><title value="Simple practitioner with a name"/><generation value="generated"/></page></page></page><parameter><code value="path-resource"/><value value="input/capabilities"/></parameter><parameter><code value="path-resource"/><value value="input/examples"/></parameter><parameter><code value="path-resource"/><value value="input/extensions"/></parameter><parameter><code value="path-resource"/><value value="input/models"/></parameter><parameter><code value="path-resource"/><value value="input/operations"/></parameter><parameter><code value="path-resource"/><value value="input/profiles"/></parameter><parameter><code value="path-resource"/><value value="input/resources"/></parameter><parameter><code value="path-resource"/><value value="input/vocabulary"/></parameter><parameter><code value="path-resource"/><value value="input/maps"/></parameter><parameter><code value="path-resource"/><value value="input/testing"/></parameter><parameter><code value="path-resource"/><value value="input/history"/></parameter><parameter><code value="path-resource"/><value value="fsh-generated/resources"/></parameter><parameter><code value="path-pages"/><value value="template/config"/></parameter><parameter><code value="path-pages"/><value value="input/images"/></parameter><parameter><code value="path-tx-cache"/><value value="input-cache/txcache"/></parameter></definition></ImplementationGuide>