{
  "resourceType" : "Patient",
  "id" : "e8dd504e-551f-11ed-bdc3-0242ac120002",
  "meta" : {
    "profile" : ["http://medcomfhir.dk/ig/core/StructureDefinition/medcom-core-patient"]
  },
  "text" : {
    "status" : "generated",
    "div" : "<div xmlns=\"http://www.w3.org/1999/xhtml\"><p class=\"res-header-id\"><b>Generated Narrative: Patient e8dd504e-551f-11ed-bdc3-0242ac120002</b></p><a name=\"e8dd504e-551f-11ed-bdc3-0242ac120002\"> </a><a name=\"hce8dd504e-551f-11ed-bdc3-0242ac120002\"> </a><a name=\"e8dd504e-551f-11ed-bdc3-0242ac120002-da-DK\"> </a><p style=\"border: 1px #661aff solid; background-color: #e6e6ff; padding: 10px;\">Elmer (official) (no stated gender), DoB Unknown ( urn:oid:1.2.208.176.1.2#2509479989)</p><hr/></div>"
  },
  "identifier" : [{
    "system" : "urn:oid:1.2.208.176.1.2",
    "value" : "2509479989"
  }],
  "name" : [{
    "use" : "official",
    "family" : "Elmer"
  }]
}