{
  "resourceType" : "PractitionerRole",
  "id" : "2b80d2b8-5520-11ed-bdc3-0242ac120002",
  "meta" : {
    "profile" : ["http://medcomfhir.dk/ig/core/StructureDefinition/medcom-core-practitionerrole"]
  },
  "text" : {
    "status" : "generated",
    "div" : "<div xmlns=\"http://www.w3.org/1999/xhtml\"><p class=\"res-header-id\"><b>Generated Narrative: PractitionerRole 2b80d2b8-5520-11ed-bdc3-0242ac120002</b></p><a name=\"2b80d2b8-5520-11ed-bdc3-0242ac120002\"> </a><a name=\"hc2b80d2b8-5520-11ed-bdc3-0242ac120002\"> </a><a name=\"2b80d2b8-5520-11ed-bdc3-0242ac120002-da-DK\"> </a><p><b>practitioner</b>: <a href=\"Practitioner-1e2d6388-5520-11ed-bdc3-0242ac120002.html\">Practitioner Michael Burns </a></p><p><b>code</b>: <span title=\"Codes:{http://medcomfhir.dk/ig/terminology/CodeSystem/medcom-core-PractitionerRolesSKSadministrativ sygeplejerske}\">Sygeplejerske</span></p></div>"
  },
  "practitioner" : {
    "reference" : "Practitioner/1e2d6388-5520-11ed-bdc3-0242ac120002"
  },
  "code" : [{
    "coding" : [{
      "system" : "http://medcomfhir.dk/ig/terminology/CodeSystem/medcom-core-PractitionerRolesSKSadministrativ",
      "code" : "sygeplejerske"
    }]
  }]
}